<?xml version="1.0"?>
<COLLADA xmlns="http://www.collada.org/2005/11/COLLADASchema" version="1.4.1">
    <asset>
        <contributor>
            <authoring_tool>Supear Mardian SixDaeFour</authoring_tool>
        </contributor>
        <created>2026-03-12T01:15:02.325Z</created>
        <modified>2026-03-12T01:15:02.325Z</modified>
		<unit meter="0.01" name="centimeter" />
        <up_axis>Y_UP</up_axis>
    </asset>
    <library_images>
        <image id="tex_0">
            <init_from>tex_9005800.png</init_from>
        </image>
        <image id="tex_1">
            <init_from>tex_9009800.png</init_from>
        </image>
        <image id="tex_2">
            <init_from>tex_9006000.png</init_from>
        </image>
        <image id="tex_3">
            <init_from>tex_9003800.png</init_from>
        </image>
        <image id="tex_4">
            <init_from>tex_9002000.png</init_from>
        </image>
        <image id="tex_5">
            <init_from>tex_9001800.png</init_from>
        </image>
        <image id="tex_6">
            <init_from>tex_9005000.png</init_from>
        </image>
        <image id="tex_7">
            <init_from>tex_9004800.png</init_from>
        </image>
        <image id="tex_8">
            <init_from>tex_9003000.png</init_from>
        </image>
        <image id="tex_9">
            <init_from>tex_7001000.png</init_from>
        </image>
        <image id="tex_10">
            <init_from>tex_7001800.png</init_from>
        </image>
        <image id="tex_11">
            <init_from>tex_7000800.png</init_from>
        </image>
        <image id="tex_12">
            <init_from>tex_900B000.png</init_from>
        </image>
        <image id="tex_13">
            <init_from>tex_9008800.png</init_from>
        </image>
        <image id="tex_14">
            <init_from>tex_7000000.png</init_from>
        </image>
        <image id="tex_15">
            <init_from>tex_9009000.png</init_from>
        </image>
        <image id="tex_16">
            <init_from>tex_7002000.png</init_from>
        </image>
        <image id="tex_17">
            <init_from>tex_900A000.png</init_from>
        </image>
        <image id="tex_vertexColors">
            <init_from>vertexColors_area1.png</init_from>
        </image>
    </library_images>
    <library_effects>
        <effect id="effect0">
            <profile_COMMON>
                <newparam sid="surface0">
                    <surface type="2D">
                        <init_from>tex_0</init_from>
                    </surface>
                </newparam>
                <newparam sid="sampler0">
                    <sampler2D>
                        <source>surface0</source>
                    </sampler2D>
                </newparam>
                <technique sid="COMMON">
                    <blinn>
                        <diffuse>
                            <texture texture="sampler0" texcoord="UVSET0"></texture>
                        </diffuse>
                    </blinn>
                </technique>
            </profile_COMMON>
        </effect>
        <effect id="effect1">
            <profile_COMMON>
                <newparam sid="surface1">
                    <surface type="2D">
                        <init_from>tex_1</init_from>
                    </surface>
                </newparam>
                <newparam sid="sampler1">
                    <sampler2D>
                        <source>surface1</source>
                    </sampler2D>
                </newparam>
                <technique sid="COMMON">
                    <blinn>
                        <diffuse>
                            <texture texture="sampler1" texcoord="UVSET0"></texture>
                        </diffuse>
                    </blinn>
                </technique>
            </profile_COMMON>
        </effect>
        <effect id="effect2">
            <profile_COMMON>
                <newparam sid="surface2">
                    <surface type="2D">
                        <init_from>tex_2</init_from>
                    </surface>
                </newparam>
                <newparam sid="sampler2">
                    <sampler2D>
                        <source>surface2</source>
                    </sampler2D>
                </newparam>
                <technique sid="COMMON">
                    <blinn>
                        <diffuse>
                            <texture texture="sampler2" texcoord="UVSET0"></texture>
                        </diffuse>
                    </blinn>
                </technique>
            </profile_COMMON>
        </effect>
        <effect id="effect3">
            <profile_COMMON>
                <newparam sid="surface3">
                    <surface type="2D">
                        <init_from>tex_3</init_from>
                    </surface>
                </newparam>
                <newparam sid="sampler3">
                    <sampler2D>
                        <source>surface3</source>
                    </sampler2D>
                </newparam>
                <technique sid="COMMON">
                    <blinn>
                        <diffuse>
                            <texture texture="sampler3" texcoord="UVSET0"></texture>
                        </diffuse>
                    </blinn>
                </technique>
            </profile_COMMON>
        </effect>
        <effect id="effect4">
            <profile_COMMON>
                <newparam sid="surface4">
                    <surface type="2D">
                        <init_from>tex_4</init_from>
                    </surface>
                </newparam>
                <newparam sid="sampler4">
                    <sampler2D>
                        <source>surface4</source>
                    </sampler2D>
                </newparam>
                <technique sid="COMMON">
                    <blinn>
                        <diffuse>
                            <texture texture="sampler4" texcoord="UVSET0"></texture>
                        </diffuse>
                    </blinn>
                </technique>
            </profile_COMMON>
        </effect>
        <effect id="effect5">
            <profile_COMMON>
                <newparam sid="surface5">
                    <surface type="2D">
                        <init_from>tex_5</init_from>
                    </surface>
                </newparam>
                <newparam sid="sampler5">
                    <sampler2D>
                        <source>surface5</source>
                    </sampler2D>
                </newparam>
                <technique sid="COMMON">
                    <blinn>
                        <diffuse>
                            <texture texture="sampler5" texcoord="UVSET0"></texture>
                        </diffuse>
                    </blinn>
                </technique>
            </profile_COMMON>
        </effect>
        <effect id="effect6">
            <profile_COMMON>
                <newparam sid="surface6">
                    <surface type="2D">
                        <init_from>tex_6</init_from>
                    </surface>
                </newparam>
                <newparam sid="sampler6">
                    <sampler2D>
                        <source>surface6</source>
                    </sampler2D>
                </newparam>
                <technique sid="COMMON">
                    <blinn>
                        <diffuse>
                            <texture texture="sampler6" texcoord="UVSET0"></texture>
                        </diffuse>
                    </blinn>
                </technique>
            </profile_COMMON>
        </effect>
        <effect id="effect7">
            <profile_COMMON>
                <newparam sid="surface7">
                    <surface type="2D">
                        <init_from>tex_7</init_from>
                    </surface>
                </newparam>
                <newparam sid="sampler7">
                    <sampler2D>
                        <source>surface7</source>
                    </sampler2D>
                </newparam>
                <technique sid="COMMON">
                    <blinn>
                        <diffuse>
                            <texture texture="sampler7" texcoord="UVSET0"></texture>
                        </diffuse>
                    </blinn>
                </technique>
            </profile_COMMON>
        </effect>
        <effect id="effect8">
            <profile_COMMON>
                <newparam sid="surface8">
                    <surface type="2D">
                        <init_from>tex_8</init_from>
                    </surface>
                </newparam>
                <newparam sid="sampler8">
                    <sampler2D>
                        <source>surface8</source>
                    </sampler2D>
                </newparam>
                <technique sid="COMMON">
                    <blinn>
                        <diffuse>
                            <texture texture="sampler8" texcoord="UVSET0"></texture>
                        </diffuse>
                    </blinn>
                </technique>
            </profile_COMMON>
        </effect>
        <effect id="effect9">
            <profile_COMMON>
                <newparam sid="surface9">
                    <surface type="2D">
                        <init_from>tex_9</init_from>
                    </surface>
                </newparam>
                <newparam sid="sampler9">
                    <sampler2D>
                        <source>surface9</source>
                    </sampler2D>
                </newparam>
                <technique sid="COMMON">
                    <blinn>
                        <diffuse>
                            <texture texture="sampler9" texcoord="UVSET0"></texture>
                        </diffuse>
                    </blinn>
                </technique>
            </profile_COMMON>
        </effect>
        <effect id="effect10">
            <profile_COMMON>
                <newparam sid="surface10">
                    <surface type="2D">
                        <init_from>tex_10</init_from>
                    </surface>
                </newparam>
                <newparam sid="sampler10">
                    <sampler2D>
                        <source>surface10</source>
                    </sampler2D>
                </newparam>
                <technique sid="COMMON">
                    <blinn>
                        <diffuse>
                            <texture texture="sampler10" texcoord="UVSET0"></texture>
                        </diffuse>
                    </blinn>
                </technique>
            </profile_COMMON>
        </effect>
        <effect id="effect11">
            <profile_COMMON>
                <newparam sid="surface11">
                    <surface type="2D">
                        <init_from>tex_11</init_from>
                    </surface>
                </newparam>
                <newparam sid="sampler11">
                    <sampler2D>
                        <source>surface11</source>
                    </sampler2D>
                </newparam>
                <technique sid="COMMON">
                    <blinn>
                        <diffuse>
                            <texture texture="sampler11" texcoord="UVSET0"></texture>
                        </diffuse>
                    </blinn>
                </technique>
            </profile_COMMON>
        </effect>
        <effect id="effect12">
            <profile_COMMON>
                <newparam sid="surface12">
                    <surface type="2D">
                        <init_from>tex_12</init_from>
                    </surface>
                </newparam>
                <newparam sid="sampler12">
                    <sampler2D>
                        <source>surface12</source>
                    </sampler2D>
                </newparam>
                <technique sid="COMMON">
                    <blinn>
                        <diffuse>
                            <texture texture="sampler12" texcoord="UVSET0"></texture>
                        </diffuse>
                    </blinn>
                </technique>
            </profile_COMMON>
        </effect>
        <effect id="effect13">
            <profile_COMMON>
                <newparam sid="surface13">
                    <surface type="2D">
                        <init_from>tex_13</init_from>
                    </surface>
                </newparam>
                <newparam sid="sampler13">
                    <sampler2D>
                        <source>surface13</source>
                    </sampler2D>
                </newparam>
                <technique sid="COMMON">
                    <blinn>
                        <diffuse>
                            <texture texture="sampler13" texcoord="UVSET0"></texture>
                        </diffuse>
                    </blinn>
                </technique>
            </profile_COMMON>
        </effect>
        <effect id="effect14">
            <profile_COMMON>
                <newparam sid="surface14">
                    <surface type="2D">
                        <init_from>tex_14</init_from>
                    </surface>
                </newparam>
                <newparam sid="sampler14">
                    <sampler2D>
                        <source>surface14</source>
                    </sampler2D>
                </newparam>
                <technique sid="COMMON">
                    <blinn>
                        <diffuse>
                            <texture texture="sampler14" texcoord="UVSET0"></texture>
                        </diffuse>
                    </blinn>
                </technique>
            </profile_COMMON>
        </effect>
        <effect id="effect15">
            <profile_COMMON>
                <newparam sid="surface15">
                    <surface type="2D">
                        <init_from>tex_15</init_from>
                    </surface>
                </newparam>
                <newparam sid="sampler15">
                    <sampler2D>
                        <source>surface15</source>
                    </sampler2D>
                </newparam>
                <technique sid="COMMON">
                    <blinn>
                        <diffuse>
                            <texture texture="sampler15" texcoord="UVSET0"></texture>
                        </diffuse>
                    </blinn>
                </technique>
            </profile_COMMON>
        </effect>
        <effect id="effect16">
            <profile_COMMON>
                <newparam sid="surface16">
                    <surface type="2D">
                        <init_from>tex_16</init_from>
                    </surface>
                </newparam>
                <newparam sid="sampler16">
                    <sampler2D>
                        <source>surface16</source>
                    </sampler2D>
                </newparam>
                <technique sid="COMMON">
                    <blinn>
                        <diffuse>
                            <texture texture="sampler16" texcoord="UVSET0"></texture>
                        </diffuse>
                    </blinn>
                </technique>
            </profile_COMMON>
        </effect>
        <effect id="effect17">
            <profile_COMMON>
                <newparam sid="surface17">
                    <surface type="2D">
                        <init_from>tex_17</init_from>
                    </surface>
                </newparam>
                <newparam sid="sampler17">
                    <sampler2D>
                        <source>surface17</source>
                    </sampler2D>
                </newparam>
                <technique sid="COMMON">
                    <blinn>
                        <diffuse>
                            <texture texture="sampler17" texcoord="UVSET0"></texture>
                        </diffuse>
                    </blinn>
                </technique>
            </profile_COMMON>
        </effect>
        <effect id="effect18">
            <profile_COMMON>
                <newparam sid="surface18">
                    <surface type="2D">
                        <init_from>tex_vertexColors</init_from>
                    </surface>
                </newparam>
                <newparam sid="sampler18">
                    <sampler2D>
                        <source>surface18</source>
                    </sampler2D>
                </newparam>
                <technique sid="COMMON">
                    <blinn>
                        <diffuse>
                            <texture texture="sampler18" texcoord="UVSET0"></texture>
                        </diffuse>
                    </blinn>
                </technique>
            </profile_COMMON>
        </effect>
    </library_effects>
    <library_materials>
        <material id="mat0" name="Mat0">
            <instance_effect url="#effect0"/>
        </material>
        <material id="mat1" name="Mat1">
            <instance_effect url="#effect1"/>
        </material>
        <material id="mat2" name="Mat2">
            <instance_effect url="#effect2"/>
        </material>
        <material id="mat3" name="Mat3">
            <instance_effect url="#effect3"/>
        </material>
        <material id="mat4" name="Mat4">
            <instance_effect url="#effect4"/>
        </material>
        <material id="mat5" name="Mat5">
            <instance_effect url="#effect5"/>
        </material>
        <material id="mat6" name="Mat6">
            <instance_effect url="#effect6"/>
        </material>
        <material id="mat7" name="Mat7">
            <instance_effect url="#effect7"/>
        </material>
        <material id="mat8" name="Mat8">
            <instance_effect url="#effect8"/>
        </material>
        <material id="mat9" name="Mat9">
            <instance_effect url="#effect9"/>
        </material>
        <material id="mat10" name="Mat10">
            <instance_effect url="#effect10"/>
        </material>
        <material id="mat11" name="Mat11">
            <instance_effect url="#effect11"/>
        </material>
        <material id="mat12" name="Mat12">
            <instance_effect url="#effect12"/>
        </material>
        <material id="mat13" name="Mat13">
            <instance_effect url="#effect13"/>
        </material>
        <material id="mat14" name="Mat14">
            <instance_effect url="#effect14"/>
        </material>
        <material id="mat15" name="Mat15">
            <instance_effect url="#effect15"/>
        </material>
        <material id="mat16" name="Mat16">
            <instance_effect url="#effect16"/>
        </material>
        <material id="mat17" name="Mat17">
            <instance_effect url="#effect17"/>
        </material>
        <material id="mat18" name="vertexColors">
            <instance_effect url="#effect18"/>
        </material>
    </library_materials>
    <library_geometries>
        <geometry id="meshMesh0_1">
            <mesh>
                <source id="pointsMesh0_1">
                    <float_array id="pointarrayMesh0_1" count="438">4864 1024 4096 7680 768 0 3840 768 2304 2304 768 4352 3584 656 -767 5888 1024 4096 7686 768 7100 8192 2560 4096 8192 1855 1024 6289 912 -2653 5468 912 -1870 -2815 1024 256 -4991 1024 -2431 -3231 1024 -159 1692 768 3192 -1535 256 5888 -3071 0 7168 -921 0 6400 -921 256 5888 -2559 179 5888 -3583 0 5888 -1791 973 -767 -4991 1024 -4479 -4132 513 -6035 -7167 1024 -7167 -1872 768 -1441 -2559 768 -2815 -4095 1024 -2943 -7167 1024 512 -5887 1024 -2943 -4095 1024 -3967 -6015 1024 -3839 -3151 512 -6526 -7167 1024 4096 -8191 1536 -8191 -3151 1024 -6526 -4095 1792 -8191 -6143 2560 -8191 8093 1936 -6029 8093 1936 -5934 8093 2064 -5934 8093 2085 -5982 8093 2064 -6029 8192 2560 -8191 7680 768 0 8192 1855 1024 8192 2720 -5119 8093 1936 -6029 8192 2560 -8191 7680 2080 -7679 7029 912 -3999 8093 1936 -5934 3840 2048 8192 768 768 7168 6289 1936 -2653 8093 1936 -6029 8093 1936 -5934 6289 912 -2653 7029 912 -3999 6289 1936 -2653 3097 1741 -733 5468 912 -1870 768 768 5888 -3071 640 8192 768 768 7680 768 0 7168 8192 1024 8192 -869 1024 -5528 3072 2513 -7679 3072 2513 -8191 -3105 1024 -6549 -8191 1280 8192 5888 1024 5120 4864 1024 5120 1792 768 5376 3584 656 -767 -7167 0 7168 -7167 0 4096 -5375 0 6464 -383 0 6400 -7167 1024 4096 -8191 1280 8192 -7167 0 4096 -6591 0 5312 -8191 2048 0 -6015 0 6464 -6591 0 5888 4352 3712 -8191 512 3328 -8191 3072 2513 -8191 8192 2560 -8191 512 3328 -8191 8192 2560 -8191 7680 2080 -7679 6246 2080 -6962 6246 2080 -7167 6265 2080 -6527 6451 2080 -6962 -3445 777 -4662 -2458 1024 -5155 -2240 1024 -4835 -2413 1024 -5178 -2285 1024 -4812 1280 768 3328 -1535 768 1536 2304 768 4864 -7167 768 512 -3368 768 246 -3503 768 111 -3071 768 512 6451 2080 -7167 6252 1936 -2700 -4095 768 4096 -3071 768 3072 -7167 768 4096 1024 768 171 1888 768 720 -6015 0 4736 -5375 0 4736 -4095 0 4096 -3583 0 5376 -4799 0 5312 -2559 179 5376 -1535 256 5376 -921 0 5888 -4799 0 5888 -921 0 4865 -921 256 5375 -3503 1024 111 768 0 5888 256 0 6400 3060 1741 -780 5888 3072 1230 4454 3072 1127 4454 3072 1332 3097 1741 -733 2079 1368 -1535 2076 768 425 1212 768 -123 5120 3072 2560 5120 3072 -99 3584 3072 2560 4250 3072 1332 2816 3072 1230 3584 3072 -99 4250 3072 1127</float_array>
                    <technique_common>
                        <accessor count="146" source="#pointarrayMesh0_1" stride="3">
                            <param name="X" type="float"/>
                            <param name="Y" type="float"/>
                            <param name="Z" type="float"/>
                        </accessor>
                    </technique_common>
                </source>
                <source id="uvsMesh0_1">
                    <float_array id="uvarrayMesh0_1" count="292">21.841796875 7.3515625 26.416015625 14.005859375 20.1796875 10.263671875 17.68359375 6.935546875 19.763671875 15.25390625 23.505859375 7.3515625 26.42578125 2.470703125 27.248046875 7.3515625 27.248046875 12.341796875 24.158203125 18.31640625 22.82421875 17.044921875 9.3671875 13.58984375 5.83203125 17.95703125 8.69140625 14.265625 16.69140625 8.8203125 11.4453125 4.44140625 8.951171875 2.361328125 12.443359375 3.609375 12.443359375 4.44140625 9.783203125 4.44140625 8.119140625 4.44140625 11.03125 15.25390625 5.83203125 21.283203125 7.228515625 23.810546875 2.296875 25.650390625 10.8984375 16.34765625 9.783203125 18.580078125 7.287109375 18.7890625 2.296875 13.173828125 4.376953125 18.7890625 7.287109375 20.451171875 4.16796875 20.244140625 8.8203125 24.607421875 2.296875 7.3515625 0.634765625 27.3125 8.8203125 24.607421875 7.287109375 27.3125 3.9609375 27.3125 0.421875 -0.169921875 0.576171875 -0.1796875 0.587890625 0.025390625 0.51171875 0.060546875 0.43359375 0.033203125 -3.029296875 1 10.10546875 -2.65234375 11.859375 -0.861328125 1.96484375 1 -1.02734375 1 -1.02734375 4.689453125 -1.96875 3.638671875 25.359375 20.50390625 27.265625 23.96875 20.1796875 0.69921875 15.189453125 2.361328125 24.158203125 18.31640625 27.19921875 24.00390625 8.98828125 -5.173828125 3.33203125 -3.125 5.099609375 -4.375 4.447265625 -1.9609375 -0.1484375 1.986328125 1.96484375 -1.9609375 15.189453125 4.44140625 8.951171875 0.69921875 15.189453125 1.529296875 15.189453125 2.361328125 27.248046875 0.69921875 12.529296875 22.986328125 18.931640625 26.48046875 18.931640625 27.3125 8.89453125 24.646484375 0.634765625 0.69921875 23.505859375 5.689453125 21.841796875 5.689453125 16.8515625 5.2734375 -0.873046875 0.197265625 2.296875 2.361328125 2.296875 7.3515625 5.208984375 3.505859375 13.318359375 3.609375 0.966796875 1.458984375 -4.91015625 1.81640625 0.966796875 0.033203125 3.232421875 5.376953125 0.634765625 14.005859375 4.16796875 3.505859375 3.232421875 4.44140625 1.765625 1.685546875 -3.583984375 1.201171875 0 0.033203125 7.09765625 0.033203125 14.7734375 27.3125 27.248046875 27.3125 26.416015625 26.48046875 24.087890625 25.31640625 24.087890625 25.650390625 24.1171875 24.609375 24.419921875 25.31640625 8.34375 21.580078125 9.9453125 22.380859375 10.30078125 21.861328125 10.01953125 22.41796875 10.2265625 21.82421875 16.021484375 8.599609375 11.4453125 11.509765625 17.68359375 6.10546875 2.296875 13.173828125 8.46875 13.60546875 8.25 13.826171875 8.951171875 13.173828125 24.419921875 25.650390625 24.09765625 18.392578125 7.287109375 7.3515625 8.951171875 9.015625 2.296875 7.3515625 15.60546875 13.728515625 17.0078125 12.8359375 4.16796875 6.3125 5.208984375 6.3125 7.287109375 7.3515625 8.119140625 5.2734375 6.14453125 5.376953125 9.783203125 5.2734375 11.4453125 5.2734375 12.443359375 4.44140625 6.14453125 4.44140625 12.443359375 6.103515625 12.443359375 5.2734375 8.25 13.826171875 15.189453125 4.44140625 14.357421875 3.609375 18.912109375 15.2734375 0 1 1.193359375 -1.486328125 1.5390625 -1.287109375 18.970703125 15.197265625 17.318359375 16.5 17.3125 13.314453125 15.91015625 14.20703125 2.962890625 1 -1.52734375 -1.560546875 4.458984375 -1.560546875 1.73828125 -1.6328125 2.962890625 -4.15234375 0 -4.15234375 1.392578125 -1.83203125</float_array>
                    <technique_common>
                        <accessor count="146" source="#uvarrayMesh0_1" stride="2">
                            <param name="S" type="float"/>
                            <param name="T" type="float"/>
                        </accessor>
                    </technique_common>
                </source>
                <vertices id="verticesMesh0_1">
                    <input semantic="POSITION" source="#pointsMesh0_1"/>
                </vertices>
                <polylist count="144" material="Material1">
                    <input offset="0" semantic="VERTEX" source="#verticesMesh0_1"/>
                    <input offset="1" semantic="TEXCOORD" source="#uvsMesh0_1" set="0"/>
                    <vcount>3 3 3 3 3 3 3 3 3 3 3 3 3 3 3 3 3 3 3 3 3 3 3 3 3 3 3 3 3 3 3 3 3 3 3 3 3 3 3 3 3 3 3 3 3 3 3 3 3 3 3 3 3 3 3 3 3 3 3 3 3 3 3 3 3 3 3 3 3 3 3 3 3 3 3 3 3 3 3 3 3 3 3 3 3 3 3 3 3 3 3 3 3 3 3 3 3 3 3 3 3 3 3 3 3 3 3 3 3 3 3 3 3 3 3 3 3 3 3 3 3 3 3 3 3 3 3 3 3 3 3 3 3 3 3 3 3 3 3 3 3 3 3 3</vcount>
                    <p>0 0 1 1 2 2 3 3 2 2 4 4 3 3 0 0 2 2 2 2 1 1 4 4 0 0 5 5 1 1 1 1 5 5 6 6 1 1 7 7 8 8 6 6 7 7 1 1 1 1 9 9 10 10 4 4 1 1 10 10 11 11 12 12 13 13 3 3 4 4 14 14 15 15 16 16 17 17 17 17 18 18 15 15 15 15 19 19 16 16 19 19 20 20 16 16 11 11 21 21 12 12 22 22 23 23 24 24 21 21 25 25 12 12 26 26 27 27 12 12 25 25 26 26 12 12 28 28 12 12 29 29 22 22 30 30 23 23 31 31 22 22 24 24 23 23 32 32 24 24 33 33 24 24 34 34 24 24 35 35 36 36 24 24 36 36 37 37 34 34 24 24 37 37 38 38 39 39 40 40 38 38 40 40 41 41 38 38 41 41 42 42 38 38 42 42 43 43 41 41 43 43 42 42 39 39 44 44 45 45 45 45 40 40 39 39 41 41 40 40 45 45 41 41 45 45 46 46 41 41 46 46 43 43 47 47 48 48 49 49 9 9 1 1 50 50 1 1 51 51 50 50 52 52 6 6 53 53 54 54 51 51 55 55 56 56 57 57 58 58 56 56 59 59 57 57 59 59 60 60 61 61 57 57 59 59 61 61 62 62 53 53 6 6 63 63 52 52 64 64 16 16 64 64 65 65 53 53 64 64 52 52 6 6 52 52 66 66 67 67 68 68 69 69 69 69 70 70 67 67 63 63 64 64 16 16 71 71 63 63 16 16 6 6 72 72 73 73 5 5 72 72 6 6 74 74 62 62 6 6 73 73 74 74 6 6 6 6 66 66 7 7 60 60 75 75 61 61 71 71 76 76 77 77 78 78 16 16 20 20 16 16 78 78 76 76 17 17 16 16 79 79 16 16 65 65 79 79 16 16 76 76 71 71 80 80 81 81 82 82 83 83 77 77 76 76 33 33 84 84 71 71 85 85 86 86 76 76 78 78 85 85 76 76 76 76 86 86 83 83 33 33 34 34 84 84 87 87 88 88 89 89 90 90 87 87 89 89 36 36 35 35 70 70 36 36 70 70 91 91 70 70 69 69 91 91 92 92 69 69 93 93 69 69 94 94 95 95 69 69 95 95 93 93 69 69 96 96 94 94 93 93 97 97 55 55 27 27 26 26 98 98 99 99 100 100 101 101 99 99 102 102 100 100 100 100 67 67 101 101 101 101 67 67 70 70 30 30 27 27 98 98 30 30 98 98 23 23 103 103 3 3 14 14 103 103 14 14 104 104 3 3 105 105 73 73 3 3 73 73 0 0 106 106 107 107 108 108 106 106 109 109 107 107 96 96 69 69 68 68 93 93 95 95 110 110 94 94 96 96 97 97 96 96 55 55 97 97 111 111 54 54 55 55 111 111 55 55 96 96 112 112 113 113 106 106 109 109 106 106 113 113 106 106 114 114 112 112 104 104 14 14 115 115 14 14 116 116 115 115 83 83 117 117 77 77 77 77 118 118 119 119 120 120 118 118 121 121 119 119 118 118 120 120 122 122 123 123 119 119 79 79 124 124 17 17 125 125 78 78 20 20 119 119 120 120 122 122 119 119 123 123 126 126 123 123 127 127 126 126 13 13 12 12 128 128 28 28 128 128 12 12 117 117 118 118 77 77 105 105 74 74 73 73 24 24 28 28 31 31 28 28 29 29 31 31 65 65 129 129 130 130 65 65 130 130 79 79 93 93 110 110 97 97 131 131 54 54 111 111 132 132 133 133 134 134 135 135 131 131 136 136 131 131 135 135 54 54 116 116 137 137 138 138 116 116 138 138 115 115 139 139 132 132 134 134 132 132 140 140 133 133 141 141 142 142 143 143 133 133 140 140 144 144 145 145 133 133 144 144 145 145 144 144 143 143 142 142 145 145 143 143 139 139 134 134 142 142 141 141 139 139 142 142</p>
                </polylist>
            </mesh>
        </geometry>
        <geometry id="meshMesh0_2">
            <mesh>
                <source id="pointsMesh0_2">
                    <float_array id="pointarrayMesh0_2" count="438">4864 1024 4096 7680 768 0 3840 768 2304 2304 768 4352 3584 656 -767 5888 1024 4096 7686 768 7100 8192 2560 4096 8192 1855 1024 6289 912 -2653 5468 912 -1870 -2815 1024 256 -4991 1024 -2431 -3231 1024 -159 1692 768 3192 -1535 256 5888 -3071 0 7168 -921 0 6400 -921 256 5888 -2559 179 5888 -3583 0 5888 -1791 973 -767 -4991 1024 -4479 -4132 513 -6035 -7167 1024 -7167 -1872 768 -1441 -2559 768 -2815 -4095 1024 -2943 -7167 1024 512 -5887 1024 -2943 -4095 1024 -3967 -6015 1024 -3839 -3151 512 -6526 -7167 1024 4096 -8191 1536 -8191 -3151 1024 -6526 -4095 1792 -8191 -6143 2560 -8191 8093 1936 -6029 8093 1936 -5934 8093 2064 -5934 8093 2085 -5982 8093 2064 -6029 8192 2560 -8191 7680 768 0 8192 1855 1024 8192 2720 -5119 8093 1936 -6029 8192 2560 -8191 7680 2080 -7679 7029 912 -3999 8093 1936 -5934 3840 2048 8192 768 768 7168 6289 1936 -2653 8093 1936 -6029 8093 1936 -5934 6289 912 -2653 7029 912 -3999 6289 1936 -2653 3097 1741 -733 5468 912 -1870 768 768 5888 -3071 640 8192 768 768 7680 768 0 7168 8192 1024 8192 -869 1024 -5528 3072 2513 -7679 3072 2513 -8191 -3105 1024 -6549 -8191 1280 8192 5888 1024 5120 4864 1024 5120 1792 768 5376 3584 656 -767 -7167 0 7168 -7167 0 4096 -5375 0 6464 -383 0 6400 -7167 1024 4096 -8191 1280 8192 -7167 0 4096 -6591 0 5312 -8191 2048 0 -6015 0 6464 -6591 0 5888 4352 3712 -8191 512 3328 -8191 3072 2513 -8191 8192 2560 -8191 512 3328 -8191 8192 2560 -8191 7680 2080 -7679 6246 2080 -6962 6246 2080 -7167 6265 2080 -6527 6451 2080 -6962 -3445 777 -4662 -2458 1024 -5155 -2240 1024 -4835 -2413 1024 -5178 -2285 1024 -4812 1280 768 3328 -1535 768 1536 2304 768 4864 -7167 768 512 -3368 768 246 -3503 768 111 -3071 768 512 6451 2080 -7167 6252 1936 -2700 -4095 768 4096 -3071 768 3072 -7167 768 4096 1024 768 171 1888 768 720 -6015 0 4736 -5375 0 4736 -4095 0 4096 -3583 0 5376 -4799 0 5312 -2559 179 5376 -1535 256 5376 -921 0 5888 -4799 0 5888 -921 0 4865 -921 256 5375 -3503 1024 111 768 0 5888 256 0 6400 3060 1741 -780 5888 3072 1230 4454 3072 1127 4454 3072 1332 3097 1741 -733 2079 1368 -1535 2076 768 425 1212 768 -123 5120 3072 2560 5120 3072 -99 3584 3072 2560 4250 3072 1332 2816 3072 1230 3584 3072 -99 4250 3072 1127</float_array>
                    <technique_common>
                        <accessor count="146" source="#pointarrayMesh0_2" stride="3">
                            <param name="X" type="float"/>
                            <param name="Y" type="float"/>
                            <param name="Z" type="float"/>
                        </accessor>
                    </technique_common>
                </source>
                <source id="uvsMesh0_2">
                    <float_array id="uvarrayMesh0_2" count="292">21.841796875 7.3515625 26.416015625 14.005859375 20.1796875 10.263671875 17.68359375 6.935546875 19.763671875 15.25390625 23.505859375 7.3515625 26.42578125 2.470703125 27.248046875 7.3515625 27.248046875 12.341796875 24.158203125 18.31640625 22.82421875 17.044921875 9.3671875 13.58984375 5.83203125 17.95703125 8.69140625 14.265625 16.69140625 8.8203125 11.4453125 4.44140625 8.951171875 2.361328125 12.443359375 3.609375 12.443359375 4.44140625 9.783203125 4.44140625 8.119140625 4.44140625 11.03125 15.25390625 5.83203125 21.283203125 7.228515625 23.810546875 2.296875 25.650390625 10.8984375 16.34765625 9.783203125 18.580078125 7.287109375 18.7890625 2.296875 13.173828125 4.376953125 18.7890625 7.287109375 20.451171875 4.16796875 20.244140625 8.8203125 24.607421875 2.296875 7.3515625 0.634765625 27.3125 8.8203125 24.607421875 7.287109375 27.3125 3.9609375 27.3125 0.421875 -0.169921875 0.576171875 -0.1796875 0.587890625 0.025390625 0.51171875 0.060546875 0.43359375 0.033203125 -3.029296875 1 10.10546875 -2.65234375 11.859375 -0.861328125 1.96484375 1 -1.02734375 1 -1.02734375 4.689453125 -1.96875 3.638671875 25.359375 20.50390625 27.265625 23.96875 20.1796875 0.69921875 15.189453125 2.361328125 24.158203125 18.31640625 27.19921875 24.00390625 8.98828125 -5.173828125 3.33203125 -3.125 5.099609375 -4.375 4.447265625 -1.9609375 -0.1484375 1.986328125 1.96484375 -1.9609375 15.189453125 4.44140625 8.951171875 0.69921875 15.189453125 1.529296875 15.189453125 2.361328125 27.248046875 0.69921875 12.529296875 22.986328125 18.931640625 26.48046875 18.931640625 27.3125 8.89453125 24.646484375 0.634765625 0.69921875 23.505859375 5.689453125 21.841796875 5.689453125 16.8515625 5.2734375 -0.873046875 0.197265625 2.296875 2.361328125 2.296875 7.3515625 5.208984375 3.505859375 13.318359375 3.609375 0.966796875 1.458984375 -4.91015625 1.81640625 0.966796875 0.033203125 3.232421875 5.376953125 0.634765625 14.005859375 4.16796875 3.505859375 3.232421875 4.44140625 1.765625 1.685546875 -3.583984375 1.201171875 0 0.033203125 7.09765625 0.033203125 14.7734375 27.3125 27.248046875 27.3125 26.416015625 26.48046875 24.087890625 25.31640625 24.087890625 25.650390625 24.1171875 24.609375 24.419921875 25.31640625 8.34375 21.580078125 9.9453125 22.380859375 10.30078125 21.861328125 10.01953125 22.41796875 10.2265625 21.82421875 16.021484375 8.599609375 11.4453125 11.509765625 17.68359375 6.10546875 2.296875 13.173828125 8.46875 13.60546875 8.25 13.826171875 8.951171875 13.173828125 24.419921875 25.650390625 24.09765625 18.392578125 7.287109375 7.3515625 8.951171875 9.015625 2.296875 7.3515625 15.60546875 13.728515625 17.0078125 12.8359375 4.16796875 6.3125 5.208984375 6.3125 7.287109375 7.3515625 8.119140625 5.2734375 6.14453125 5.376953125 9.783203125 5.2734375 11.4453125 5.2734375 12.443359375 4.44140625 6.14453125 4.44140625 12.443359375 6.103515625 12.443359375 5.2734375 8.25 13.826171875 15.189453125 4.44140625 14.357421875 3.609375 18.912109375 15.2734375 0 1 1.193359375 -1.486328125 1.5390625 -1.287109375 18.970703125 15.197265625 17.318359375 16.5 17.3125 13.314453125 15.91015625 14.20703125 2.962890625 1 -1.52734375 -1.560546875 4.458984375 -1.560546875 1.73828125 -1.6328125 2.962890625 -4.15234375 0 -4.15234375 1.392578125 -1.83203125</float_array>
                    <technique_common>
                        <accessor count="146" source="#uvarrayMesh0_2" stride="2">
                            <param name="S" type="float"/>
                            <param name="T" type="float"/>
                        </accessor>
                    </technique_common>
                </source>
                <vertices id="verticesMesh0_2">
                    <input semantic="POSITION" source="#pointsMesh0_2"/>
                </vertices>
                <polylist count="144" material="Material1">
                    <input offset="0" semantic="VERTEX" source="#verticesMesh0_2"/>
                    <input offset="1" semantic="TEXCOORD" source="#uvsMesh0_2" set="0"/>
                    <vcount>3 3 3 3 3 3 3 3 3 3 3 3 3 3 3 3 3 3 3 3 3 3 3 3 3 3 3 3 3 3 3 3 3 3 3 3 3 3 3 3 3 3 3 3 3 3 3 3 3 3 3 3 3 3 3 3 3 3 3 3 3 3 3 3 3 3 3 3 3 3 3 3 3 3 3 3 3 3 3 3 3 3 3 3 3 3 3 3 3 3 3 3 3 3 3 3 3 3 3 3 3 3 3 3 3 3 3 3 3 3 3 3 3 3 3 3 3 3 3 3 3 3 3 3 3 3 3 3 3 3 3 3 3 3 3 3 3 3 3 3 3 3 3 3</vcount>
                    <p>0 0 1 1 2 2 3 3 2 2 4 4 3 3 0 0 2 2 2 2 1 1 4 4 0 0 5 5 1 1 1 1 5 5 6 6 1 1 7 7 8 8 6 6 7 7 1 1 1 1 9 9 10 10 4 4 1 1 10 10 11 11 12 12 13 13 3 3 4 4 14 14 15 15 16 16 17 17 17 17 18 18 15 15 15 15 19 19 16 16 19 19 20 20 16 16 11 11 21 21 12 12 22 22 23 23 24 24 21 21 25 25 12 12 26 26 27 27 12 12 25 25 26 26 12 12 28 28 12 12 29 29 22 22 30 30 23 23 31 31 22 22 24 24 23 23 32 32 24 24 33 33 24 24 34 34 24 24 35 35 36 36 24 24 36 36 37 37 34 34 24 24 37 37 38 38 39 39 40 40 38 38 40 40 41 41 38 38 41 41 42 42 38 38 42 42 43 43 41 41 43 43 42 42 39 39 44 44 45 45 45 45 40 40 39 39 41 41 40 40 45 45 41 41 45 45 46 46 41 41 46 46 43 43 47 47 48 48 49 49 9 9 1 1 50 50 1 1 51 51 50 50 52 52 6 6 53 53 54 54 51 51 55 55 56 56 57 57 58 58 56 56 59 59 57 57 59 59 60 60 61 61 57 57 59 59 61 61 62 62 53 53 6 6 63 63 52 52 64 64 16 16 64 64 65 65 53 53 64 64 52 52 6 6 52 52 66 66 67 67 68 68 69 69 69 69 70 70 67 67 63 63 64 64 16 16 71 71 63 63 16 16 6 6 72 72 73 73 5 5 72 72 6 6 74 74 62 62 6 6 73 73 74 74 6 6 6 6 66 66 7 7 60 60 75 75 61 61 71 71 76 76 77 77 78 78 16 16 20 20 16 16 78 78 76 76 17 17 16 16 79 79 16 16 65 65 79 79 16 16 76 76 71 71 80 80 81 81 82 82 83 83 77 77 76 76 33 33 84 84 71 71 85 85 86 86 76 76 78 78 85 85 76 76 76 76 86 86 83 83 33 33 34 34 84 84 87 87 88 88 89 89 90 90 87 87 89 89 36 36 35 35 70 70 36 36 70 70 91 91 70 70 69 69 91 91 92 92 69 69 93 93 69 69 94 94 95 95 69 69 95 95 93 93 69 69 96 96 94 94 93 93 97 97 55 55 27 27 26 26 98 98 99 99 100 100 101 101 99 99 102 102 100 100 100 100 67 67 101 101 101 101 67 67 70 70 30 30 27 27 98 98 30 30 98 98 23 23 103 103 3 3 14 14 103 103 14 14 104 104 3 3 105 105 73 73 3 3 73 73 0 0 106 106 107 107 108 108 106 106 109 109 107 107 96 96 69 69 68 68 93 93 95 95 110 110 94 94 96 96 97 97 96 96 55 55 97 97 111 111 54 54 55 55 111 111 55 55 96 96 112 112 113 113 106 106 109 109 106 106 113 113 106 106 114 114 112 112 104 104 14 14 115 115 14 14 116 116 115 115 83 83 117 117 77 77 77 77 118 118 119 119 120 120 118 118 121 121 119 119 118 118 120 120 122 122 123 123 119 119 79 79 124 124 17 17 125 125 78 78 20 20 119 119 120 120 122 122 119 119 123 123 126 126 123 123 127 127 126 126 13 13 12 12 128 128 28 28 128 128 12 12 117 117 118 118 77 77 105 105 74 74 73 73 24 24 28 28 31 31 28 28 29 29 31 31 65 65 129 129 130 130 65 65 130 130 79 79 93 93 110 110 97 97 131 131 54 54 111 111 132 132 133 133 134 134 135 135 131 131 136 136 131 131 135 135 54 54 116 116 137 137 138 138 116 116 138 138 115 115 139 139 132 132 134 134 132 132 140 140 133 133 141 141 142 142 143 143 133 133 140 140 144 144 145 145 133 133 144 144 145 145 144 144 143 143 142 142 145 145 143 143 139 139 134 134 142 142 141 141 139 139 142 142</p>
                </polylist>
            </mesh>
        </geometry>
        <geometry id="meshMesh0_VC2">
            <mesh>
                <source id="pointsMesh0_VC2">
                    <float_array id="pointarrayMesh0_VC2" count="438">4864 1024 4096 7680 768 0 3840 768 2304 2304 768 4352 3584 656 -767 5888 1024 4096 7686 768 7100 8192 2560 4096 8192 1855 1024 6289 912 -2653 5468 912 -1870 -2815 1024 256 -4991 1024 -2431 -3231 1024 -159 1692 768 3192 -1535 256 5888 -3071 0 7168 -921 0 6400 -921 256 5888 -2559 179 5888 -3583 0 5888 -1791 973 -767 -4991 1024 -4479 -4132 513 -6035 -7167 1024 -7167 -1872 768 -1441 -2559 768 -2815 -4095 1024 -2943 -7167 1024 512 -5887 1024 -2943 -4095 1024 -3967 -6015 1024 -3839 -3151 512 -6526 -7167 1024 4096 -8191 1536 -8191 -3151 1024 -6526 -4095 1792 -8191 -6143 2560 -8191 8093 1936 -6029 8093 1936 -5934 8093 2064 -5934 8093 2085 -5982 8093 2064 -6029 8192 2560 -8191 7680 768 0 8192 1855 1024 8192 2720 -5119 8093 1936 -6029 8192 2560 -8191 7680 2080 -7679 7029 912 -3999 8093 1936 -5934 3840 2048 8192 768 768 7168 6289 1936 -2653 8093 1936 -6029 8093 1936 -5934 6289 912 -2653 7029 912 -3999 6289 1936 -2653 3097 1741 -733 5468 912 -1870 768 768 5888 -3071 640 8192 768 768 7680 768 0 7168 8192 1024 8192 -869 1024 -5528 3072 2513 -7679 3072 2513 -8191 -3105 1024 -6549 -8191 1280 8192 5888 1024 5120 4864 1024 5120 1792 768 5376 3584 656 -767 -7167 0 7168 -7167 0 4096 -5375 0 6464 -383 0 6400 -7167 1024 4096 -8191 1280 8192 -7167 0 4096 -6591 0 5312 -8191 2048 0 -6015 0 6464 -6591 0 5888 4352 3712 -8191 512 3328 -8191 3072 2513 -8191 8192 2560 -8191 512 3328 -8191 8192 2560 -8191 7680 2080 -7679 6246 2080 -6962 6246 2080 -7167 6265 2080 -6527 6451 2080 -6962 -3445 777 -4662 -2458 1024 -5155 -2240 1024 -4835 -2413 1024 -5178 -2285 1024 -4812 1280 768 3328 -1535 768 1536 2304 768 4864 -7167 768 512 -3368 768 246 -3503 768 111 -3071 768 512 6451 2080 -7167 6252 1936 -2700 -4095 768 4096 -3071 768 3072 -7167 768 4096 1024 768 171 1888 768 720 -6015 0 4736 -5375 0 4736 -4095 0 4096 -3583 0 5376 -4799 0 5312 -2559 179 5376 -1535 256 5376 -921 0 5888 -4799 0 5888 -921 0 4865 -921 256 5375 -3503 1024 111 768 0 5888 256 0 6400 3060 1741 -780 5888 3072 1230 4454 3072 1127 4454 3072 1332 3097 1741 -733 2079 1368 -1535 2076 768 425 1212 768 -123 5120 3072 2560 5120 3072 -99 3584 3072 2560 4250 3072 1332 2816 3072 1230 3584 3072 -99 4250 3072 1127</float_array>
                    <technique_common>
                        <accessor count="146" source="#pointarrayMesh0_VC2" stride="3">
                            <param name="X" type="float"/>
                            <param name="Y" type="float"/>
                            <param name="Z" type="float"/>
                        </accessor>
                    </technique_common>
                </source>
                <source id="uvsMesh0_VC2">
                    <float_array id="uvarrayMesh0_VC2" count="864">0.03125 0.75 0.03125 0.75 0.03125 0.75 0.03125 0.75 0.03125 0.75 0.03125 0.75 0.03125 0.75 0.03125 0.75 0.03125 0.75 0.03125 0.75 0.03125 0.75 0.03125 0.75 0.03125 0.75 0.03125 0.75 0.03125 0.75 0.03125 0.75 0.03125 0.75 0.03125 0.75 0.03125 0.75 0.03125 0.75 0.03125 0.75 0.03125 0.75 0.03125 0.75 0.03125 0.75 0.03125 0.75 0.03125 0.75 0.03125 0.75 0.03125 0.75 0.03125 0.75 0.03125 0.75 0.03125 0.75 0.03125 0.75 0.03125 0.75 0.03125 0.75 0.03125 0.75 0.03125 0.75 0.03125 0.75 0.03125 0.75 0.03125 0.75 0.03125 0.75 0.03125 0.75 0.03125 0.75 0.03125 0.75 0.03125 0.75 0.03125 0.75 0.03125 0.75 0.03125 0.75 0.03125 0.75 0.03125 0.75 0.03125 0.75 0.03125 0.75 0.03125 0.75 0.03125 0.75 0.03125 0.75 0.03125 0.75 0.03125 0.75 0.03125 0.75 0.03125 0.75 0.03125 0.75 0.03125 0.75 0.03125 0.75 0.03125 0.75 0.03125 0.75 0.03125 0.75 0.03125 0.75 0.03125 0.75 0.03125 0.75 0.03125 0.75 0.03125 0.75 0.03125 0.75 0.03125 0.75 0.03125 0.75 0.03125 0.75 0.03125 0.75 0.03125 0.75 0.03125 0.75 0.03125 0.75 0.03125 0.75 0.03125 0.75 0.03125 0.75 0.03125 0.75 0.03125 0.75 0.03125 0.75 0.03125 0.75 0.03125 0.75 0.03125 0.75 0.03125 0.75 0.03125 0.75 0.03125 0.75 0.03125 0.75 0.03125 0.75 0.03125 0.75 0.03125 0.75 0.03125 0.75 0.03125 0.75 0.03125 0.75 0.03125 0.75 0.03125 0.75 0.03125 0.75 0.03125 0.75 0.03125 0.75 0.03125 0.75 0.03125 0.75 0.03125 0.75 0.03125 0.75 0.03125 0.75 0.03125 0.75 0.03125 0.75 0.03125 0.75 0.03125 0.75 0.03125 0.75 0.03125 0.75 0.03125 0.75 0.03125 0.75 0.03125 0.75 0.03125 0.75 0.03125 0.75 0.03125 0.75 0.03125 0.75 0.03125 0.75 0.03125 0.75 0.03125 0.75 0.03125 0.75 0.03125 0.75 0.03125 0.75 0.03125 0.75 0.03125 0.75 0.03125 0.75 0.03125 0.75 0.03125 0.75 0.03125 0.75 0.03125 0.75 0.03125 0.75 0.03125 0.75 0.03125 0.75 0.03125 0.75 0.03125 0.75 0.03125 0.75 0.03125 0.75 0.03125 0.75 0.03125 0.75 0.03125 0.75 0.03125 0.75 0.03125 0.75 0.03125 0.75 0.03125 0.75 0.03125 0.75 0.03125 0.75 0.03125 0.75 0.03125 0.75 0.03125 0.75 0.03125 0.75 0.03125 0.75 0.03125 0.75 0.03125 0.75 0.03125 0.75 0.03125 0.75 0.03125 0.75 0.03125 0.75 0.03125 0.75 0.03125 0.75 0.03125 0.75 0.03125 0.75 0.03125 0.75 0.03125 0.75 0.03125 0.75 0.03125 0.75 0.03125 0.75 0.03125 0.75 0.03125 0.75 0.03125 0.75 0.03125 0.75 0.03125 0.75 0.03125 0.75 0.03125 0.75 0.03125 0.75 0.03125 0.75 0.03125 0.75 0.03125 0.75 0.03125 0.75 0.03125 0.75 0.03125 0.75 0.03125 0.75 0.03125 0.75 0.03125 0.75 0.03125 0.75 0.03125 0.75 0.03125 0.75 0.03125 0.75 0.03125 0.75 0.03125 0.75 0.03125 0.75 0.03125 0.75 0.03125 0.75 0.03125 0.75 0.03125 0.75 0.03125 0.75 0.03125 0.75 0.03125 0.75 0.03125 0.75 0.03125 0.75 0.03125 0.75 0.03125 0.75 0.03125 0.75 0.03125 0.75 0.03125 0.75 0.03125 0.75 0.03125 0.75 0.03125 0.75 0.03125 0.75 0.03125 0.75 0.03125 0.75 0.03125 0.75 0.03125 0.75 0.03125 0.75 0.03125 0.75 0.03125 0.75 0.03125 0.75 0.03125 0.75 0.03125 0.75 0.03125 0.75 0.03125 0.75 0.03125 0.75 0.03125 0.75 0.03125 0.75 0.03125 0.75 0.03125 0.75 0.03125 0.75 0.03125 0.75 0.03125 0.75 0.03125 0.75 0.03125 0.75 0.03125 0.75 0.03125 0.75 0.03125 0.75 0.03125 0.75 0.03125 0.75 0.03125 0.75 0.03125 0.75 0.03125 0.75 0.03125 0.75 0.03125 0.75 0.03125 0.75 0.03125 0.75 0.03125 0.75 0.03125 0.75 0.03125 0.75 0.03125 0.75 0.03125 0.75 0.03125 0.75 0.03125 0.75 0.03125 0.75 0.03125 0.75 0.03125 0.75 0.03125 0.75 0.03125 0.75 0.03125 0.75 0.03125 0.75 0.03125 0.75 0.03125 0.75 0.03125 0.75 0.03125 0.75 0.03125 0.75 0.03125 0.75 0.03125 0.75 0.03125 0.75 0.03125 0.75 0.03125 0.75 0.03125 0.75 0.03125 0.75 0.03125 0.75 0.03125 0.75 0.03125 0.75 0.03125 0.75 0.03125 0.75 0.03125 0.75 0.03125 0.75 0.03125 0.75 0.03125 0.75 0.03125 0.75 0.03125 0.75 0.03125 0.75 0.03125 0.75 0.03125 0.75 0.03125 0.75 0.03125 0.75 0.03125 0.75 0.03125 0.75 0.03125 0.75 0.03125 0.75 0.03125 0.75 0.03125 0.75 0.03125 0.75 0.03125 0.75 0.03125 0.75 0.03125 0.75 0.03125 0.75 0.03125 0.75 0.03125 0.75 0.03125 0.75 0.03125 0.75 0.03125 0.75 0.03125 0.75 0.03125 0.75 0.03125 0.75 0.03125 0.75 0.03125 0.75 0.03125 0.75 0.03125 0.75 0.03125 0.75 0.03125 0.75 0.03125 0.75 0.03125 0.75 0.03125 0.75 0.03125 0.75 0.03125 0.75 0.03125 0.75 0.03125 0.75 0.03125 0.75 0.03125 0.75 0.03125 0.75 0.03125 0.75 0.03125 0.75 0.03125 0.75 0.03125 0.75 0.03125 0.75 0.03125 0.75 0.03125 0.75 0.03125 0.75 0.03125 0.75 0.03125 0.75 0.03125 0.75 0.03125 0.75 0.03125 0.75 0.03125 0.75 0.03125 0.75 0.03125 0.75 0.03125 0.75 0.03125 0.75 0.03125 0.75 0.03125 0.75 0.03125 0.75 0.03125 0.75 0.03125 0.75 0.03125 0.75 0.03125 0.75 0.03125 0.75 0.03125 0.75 0.03125 0.75 0.03125 0.75 0.03125 0.75 0.03125 0.75 0.03125 0.75 0.03125 0.75 0.03125 0.75 0.03125 0.75 0.03125 0.75 0.03125 0.75 0.03125 0.75 0.03125 0.75 0.03125 0.75 0.03125 0.75 0.03125 0.75 0.03125 0.75 0.03125 0.75 0.03125 0.75 0.03125 0.75 0.03125 0.75 0.03125 0.75 0.03125 0.75 0.03125 0.75 0.03125 0.75 0.03125 0.75 0.03125 0.75 0.03125 0.75 0.03125 0.75 0.03125 0.75 0.03125 0.75 0.03125 0.75 0.03125 0.75 0.03125 0.75 0.03125 0.75 0.03125 0.75 0.03125 0.75 0.03125 0.75 0.03125 0.75 0.03125 0.75 0.03125 0.75 0.03125 0.75 0.03125 0.75 0.03125 0.75 0.03125 0.75 0.03125 0.75 0.03125 0.75 0.03125 0.75 0.03125 0.75 0.03125 0.75 0.03125 0.75 0.03125 0.75 0.03125 0.75 0.03125 0.75 0.03125 0.75 0.03125 0.75 0.03125 0.75 0.03125 0.75 0.03125 0.75 0.03125 0.75 0.03125 0.75 0.03125 0.75 0.03125 0.75 0.03125 0.75 0.03125 0.75 0.03125 0.75 0.03125 0.75 0.03125 0.75 0.03125 0.75 0.03125 0.75 0.03125 0.75 0.03125 0.75 0.03125 0.75 0.03125 0.75 0.03125 0.75 0.03125 0.75 0.03125 0.75 0.03125 0.75 0.03125 0.75 0.03125 0.75 0.03125 0.75 0.03125 0.75 0.03125 0.75 0.03125 0.75 0.03125 0.75</float_array>
                    <technique_common>
                        <accessor count="432" source="#uvarrayMesh0_VC2" stride="2">
                            <param name="S" type="float"/>
                            <param name="T" type="float"/>
                        </accessor>
                    </technique_common>
                </source>
                <vertices id="verticesMesh0_VC2">
                    <input semantic="POSITION" source="#pointsMesh0_VC2"/>
                </vertices>
                <polylist count="144" material="Material1">
                    <input offset="0" semantic="VERTEX" source="#verticesMesh0_VC2"/>
                    <input offset="1" semantic="TEXCOORD" source="#uvsMesh0_VC2" set="0"/>
                    <vcount>3 3 3 3 3 3 3 3 3 3 3 3 3 3 3 3 3 3 3 3 3 3 3 3 3 3 3 3 3 3 3 3 3 3 3 3 3 3 3 3 3 3 3 3 3 3 3 3 3 3 3 3 3 3 3 3 3 3 3 3 3 3 3 3 3 3 3 3 3 3 3 3 3 3 3 3 3 3 3 3 3 3 3 3 3 3 3 3 3 3 3 3 3 3 3 3 3 3 3 3 3 3 3 3 3 3 3 3 3 3 3 3 3 3 3 3 3 3 3 3 3 3 3 3 3 3 3 3 3 3 3 3 3 3 3 3 3 3 3 3 3 3 3 3</vcount>
                    <p>0 0 1 1 2 2 3 3 2 4 4 5 3 6 0 7 2 8 2 9 1 10 4 11 0 12 5 13 1 14 1 15 5 16 6 17 1 18 7 19 8 20 6 21 7 22 1 23 1 24 9 25 10 26 4 27 1 28 10 29 11 30 12 31 13 32 3 33 4 34 14 35 15 36 16 37 17 38 17 39 18 40 15 41 15 42 19 43 16 44 19 45 20 46 16 47 11 48 21 49 12 50 22 51 23 52 24 53 21 54 25 55 12 56 26 57 27 58 12 59 25 60 26 61 12 62 28 63 12 64 29 65 22 66 30 67 23 68 31 69 22 70 24 71 23 72 32 73 24 74 33 75 24 76 34 77 24 78 35 79 36 80 24 81 36 82 37 83 34 84 24 85 37 86 38 87 39 88 40 89 38 90 40 91 41 92 38 93 41 94 42 95 38 96 42 97 43 98 41 99 43 100 42 101 39 102 44 103 45 104 45 105 40 106 39 107 41 108 40 109 45 110 41 111 45 112 46 113 41 114 46 115 43 116 47 117 48 118 49 119 9 120 1 121 50 122 1 123 51 124 50 125 52 126 6 127 53 128 54 129 51 130 55 131 56 132 57 133 58 134 56 135 59 136 57 137 59 138 60 139 61 140 57 141 59 142 61 143 62 144 53 145 6 146 63 147 52 148 64 149 16 150 64 151 65 152 53 153 64 154 52 155 6 156 52 157 66 158 67 159 68 160 69 161 69 162 70 163 67 164 63 165 64 166 16 167 71 168 63 169 16 170 6 171 72 172 73 173 5 174 72 175 6 176 74 177 62 178 6 179 73 180 74 181 6 182 6 183 66 184 7 185 60 186 75 187 61 188 71 189 76 190 77 191 78 192 16 193 20 194 16 195 78 196 76 197 17 198 16 199 79 200 16 201 65 202 79 203 16 204 76 205 71 206 80 207 81 208 82 209 83 210 77 211 76 212 33 213 84 214 71 215 85 216 86 217 76 218 78 219 85 220 76 221 76 222 86 223 83 224 33 225 34 226 84 227 87 228 88 229 89 230 90 231 87 232 89 233 36 234 35 235 70 236 36 237 70 238 91 239 70 240 69 241 91 242 92 243 69 244 93 245 69 246 94 247 95 248 69 249 95 250 93 251 69 252 96 253 94 254 93 255 97 256 55 257 27 258 26 259 98 260 99 261 100 262 101 263 99 264 102 265 100 266 100 267 67 268 101 269 101 270 67 271 70 272 30 273 27 274 98 275 30 276 98 277 23 278 103 279 3 280 14 281 103 282 14 283 104 284 3 285 105 286 73 287 3 288 73 289 0 290 106 291 107 292 108 293 106 294 109 295 107 296 96 297 69 298 68 299 93 300 95 301 110 302 94 303 96 304 97 305 96 306 55 307 97 308 111 309 54 310 55 311 111 312 55 313 96 314 112 315 113 316 106 317 109 318 106 319 113 320 106 321 114 322 112 323 104 324 14 325 115 326 14 327 116 328 115 329 83 330 117 331 77 332 77 333 118 334 119 335 120 336 118 337 121 338 119 339 118 340 120 341 122 342 123 343 119 344 79 345 124 346 17 347 125 348 78 349 20 350 119 351 120 352 122 353 119 354 123 355 126 356 123 357 127 358 126 359 13 360 12 361 128 362 28 363 128 364 12 365 117 366 118 367 77 368 105 369 74 370 73 371 24 372 28 373 31 374 28 375 29 376 31 377 65 378 129 379 130 380 65 381 130 382 79 383 93 384 110 385 97 386 131 387 54 388 111 389 132 390 133 391 134 392 135 393 131 394 136 395 131 396 135 397 54 398 116 399 137 400 138 401 116 402 138 403 115 404 139 405 132 406 134 407 132 408 140 409 133 410 141 411 142 412 143 413 133 414 140 415 144 416 145 417 133 418 144 419 145 420 144 421 143 422 142 423 145 424 143 425 139 426 134 427 142 428 141 429 139 430 142 431</p>
                </polylist>
            </mesh>
        </geometry>
        <geometry id="meshMesh1_1">
            <mesh>
                <source id="pointsMesh1_1">
                    <float_array id="pointarrayMesh1_1" count="114">768 768 5888 1792 768 4864 768 768 5376 1792 768 5376 1792 768 5376 2304 768 4864 1792 768 4864 -1791 768 1792 -1535 768 2048 -1535 768 1536 -921 256 5375 -1535 256 5376 -1535 256 5888 -921 256 5888 -2559 179 5376 -2559 179 5888 -3583 0 5376 -4799 0 5312 -4799 0 5888 -3583 0 5888 -3583 0 5376 -3583 0 5888 1792 768 4352 1792 768 4864 2304 768 4864 2304 768 4352 -1535 768 2048 1280 768 3840 -1535 768 1536 1280 768 3328 1280 768 3840 1792 768 4352 2304 768 4352 1280 768 3328 -3071 768 512 -2815 768 256 -3097 768 -24 -3368 768 246</float_array>
                    <technique_common>
                        <accessor count="38" source="#pointarrayMesh1_1" stride="3">
                            <param name="X" type="float"/>
                            <param name="Y" type="float"/>
                            <param name="Z" type="float"/>
                        </accessor>
                    </technique_common>
                </source>
                <source id="uvsMesh1_1">
                    <float_array id="uvarrayMesh1_1" count="76">0.966796875 -0.44921875 -0.025390625 2.525390625 -0.025390625 0.044921875 0.966796875 2.029296875 0.966796875 -0.962890625 0.966796875 1 0 0.033203125 0.99609375 -0.22265625 0.99609375 0.783203125 -0.01171875 -0.22265625 0 2.2265625 0 1 0.966796875 1 0.966796875 2.2265625 0 -0.96875 0.966796875 -0.96875 0.05859375 1 -0.052734375 -1.12109375 0.966796875 -1.12109375 0.966796875 1 0 -2.984375 0.966796875 -2.984375 0.966796875 0.033203125 0.966796875 1 0 1 0 0.033203125 1.005859375 -0.28515625 1.005859375 8.708984375 0 -0.9765625 0 8.017578125 0.9765625 0.00390625 0.9765625 2.01953125 0 3.02734375 0 -1.00390625 0 0.033203125 0.966796875 0.033203125 0.966796875 1 -0.08984375 1.033203125</float_array>
                    <technique_common>
                        <accessor count="38" source="#uvarrayMesh1_1" stride="2">
                            <param name="S" type="float"/>
                            <param name="T" type="float"/>
                        </accessor>
                    </technique_common>
                </source>
                <vertices id="verticesMesh1_1">
                    <input semantic="POSITION" source="#pointsMesh1_1"/>
                </vertices>
                <polylist count="20" material="Material1">
                    <input offset="0" semantic="VERTEX" source="#verticesMesh1_1"/>
                    <input offset="1" semantic="TEXCOORD" source="#uvsMesh1_1" set="0"/>
                    <vcount>3 3 3 3 3 3 3 3 3 3 3 3 3 3 3 3 3 3 3 3</vcount>
                    <p>0 0 1 1 2 2 0 0 3 3 1 1 4 4 5 5 6 6 7 7 8 8 9 9 10 10 11 11 12 12 13 13 10 10 12 12 11 11 14 14 12 12 14 14 15 15 12 12 16 16 17 17 18 18 16 16 18 18 19 19 14 14 20 20 21 21 14 14 21 21 15 15 22 22 23 23 24 24 22 22 24 24 25 25 26 26 27 27 28 28 27 27 29 29 28 28 30 30 31 31 32 32 30 30 32 32 33 33 34 34 35 35 36 36 34 34 36 36 37 37</p>
                </polylist>
            </mesh>
        </geometry>
        <geometry id="meshMesh1_2">
            <mesh>
                <source id="pointsMesh1_2">
                    <float_array id="pointarrayMesh1_2" count="114">768 768 5888 1792 768 4864 768 768 5376 1792 768 5376 1792 768 5376 2304 768 4864 1792 768 4864 -1791 768 1792 -1535 768 2048 -1535 768 1536 -921 256 5375 -1535 256 5376 -1535 256 5888 -921 256 5888 -2559 179 5376 -2559 179 5888 -3583 0 5376 -4799 0 5312 -4799 0 5888 -3583 0 5888 -3583 0 5376 -3583 0 5888 1792 768 4352 1792 768 4864 2304 768 4864 2304 768 4352 -1535 768 2048 1280 768 3840 -1535 768 1536 1280 768 3328 1280 768 3840 1792 768 4352 2304 768 4352 1280 768 3328 -3071 768 512 -2815 768 256 -3097 768 -24 -3368 768 246</float_array>
                    <technique_common>
                        <accessor count="38" source="#pointarrayMesh1_2" stride="3">
                            <param name="X" type="float"/>
                            <param name="Y" type="float"/>
                            <param name="Z" type="float"/>
                        </accessor>
                    </technique_common>
                </source>
                <source id="uvsMesh1_2">
                    <float_array id="uvarrayMesh1_2" count="76">0.966796875 -0.44921875 -0.025390625 2.525390625 -0.025390625 0.044921875 0.966796875 2.029296875 0.966796875 -0.962890625 0.966796875 1 0 0.033203125 0.99609375 -0.22265625 0.99609375 0.783203125 -0.01171875 -0.22265625 0 2.2265625 0 1 0.966796875 1 0.966796875 2.2265625 0 -0.96875 0.966796875 -0.96875 0.05859375 1 -0.052734375 -1.12109375 0.966796875 -1.12109375 0.966796875 1 0 -2.984375 0.966796875 -2.984375 0.966796875 0.033203125 0.966796875 1 0 1 0 0.033203125 1.005859375 -0.28515625 1.005859375 8.708984375 0 -0.9765625 0 8.017578125 0.9765625 0.00390625 0.9765625 2.01953125 0 3.02734375 0 -1.00390625 0 0.033203125 0.966796875 0.033203125 0.966796875 1 -0.08984375 1.033203125</float_array>
                    <technique_common>
                        <accessor count="38" source="#uvarrayMesh1_2" stride="2">
                            <param name="S" type="float"/>
                            <param name="T" type="float"/>
                        </accessor>
                    </technique_common>
                </source>
                <vertices id="verticesMesh1_2">
                    <input semantic="POSITION" source="#pointsMesh1_2"/>
                </vertices>
                <polylist count="20" material="Material1">
                    <input offset="0" semantic="VERTEX" source="#verticesMesh1_2"/>
                    <input offset="1" semantic="TEXCOORD" source="#uvsMesh1_2" set="0"/>
                    <vcount>3 3 3 3 3 3 3 3 3 3 3 3 3 3 3 3 3 3 3 3</vcount>
                    <p>0 0 1 1 2 2 0 0 3 3 1 1 4 4 5 5 6 6 7 7 8 8 9 9 10 10 11 11 12 12 13 13 10 10 12 12 11 11 14 14 12 12 14 14 15 15 12 12 16 16 17 17 18 18 16 16 18 18 19 19 14 14 20 20 21 21 14 14 21 21 15 15 22 22 23 23 24 24 22 22 24 24 25 25 26 26 27 27 28 28 27 27 29 29 28 28 30 30 31 31 32 32 30 30 32 32 33 33 34 34 35 35 36 36 34 34 36 36 37 37</p>
                </polylist>
            </mesh>
        </geometry>
        <geometry id="meshMesh1_VC2">
            <mesh>
                <source id="pointsMesh1_VC2">
                    <float_array id="pointarrayMesh1_VC2" count="114">768 768 5888 1792 768 4864 768 768 5376 1792 768 5376 1792 768 5376 2304 768 4864 1792 768 4864 -1791 768 1792 -1535 768 2048 -1535 768 1536 -921 256 5375 -1535 256 5376 -1535 256 5888 -921 256 5888 -2559 179 5376 -2559 179 5888 -3583 0 5376 -4799 0 5312 -4799 0 5888 -3583 0 5888 -3583 0 5376 -3583 0 5888 1792 768 4352 1792 768 4864 2304 768 4864 2304 768 4352 -1535 768 2048 1280 768 3840 -1535 768 1536 1280 768 3328 1280 768 3840 1792 768 4352 2304 768 4352 1280 768 3328 -3071 768 512 -2815 768 256 -3097 768 -24 -3368 768 246</float_array>
                    <technique_common>
                        <accessor count="38" source="#pointarrayMesh1_VC2" stride="3">
                            <param name="X" type="float"/>
                            <param name="Y" type="float"/>
                            <param name="Z" type="float"/>
                        </accessor>
                    </technique_common>
                </source>
                <source id="uvsMesh1_VC2">
                    <float_array id="uvarrayMesh1_VC2" count="120">0.03125 0.75 0.03125 0.75 0.03125 0.75 0.03125 0.75 0.03125 0.75 0.03125 0.75 0.03125 0.75 0.03125 0.75 0.03125 0.75 0.03125 0.75 0.03125 0.75 0.03125 0.75 0.03125 0.75 0.03125 0.75 0.03125 0.75 0.03125 0.75 0.03125 0.75 0.03125 0.75 0.03125 0.75 0.03125 0.75 0.03125 0.75 0.03125 0.75 0.03125 0.75 0.03125 0.75 0.03125 0.75 0.03125 0.75 0.03125 0.75 0.03125 0.75 0.03125 0.75 0.03125 0.75 0.03125 0.75 0.03125 0.75 0.03125 0.75 0.03125 0.75 0.03125 0.75 0.03125 0.75 0.03125 0.75 0.03125 0.75 0.03125 0.75 0.03125 0.75 0.03125 0.75 0.03125 0.75 0.03125 0.75 0.03125 0.75 0.03125 0.75 0.03125 0.75 0.03125 0.75 0.03125 0.75 0.03125 0.75 0.03125 0.75 0.03125 0.75 0.03125 0.75 0.03125 0.75 0.03125 0.75 0.03125 0.75 0.03125 0.75 0.03125 0.75 0.03125 0.75 0.03125 0.75 0.03125 0.75</float_array>
                    <technique_common>
                        <accessor count="60" source="#uvarrayMesh1_VC2" stride="2">
                            <param name="S" type="float"/>
                            <param name="T" type="float"/>
                        </accessor>
                    </technique_common>
                </source>
                <vertices id="verticesMesh1_VC2">
                    <input semantic="POSITION" source="#pointsMesh1_VC2"/>
                </vertices>
                <polylist count="20" material="Material1">
                    <input offset="0" semantic="VERTEX" source="#verticesMesh1_VC2"/>
                    <input offset="1" semantic="TEXCOORD" source="#uvsMesh1_VC2" set="0"/>
                    <vcount>3 3 3 3 3 3 3 3 3 3 3 3 3 3 3 3 3 3 3 3</vcount>
                    <p>0 0 1 1 2 2 0 3 3 4 1 5 4 6 5 7 6 8 7 9 8 10 9 11 10 12 11 13 12 14 13 15 10 16 12 17 11 18 14 19 12 20 14 21 15 22 12 23 16 24 17 25 18 26 16 27 18 28 19 29 14 30 20 31 21 32 14 33 21 34 15 35 22 36 23 37 24 38 22 39 24 40 25 41 26 42 27 43 28 44 27 45 29 46 28 47 30 48 31 49 32 50 30 51 32 52 33 53 34 54 35 55 36 56 34 57 36 58 37 59</p>
                </polylist>
            </mesh>
        </geometry>
        <geometry id="meshMesh2_1">
            <mesh>
                <source id="pointsMesh2_1">
                    <float_array id="pointarrayMesh2_1" count="96">768 717 5376 768 717 5888 -921 205 5888 -921 205 5376 -921 256 5375 768 768 5376 -921 256 5888 768 768 5888 3319 2944 -1866 3319 2970 -1866 3279 2970 -1718 3279 2944 -1718 3279 2944 -1718 3279 2970 -1718 2407 2943 -1925 2407 2917 -1925 2407 2943 -1925 2447 2943 -2073 2447 2917 -2073 3319 2970 -1866 2447 2943 -2073 2407 2943 -1925 3279 2970 -1718 2447 2917 -2073 3319 2970 -1866 3319 2944 -1866 2447 2943 -2073 3279 2944 -1718 2447 2917 -2073 3319 2944 -1866 2407 2917 -1925 2407 2917 -1925</float_array>
                    <technique_common>
                        <accessor count="32" source="#pointarrayMesh2_1" stride="3">
                            <param name="X" type="float"/>
                            <param name="Y" type="float"/>
                            <param name="Z" type="float"/>
                        </accessor>
                    </technique_common>
                </source>
                <source id="uvsMesh2_1">
                    <float_array id="uvarrayMesh2_1" count="64">5.8984375 1 5.900390625 0.017578125 -0.98046875 0.017578125 -0.982421875 1.013671875 -0.923828125 1 5.95703125 1 -0.923828125 0.017578125 5.95703125 0.017578125 0 0.017578125 0 -0.46875 0.947265625 -0.46875 0.947265625 0.017578125 0.22265625 1.01953125 0.46875 1.01953125 0.212890625 0.013671875 1.109375 0.52734375 1.109375 0.037109375 0.130859375 0.037109375 0.130859375 0.52734375 0 1 0 0.009765625 0.947265625 0.00390625 0.947265625 1.009765625 0 0.017578125 0.46875 1.025390625 0.22265625 1.025390625 0.212890625 0.017578125 0.947265625 1.009765625 0 0.0078125 0 1 0 0.013671875 0.947265625 0.00390625</float_array>
                    <technique_common>
                        <accessor count="32" source="#uvarrayMesh2_1" stride="2">
                            <param name="S" type="float"/>
                            <param name="T" type="float"/>
                        </accessor>
                    </technique_common>
                </source>
                <vertices id="verticesMesh2_1">
                    <input semantic="POSITION" source="#pointsMesh2_1"/>
                </vertices>
                <polylist count="20" material="Material1">
                    <input offset="0" semantic="VERTEX" source="#verticesMesh2_1"/>
                    <input offset="1" semantic="TEXCOORD" source="#uvsMesh2_1" set="0"/>
                    <vcount>3 3 3 3 3 3 3 3 3 3 3 3 3 3 3 3 3 3 3 3</vcount>
                    <p>0 0 1 1 2 2 3 3 0 0 2 2 0 0 3 3 4 4 0 0 4 4 5 5 6 6 5 5 4 4 6 6 7 7 5 5 2 2 1 1 7 7 2 2 7 7 6 6 8 8 9 9 10 10 8 8 10 10 11 11 12 12 13 13 14 14 15 15 16 16 17 17 15 15 17 17 18 18 19 19 20 20 21 21 19 19 21 21 22 22 23 23 24 24 25 25 23 23 26 26 24 24 27 27 28 28 29 29 12 12 14 14 30 30 27 27 31 31 28 28</p>
                </polylist>
            </mesh>
        </geometry>
        <geometry id="meshMesh2_2">
            <mesh>
                <source id="pointsMesh2_2">
                    <float_array id="pointarrayMesh2_2" count="96">768 717 5376 768 717 5888 -921 205 5888 -921 205 5376 -921 256 5375 768 768 5376 -921 256 5888 768 768 5888 3319 2944 -1866 3319 2970 -1866 3279 2970 -1718 3279 2944 -1718 3279 2944 -1718 3279 2970 -1718 2407 2943 -1925 2407 2917 -1925 2407 2943 -1925 2447 2943 -2073 2447 2917 -2073 3319 2970 -1866 2447 2943 -2073 2407 2943 -1925 3279 2970 -1718 2447 2917 -2073 3319 2970 -1866 3319 2944 -1866 2447 2943 -2073 3279 2944 -1718 2447 2917 -2073 3319 2944 -1866 2407 2917 -1925 2407 2917 -1925</float_array>
                    <technique_common>
                        <accessor count="32" source="#pointarrayMesh2_2" stride="3">
                            <param name="X" type="float"/>
                            <param name="Y" type="float"/>
                            <param name="Z" type="float"/>
                        </accessor>
                    </technique_common>
                </source>
                <source id="uvsMesh2_2">
                    <float_array id="uvarrayMesh2_2" count="64">5.8984375 1 5.900390625 0.017578125 -0.98046875 0.017578125 -0.982421875 1.013671875 -0.923828125 1 5.95703125 1 -0.923828125 0.017578125 5.95703125 0.017578125 0 0.017578125 0 -0.46875 0.947265625 -0.46875 0.947265625 0.017578125 0.22265625 1.01953125 0.46875 1.01953125 0.212890625 0.013671875 1.109375 0.52734375 1.109375 0.037109375 0.130859375 0.037109375 0.130859375 0.52734375 0 1 0 0.009765625 0.947265625 0.00390625 0.947265625 1.009765625 0 0.017578125 0.46875 1.025390625 0.22265625 1.025390625 0.212890625 0.017578125 0.947265625 1.009765625 0 0.0078125 0 1 0 0.013671875 0.947265625 0.00390625</float_array>
                    <technique_common>
                        <accessor count="32" source="#uvarrayMesh2_2" stride="2">
                            <param name="S" type="float"/>
                            <param name="T" type="float"/>
                        </accessor>
                    </technique_common>
                </source>
                <vertices id="verticesMesh2_2">
                    <input semantic="POSITION" source="#pointsMesh2_2"/>
                </vertices>
                <polylist count="20" material="Material1">
                    <input offset="0" semantic="VERTEX" source="#verticesMesh2_2"/>
                    <input offset="1" semantic="TEXCOORD" source="#uvsMesh2_2" set="0"/>
                    <vcount>3 3 3 3 3 3 3 3 3 3 3 3 3 3 3 3 3 3 3 3</vcount>
                    <p>0 0 1 1 2 2 3 3 0 0 2 2 0 0 3 3 4 4 0 0 4 4 5 5 6 6 5 5 4 4 6 6 7 7 5 5 2 2 1 1 7 7 2 2 7 7 6 6 8 8 9 9 10 10 8 8 10 10 11 11 12 12 13 13 14 14 15 15 16 16 17 17 15 15 17 17 18 18 19 19 20 20 21 21 19 19 21 21 22 22 23 23 24 24 25 25 23 23 26 26 24 24 27 27 28 28 29 29 12 12 14 14 30 30 27 27 31 31 28 28</p>
                </polylist>
            </mesh>
        </geometry>
        <geometry id="meshMesh2_VC2">
            <mesh>
                <source id="pointsMesh2_VC2">
                    <float_array id="pointarrayMesh2_VC2" count="96">768 717 5376 768 717 5888 -921 205 5888 -921 205 5376 -921 256 5375 768 768 5376 -921 256 5888 768 768 5888 3319 2944 -1866 3319 2970 -1866 3279 2970 -1718 3279 2944 -1718 3279 2944 -1718 3279 2970 -1718 2407 2943 -1925 2407 2917 -1925 2407 2943 -1925 2447 2943 -2073 2447 2917 -2073 3319 2970 -1866 2447 2943 -2073 2407 2943 -1925 3279 2970 -1718 2447 2917 -2073 3319 2970 -1866 3319 2944 -1866 2447 2943 -2073 3279 2944 -1718 2447 2917 -2073 3319 2944 -1866 2407 2917 -1925 2407 2917 -1925</float_array>
                    <technique_common>
                        <accessor count="32" source="#pointarrayMesh2_VC2" stride="3">
                            <param name="X" type="float"/>
                            <param name="Y" type="float"/>
                            <param name="Z" type="float"/>
                        </accessor>
                    </technique_common>
                </source>
                <source id="uvsMesh2_VC2">
                    <float_array id="uvarrayMesh2_VC2" count="120">0.03125 0.75 0.03125 0.75 0.03125 0.75 0.03125 0.75 0.03125 0.75 0.03125 0.75 0.03125 0.75 0.03125 0.75 0.03125 0.75 0.03125 0.75 0.03125 0.75 0.03125 0.75 0.03125 0.75 0.03125 0.75 0.03125 0.75 0.03125 0.75 0.03125 0.75 0.03125 0.75 0.03125 0.75 0.03125 0.75 0.03125 0.75 0.03125 0.75 0.03125 0.75 0.03125 0.75 0.03125 0.75 0.03125 0.75 0.03125 0.75 0.03125 0.75 0.03125 0.75 0.03125 0.75 0.03125 0.75 0.03125 0.75 0.03125 0.75 0.03125 0.75 0.03125 0.75 0.03125 0.75 0.03125 0.75 0.03125 0.75 0.03125 0.75 0.03125 0.75 0.03125 0.75 0.03125 0.75 0.03125 0.75 0.03125 0.75 0.03125 0.75 0.03125 0.75 0.03125 0.75 0.03125 0.75 0.03125 0.75 0.03125 0.75 0.03125 0.75 0.03125 0.75 0.03125 0.75 0.03125 0.75 0.03125 0.75 0.03125 0.75 0.03125 0.75 0.03125 0.75 0.03125 0.75 0.03125 0.75</float_array>
                    <technique_common>
                        <accessor count="60" source="#uvarrayMesh2_VC2" stride="2">
                            <param name="S" type="float"/>
                            <param name="T" type="float"/>
                        </accessor>
                    </technique_common>
                </source>
                <vertices id="verticesMesh2_VC2">
                    <input semantic="POSITION" source="#pointsMesh2_VC2"/>
                </vertices>
                <polylist count="20" material="Material1">
                    <input offset="0" semantic="VERTEX" source="#verticesMesh2_VC2"/>
                    <input offset="1" semantic="TEXCOORD" source="#uvsMesh2_VC2" set="0"/>
                    <vcount>3 3 3 3 3 3 3 3 3 3 3 3 3 3 3 3 3 3 3 3</vcount>
                    <p>0 0 1 1 2 2 3 3 0 4 2 5 0 6 3 7 4 8 0 9 4 10 5 11 6 12 5 13 4 14 6 15 7 16 5 17 2 18 1 19 7 20 2 21 7 22 6 23 8 24 9 25 10 26 8 27 10 28 11 29 12 30 13 31 14 32 15 33 16 34 17 35 15 36 17 37 18 38 19 39 20 40 21 41 19 42 21 43 22 44 23 45 24 46 25 47 23 48 26 49 24 50 27 51 28 52 29 53 12 54 14 55 30 56 27 57 31 58 28 59</p>
                </polylist>
            </mesh>
        </geometry>
        <geometry id="meshMesh3_1">
            <mesh>
                <source id="pointsMesh3_1">
                    <float_array id="pointarrayMesh3_1" count="60">-6591 0 5888 -6245 128 5816 -6245 128 5384 -5842 128 6248 -5797 128 5702 -5593 128 5702 -5548 128 6248 -5375 0 6464 -6015 0 6464 -5797 128 5498 -5593 128 5498 -5145 128 5816 -4799 0 5888 -5145 128 5384 -4799 0 5312 -6591 0 5312 -5842 128 4952 -5548 128 4952 -6015 0 4736 -5375 0 4736</float_array>
                    <technique_common>
                        <accessor count="20" source="#pointarrayMesh3_1" stride="3">
                            <param name="X" type="float"/>
                            <param name="Y" type="float"/>
                            <param name="Z" type="float"/>
                        </accessor>
                    </technique_common>
                </source>
                <source id="uvsMesh3_1">
                    <float_array id="uvarrayMesh3_1" count="40">-2.94921875 -2.615234375 -1.6015625 -2.3359375 -1.6015625 -0.650390625 0 -4.01953125 0.142578125 -1.892578125 0.94140625 -1.892578125 1.1171875 -4.01953125 1.791015625 -4.861328125 -0.703125 -4.861328125 0.142578125 -1.09375 0.94140625 -1.09375 2.6875 -2.3359375 4.03515625 -2.615234375 2.6875 -0.650390625 4.03515625 -0.37109375 -2.94921875 -0.37109375 0 1 1.1171875 1 -0.703125 1.873046875 1.791015625 1.873046875</float_array>
                    <technique_common>
                        <accessor count="20" source="#uvarrayMesh3_1" stride="2">
                            <param name="S" type="float"/>
                            <param name="T" type="float"/>
                        </accessor>
                    </technique_common>
                </source>
                <vertices id="verticesMesh3_1">
                    <input semantic="POSITION" source="#pointsMesh3_1"/>
                </vertices>
                <polylist count="28" material="Material1">
                    <input offset="0" semantic="VERTEX" source="#verticesMesh3_1"/>
                    <input offset="1" semantic="TEXCOORD" source="#uvsMesh3_1" set="0"/>
                    <vcount>3 3 3 3 3 3 3 3 3 3 3 3 3 3 3 3 3 3 3 3 3 3 3 3 3 3 3 3</vcount>
                    <p>0 0 1 1 2 2 1 1 3 3 4 4 2 2 1 1 4 4 3 3 1 1 0 0 3 3 5 5 4 4 3 3 6 6 5 5 7 7 3 3 8 8 7 7 6 6 3 3 8 8 3 3 0 0 2 2 4 4 9 9 10 10 5 5 11 11 6 6 11 11 5 5 12 12 6 6 7 7 12 12 11 11 6 6 10 10 11 11 13 13 14 14 11 11 12 12 14 14 13 13 11 11 0 0 2 2 15 15 2 2 9 9 16 16 15 15 2 2 16 16 16 16 9 9 10 10 16 16 10 10 17 17 15 15 16 16 18 18 18 18 16 16 17 17 10 10 13 13 17 17 17 17 13 13 14 14 18 18 17 17 19 19 19 19 17 17 14 14</p>
                </polylist>
            </mesh>
        </geometry>
        <geometry id="meshMesh3_2">
            <mesh>
                <source id="pointsMesh3_2">
                    <float_array id="pointarrayMesh3_2" count="60">-6591 0 5888 -6245 128 5816 -6245 128 5384 -5842 128 6248 -5797 128 5702 -5593 128 5702 -5548 128 6248 -5375 0 6464 -6015 0 6464 -5797 128 5498 -5593 128 5498 -5145 128 5816 -4799 0 5888 -5145 128 5384 -4799 0 5312 -6591 0 5312 -5842 128 4952 -5548 128 4952 -6015 0 4736 -5375 0 4736</float_array>
                    <technique_common>
                        <accessor count="20" source="#pointarrayMesh3_2" stride="3">
                            <param name="X" type="float"/>
                            <param name="Y" type="float"/>
                            <param name="Z" type="float"/>
                        </accessor>
                    </technique_common>
                </source>
                <source id="uvsMesh3_2">
                    <float_array id="uvarrayMesh3_2" count="40">-2.94921875 -2.615234375 -1.6015625 -2.3359375 -1.6015625 -0.650390625 0 -4.01953125 0.142578125 -1.892578125 0.94140625 -1.892578125 1.1171875 -4.01953125 1.791015625 -4.861328125 -0.703125 -4.861328125 0.142578125 -1.09375 0.94140625 -1.09375 2.6875 -2.3359375 4.03515625 -2.615234375 2.6875 -0.650390625 4.03515625 -0.37109375 -2.94921875 -0.37109375 0 1 1.1171875 1 -0.703125 1.873046875 1.791015625 1.873046875</float_array>
                    <technique_common>
                        <accessor count="20" source="#uvarrayMesh3_2" stride="2">
                            <param name="S" type="float"/>
                            <param name="T" type="float"/>
                        </accessor>
                    </technique_common>
                </source>
                <vertices id="verticesMesh3_2">
                    <input semantic="POSITION" source="#pointsMesh3_2"/>
                </vertices>
                <polylist count="28" material="Material1">
                    <input offset="0" semantic="VERTEX" source="#verticesMesh3_2"/>
                    <input offset="1" semantic="TEXCOORD" source="#uvsMesh3_2" set="0"/>
                    <vcount>3 3 3 3 3 3 3 3 3 3 3 3 3 3 3 3 3 3 3 3 3 3 3 3 3 3 3 3</vcount>
                    <p>0 0 1 1 2 2 1 1 3 3 4 4 2 2 1 1 4 4 3 3 1 1 0 0 3 3 5 5 4 4 3 3 6 6 5 5 7 7 3 3 8 8 7 7 6 6 3 3 8 8 3 3 0 0 2 2 4 4 9 9 10 10 5 5 11 11 6 6 11 11 5 5 12 12 6 6 7 7 12 12 11 11 6 6 10 10 11 11 13 13 14 14 11 11 12 12 14 14 13 13 11 11 0 0 2 2 15 15 2 2 9 9 16 16 15 15 2 2 16 16 16 16 9 9 10 10 16 16 10 10 17 17 15 15 16 16 18 18 18 18 16 16 17 17 10 10 13 13 17 17 17 17 13 13 14 14 18 18 17 17 19 19 19 19 17 17 14 14</p>
                </polylist>
            </mesh>
        </geometry>
        <geometry id="meshMesh3_VC2">
            <mesh>
                <source id="pointsMesh3_VC2">
                    <float_array id="pointarrayMesh3_VC2" count="60">-6591 0 5888 -6245 128 5816 -6245 128 5384 -5842 128 6248 -5797 128 5702 -5593 128 5702 -5548 128 6248 -5375 0 6464 -6015 0 6464 -5797 128 5498 -5593 128 5498 -5145 128 5816 -4799 0 5888 -5145 128 5384 -4799 0 5312 -6591 0 5312 -5842 128 4952 -5548 128 4952 -6015 0 4736 -5375 0 4736</float_array>
                    <technique_common>
                        <accessor count="20" source="#pointarrayMesh3_VC2" stride="3">
                            <param name="X" type="float"/>
                            <param name="Y" type="float"/>
                            <param name="Z" type="float"/>
                        </accessor>
                    </technique_common>
                </source>
                <source id="uvsMesh3_VC2">
                    <float_array id="uvarrayMesh3_VC2" count="168">0.03125 0.75 0.03125 0.75 0.03125 0.75 0.03125 0.75 0.03125 0.75 0.03125 0.75 0.03125 0.75 0.03125 0.75 0.03125 0.75 0.03125 0.75 0.03125 0.75 0.03125 0.75 0.03125 0.75 0.03125 0.75 0.03125 0.75 0.03125 0.75 0.03125 0.75 0.03125 0.75 0.03125 0.75 0.03125 0.75 0.03125 0.75 0.03125 0.75 0.03125 0.75 0.03125 0.75 0.03125 0.75 0.03125 0.75 0.03125 0.75 0.03125 0.75 0.03125 0.75 0.03125 0.75 0.03125 0.75 0.03125 0.75 0.03125 0.75 0.03125 0.75 0.03125 0.75 0.03125 0.75 0.03125 0.75 0.03125 0.75 0.03125 0.75 0.03125 0.75 0.03125 0.75 0.03125 0.75 0.03125 0.75 0.03125 0.75 0.03125 0.75 0.03125 0.75 0.03125 0.75 0.03125 0.75 0.03125 0.75 0.03125 0.75 0.03125 0.75 0.03125 0.75 0.03125 0.75 0.03125 0.75 0.03125 0.75 0.03125 0.75 0.03125 0.75 0.03125 0.75 0.03125 0.75 0.03125 0.75 0.03125 0.75 0.03125 0.75 0.03125 0.75 0.03125 0.75 0.03125 0.75 0.03125 0.75 0.03125 0.75 0.03125 0.75 0.03125 0.75 0.03125 0.75 0.03125 0.75 0.03125 0.75 0.03125 0.75 0.03125 0.75 0.03125 0.75 0.03125 0.75 0.03125 0.75 0.03125 0.75 0.03125 0.75 0.03125 0.75 0.03125 0.75 0.03125 0.75 0.03125 0.75 0.03125 0.75</float_array>
                    <technique_common>
                        <accessor count="84" source="#uvarrayMesh3_VC2" stride="2">
                            <param name="S" type="float"/>
                            <param name="T" type="float"/>
                        </accessor>
                    </technique_common>
                </source>
                <vertices id="verticesMesh3_VC2">
                    <input semantic="POSITION" source="#pointsMesh3_VC2"/>
                </vertices>
                <polylist count="28" material="Material1">
                    <input offset="0" semantic="VERTEX" source="#verticesMesh3_VC2"/>
                    <input offset="1" semantic="TEXCOORD" source="#uvsMesh3_VC2" set="0"/>
                    <vcount>3 3 3 3 3 3 3 3 3 3 3 3 3 3 3 3 3 3 3 3 3 3 3 3 3 3 3 3</vcount>
                    <p>0 0 1 1 2 2 1 3 3 4 4 5 2 6 1 7 4 8 3 9 1 10 0 11 3 12 5 13 4 14 3 15 6 16 5 17 7 18 3 19 8 20 7 21 6 22 3 23 8 24 3 25 0 26 2 27 4 28 9 29 10 30 5 31 11 32 6 33 11 34 5 35 12 36 6 37 7 38 12 39 11 40 6 41 10 42 11 43 13 44 14 45 11 46 12 47 14 48 13 49 11 50 0 51 2 52 15 53 2 54 9 55 16 56 15 57 2 58 16 59 16 60 9 61 10 62 16 63 10 64 17 65 15 66 16 67 18 68 18 69 16 70 17 71 10 72 13 73 17 74 17 75 13 76 14 77 18 78 17 79 19 80 19 81 17 82 14 83</p>
                </polylist>
            </mesh>
        </geometry>
        <geometry id="meshMesh4_1">
            <mesh>
                <source id="pointsMesh4_1">
                    <float_array id="pointarrayMesh4_1" count="672">-3151 1741 -6526 -2459 1741 -5155 -2413 1741 -5178 -3105 1690 -6549 -2459 1690 -5155 -3151 1690 -6526 -2413 1690 -5178 -2459 1690 -5155 -2459 1741 -5155 -3151 1741 -6526 -3151 1690 -6526 -3105 1741 -6549 -2413 1741 -5178 -3151 1075 -6526 -2458 1075 -5155 -2413 1075 -5178 -3105 1741 -6549 -2458 1024 -5155 -3151 1075 -6526 -3151 1024 -6526 -2458 1075 -5155 -3105 1024 -6549 -3105 1075 -6549 -2413 1075 -5178 -2413 1024 -5178 -3105 1075 -6549 -1016 1690 -2299 -1016 1741 -2299 -2285 1741 -4812 -3151 1024 -6526 -3151 1075 -6526 -3105 1075 -6549 -3105 1024 -6549 -2413 1024 -5178 -2413 1075 -5178 -2458 1075 -5155 -2458 1024 -5155 -2240 1690 -4835 -970 1690 -2322 -1016 1690 -2299 -2285 1690 -4812 -1016 1024 -2299 -2285 1075 -4812 -2285 1024 -4812 -2285 1690 -4812 -2285 1741 -4812 -970 1741 -2322 -2240 1741 -4835 -1016 1741 -2299 -2240 1690 -4835 -2240 1741 -4835 -970 1741 -2322 -970 1690 -2322 -1016 1075 -2299 -970 1024 -2322 -1016 1075 -2299 -1016 1024 -2299 -2285 1024 -4812 -2285 1075 -4812 -2240 1075 -4835 -2240 1024 -4835 -2240 1024 -4835 -970 1075 -2322 -970 1024 -2322 -2240 1075 -4835 -2285 1075 -4812 -970 1075 -2322 -2240 1075 -4835 -1016 1075 -2299 -2285 1741 -4812 -2458 1690 -5155 -2285 1690 -4812 -970 1075 -2322 -970 1690 -2322 -970 1741 -2322 -1016 1741 -2299 -1016 1690 -2299 -3151 1690 -6526 -3105 1741 -6549 -3105 1690 -6549 -3151 1741 -6526 -2458 1741 -5155 -5797 128 5702 -5797 -383 5498 -5797 128 5498 -2240 1741 -4835 -2413 1741 -5178 -2458 1741 -5155 -2285 1741 -4812 -2240 1690 -4835 -2413 1690 -5178 -2413 1741 -5178 -2240 1741 -4835 -2285 1690 -4812 -2458 1690 -5155 -2413 1690 -5178 -2240 1690 -4835 -5593 128 5702 -5797 -383 5702 -5797 128 5702 -5797 -383 5702 -5797 128 5498 -5593 -383 5498 -5593 128 5498 -5797 -383 5498 -5593 128 5498 -5593 -383 5702 -5593 128 5702 -5593 -383 5498 -5593 -383 5702 -5119 1331 -3429 -5119 819 -3634 -5119 1331 -3634 -5797 -383 5702 -5593 -383 5702 -5593 -383 5498 -5797 -383 5498 -4914 819 -3634 -5119 819 -3634 -5119 819 -3429 -4914 819 -3429 -5119 1331 -3634 -4914 819 -3634 -4914 1331 -3634 -5119 819 -3634 -5119 819 -3429 -4914 1331 -3429 -4914 819 -3429 -5119 819 -3429 -5119 1331 -3429 -4914 1331 -3634 -4914 819 -3429 -4914 1331 -3429 -4914 819 -3634 -2175 358 1024 -2303 358 896 -2303 717 1024 -2303 0 896 -2175 358 1024 -2175 0 1024 -2431 0 1024 -2431 358 1024 -2303 358 896 -2303 0 896 -2303 0 1152 -2431 358 1024 -2431 0 1024 -2303 358 1152 -2175 0 1024 -2303 358 1152 -2303 0 1152 -2175 358 1024 1434 0 4352 1434 0 4864 1792 0 4352 -2303 358 896 -2431 358 1024 -2303 358 1152 -2303 717 1024 -2303 358 896 -2431 358 1024 -2303 358 1152 -2175 358 1024 6246 2080 -6962 6246 1568 -7167 6246 2080 -7167 1792 0 4864 6246 2080 -7167 6246 1568 -7167 6451 1568 -7167 6451 2080 -7167 6246 1568 -7167 6246 1568 -6962 6451 1568 -6962 6451 1568 -7167 6246 1568 -6962 4147 3072 -2354 4147 2560 -2559 4147 3072 -2559 6451 2080 -6962 6451 1568 -6962 6246 1568 -6962 6246 2080 -6962 6451 2080 -7167 6451 1568 -7167 6451 1568 -6962 6451 2080 -6962 4352 2560 -2559 4147 2560 -2354 4352 2560 -2354 4147 2560 -2559 4147 3072 -2559 4147 2560 -2559 4352 2560 -2559 4147 2560 -2354 4352 3072 -2354 4352 2560 -2354 4147 2560 -2354 4147 3072 -2354 4352 3072 -2559 4352 2560 -2559 4352 2560 -2354 4352 3072 -2354 4352 3072 -2559 4250 3072 1127 4454 2560 1127 4454 3072 1127 4454 2560 1127 4250 2560 1332 4454 2560 1332 4250 2560 1127 4454 3072 1127 4454 2560 1332 4454 3072 1332 4454 2560 1127 4454 3072 1332 4454 2560 1332 4250 2560 1332 4250 3072 1332 4250 3072 1332 4250 2560 1332 4250 2560 1127 4250 2560 1127 4250 3072 1127</float_array>
                    <technique_common>
                        <accessor count="224" source="#pointarrayMesh4_1" stride="3">
                            <param name="X" type="float"/>
                            <param name="Y" type="float"/>
                            <param name="Z" type="float"/>
                        </accessor>
                    </technique_common>
                </source>
                <source id="uvsMesh4_1">
                    <float_array id="uvarrayMesh4_1" count="448">11.9453125 0.431640625 0 0.431640625 0 0.033203125 11.9453125 0.033203125 0 0.431640625 11.9453125 0.431640625 0 0.033203125 0.966796875 -0.36328125 0.966796875 0.033203125 -11.0078125 0.033203125 -11.0078125 -0.36328125 11.9453125 0.431640625 0 0.431640625 11.9453125 0.431640625 0 0.431640625 0 0.033203125 11.9453125 0.033203125 0.966796875 -0.36328125 -11.0078125 0.033203125 -11.0078125 -0.36328125 0.966796875 0.033203125 11.9453125 0.033203125 11.9453125 0.431640625 0 0.431640625 0 0.033203125 11.9453125 0.033203125 21.92578125 -0.36328125 21.92578125 0.033203125 0 0.033203125 0.966796875 -12.939453125 0.966796875 -11.94140625 0 -11.94140625 0 -12.939453125 0.3671875 0.6328125 0.3671875 1 0 1 0 0.6328125 0.966796875 21.990234375 0.966796875 0.033203125 0.568359375 0.033203125 0.568359375 21.990234375 21.92578125 -0.36328125 0 0.033203125 0 -0.36328125 0 -0.36328125 0.568359375 21.990234375 0.966796875 0.033203125 0.966796875 21.990234375 0.568359375 0.033203125 0.966796875 0.033203125 0.966796875 0.431640625 -20.98828125 0.431640625 -20.98828125 0.033203125 21.92578125 0.033203125 0.3671875 0.6328125 0 1 0 0.6328125 0.3671875 0.6328125 0.3671875 1 0 1 0 0.6328125 0.966796875 0.033203125 -20.98828125 0.431640625 -20.98828125 0.033203125 0.966796875 0.431640625 0.568359375 21.990234375 0.966796875 0.033203125 0.966796875 21.990234375 0.568359375 0.033203125 2.962890625 1 0 0.6328125 2.962890625 0.6328125 0.3671875 1 0.3671875 0.6328125 0.3671875 1 0 1 0 0.6328125 0.966796875 0.033203125 0 1 0 0.033203125 0.966796875 1 0 1 0 1 0.966796875 -1.462890625 0.966796875 1 2.962890625 1 0 1 0 0.6328125 2.962890625 0.6328125 0 0.6328125 2.962890625 0.6328125 2.962890625 1 0 1 0 0.033203125 2.962890625 0.033203125 2.962890625 0.431640625 0 0.431640625 0 1 0.966796875 -1.4609375 0.966796875 1 0 -1.462890625 0 1 0.966796875 -1.462890625 0.966796875 1 0 -1.462890625 0 1 0.966796875 -1.4609375 0.966796875 1 0 -1.4609375 0 -1.4609375 0 1 0.966796875 -1.462890625 0.966796875 1 0.966796875 0.033203125 0.966796875 1 0 1 0 0.033203125 0 1 0 0.033203125 0.966796875 0.033203125 0.966796875 1 0 1 0.966796875 -1.462890625 0.966796875 1 0 -1.462890625 0 -1.462890625 0 1 0 -1.4609375 0.966796875 -1.4609375 0.966796875 1 0 1 0.966796875 -1.4609375 0.966796875 1 0 -1.4609375 0 0.033203125 0.94921875 0.033203125 0.458984375 2.03515625 0.966796875 -0.962890625 -0.013671875 0.9765625 -0.013671875 -0.962890625 0.94921875 -0.908203125 0.94921875 1 0 1 0 -0.908203125 0.94921875 -0.908203125 0 1 0 -0.908203125 0.94921875 1 0.966796875 -0.962890625 -0.013671875 0.9765625 -0.013671875 -0.962890625 0.966796875 0.9765625 0 0.033203125 0.966796875 0.033203125 0 1 0.966796875 0.9765625 -0.013671875 0.033203125 0.966796875 0.033203125 0.4765625 2.03515625 0 0.033203125 0.94921875 0.033203125 0 0.033203125 0.94921875 0.033203125 0 1 0.966796875 -1.462890625 0.966796875 1 0.966796875 1 0 1 0 -1.462890625 0.966796875 -1.462890625 0.966796875 1 0 1 0 0.033203125 0.966796875 0.033203125 0.966796875 1 0 -1.462890625 0.966796875 1.26171875 0 -0.962890625 0 1.26171875 0 1 0 -1.462890625 0.966796875 -1.462890625 0.966796875 1 0 1 0 -1.462890625 0.966796875 -1.462890625 0.966796875 1 0.966796875 1 0 0.033203125 0.966796875 0.033203125 0 1 0.966796875 1 0.966796875 -1.193359375 0 -1.193359375 0.966796875 -0.962890625 0 1 0 -1.193359375 0.966796875 -1.193359375 0.966796875 1 0 1.26171875 0 -0.962890625 0.966796875 -0.962890625 0.966796875 1.26171875 0 1 0 1 0.966796875 -1.462890625 0.966796875 1 0 0.033203125 0.966796875 1 0 1 0.966796875 0.033203125 0 1 0.966796875 -1.462890625 0.966796875 1 0 -1.4609375 0 1 0 -1.4609375 0.966796875 -1.462890625 0.966796875 1 0 1 0 -1.4609375 0.966796875 -1.462890625 0 -1.4609375 0.966796875 1</float_array>
                    <technique_common>
                        <accessor count="224" source="#uvarrayMesh4_1" stride="2">
                            <param name="S" type="float"/>
                            <param name="T" type="float"/>
                        </accessor>
                    </technique_common>
                </source>
                <vertices id="verticesMesh4_1">
                    <input semantic="POSITION" source="#pointsMesh4_1"/>
                </vertices>
                <polylist count="112" material="Material1">
                    <input offset="0" semantic="VERTEX" source="#verticesMesh4_1"/>
                    <input offset="1" semantic="TEXCOORD" source="#uvsMesh4_1" set="0"/>
                    <vcount>3 3 3 3 3 3 3 3 3 3 3 3 3 3 3 3 3 3 3 3 3 3 3 3 3 3 3 3 3 3 3 3 3 3 3 3 3 3 3 3 3 3 3 3 3 3 3 3 3 3 3 3 3 3 3 3 3 3 3 3 3 3 3 3 3 3 3 3 3 3 3 3 3 3 3 3 3 3 3 3 3 3 3 3 3 3 3 3 3 3 3 3 3 3 3 3 3 3 3 3 3 3 3 3 3 3 3 3 3 3 3 3</vcount>
                    <p>0 0 1 1 2 2 3 3 4 4 5 5 3 3 6 6 4 4 7 7 8 8 9 9 7 7 9 9 10 10 3 3 11 11 12 12 3 3 12 12 6 6 13 13 14 14 15 15 0 0 2 2 16 16 17 17 18 18 19 19 17 17 20 20 18 18 21 21 22 22 23 23 21 21 23 23 24 24 13 13 15 15 25 25 26 26 27 27 28 28 29 29 30 30 31 31 29 29 31 31 32 32 33 33 34 34 35 35 33 33 35 35 36 36 37 37 38 38 39 39 37 37 39 39 40 40 41 41 42 42 43 43 26 26 28 28 44 44 45 45 46 46 47 47 45 45 48 48 46 46 49 49 50 50 51 51 49 49 51 51 52 52 41 41 53 53 42 42 54 54 55 55 56 56 57 57 58 58 59 59 57 57 59 59 60 60 61 61 62 62 63 63 61 61 64 64 62 62 65 65 66 66 67 67 65 65 68 68 66 66 69 69 70 70 71 71 54 54 72 72 55 55 73 73 74 74 75 75 73 73 75 75 76 76 77 77 78 78 79 79 77 77 80 80 78 78 69 69 81 81 70 70 82 82 83 83 84 84 85 85 86 86 87 87 85 85 87 87 88 88 89 89 90 90 91 91 89 89 91 91 92 92 93 93 94 94 95 95 93 93 95 95 96 96 97 97 98 98 99 99 82 82 100 100 83 83 101 101 102 102 103 103 101 101 104 104 102 102 105 105 106 106 107 107 105 105 108 108 106 106 97 97 109 109 98 98 110 110 111 111 112 112 113 113 114 114 115 115 113 113 115 115 116 116 117 117 118 118 119 119 117 117 119 119 120 120 121 121 122 122 123 123 121 121 124 124 122 122 110 110 125 125 111 111 126 126 127 127 128 128 126 126 128 128 129 129 130 130 131 131 132 132 130 130 133 133 131 131 134 134 135 135 136 136 137 137 138 138 139 139 140 140 141 141 142 142 140 140 142 142 143 143 144 144 145 145 146 146 144 144 147 147 145 145 148 148 149 149 150 150 148 148 151 151 149 149 152 152 153 153 154 154 137 137 155 155 138 138 156 156 157 157 158 158 159 159 160 160 136 136 161 161 162 162 136 136 163 163 164 164 165 165 153 153 166 166 154 154 167 167 168 168 169 169 167 167 169 169 170 170 171 171 172 172 173 173 171 171 173 173 174 174 163 163 175 175 164 164 176 176 177 177 178 178 179 179 180 180 181 181 179 179 181 181 182 182 183 183 184 184 185 185 183 183 185 185 186 186 187 187 188 188 189 189 187 187 190 190 188 188 191 191 192 192 193 193 176 176 194 194 177 177 195 195 196 196 197 197 195 195 197 197 198 198 199 199 200 200 201 201 199 199 201 201 202 202 191 191 193 193 203 203 204 204 205 205 206 206 207 207 208 208 209 209 207 207 210 210 208 208 211 211 212 212 213 213 211 211 214 214 212 212 215 215 216 216 217 217 215 215 217 217 218 218 219 219 220 220 221 221 204 204 222 222 205 205 219 219 221 221 223 223</p>
                </polylist>
            </mesh>
        </geometry>
        <geometry id="meshMesh4_2">
            <mesh>
                <source id="pointsMesh4_2">
                    <float_array id="pointarrayMesh4_2" count="672">-3151 1741 -6526 -2459 1741 -5155 -2413 1741 -5178 -3105 1690 -6549 -2459 1690 -5155 -3151 1690 -6526 -2413 1690 -5178 -2459 1690 -5155 -2459 1741 -5155 -3151 1741 -6526 -3151 1690 -6526 -3105 1741 -6549 -2413 1741 -5178 -3151 1075 -6526 -2458 1075 -5155 -2413 1075 -5178 -3105 1741 -6549 -2458 1024 -5155 -3151 1075 -6526 -3151 1024 -6526 -2458 1075 -5155 -3105 1024 -6549 -3105 1075 -6549 -2413 1075 -5178 -2413 1024 -5178 -3105 1075 -6549 -1016 1690 -2299 -1016 1741 -2299 -2285 1741 -4812 -3151 1024 -6526 -3151 1075 -6526 -3105 1075 -6549 -3105 1024 -6549 -2413 1024 -5178 -2413 1075 -5178 -2458 1075 -5155 -2458 1024 -5155 -2240 1690 -4835 -970 1690 -2322 -1016 1690 -2299 -2285 1690 -4812 -1016 1024 -2299 -2285 1075 -4812 -2285 1024 -4812 -2285 1690 -4812 -2285 1741 -4812 -970 1741 -2322 -2240 1741 -4835 -1016 1741 -2299 -2240 1690 -4835 -2240 1741 -4835 -970 1741 -2322 -970 1690 -2322 -1016 1075 -2299 -970 1024 -2322 -1016 1075 -2299 -1016 1024 -2299 -2285 1024 -4812 -2285 1075 -4812 -2240 1075 -4835 -2240 1024 -4835 -2240 1024 -4835 -970 1075 -2322 -970 1024 -2322 -2240 1075 -4835 -2285 1075 -4812 -970 1075 -2322 -2240 1075 -4835 -1016 1075 -2299 -2285 1741 -4812 -2458 1690 -5155 -2285 1690 -4812 -970 1075 -2322 -970 1690 -2322 -970 1741 -2322 -1016 1741 -2299 -1016 1690 -2299 -3151 1690 -6526 -3105 1741 -6549 -3105 1690 -6549 -3151 1741 -6526 -2458 1741 -5155 -5797 128 5702 -5797 -383 5498 -5797 128 5498 -2240 1741 -4835 -2413 1741 -5178 -2458 1741 -5155 -2285 1741 -4812 -2240 1690 -4835 -2413 1690 -5178 -2413 1741 -5178 -2240 1741 -4835 -2285 1690 -4812 -2458 1690 -5155 -2413 1690 -5178 -2240 1690 -4835 -5593 128 5702 -5797 -383 5702 -5797 128 5702 -5797 -383 5702 -5797 128 5498 -5593 -383 5498 -5593 128 5498 -5797 -383 5498 -5593 128 5498 -5593 -383 5702 -5593 128 5702 -5593 -383 5498 -5593 -383 5702 -5119 1331 -3429 -5119 819 -3634 -5119 1331 -3634 -5797 -383 5702 -5593 -383 5702 -5593 -383 5498 -5797 -383 5498 -4914 819 -3634 -5119 819 -3634 -5119 819 -3429 -4914 819 -3429 -5119 1331 -3634 -4914 819 -3634 -4914 1331 -3634 -5119 819 -3634 -5119 819 -3429 -4914 1331 -3429 -4914 819 -3429 -5119 819 -3429 -5119 1331 -3429 -4914 1331 -3634 -4914 819 -3429 -4914 1331 -3429 -4914 819 -3634 -2175 358 1024 -2303 358 896 -2303 717 1024 -2303 0 896 -2175 358 1024 -2175 0 1024 -2431 0 1024 -2431 358 1024 -2303 358 896 -2303 0 896 -2303 0 1152 -2431 358 1024 -2431 0 1024 -2303 358 1152 -2175 0 1024 -2303 358 1152 -2303 0 1152 -2175 358 1024 1434 0 4352 1434 0 4864 1792 0 4352 -2303 358 896 -2431 358 1024 -2303 358 1152 -2303 717 1024 -2303 358 896 -2431 358 1024 -2303 358 1152 -2175 358 1024 6246 2080 -6962 6246 1568 -7167 6246 2080 -7167 1792 0 4864 6246 2080 -7167 6246 1568 -7167 6451 1568 -7167 6451 2080 -7167 6246 1568 -7167 6246 1568 -6962 6451 1568 -6962 6451 1568 -7167 6246 1568 -6962 4147 3072 -2354 4147 2560 -2559 4147 3072 -2559 6451 2080 -6962 6451 1568 -6962 6246 1568 -6962 6246 2080 -6962 6451 2080 -7167 6451 1568 -7167 6451 1568 -6962 6451 2080 -6962 4352 2560 -2559 4147 2560 -2354 4352 2560 -2354 4147 2560 -2559 4147 3072 -2559 4147 2560 -2559 4352 2560 -2559 4147 2560 -2354 4352 3072 -2354 4352 2560 -2354 4147 2560 -2354 4147 3072 -2354 4352 3072 -2559 4352 2560 -2559 4352 2560 -2354 4352 3072 -2354 4352 3072 -2559 4250 3072 1127 4454 2560 1127 4454 3072 1127 4454 2560 1127 4250 2560 1332 4454 2560 1332 4250 2560 1127 4454 3072 1127 4454 2560 1332 4454 3072 1332 4454 2560 1127 4454 3072 1332 4454 2560 1332 4250 2560 1332 4250 3072 1332 4250 3072 1332 4250 2560 1332 4250 2560 1127 4250 2560 1127 4250 3072 1127</float_array>
                    <technique_common>
                        <accessor count="224" source="#pointarrayMesh4_2" stride="3">
                            <param name="X" type="float"/>
                            <param name="Y" type="float"/>
                            <param name="Z" type="float"/>
                        </accessor>
                    </technique_common>
                </source>
                <source id="uvsMesh4_2">
                    <float_array id="uvarrayMesh4_2" count="448">11.9453125 0.431640625 0 0.431640625 0 0.033203125 11.9453125 0.033203125 0 0.431640625 11.9453125 0.431640625 0 0.033203125 0.966796875 -0.36328125 0.966796875 0.033203125 -11.0078125 0.033203125 -11.0078125 -0.36328125 11.9453125 0.431640625 0 0.431640625 11.9453125 0.431640625 0 0.431640625 0 0.033203125 11.9453125 0.033203125 0.966796875 -0.36328125 -11.0078125 0.033203125 -11.0078125 -0.36328125 0.966796875 0.033203125 11.9453125 0.033203125 11.9453125 0.431640625 0 0.431640625 0 0.033203125 11.9453125 0.033203125 21.92578125 -0.36328125 21.92578125 0.033203125 0 0.033203125 0.966796875 -12.939453125 0.966796875 -11.94140625 0 -11.94140625 0 -12.939453125 0.3671875 0.6328125 0.3671875 1 0 1 0 0.6328125 0.966796875 21.990234375 0.966796875 0.033203125 0.568359375 0.033203125 0.568359375 21.990234375 21.92578125 -0.36328125 0 0.033203125 0 -0.36328125 0 -0.36328125 0.568359375 21.990234375 0.966796875 0.033203125 0.966796875 21.990234375 0.568359375 0.033203125 0.966796875 0.033203125 0.966796875 0.431640625 -20.98828125 0.431640625 -20.98828125 0.033203125 21.92578125 0.033203125 0.3671875 0.6328125 0 1 0 0.6328125 0.3671875 0.6328125 0.3671875 1 0 1 0 0.6328125 0.966796875 0.033203125 -20.98828125 0.431640625 -20.98828125 0.033203125 0.966796875 0.431640625 0.568359375 21.990234375 0.966796875 0.033203125 0.966796875 21.990234375 0.568359375 0.033203125 2.962890625 1 0 0.6328125 2.962890625 0.6328125 0.3671875 1 0.3671875 0.6328125 0.3671875 1 0 1 0 0.6328125 0.966796875 0.033203125 0 1 0 0.033203125 0.966796875 1 0 1 0 1 0.966796875 -1.462890625 0.966796875 1 2.962890625 1 0 1 0 0.6328125 2.962890625 0.6328125 0 0.6328125 2.962890625 0.6328125 2.962890625 1 0 1 0 0.033203125 2.962890625 0.033203125 2.962890625 0.431640625 0 0.431640625 0 1 0.966796875 -1.4609375 0.966796875 1 0 -1.462890625 0 1 0.966796875 -1.462890625 0.966796875 1 0 -1.462890625 0 1 0.966796875 -1.4609375 0.966796875 1 0 -1.4609375 0 -1.4609375 0 1 0.966796875 -1.462890625 0.966796875 1 0.966796875 0.033203125 0.966796875 1 0 1 0 0.033203125 0 1 0 0.033203125 0.966796875 0.033203125 0.966796875 1 0 1 0.966796875 -1.462890625 0.966796875 1 0 -1.462890625 0 -1.462890625 0 1 0 -1.4609375 0.966796875 -1.4609375 0.966796875 1 0 1 0.966796875 -1.4609375 0.966796875 1 0 -1.4609375 0 0.033203125 0.94921875 0.033203125 0.458984375 2.03515625 0.966796875 -0.962890625 -0.013671875 0.9765625 -0.013671875 -0.962890625 0.94921875 -0.908203125 0.94921875 1 0 1 0 -0.908203125 0.94921875 -0.908203125 0 1 0 -0.908203125 0.94921875 1 0.966796875 -0.962890625 -0.013671875 0.9765625 -0.013671875 -0.962890625 0.966796875 0.9765625 0 0.033203125 0.966796875 0.033203125 0 1 0.966796875 0.9765625 -0.013671875 0.033203125 0.966796875 0.033203125 0.4765625 2.03515625 0 0.033203125 0.94921875 0.033203125 0 0.033203125 0.94921875 0.033203125 0 1 0.966796875 -1.462890625 0.966796875 1 0.966796875 1 0 1 0 -1.462890625 0.966796875 -1.462890625 0.966796875 1 0 1 0 0.033203125 0.966796875 0.033203125 0.966796875 1 0 -1.462890625 0.966796875 1.26171875 0 -0.962890625 0 1.26171875 0 1 0 -1.462890625 0.966796875 -1.462890625 0.966796875 1 0 1 0 -1.462890625 0.966796875 -1.462890625 0.966796875 1 0.966796875 1 0 0.033203125 0.966796875 0.033203125 0 1 0.966796875 1 0.966796875 -1.193359375 0 -1.193359375 0.966796875 -0.962890625 0 1 0 -1.193359375 0.966796875 -1.193359375 0.966796875 1 0 1.26171875 0 -0.962890625 0.966796875 -0.962890625 0.966796875 1.26171875 0 1 0 1 0.966796875 -1.462890625 0.966796875 1 0 0.033203125 0.966796875 1 0 1 0.966796875 0.033203125 0 1 0.966796875 -1.462890625 0.966796875 1 0 -1.4609375 0 1 0 -1.4609375 0.966796875 -1.462890625 0.966796875 1 0 1 0 -1.4609375 0.966796875 -1.462890625 0 -1.4609375 0.966796875 1</float_array>
                    <technique_common>
                        <accessor count="224" source="#uvarrayMesh4_2" stride="2">
                            <param name="S" type="float"/>
                            <param name="T" type="float"/>
                        </accessor>
                    </technique_common>
                </source>
                <vertices id="verticesMesh4_2">
                    <input semantic="POSITION" source="#pointsMesh4_2"/>
                </vertices>
                <polylist count="112" material="Material1">
                    <input offset="0" semantic="VERTEX" source="#verticesMesh4_2"/>
                    <input offset="1" semantic="TEXCOORD" source="#uvsMesh4_2" set="0"/>
                    <vcount>3 3 3 3 3 3 3 3 3 3 3 3 3 3 3 3 3 3 3 3 3 3 3 3 3 3 3 3 3 3 3 3 3 3 3 3 3 3 3 3 3 3 3 3 3 3 3 3 3 3 3 3 3 3 3 3 3 3 3 3 3 3 3 3 3 3 3 3 3 3 3 3 3 3 3 3 3 3 3 3 3 3 3 3 3 3 3 3 3 3 3 3 3 3 3 3 3 3 3 3 3 3 3 3 3 3 3 3 3 3 3 3</vcount>
                    <p>0 0 1 1 2 2 3 3 4 4 5 5 3 3 6 6 4 4 7 7 8 8 9 9 7 7 9 9 10 10 3 3 11 11 12 12 3 3 12 12 6 6 13 13 14 14 15 15 0 0 2 2 16 16 17 17 18 18 19 19 17 17 20 20 18 18 21 21 22 22 23 23 21 21 23 23 24 24 13 13 15 15 25 25 26 26 27 27 28 28 29 29 30 30 31 31 29 29 31 31 32 32 33 33 34 34 35 35 33 33 35 35 36 36 37 37 38 38 39 39 37 37 39 39 40 40 41 41 42 42 43 43 26 26 28 28 44 44 45 45 46 46 47 47 45 45 48 48 46 46 49 49 50 50 51 51 49 49 51 51 52 52 41 41 53 53 42 42 54 54 55 55 56 56 57 57 58 58 59 59 57 57 59 59 60 60 61 61 62 62 63 63 61 61 64 64 62 62 65 65 66 66 67 67 65 65 68 68 66 66 69 69 70 70 71 71 54 54 72 72 55 55 73 73 74 74 75 75 73 73 75 75 76 76 77 77 78 78 79 79 77 77 80 80 78 78 69 69 81 81 70 70 82 82 83 83 84 84 85 85 86 86 87 87 85 85 87 87 88 88 89 89 90 90 91 91 89 89 91 91 92 92 93 93 94 94 95 95 93 93 95 95 96 96 97 97 98 98 99 99 82 82 100 100 83 83 101 101 102 102 103 103 101 101 104 104 102 102 105 105 106 106 107 107 105 105 108 108 106 106 97 97 109 109 98 98 110 110 111 111 112 112 113 113 114 114 115 115 113 113 115 115 116 116 117 117 118 118 119 119 117 117 119 119 120 120 121 121 122 122 123 123 121 121 124 124 122 122 110 110 125 125 111 111 126 126 127 127 128 128 126 126 128 128 129 129 130 130 131 131 132 132 130 130 133 133 131 131 134 134 135 135 136 136 137 137 138 138 139 139 140 140 141 141 142 142 140 140 142 142 143 143 144 144 145 145 146 146 144 144 147 147 145 145 148 148 149 149 150 150 148 148 151 151 149 149 152 152 153 153 154 154 137 137 155 155 138 138 156 156 157 157 158 158 159 159 160 160 136 136 161 161 162 162 136 136 163 163 164 164 165 165 153 153 166 166 154 154 167 167 168 168 169 169 167 167 169 169 170 170 171 171 172 172 173 173 171 171 173 173 174 174 163 163 175 175 164 164 176 176 177 177 178 178 179 179 180 180 181 181 179 179 181 181 182 182 183 183 184 184 185 185 183 183 185 185 186 186 187 187 188 188 189 189 187 187 190 190 188 188 191 191 192 192 193 193 176 176 194 194 177 177 195 195 196 196 197 197 195 195 197 197 198 198 199 199 200 200 201 201 199 199 201 201 202 202 191 191 193 193 203 203 204 204 205 205 206 206 207 207 208 208 209 209 207 207 210 210 208 208 211 211 212 212 213 213 211 211 214 214 212 212 215 215 216 216 217 217 215 215 217 217 218 218 219 219 220 220 221 221 204 204 222 222 205 205 219 219 221 221 223 223</p>
                </polylist>
            </mesh>
        </geometry>
        <geometry id="meshMesh4_VC2">
            <mesh>
                <source id="pointsMesh4_VC2">
                    <float_array id="pointarrayMesh4_VC2" count="672">-3151 1741 -6526 -2459 1741 -5155 -2413 1741 -5178 -3105 1690 -6549 -2459 1690 -5155 -3151 1690 -6526 -2413 1690 -5178 -2459 1690 -5155 -2459 1741 -5155 -3151 1741 -6526 -3151 1690 -6526 -3105 1741 -6549 -2413 1741 -5178 -3151 1075 -6526 -2458 1075 -5155 -2413 1075 -5178 -3105 1741 -6549 -2458 1024 -5155 -3151 1075 -6526 -3151 1024 -6526 -2458 1075 -5155 -3105 1024 -6549 -3105 1075 -6549 -2413 1075 -5178 -2413 1024 -5178 -3105 1075 -6549 -1016 1690 -2299 -1016 1741 -2299 -2285 1741 -4812 -3151 1024 -6526 -3151 1075 -6526 -3105 1075 -6549 -3105 1024 -6549 -2413 1024 -5178 -2413 1075 -5178 -2458 1075 -5155 -2458 1024 -5155 -2240 1690 -4835 -970 1690 -2322 -1016 1690 -2299 -2285 1690 -4812 -1016 1024 -2299 -2285 1075 -4812 -2285 1024 -4812 -2285 1690 -4812 -2285 1741 -4812 -970 1741 -2322 -2240 1741 -4835 -1016 1741 -2299 -2240 1690 -4835 -2240 1741 -4835 -970 1741 -2322 -970 1690 -2322 -1016 1075 -2299 -970 1024 -2322 -1016 1075 -2299 -1016 1024 -2299 -2285 1024 -4812 -2285 1075 -4812 -2240 1075 -4835 -2240 1024 -4835 -2240 1024 -4835 -970 1075 -2322 -970 1024 -2322 -2240 1075 -4835 -2285 1075 -4812 -970 1075 -2322 -2240 1075 -4835 -1016 1075 -2299 -2285 1741 -4812 -2458 1690 -5155 -2285 1690 -4812 -970 1075 -2322 -970 1690 -2322 -970 1741 -2322 -1016 1741 -2299 -1016 1690 -2299 -3151 1690 -6526 -3105 1741 -6549 -3105 1690 -6549 -3151 1741 -6526 -2458 1741 -5155 -5797 128 5702 -5797 -383 5498 -5797 128 5498 -2240 1741 -4835 -2413 1741 -5178 -2458 1741 -5155 -2285 1741 -4812 -2240 1690 -4835 -2413 1690 -5178 -2413 1741 -5178 -2240 1741 -4835 -2285 1690 -4812 -2458 1690 -5155 -2413 1690 -5178 -2240 1690 -4835 -5593 128 5702 -5797 -383 5702 -5797 128 5702 -5797 -383 5702 -5797 128 5498 -5593 -383 5498 -5593 128 5498 -5797 -383 5498 -5593 128 5498 -5593 -383 5702 -5593 128 5702 -5593 -383 5498 -5593 -383 5702 -5119 1331 -3429 -5119 819 -3634 -5119 1331 -3634 -5797 -383 5702 -5593 -383 5702 -5593 -383 5498 -5797 -383 5498 -4914 819 -3634 -5119 819 -3634 -5119 819 -3429 -4914 819 -3429 -5119 1331 -3634 -4914 819 -3634 -4914 1331 -3634 -5119 819 -3634 -5119 819 -3429 -4914 1331 -3429 -4914 819 -3429 -5119 819 -3429 -5119 1331 -3429 -4914 1331 -3634 -4914 819 -3429 -4914 1331 -3429 -4914 819 -3634 -2175 358 1024 -2303 358 896 -2303 717 1024 -2303 0 896 -2175 358 1024 -2175 0 1024 -2431 0 1024 -2431 358 1024 -2303 358 896 -2303 0 896 -2303 0 1152 -2431 358 1024 -2431 0 1024 -2303 358 1152 -2175 0 1024 -2303 358 1152 -2303 0 1152 -2175 358 1024 1434 0 4352 1434 0 4864 1792 0 4352 -2303 358 896 -2431 358 1024 -2303 358 1152 -2303 717 1024 -2303 358 896 -2431 358 1024 -2303 358 1152 -2175 358 1024 6246 2080 -6962 6246 1568 -7167 6246 2080 -7167 1792 0 4864 6246 2080 -7167 6246 1568 -7167 6451 1568 -7167 6451 2080 -7167 6246 1568 -7167 6246 1568 -6962 6451 1568 -6962 6451 1568 -7167 6246 1568 -6962 4147 3072 -2354 4147 2560 -2559 4147 3072 -2559 6451 2080 -6962 6451 1568 -6962 6246 1568 -6962 6246 2080 -6962 6451 2080 -7167 6451 1568 -7167 6451 1568 -6962 6451 2080 -6962 4352 2560 -2559 4147 2560 -2354 4352 2560 -2354 4147 2560 -2559 4147 3072 -2559 4147 2560 -2559 4352 2560 -2559 4147 2560 -2354 4352 3072 -2354 4352 2560 -2354 4147 2560 -2354 4147 3072 -2354 4352 3072 -2559 4352 2560 -2559 4352 2560 -2354 4352 3072 -2354 4352 3072 -2559 4250 3072 1127 4454 2560 1127 4454 3072 1127 4454 2560 1127 4250 2560 1332 4454 2560 1332 4250 2560 1127 4454 3072 1127 4454 2560 1332 4454 3072 1332 4454 2560 1127 4454 3072 1332 4454 2560 1332 4250 2560 1332 4250 3072 1332 4250 3072 1332 4250 2560 1332 4250 2560 1127 4250 2560 1127 4250 3072 1127</float_array>
                    <technique_common>
                        <accessor count="224" source="#pointarrayMesh4_VC2" stride="3">
                            <param name="X" type="float"/>
                            <param name="Y" type="float"/>
                            <param name="Z" type="float"/>
                        </accessor>
                    </technique_common>
                </source>
                <source id="uvsMesh4_VC2">
                    <float_array id="uvarrayMesh4_VC2" count="672">0.03125 0.75 0.03125 0.75 0.03125 0.75 0.03125 0.75 0.03125 0.75 0.03125 0.75 0.03125 0.75 0.03125 0.75 0.03125 0.75 0.03125 0.75 0.03125 0.75 0.03125 0.75 0.03125 0.75 0.03125 0.75 0.03125 0.75 0.03125 0.75 0.03125 0.75 0.03125 0.75 0.03125 0.75 0.03125 0.75 0.03125 0.75 0.03125 0.75 0.03125 0.75 0.03125 0.75 0.03125 0.75 0.03125 0.75 0.03125 0.75 0.03125 0.75 0.03125 0.75 0.03125 0.75 0.03125 0.75 0.03125 0.75 0.03125 0.75 0.03125 0.75 0.03125 0.75 0.03125 0.75 0.03125 0.75 0.03125 0.75 0.03125 0.75 0.03125 0.75 0.03125 0.75 0.03125 0.75 0.03125 0.75 0.03125 0.75 0.03125 0.75 0.03125 0.75 0.03125 0.75 0.03125 0.75 0.03125 0.75 0.03125 0.75 0.03125 0.75 0.03125 0.75 0.03125 0.75 0.03125 0.75 0.03125 0.75 0.03125 0.75 0.03125 0.75 0.03125 0.75 0.03125 0.75 0.03125 0.75 0.03125 0.75 0.03125 0.75 0.03125 0.75 0.03125 0.75 0.03125 0.75 0.03125 0.75 0.03125 0.75 0.03125 0.75 0.03125 0.75 0.03125 0.75 0.03125 0.75 0.03125 0.75 0.03125 0.75 0.03125 0.75 0.03125 0.75 0.03125 0.75 0.03125 0.75 0.03125 0.75 0.03125 0.75 0.03125 0.75 0.03125 0.75 0.03125 0.75 0.03125 0.75 0.03125 0.75 0.03125 0.75 0.03125 0.75 0.03125 0.75 0.03125 0.75 0.03125 0.75 0.03125 0.75 0.03125 0.75 0.03125 0.75 0.03125 0.75 0.03125 0.75 0.03125 0.75 0.03125 0.75 0.03125 0.75 0.03125 0.75 0.03125 0.75 0.03125 0.75 0.03125 0.75 0.03125 0.75 0.03125 0.75 0.03125 0.75 0.03125 0.75 0.03125 0.75 0.03125 0.75 0.03125 0.75 0.03125 0.75 0.03125 0.75 0.03125 0.75 0.03125 0.75 0.03125 0.75 0.03125 0.75 0.03125 0.75 0.03125 0.75 0.03125 0.75 0.03125 0.75 0.03125 0.75 0.03125 0.75 0.03125 0.75 0.03125 0.75 0.03125 0.75 0.03125 0.75 0.03125 0.75 0.03125 0.75 0.03125 0.75 0.03125 0.75 0.03125 0.75 0.03125 0.75 0.03125 0.75 0.03125 0.75 0.03125 0.75 0.03125 0.75 0.03125 0.75 0.03125 0.75 0.03125 0.75 0.03125 0.75 0.03125 0.75 0.03125 0.75 0.03125 0.75 0.03125 0.75 0.03125 0.75 0.03125 0.75 0.03125 0.75 0.03125 0.75 0.03125 0.75 0.03125 0.75 0.03125 0.75 0.03125 0.75 0.03125 0.75 0.03125 0.75 0.03125 0.75 0.03125 0.75 0.03125 0.75 0.03125 0.75 0.03125 0.75 0.03125 0.75 0.03125 0.75 0.03125 0.75 0.03125 0.75 0.03125 0.75 0.03125 0.75 0.03125 0.75 0.03125 0.75 0.03125 0.75 0.03125 0.75 0.03125 0.75 0.03125 0.75 0.03125 0.75 0.03125 0.75 0.03125 0.75 0.03125 0.75 0.03125 0.75 0.03125 0.75 0.03125 0.75 0.03125 0.75 0.03125 0.75 0.03125 0.75 0.03125 0.75 0.03125 0.75 0.03125 0.75 0.03125 0.75 0.03125 0.75 0.03125 0.75 0.03125 0.75 0.03125 0.75 0.03125 0.75 0.03125 0.75 0.03125 0.75 0.03125 0.75 0.03125 0.75 0.03125 0.75 0.03125 0.75 0.03125 0.75 0.03125 0.75 0.03125 0.75 0.03125 0.75 0.03125 0.75 0.03125 0.75 0.03125 0.75 0.03125 0.75 0.03125 0.75 0.03125 0.75 0.03125 0.75 0.03125 0.75 0.03125 0.75 0.03125 0.75 0.03125 0.75 0.03125 0.75 0.03125 0.75 0.03125 0.75 0.03125 0.75 0.03125 0.75 0.03125 0.75 0.03125 0.75 0.03125 0.75 0.03125 0.75 0.03125 0.75 0.03125 0.75 0.03125 0.75 0.03125 0.75 0.03125 0.75 0.03125 0.75 0.03125 0.75 0.03125 0.75 0.03125 0.75 0.03125 0.75 0.03125 0.75 0.03125 0.75 0.03125 0.75 0.03125 0.75 0.03125 0.75 0.03125 0.75 0.03125 0.75 0.03125 0.75 0.03125 0.75 0.03125 0.75 0.03125 0.75 0.03125 0.75 0.03125 0.75 0.03125 0.75 0.03125 0.75 0.03125 0.75 0.03125 0.75 0.03125 0.75 0.03125 0.75 0.03125 0.75 0.03125 0.75 0.03125 0.75 0.03125 0.75 0.03125 0.75 0.03125 0.75 0.03125 0.75 0.03125 0.75 0.03125 0.75 0.03125 0.75 0.03125 0.75 0.03125 0.75 0.03125 0.75 0.03125 0.75 0.03125 0.75 0.03125 0.75 0.03125 0.75 0.03125 0.75 0.03125 0.75 0.03125 0.75 0.03125 0.75 0.03125 0.75 0.03125 0.75 0.03125 0.75 0.03125 0.75 0.03125 0.75 0.03125 0.75 0.03125 0.75 0.03125 0.75 0.03125 0.75 0.03125 0.75 0.03125 0.75 0.03125 0.75 0.03125 0.75 0.03125 0.75 0.03125 0.75 0.03125 0.75 0.03125 0.75 0.03125 0.75 0.03125 0.75 0.03125 0.75 0.03125 0.75 0.03125 0.75 0.03125 0.75 0.03125 0.75 0.03125 0.75 0.03125 0.75 0.03125 0.75 0.03125 0.75 0.03125 0.75 0.03125 0.75 0.03125 0.75 0.03125 0.75 0.03125 0.75 0.03125 0.75 0.03125 0.75 0.03125 0.75 0.03125 0.75 0.03125 0.75 0.03125 0.75 0.03125 0.75 0.03125 0.75 0.03125 0.75 0.03125 0.75 0.03125 0.75 0.03125 0.75 0.03125 0.75 0.03125 0.75 0.03125 0.75 0.03125 0.75 0.03125 0.75 0.03125 0.75 0.03125 0.75 0.03125 0.75 0.03125 0.75 0.03125 0.75 0.03125 0.75 0.03125 0.75 0.03125 0.75 0.03125 0.75 0.03125 0.75 0.03125 0.75 0.03125 0.75 0.03125 0.75 0.03125 0.75 0.03125 0.75 0.03125 0.75 0.03125 0.75 0.03125 0.75</float_array>
                    <technique_common>
                        <accessor count="336" source="#uvarrayMesh4_VC2" stride="2">
                            <param name="S" type="float"/>
                            <param name="T" type="float"/>
                        </accessor>
                    </technique_common>
                </source>
                <vertices id="verticesMesh4_VC2">
                    <input semantic="POSITION" source="#pointsMesh4_VC2"/>
                </vertices>
                <polylist count="112" material="Material1">
                    <input offset="0" semantic="VERTEX" source="#verticesMesh4_VC2"/>
                    <input offset="1" semantic="TEXCOORD" source="#uvsMesh4_VC2" set="0"/>
                    <vcount>3 3 3 3 3 3 3 3 3 3 3 3 3 3 3 3 3 3 3 3 3 3 3 3 3 3 3 3 3 3 3 3 3 3 3 3 3 3 3 3 3 3 3 3 3 3 3 3 3 3 3 3 3 3 3 3 3 3 3 3 3 3 3 3 3 3 3 3 3 3 3 3 3 3 3 3 3 3 3 3 3 3 3 3 3 3 3 3 3 3 3 3 3 3 3 3 3 3 3 3 3 3 3 3 3 3 3 3 3 3 3 3</vcount>
                    <p>0 0 1 1 2 2 3 3 4 4 5 5 3 6 6 7 4 8 7 9 8 10 9 11 7 12 9 13 10 14 3 15 11 16 12 17 3 18 12 19 6 20 13 21 14 22 15 23 0 24 2 25 16 26 17 27 18 28 19 29 17 30 20 31 18 32 21 33 22 34 23 35 21 36 23 37 24 38 13 39 15 40 25 41 26 42 27 43 28 44 29 45 30 46 31 47 29 48 31 49 32 50 33 51 34 52 35 53 33 54 35 55 36 56 37 57 38 58 39 59 37 60 39 61 40 62 41 63 42 64 43 65 26 66 28 67 44 68 45 69 46 70 47 71 45 72 48 73 46 74 49 75 50 76 51 77 49 78 51 79 52 80 41 81 53 82 42 83 54 84 55 85 56 86 57 87 58 88 59 89 57 90 59 91 60 92 61 93 62 94 63 95 61 96 64 97 62 98 65 99 66 100 67 101 65 102 68 103 66 104 69 105 70 106 71 107 54 108 72 109 55 110 73 111 74 112 75 113 73 114 75 115 76 116 77 117 78 118 79 119 77 120 80 121 78 122 69 123 81 124 70 125 82 126 83 127 84 128 85 129 86 130 87 131 85 132 87 133 88 134 89 135 90 136 91 137 89 138 91 139 92 140 93 141 94 142 95 143 93 144 95 145 96 146 97 147 98 148 99 149 82 150 100 151 83 152 101 153 102 154 103 155 101 156 104 157 102 158 105 159 106 160 107 161 105 162 108 163 106 164 97 165 109 166 98 167 110 168 111 169 112 170 113 171 114 172 115 173 113 174 115 175 116 176 117 177 118 178 119 179 117 180 119 181 120 182 121 183 122 184 123 185 121 186 124 187 122 188 110 189 125 190 111 191 126 192 127 193 128 194 126 195 128 196 129 197 130 198 131 199 132 200 130 201 133 202 131 203 134 204 135 205 136 206 137 207 138 208 139 209 140 210 141 211 142 212 140 213 142 214 143 215 144 216 145 217 146 218 144 219 147 220 145 221 148 222 149 223 150 224 148 225 151 226 149 227 152 228 153 229 154 230 137 231 155 232 138 233 156 234 157 235 158 236 159 237 160 238 136 239 161 240 162 241 136 242 163 243 164 244 165 245 153 246 166 247 154 248 167 249 168 250 169 251 167 252 169 253 170 254 171 255 172 256 173 257 171 258 173 259 174 260 163 261 175 262 164 263 176 264 177 265 178 266 179 267 180 268 181 269 179 270 181 271 182 272 183 273 184 274 185 275 183 276 185 277 186 278 187 279 188 280 189 281 187 282 190 283 188 284 191 285 192 286 193 287 176 288 194 289 177 290 195 291 196 292 197 293 195 294 197 295 198 296 199 297 200 298 201 299 199 300 201 301 202 302 191 303 193 304 203 305 204 306 205 307 206 308 207 309 208 310 209 311 207 312 210 313 208 314 211 315 212 316 213 317 211 318 214 319 212 320 215 321 216 322 217 323 215 324 217 325 218 326 219 327 220 328 221 329 204 330 222 331 205 332 219 333 221 334 223 335</p>
                </polylist>
            </mesh>
        </geometry>
        <geometry id="meshMesh5_1">
            <mesh>
                <source id="pointsMesh5_1">
                    <float_array id="pointarrayMesh5_1" count="222">5147 923 -957 5345 966 -1188 5097 825 -1387 5314 717 -540 5812 759 -649 5669 927 -780 5842 832 -1155 4845 748 -936 5842 832 -1155 5669 927 -780 5812 759 -649 5452 857 -1485 -5322 1136 -5756 -5235 1071 -5842 -5518 849 -6024 -5198 899 -5376 -4852 799 -5458 -5070 1081 -5738 -4855 738 -5776 -5577 963 -5517 -5203 776 -6012 -5887 1024 -2943 -5460 1331 -3788 -6015 1024 -3839 -4991 1024 -2431 -4095 1024 -2943 -5017 1331 -3020 -4095 1024 -3967 -4573 1331 -3788 -4914 1331 -3429 -5119 1331 -3429 -4991 1024 -4479 -2815 1207 -537 -3199 1207 -562 -2772 1011 -268 -4914 1331 -3634 -5119 1331 -3634 -2540 1001 -436 -2815 1207 -844 -2422 993 -663 -2477 990 -835 -3058 1019 -272 -3045 1207 -895 -3339 1020 -563 -3448 1015 -908 -3217 1005 -1076 -2872 993 -1185 -2645 990 -1067 -2123 173 6244 -2316 245 6300 -2357 134 6439 -2401 235 6323 -2579 111 6491 -2242 197 5944 -2364 239 6216 -2644 115 6413 -2386 187 5931 -2542 161 6061 -2632 132 6269 -2110 189 6101 4827 1329 1183 5248 1249 675 4966 1333 645 4582 747 1241 4810 757 1414 5360 763 1257 5683 759 927 5856 754 699 5070 715 31 5471 721 -23 4378 732 943 4496 713 314 4299 721 668 5777 743 424</float_array>
                    <technique_common>
                        <accessor count="74" source="#pointarrayMesh5_1" stride="3">
                            <param name="X" type="float"/>
                            <param name="Y" type="float"/>
                            <param name="Z" type="float"/>
                        </accessor>
                    </technique_common>
                </source>
                <source id="uvsMesh5_1">
                    <float_array id="uvarrayMesh5_1" count="148">1.990234375 0.966796875 2.18359375 1.19140625 1.943359375 1.384765625 2.154296875 0.560546875 2.638671875 0.666015625 2.5 0.794921875 2.66796875 1.16015625 1.697265625 0.947265625 -1.216796875 8.392578125 -0.9765625 8.35546875 -0.962890625 8.458984375 2.2890625 1.482421875 0.552734375 0.298828125 0.361328125 0.376953125 0.16796875 0.033203125 0.966796875 0.69921875 0.568359375 1 0.435546875 0.62109375 0.16796875 0.865234375 0.966796875 0.033203125 0 0.365234375 0.140625 0.259765625 0.21875 0.533203125 -0.05078125 0.681640625 0.447265625 -0.001953125 0.8828125 0.24609375 0.43359375 0.158203125 0.8828125 0.744140625 0.650390625 0.533203125 0.484375 0.357421875 0.384765625 0.357421875 0.447265625 0.994140625 0.681640625 0.490234375 0.337890625 0.33984375 0.841796875 0.283203125 0.484375 0.45703125 0.384765625 0.45703125 0.966796875 0.53125 0.54296875 0.755859375 0.966796875 0.78125 0.841796875 0.90625 0.591796875 0.158203125 0.3203125 0.6953125 0.21875 0.283203125 0 0.53125 0.09375 0.78125 0.34375 1 0.591796875 1 0.517578125 -0.50390625 -0.0234375 -0.224609375 -0.0078125 -0.748046875 -0.353515625 -0.31640625 -0.390625 -0.607421875 0.51953125 0.49609375 -0.2109375 0.099609375 -0.66796875 -0.376953125 -0.162109375 0.669921875 -0.59765625 0.314453125 -0.736328125 -0.068359375 0.67578125 0.080078125 1.802734375 -1.140625 2.212890625 -0.646484375 1.9375 -0.615234375 1.3828125 -1.310546875 1.62890625 -1.34375 2.28125 -1.1796875 2.4375 -0.94921875 2.595703125 -0.71875 1.818359375 0.01171875 2.205078125 0.083984375 1.29296875 -1.046875 1.396484375 -0.30859375 1.220703125 -0.662109375 2.646484375 -0.349609375</float_array>
                    <technique_common>
                        <accessor count="74" source="#uvarrayMesh5_1" stride="2">
                            <param name="S" type="float"/>
                            <param name="T" type="float"/>
                        </accessor>
                    </technique_common>
                </source>
                <vertices id="verticesMesh5_1">
                    <input semantic="POSITION" source="#pointsMesh5_1"/>
                </vertices>
                <polylist count="80" material="Material1">
                    <input offset="0" semantic="VERTEX" source="#verticesMesh5_1"/>
                    <input offset="1" semantic="TEXCOORD" source="#uvsMesh5_1" set="0"/>
                    <vcount>3 3 3 3 3 3 3 3 3 3 3 3 3 3 3 3 3 3 3 3 3 3 3 3 3 3 3 3 3 3 3 3 3 3 3 3 3 3 3 3 3 3 3 3 3 3 3 3 3 3 3 3 3 3 3 3 3 3 3 3 3 3 3 3 3 3 3 3 3 3 3 3 3 3 3 3 3 3 3 3</vcount>
                    <p>0 0 1 1 2 2 3 3 4 4 5 5 3 3 5 5 0 0 5 5 6 6 1 1 3 3 0 0 7 7 8 8 9 9 10 10 11 11 2 2 1 1 2 2 7 7 0 0 11 11 1 1 6 6 1 1 0 0 5 5 12 12 13 13 14 14 15 15 16 16 17 17 15 15 17 17 12 12 17 17 18 18 13 13 15 15 12 12 19 19 18 18 17 17 16 16 20 20 14 14 13 13 14 14 19 19 12 12 20 20 13 13 18 18 13 13 12 12 17 17 21 21 22 22 23 23 24 24 25 25 26 26 25 25 27 27 28 28 24 24 26 26 21 21 26 26 28 28 29 29 26 26 29 29 30 30 22 22 26 26 30 30 28 28 26 26 25 25 31 31 23 23 22 22 31 31 22 22 28 28 22 22 21 21 26 26 31 31 28 28 27 27 32 32 33 33 34 34 28 28 35 35 29 29 22 22 30 30 36 36 28 28 36 36 35 35 28 28 22 22 36 36 32 32 34 34 37 37 38 38 39 39 40 40 34 34 33 33 41 41 42 42 32 32 38 38 41 41 33 33 43 43 33 33 42 42 44 44 42 42 45 45 44 44 45 45 42 42 46 46 43 43 33 33 44 44 46 46 42 42 47 47 42 42 33 33 32 32 38 38 47 47 42 42 38 38 40 40 47 47 38 38 32 32 39 39 37 37 39 39 32 32 48 48 49 49 50 50 50 50 51 51 52 52 50 50 49 49 51 51 49 49 53 53 54 54 52 52 51 51 55 55 56 56 54 54 53 53 51 51 57 57 58 58 51 51 54 54 57 57 57 57 54 54 56 56 55 55 51 51 58 58 54 54 51 51 49 49 53 53 49 49 59 59 49 49 48 48 59 59 60 60 61 61 62 62 60 60 63 63 64 64 65 65 60 60 64 64 60 60 66 66 67 67 68 68 62 62 69 69 62 62 70 70 60 60 62 62 61 61 69 69 70 70 63 63 60 60 61 61 60 60 67 67 62 62 71 71 72 72 69 69 61 61 73 73 73 73 61 61 67 67 71 71 62 62 68 68 70 70 62 62 72 72 66 66 60 60 65 65</p>
                </polylist>
            </mesh>
        </geometry>
        <geometry id="meshMesh5_2">
            <mesh>
                <source id="pointsMesh5_2">
                    <float_array id="pointarrayMesh5_2" count="222">5147 923 -957 5345 966 -1188 5097 825 -1387 5314 717 -540 5812 759 -649 5669 927 -780 5842 832 -1155 4845 748 -936 5842 832 -1155 5669 927 -780 5812 759 -649 5452 857 -1485 -5322 1136 -5756 -5235 1071 -5842 -5518 849 -6024 -5198 899 -5376 -4852 799 -5458 -5070 1081 -5738 -4855 738 -5776 -5577 963 -5517 -5203 776 -6012 -5887 1024 -2943 -5460 1331 -3788 -6015 1024 -3839 -4991 1024 -2431 -4095 1024 -2943 -5017 1331 -3020 -4095 1024 -3967 -4573 1331 -3788 -4914 1331 -3429 -5119 1331 -3429 -4991 1024 -4479 -2815 1207 -537 -3199 1207 -562 -2772 1011 -268 -4914 1331 -3634 -5119 1331 -3634 -2540 1001 -436 -2815 1207 -844 -2422 993 -663 -2477 990 -835 -3058 1019 -272 -3045 1207 -895 -3339 1020 -563 -3448 1015 -908 -3217 1005 -1076 -2872 993 -1185 -2645 990 -1067 -2123 173 6244 -2316 245 6300 -2357 134 6439 -2401 235 6323 -2579 111 6491 -2242 197 5944 -2364 239 6216 -2644 115 6413 -2386 187 5931 -2542 161 6061 -2632 132 6269 -2110 189 6101 4827 1329 1183 5248 1249 675 4966 1333 645 4582 747 1241 4810 757 1414 5360 763 1257 5683 759 927 5856 754 699 5070 715 31 5471 721 -23 4378 732 943 4496 713 314 4299 721 668 5777 743 424</float_array>
                    <technique_common>
                        <accessor count="74" source="#pointarrayMesh5_2" stride="3">
                            <param name="X" type="float"/>
                            <param name="Y" type="float"/>
                            <param name="Z" type="float"/>
                        </accessor>
                    </technique_common>
                </source>
                <source id="uvsMesh5_2">
                    <float_array id="uvarrayMesh5_2" count="148">1.990234375 0.966796875 2.18359375 1.19140625 1.943359375 1.384765625 2.154296875 0.560546875 2.638671875 0.666015625 2.5 0.794921875 2.66796875 1.16015625 1.697265625 0.947265625 -1.216796875 8.392578125 -0.9765625 8.35546875 -0.962890625 8.458984375 2.2890625 1.482421875 0.552734375 0.298828125 0.361328125 0.376953125 0.16796875 0.033203125 0.966796875 0.69921875 0.568359375 1 0.435546875 0.62109375 0.16796875 0.865234375 0.966796875 0.033203125 0 0.365234375 0.140625 0.259765625 0.21875 0.533203125 -0.05078125 0.681640625 0.447265625 -0.001953125 0.8828125 0.24609375 0.43359375 0.158203125 0.8828125 0.744140625 0.650390625 0.533203125 0.484375 0.357421875 0.384765625 0.357421875 0.447265625 0.994140625 0.681640625 0.490234375 0.337890625 0.33984375 0.841796875 0.283203125 0.484375 0.45703125 0.384765625 0.45703125 0.966796875 0.53125 0.54296875 0.755859375 0.966796875 0.78125 0.841796875 0.90625 0.591796875 0.158203125 0.3203125 0.6953125 0.21875 0.283203125 0 0.53125 0.09375 0.78125 0.34375 1 0.591796875 1 0.517578125 -0.50390625 -0.0234375 -0.224609375 -0.0078125 -0.748046875 -0.353515625 -0.31640625 -0.390625 -0.607421875 0.51953125 0.49609375 -0.2109375 0.099609375 -0.66796875 -0.376953125 -0.162109375 0.669921875 -0.59765625 0.314453125 -0.736328125 -0.068359375 0.67578125 0.080078125 1.802734375 -1.140625 2.212890625 -0.646484375 1.9375 -0.615234375 1.3828125 -1.310546875 1.62890625 -1.34375 2.28125 -1.1796875 2.4375 -0.94921875 2.595703125 -0.71875 1.818359375 0.01171875 2.205078125 0.083984375 1.29296875 -1.046875 1.396484375 -0.30859375 1.220703125 -0.662109375 2.646484375 -0.349609375</float_array>
                    <technique_common>
                        <accessor count="74" source="#uvarrayMesh5_2" stride="2">
                            <param name="S" type="float"/>
                            <param name="T" type="float"/>
                        </accessor>
                    </technique_common>
                </source>
                <vertices id="verticesMesh5_2">
                    <input semantic="POSITION" source="#pointsMesh5_2"/>
                </vertices>
                <polylist count="80" material="Material1">
                    <input offset="0" semantic="VERTEX" source="#verticesMesh5_2"/>
                    <input offset="1" semantic="TEXCOORD" source="#uvsMesh5_2" set="0"/>
                    <vcount>3 3 3 3 3 3 3 3 3 3 3 3 3 3 3 3 3 3 3 3 3 3 3 3 3 3 3 3 3 3 3 3 3 3 3 3 3 3 3 3 3 3 3 3 3 3 3 3 3 3 3 3 3 3 3 3 3 3 3 3 3 3 3 3 3 3 3 3 3 3 3 3 3 3 3 3 3 3 3 3</vcount>
                    <p>0 0 1 1 2 2 3 3 4 4 5 5 3 3 5 5 0 0 5 5 6 6 1 1 3 3 0 0 7 7 8 8 9 9 10 10 11 11 2 2 1 1 2 2 7 7 0 0 11 11 1 1 6 6 1 1 0 0 5 5 12 12 13 13 14 14 15 15 16 16 17 17 15 15 17 17 12 12 17 17 18 18 13 13 15 15 12 12 19 19 18 18 17 17 16 16 20 20 14 14 13 13 14 14 19 19 12 12 20 20 13 13 18 18 13 13 12 12 17 17 21 21 22 22 23 23 24 24 25 25 26 26 25 25 27 27 28 28 24 24 26 26 21 21 26 26 28 28 29 29 26 26 29 29 30 30 22 22 26 26 30 30 28 28 26 26 25 25 31 31 23 23 22 22 31 31 22 22 28 28 22 22 21 21 26 26 31 31 28 28 27 27 32 32 33 33 34 34 28 28 35 35 29 29 22 22 30 30 36 36 28 28 36 36 35 35 28 28 22 22 36 36 32 32 34 34 37 37 38 38 39 39 40 40 34 34 33 33 41 41 42 42 32 32 38 38 41 41 33 33 43 43 33 33 42 42 44 44 42 42 45 45 44 44 45 45 42 42 46 46 43 43 33 33 44 44 46 46 42 42 47 47 42 42 33 33 32 32 38 38 47 47 42 42 38 38 40 40 47 47 38 38 32 32 39 39 37 37 39 39 32 32 48 48 49 49 50 50 50 50 51 51 52 52 50 50 49 49 51 51 49 49 53 53 54 54 52 52 51 51 55 55 56 56 54 54 53 53 51 51 57 57 58 58 51 51 54 54 57 57 57 57 54 54 56 56 55 55 51 51 58 58 54 54 51 51 49 49 53 53 49 49 59 59 49 49 48 48 59 59 60 60 61 61 62 62 60 60 63 63 64 64 65 65 60 60 64 64 60 60 66 66 67 67 68 68 62 62 69 69 62 62 70 70 60 60 62 62 61 61 69 69 70 70 63 63 60 60 61 61 60 60 67 67 62 62 71 71 72 72 69 69 61 61 73 73 73 73 61 61 67 67 71 71 62 62 68 68 70 70 62 62 72 72 66 66 60 60 65 65</p>
                </polylist>
            </mesh>
        </geometry>
        <geometry id="meshMesh5_VC2">
            <mesh>
                <source id="pointsMesh5_VC2">
                    <float_array id="pointarrayMesh5_VC2" count="222">5147 923 -957 5345 966 -1188 5097 825 -1387 5314 717 -540 5812 759 -649 5669 927 -780 5842 832 -1155 4845 748 -936 5842 832 -1155 5669 927 -780 5812 759 -649 5452 857 -1485 -5322 1136 -5756 -5235 1071 -5842 -5518 849 -6024 -5198 899 -5376 -4852 799 -5458 -5070 1081 -5738 -4855 738 -5776 -5577 963 -5517 -5203 776 -6012 -5887 1024 -2943 -5460 1331 -3788 -6015 1024 -3839 -4991 1024 -2431 -4095 1024 -2943 -5017 1331 -3020 -4095 1024 -3967 -4573 1331 -3788 -4914 1331 -3429 -5119 1331 -3429 -4991 1024 -4479 -2815 1207 -537 -3199 1207 -562 -2772 1011 -268 -4914 1331 -3634 -5119 1331 -3634 -2540 1001 -436 -2815 1207 -844 -2422 993 -663 -2477 990 -835 -3058 1019 -272 -3045 1207 -895 -3339 1020 -563 -3448 1015 -908 -3217 1005 -1076 -2872 993 -1185 -2645 990 -1067 -2123 173 6244 -2316 245 6300 -2357 134 6439 -2401 235 6323 -2579 111 6491 -2242 197 5944 -2364 239 6216 -2644 115 6413 -2386 187 5931 -2542 161 6061 -2632 132 6269 -2110 189 6101 4827 1329 1183 5248 1249 675 4966 1333 645 4582 747 1241 4810 757 1414 5360 763 1257 5683 759 927 5856 754 699 5070 715 31 5471 721 -23 4378 732 943 4496 713 314 4299 721 668 5777 743 424</float_array>
                    <technique_common>
                        <accessor count="74" source="#pointarrayMesh5_VC2" stride="3">
                            <param name="X" type="float"/>
                            <param name="Y" type="float"/>
                            <param name="Z" type="float"/>
                        </accessor>
                    </technique_common>
                </source>
                <source id="uvsMesh5_VC2">
                    <float_array id="uvarrayMesh5_VC2" count="480">0.03125 0.75 0.03125 0.75 0.03125 0.75 0.03125 0.75 0.03125 0.75 0.03125 0.75 0.03125 0.75 0.03125 0.75 0.03125 0.75 0.03125 0.75 0.03125 0.75 0.03125 0.75 0.03125 0.75 0.03125 0.75 0.03125 0.75 0.03125 0.75 0.03125 0.75 0.03125 0.75 0.03125 0.75 0.03125 0.75 0.03125 0.75 0.03125 0.75 0.03125 0.75 0.03125 0.75 0.03125 0.75 0.03125 0.75 0.03125 0.75 0.03125 0.75 0.03125 0.75 0.03125 0.75 0.03125 0.75 0.03125 0.75 0.03125 0.75 0.03125 0.75 0.03125 0.75 0.03125 0.75 0.03125 0.75 0.03125 0.75 0.03125 0.75 0.03125 0.75 0.03125 0.75 0.03125 0.75 0.03125 0.75 0.03125 0.75 0.03125 0.75 0.03125 0.75 0.03125 0.75 0.03125 0.75 0.03125 0.75 0.03125 0.75 0.03125 0.75 0.03125 0.75 0.03125 0.75 0.03125 0.75 0.03125 0.75 0.03125 0.75 0.03125 0.75 0.03125 0.75 0.03125 0.75 0.03125 0.75 0.03125 0.75 0.03125 0.75 0.03125 0.75 0.03125 0.75 0.03125 0.75 0.03125 0.75 0.03125 0.75 0.03125 0.75 0.03125 0.75 0.03125 0.75 0.03125 0.75 0.03125 0.75 0.03125 0.75 0.03125 0.75 0.03125 0.75 0.03125 0.75 0.03125 0.75 0.03125 0.75 0.03125 0.75 0.03125 0.75 0.03125 0.75 0.03125 0.75 0.03125 0.75 0.03125 0.75 0.03125 0.75 0.03125 0.75 0.03125 0.75 0.03125 0.75 0.03125 0.75 0.03125 0.75 0.03125 0.75 0.03125 0.75 0.03125 0.75 0.03125 0.75 0.03125 0.75 0.03125 0.75 0.03125 0.75 0.03125 0.75 0.03125 0.75 0.03125 0.75 0.03125 0.75 0.03125 0.75 0.03125 0.75 0.03125 0.75 0.03125 0.75 0.03125 0.75 0.03125 0.75 0.03125 0.75 0.03125 0.75 0.03125 0.75 0.03125 0.75 0.03125 0.75 0.03125 0.75 0.03125 0.75 0.03125 0.75 0.03125 0.75 0.03125 0.75 0.03125 0.75 0.03125 0.75 0.03125 0.75 0.03125 0.75 0.03125 0.75 0.03125 0.75 0.03125 0.75 0.03125 0.75 0.03125 0.75 0.03125 0.75 0.03125 0.75 0.03125 0.75 0.03125 0.75 0.03125 0.75 0.03125 0.75 0.03125 0.75 0.03125 0.75 0.03125 0.75 0.03125 0.75 0.03125 0.75 0.03125 0.75 0.03125 0.75 0.03125 0.75 0.03125 0.75 0.03125 0.75 0.03125 0.75 0.03125 0.75 0.03125 0.75 0.03125 0.75 0.03125 0.75 0.03125 0.75 0.03125 0.75 0.03125 0.75 0.03125 0.75 0.03125 0.75 0.03125 0.75 0.03125 0.75 0.03125 0.75 0.03125 0.75 0.03125 0.75 0.03125 0.75 0.03125 0.75 0.03125 0.75 0.03125 0.75 0.03125 0.75 0.03125 0.75 0.03125 0.75 0.03125 0.75 0.03125 0.75 0.03125 0.75 0.03125 0.75 0.03125 0.75 0.03125 0.75 0.03125 0.75 0.03125 0.75 0.03125 0.75 0.03125 0.75 0.03125 0.75 0.03125 0.75 0.03125 0.75 0.03125 0.75 0.03125 0.75 0.03125 0.75 0.03125 0.75 0.03125 0.75 0.03125 0.75 0.03125 0.75 0.03125 0.75 0.03125 0.75 0.03125 0.75 0.03125 0.75 0.03125 0.75 0.03125 0.75 0.03125 0.75 0.03125 0.75 0.03125 0.75 0.03125 0.75 0.03125 0.75 0.03125 0.75 0.03125 0.75 0.03125 0.75 0.03125 0.75 0.03125 0.75 0.03125 0.75 0.03125 0.75 0.03125 0.75 0.03125 0.75 0.03125 0.75 0.03125 0.75 0.03125 0.75 0.03125 0.75 0.03125 0.75 0.03125 0.75 0.03125 0.75 0.03125 0.75 0.03125 0.75 0.03125 0.75 0.03125 0.75 0.03125 0.75 0.03125 0.75 0.03125 0.75 0.03125 0.75 0.03125 0.75 0.03125 0.75 0.03125 0.75 0.03125 0.75 0.03125 0.75 0.03125 0.75 0.03125 0.75 0.03125 0.75 0.03125 0.75 0.03125 0.75 0.03125 0.75 0.03125 0.75 0.03125 0.75 0.03125 0.75 0.03125 0.75 0.03125 0.75 0.03125 0.75 0.03125 0.75 0.03125 0.75 0.03125 0.75 0.03125 0.75</float_array>
                    <technique_common>
                        <accessor count="240" source="#uvarrayMesh5_VC2" stride="2">
                            <param name="S" type="float"/>
                            <param name="T" type="float"/>
                        </accessor>
                    </technique_common>
                </source>
                <vertices id="verticesMesh5_VC2">
                    <input semantic="POSITION" source="#pointsMesh5_VC2"/>
                </vertices>
                <polylist count="80" material="Material1">
                    <input offset="0" semantic="VERTEX" source="#verticesMesh5_VC2"/>
                    <input offset="1" semantic="TEXCOORD" source="#uvsMesh5_VC2" set="0"/>
                    <vcount>3 3 3 3 3 3 3 3 3 3 3 3 3 3 3 3 3 3 3 3 3 3 3 3 3 3 3 3 3 3 3 3 3 3 3 3 3 3 3 3 3 3 3 3 3 3 3 3 3 3 3 3 3 3 3 3 3 3 3 3 3 3 3 3 3 3 3 3 3 3 3 3 3 3 3 3 3 3 3 3</vcount>
                    <p>0 0 1 1 2 2 3 3 4 4 5 5 3 6 5 7 0 8 5 9 6 10 1 11 3 12 0 13 7 14 8 15 9 16 10 17 11 18 2 19 1 20 2 21 7 22 0 23 11 24 1 25 6 26 1 27 0 28 5 29 12 30 13 31 14 32 15 33 16 34 17 35 15 36 17 37 12 38 17 39 18 40 13 41 15 42 12 43 19 44 18 45 17 46 16 47 20 48 14 49 13 50 14 51 19 52 12 53 20 54 13 55 18 56 13 57 12 58 17 59 21 60 22 61 23 62 24 63 25 64 26 65 25 66 27 67 28 68 24 69 26 70 21 71 26 72 28 73 29 74 26 75 29 76 30 77 22 78 26 79 30 80 28 81 26 82 25 83 31 84 23 85 22 86 31 87 22 88 28 89 22 90 21 91 26 92 31 93 28 94 27 95 32 96 33 97 34 98 28 99 35 100 29 101 22 102 30 103 36 104 28 105 36 106 35 107 28 108 22 109 36 110 32 111 34 112 37 113 38 114 39 115 40 116 34 117 33 118 41 119 42 120 32 121 38 122 41 123 33 124 43 125 33 126 42 127 44 128 42 129 45 130 44 131 45 132 42 133 46 134 43 135 33 136 44 137 46 138 42 139 47 140 42 141 33 142 32 143 38 144 47 145 42 146 38 147 40 148 47 149 38 150 32 151 39 152 37 153 39 154 32 155 48 156 49 157 50 158 50 159 51 160 52 161 50 162 49 163 51 164 49 165 53 166 54 167 52 168 51 169 55 170 56 171 54 172 53 173 51 174 57 175 58 176 51 177 54 178 57 179 57 180 54 181 56 182 55 183 51 184 58 185 54 186 51 187 49 188 53 189 49 190 59 191 49 192 48 193 59 194 60 195 61 196 62 197 60 198 63 199 64 200 65 201 60 202 64 203 60 204 66 205 67 206 68 207 62 208 69 209 62 210 70 211 60 212 62 213 61 214 69 215 70 216 63 217 60 218 61 219 60 220 67 221 62 222 71 223 72 224 69 225 61 226 73 227 73 228 61 229 67 230 71 231 62 232 68 233 70 234 62 235 72 236 66 237 60 238 65 239</p>
                </polylist>
            </mesh>
        </geometry>
        <geometry id="meshMesh6_1">
            <mesh>
                <source id="pointsMesh6_1">
                    <float_array id="pointarrayMesh6_1" count="132">-2458 1024 -5155 -2793 640 -4988 -3137 640 -4816 -2458 0 -5155 -2679 0 -5045 -2679 384 -5045 -3445 777 -4662 -3251 384 -4759 -3251 0 -4759 -3445 1 -4662 -3445 777 -4662 -2559 768 -2815 -2458 1024 -5155 -1535 1024 -3327 -1878 640 -3155 -1764 384 -3213 -1535 1024 -3327 -1764 0 -3213 -1535 0 -3327 -2222 640 -2984 -2559 768 -2815 -1764 384 -3213 -2679 384 -5045 -2679 0 -5045 -2336 384 -2926 -2559 0 -2815 -2336 0 -2926 -2336 0 -2926 -3251 384 -4759 -2336 384 -2926 -3251 0 -4759 -1764 0 -3213 -2336 384 -2926 -3251 384 -4759 -3137 640 -4816 -2222 640 -2984 -1878 640 -3155 -2679 384 -5045 -1764 384 -3213 -2793 640 -4988 -2222 640 -2984 -3137 640 -4816 -2793 640 -4988 -1878 640 -3155</float_array>
                    <technique_common>
                        <accessor count="44" source="#pointarrayMesh6_1" stride="3">
                            <param name="X" type="float"/>
                            <param name="Y" type="float"/>
                            <param name="Z" type="float"/>
                        </accessor>
                    </technique_common>
                </source>
                <source id="uvsMesh6_1">
                    <float_array id="uvarrayMesh6_1" count="88">0 4.025390625 1.427734375 2.529296875 2.92578125 2.529296875 0 0.033203125 0.9296875 0.033203125 0.9296875 1.53125 4.267578125 3.060546875 3.423828125 1.53125 3.423828125 0.033203125 4.267578125 0.06640625 -8.013671875 -3.45703125 0.966796875 -3.587890625 -7.958984375 1 0.966796875 1 -0.529296875 2.52734375 0 1.529296875 0.966796875 4.025390625 0 0.033203125 0.966796875 0.033203125 -2.025390625 2.52734375 -3.494140625 2.828125 4.458984375 1 0 1 0 -0.462890625 -2.5234375 1.529296875 -3.494140625 0.033203125 -2.5234375 0.033203125 0 -0.462890625 4.4609375 1 0 1 4.458984375 -0.462890625 4.458984375 -0.46484375 -1.02734375 0.033203125 3.4609375 0.033203125 3.462890625 1.1484375 -1.02734375 1.1484375 4.458984375 1.1484375 0 0.033203125 4.458984375 0.033203125 0 1.1484375 0.966796875 -7.94921875 0.966796875 1 -0.52734375 1 -0.529296875 -7.94921875</float_array>
                    <technique_common>
                        <accessor count="44" source="#uvarrayMesh6_1" stride="2">
                            <param name="S" type="float"/>
                            <param name="T" type="float"/>
                        </accessor>
                    </technique_common>
                </source>
                <vertices id="verticesMesh6_1">
                    <input semantic="POSITION" source="#pointsMesh6_1"/>
                </vertices>
                <polylist count="28" material="Material1">
                    <input offset="0" semantic="VERTEX" source="#verticesMesh6_1"/>
                    <input offset="1" semantic="TEXCOORD" source="#uvsMesh6_1" set="0"/>
                    <vcount>3 3 3 3 3 3 3 3 3 3 3 3 3 3 3 3 3 3 3 3 3 3 3 3 3 3 3 3</vcount>
                    <p>0 0 1 1 2 2 0 0 3 3 4 4 0 0 4 4 5 5 6 6 7 7 8 8 6 6 8 8 9 9 0 0 2 2 6 6 0 0 5 5 1 1 2 2 7 7 6 6 10 10 11 11 12 12 11 11 13 13 12 12 14 14 15 15 16 16 15 15 17 17 16 16 17 17 18 18 16 16 19 19 16 16 20 20 19 19 14 14 16 16 21 21 22 22 23 23 24 24 19 19 20 20 25 25 24 24 20 20 25 25 26 26 24 24 27 27 28 28 29 29 27 27 30 30 28 28 21 21 23 23 31 31 32 32 33 33 34 34 32 32 34 34 35 35 36 36 37 37 38 38 36 36 39 39 37 37 40 40 41 41 42 42 40 40 42 42 43 43</p>
                </polylist>
            </mesh>
        </geometry>
        <geometry id="meshMesh6_2">
            <mesh>
                <source id="pointsMesh6_2">
                    <float_array id="pointarrayMesh6_2" count="132">-2458 1024 -5155 -2793 640 -4988 -3137 640 -4816 -2458 0 -5155 -2679 0 -5045 -2679 384 -5045 -3445 777 -4662 -3251 384 -4759 -3251 0 -4759 -3445 1 -4662 -3445 777 -4662 -2559 768 -2815 -2458 1024 -5155 -1535 1024 -3327 -1878 640 -3155 -1764 384 -3213 -1535 1024 -3327 -1764 0 -3213 -1535 0 -3327 -2222 640 -2984 -2559 768 -2815 -1764 384 -3213 -2679 384 -5045 -2679 0 -5045 -2336 384 -2926 -2559 0 -2815 -2336 0 -2926 -2336 0 -2926 -3251 384 -4759 -2336 384 -2926 -3251 0 -4759 -1764 0 -3213 -2336 384 -2926 -3251 384 -4759 -3137 640 -4816 -2222 640 -2984 -1878 640 -3155 -2679 384 -5045 -1764 384 -3213 -2793 640 -4988 -2222 640 -2984 -3137 640 -4816 -2793 640 -4988 -1878 640 -3155</float_array>
                    <technique_common>
                        <accessor count="44" source="#pointarrayMesh6_2" stride="3">
                            <param name="X" type="float"/>
                            <param name="Y" type="float"/>
                            <param name="Z" type="float"/>
                        </accessor>
                    </technique_common>
                </source>
                <source id="uvsMesh6_2">
                    <float_array id="uvarrayMesh6_2" count="88">0 4.025390625 1.427734375 2.529296875 2.92578125 2.529296875 0 0.033203125 0.9296875 0.033203125 0.9296875 1.53125 4.267578125 3.060546875 3.423828125 1.53125 3.423828125 0.033203125 4.267578125 0.06640625 -8.013671875 -3.45703125 0.966796875 -3.587890625 -7.958984375 1 0.966796875 1 -0.529296875 2.52734375 0 1.529296875 0.966796875 4.025390625 0 0.033203125 0.966796875 0.033203125 -2.025390625 2.52734375 -3.494140625 2.828125 4.458984375 1 0 1 0 -0.462890625 -2.5234375 1.529296875 -3.494140625 0.033203125 -2.5234375 0.033203125 0 -0.462890625 4.4609375 1 0 1 4.458984375 -0.462890625 4.458984375 -0.46484375 -1.02734375 0.033203125 3.4609375 0.033203125 3.462890625 1.1484375 -1.02734375 1.1484375 4.458984375 1.1484375 0 0.033203125 4.458984375 0.033203125 0 1.1484375 0.966796875 -7.94921875 0.966796875 1 -0.52734375 1 -0.529296875 -7.94921875</float_array>
                    <technique_common>
                        <accessor count="44" source="#uvarrayMesh6_2" stride="2">
                            <param name="S" type="float"/>
                            <param name="T" type="float"/>
                        </accessor>
                    </technique_common>
                </source>
                <vertices id="verticesMesh6_2">
                    <input semantic="POSITION" source="#pointsMesh6_2"/>
                </vertices>
                <polylist count="28" material="Material1">
                    <input offset="0" semantic="VERTEX" source="#verticesMesh6_2"/>
                    <input offset="1" semantic="TEXCOORD" source="#uvsMesh6_2" set="0"/>
                    <vcount>3 3 3 3 3 3 3 3 3 3 3 3 3 3 3 3 3 3 3 3 3 3 3 3 3 3 3 3</vcount>
                    <p>0 0 1 1 2 2 0 0 3 3 4 4 0 0 4 4 5 5 6 6 7 7 8 8 6 6 8 8 9 9 0 0 2 2 6 6 0 0 5 5 1 1 2 2 7 7 6 6 10 10 11 11 12 12 11 11 13 13 12 12 14 14 15 15 16 16 15 15 17 17 16 16 17 17 18 18 16 16 19 19 16 16 20 20 19 19 14 14 16 16 21 21 22 22 23 23 24 24 19 19 20 20 25 25 24 24 20 20 25 25 26 26 24 24 27 27 28 28 29 29 27 27 30 30 28 28 21 21 23 23 31 31 32 32 33 33 34 34 32 32 34 34 35 35 36 36 37 37 38 38 36 36 39 39 37 37 40 40 41 41 42 42 40 40 42 42 43 43</p>
                </polylist>
            </mesh>
        </geometry>
        <geometry id="meshMesh6_VC2">
            <mesh>
                <source id="pointsMesh6_VC2">
                    <float_array id="pointarrayMesh6_VC2" count="132">-2458 1024 -5155 -2793 640 -4988 -3137 640 -4816 -2458 0 -5155 -2679 0 -5045 -2679 384 -5045 -3445 777 -4662 -3251 384 -4759 -3251 0 -4759 -3445 1 -4662 -3445 777 -4662 -2559 768 -2815 -2458 1024 -5155 -1535 1024 -3327 -1878 640 -3155 -1764 384 -3213 -1535 1024 -3327 -1764 0 -3213 -1535 0 -3327 -2222 640 -2984 -2559 768 -2815 -1764 384 -3213 -2679 384 -5045 -2679 0 -5045 -2336 384 -2926 -2559 0 -2815 -2336 0 -2926 -2336 0 -2926 -3251 384 -4759 -2336 384 -2926 -3251 0 -4759 -1764 0 -3213 -2336 384 -2926 -3251 384 -4759 -3137 640 -4816 -2222 640 -2984 -1878 640 -3155 -2679 384 -5045 -1764 384 -3213 -2793 640 -4988 -2222 640 -2984 -3137 640 -4816 -2793 640 -4988 -1878 640 -3155</float_array>
                    <technique_common>
                        <accessor count="44" source="#pointarrayMesh6_VC2" stride="3">
                            <param name="X" type="float"/>
                            <param name="Y" type="float"/>
                            <param name="Z" type="float"/>
                        </accessor>
                    </technique_common>
                </source>
                <source id="uvsMesh6_VC2">
                    <float_array id="uvarrayMesh6_VC2" count="168">0.03125 0.75 0.03125 0.75 0.03125 0.75 0.03125 0.75 0.03125 0.75 0.03125 0.75 0.03125 0.75 0.03125 0.75 0.03125 0.75 0.03125 0.75 0.03125 0.75 0.03125 0.75 0.03125 0.75 0.03125 0.75 0.03125 0.75 0.03125 0.75 0.03125 0.75 0.03125 0.75 0.03125 0.75 0.03125 0.75 0.03125 0.75 0.03125 0.75 0.03125 0.75 0.03125 0.75 0.03125 0.75 0.03125 0.75 0.03125 0.75 0.03125 0.75 0.03125 0.75 0.03125 0.75 0.03125 0.75 0.03125 0.75 0.03125 0.75 0.03125 0.75 0.03125 0.75 0.03125 0.75 0.03125 0.75 0.03125 0.75 0.03125 0.75 0.03125 0.75 0.03125 0.75 0.03125 0.75 0.03125 0.75 0.03125 0.75 0.03125 0.75 0.03125 0.75 0.03125 0.75 0.03125 0.75 0.03125 0.75 0.03125 0.75 0.03125 0.75 0.03125 0.75 0.03125 0.75 0.03125 0.75 0.03125 0.75 0.03125 0.75 0.03125 0.75 0.03125 0.75 0.03125 0.75 0.03125 0.75 0.03125 0.75 0.03125 0.75 0.03125 0.75 0.03125 0.75 0.03125 0.75 0.03125 0.75 0.03125 0.75 0.03125 0.75 0.03125 0.75 0.03125 0.75 0.03125 0.75 0.03125 0.75 0.03125 0.75 0.03125 0.75 0.03125 0.75 0.03125 0.75 0.03125 0.75 0.03125 0.75 0.03125 0.75 0.03125 0.75 0.03125 0.75 0.03125 0.75 0.03125 0.75 0.03125 0.75</float_array>
                    <technique_common>
                        <accessor count="84" source="#uvarrayMesh6_VC2" stride="2">
                            <param name="S" type="float"/>
                            <param name="T" type="float"/>
                        </accessor>
                    </technique_common>
                </source>
                <vertices id="verticesMesh6_VC2">
                    <input semantic="POSITION" source="#pointsMesh6_VC2"/>
                </vertices>
                <polylist count="28" material="Material1">
                    <input offset="0" semantic="VERTEX" source="#verticesMesh6_VC2"/>
                    <input offset="1" semantic="TEXCOORD" source="#uvsMesh6_VC2" set="0"/>
                    <vcount>3 3 3 3 3 3 3 3 3 3 3 3 3 3 3 3 3 3 3 3 3 3 3 3 3 3 3 3</vcount>
                    <p>0 0 1 1 2 2 0 3 3 4 4 5 0 6 4 7 5 8 6 9 7 10 8 11 6 12 8 13 9 14 0 15 2 16 6 17 0 18 5 19 1 20 2 21 7 22 6 23 10 24 11 25 12 26 11 27 13 28 12 29 14 30 15 31 16 32 15 33 17 34 16 35 17 36 18 37 16 38 19 39 16 40 20 41 19 42 14 43 16 44 21 45 22 46 23 47 24 48 19 49 20 50 25 51 24 52 20 53 25 54 26 55 24 56 27 57 28 58 29 59 27 60 30 61 28 62 21 63 23 64 31 65 32 66 33 67 34 68 32 69 34 70 35 71 36 72 37 73 38 74 36 75 39 76 37 77 40 78 41 79 42 80 40 81 42 82 43 83</p>
                </polylist>
            </mesh>
        </geometry>
        <geometry id="meshMesh7_1">
            <mesh>
                <source id="pointsMesh7_1">
                    <float_array id="pointarrayMesh7_1" count="135">1024 1536 171 3097 1741 -733 1186 1408 -149 1024 1408 171 1212 1408 -123 2076 1408 425 1888 1408 720 1888 1536 720 1024 1536 171 1024 768 171 1212 1408 -123 1024 1408 171 1212 768 -123 -1535 0 1536 -1535 768 1536 3097 1741 -733 1024 1536 171 1950 2049 -82 1888 1536 720 1186 768 -149 3584 656 -767 1692 768 3192 -1535 768 1536 1024 768 171 1024 1536 171 1212 1408 -123 2076 768 425 2076 1408 425 1212 768 -123 -767 0 -767 1186 768 -149 3097 1741 -733 -1535 0 1536 2079 1368 -1535 -1016 0 -2299 1692 768 3192 1888 1536 720 1888 768 720 2076 768 425 1888 768 720 2076 1408 425 1260 2918 -2327 1521 2918 -2452 1328 2918 -2520 1452 2918 -2259</float_array>
                    <technique_common>
                        <accessor count="45" source="#pointarrayMesh7_1" stride="3">
                            <param name="X" type="float"/>
                            <param name="Y" type="float"/>
                            <param name="Z" type="float"/>
                        </accessor>
                    </technique_common>
                </source>
                <source id="uvsMesh7_1">
                    <float_array id="uvarrayMesh7_1" count="90">-0.412109375 1.5 -4.56640625 0.109375 -0.859375 1 0 1 0 0.69140625 0.966796875 0.69140625 0.966796875 1 0.966796875 1.15625 0 1.15625 0.626953125 0.033203125 0.966796875 0.78125 0.626953125 0.78125 0.966796875 0.033203125 5.95703125 1 5.353515625 2.40234375 2.46875 0.7734375 1.466796875 -0.048828125 1.927734375 0.087890625 1.88671875 -0.31640625 -0.357421875 -0.109375 2.712890625 0.408203125 1.58984375 -1.5859375 -4.6875 0.033203125 0.966796875 0.033203125 0.966796875 1.529296875 0 1 0.966796875 0.283203125 0.966796875 1 0 0.283203125 0 -0.1015625 0 2.029296875 -1.130859375 3.86328125 2.3359375 -0.13671875 -1.578125 2.62890625 -1.37890625 -0.740234375 4.958984375 1 -0.099609375 1 0.341796875 -0.396484375 0.626953125 0.283203125 0.966796875 0.283203125 0.626953125 1 0 0.033203125 0.96484375 1 0 1 0.96484375 0.033203125</float_array>
                    <technique_common>
                        <accessor count="45" source="#uvarrayMesh7_1" stride="2">
                            <param name="S" type="float"/>
                            <param name="T" type="float"/>
                        </accessor>
                    </technique_common>
                </source>
                <vertices id="verticesMesh7_1">
                    <input semantic="POSITION" source="#pointsMesh7_1"/>
                </vertices>
                <polylist count="28" material="Material1">
                    <input offset="0" semantic="VERTEX" source="#verticesMesh7_1"/>
                    <input offset="1" semantic="TEXCOORD" source="#uvsMesh7_1" set="0"/>
                    <vcount>3 3 3 3 3 3 3 3 3 3 3 3 3 3 3 3 3 3 3 3 3 3 3 3 3 3 3 3</vcount>
                    <p>0 0 1 1 2 2 3 3 4 4 5 5 3 3 5 5 6 6 7 7 3 3 6 6 7 7 8 8 3 3 9 9 10 10 11 11 9 9 12 12 10 10 13 13 14 14 2 2 14 14 0 0 2 2 15 15 16 16 17 17 18 18 15 15 17 17 16 16 18 18 17 17 13 13 2 2 19 19 19 19 2 2 1 1 20 20 15 15 18 18 20 20 18 18 21 21 22 22 23 23 24 24 25 25 26 26 27 27 25 25 28 28 26 26 29 29 30 30 31 31 29 29 32 32 30 30 33 33 29 29 31 31 29 29 33 33 34 34 35 35 36 36 37 37 6 6 38 38 39 39 6 6 40 40 38 38 41 41 42 42 43 43 41 41 44 44 42 42</p>
                </polylist>
            </mesh>
        </geometry>
        <geometry id="meshMesh7_2">
            <mesh>
                <source id="pointsMesh7_2">
                    <float_array id="pointarrayMesh7_2" count="135">1024 1536 171 3097 1741 -733 1186 1408 -149 1024 1408 171 1212 1408 -123 2076 1408 425 1888 1408 720 1888 1536 720 1024 1536 171 1024 768 171 1212 1408 -123 1024 1408 171 1212 768 -123 -1535 0 1536 -1535 768 1536 3097 1741 -733 1024 1536 171 1950 2049 -82 1888 1536 720 1186 768 -149 3584 656 -767 1692 768 3192 -1535 768 1536 1024 768 171 1024 1536 171 1212 1408 -123 2076 768 425 2076 1408 425 1212 768 -123 -767 0 -767 1186 768 -149 3097 1741 -733 -1535 0 1536 2079 1368 -1535 -1016 0 -2299 1692 768 3192 1888 1536 720 1888 768 720 2076 768 425 1888 768 720 2076 1408 425 1260 2918 -2327 1521 2918 -2452 1328 2918 -2520 1452 2918 -2259</float_array>
                    <technique_common>
                        <accessor count="45" source="#pointarrayMesh7_2" stride="3">
                            <param name="X" type="float"/>
                            <param name="Y" type="float"/>
                            <param name="Z" type="float"/>
                        </accessor>
                    </technique_common>
                </source>
                <source id="uvsMesh7_2">
                    <float_array id="uvarrayMesh7_2" count="90">-0.412109375 1.5 -4.56640625 0.109375 -0.859375 1 0 1 0 0.69140625 0.966796875 0.69140625 0.966796875 1 0.966796875 1.15625 0 1.15625 0.626953125 0.033203125 0.966796875 0.78125 0.626953125 0.78125 0.966796875 0.033203125 5.95703125 1 5.353515625 2.40234375 2.46875 0.7734375 1.466796875 -0.048828125 1.927734375 0.087890625 1.88671875 -0.31640625 -0.357421875 -0.109375 2.712890625 0.408203125 1.58984375 -1.5859375 -4.6875 0.033203125 0.966796875 0.033203125 0.966796875 1.529296875 0 1 0.966796875 0.283203125 0.966796875 1 0 0.283203125 0 -0.1015625 0 2.029296875 -1.130859375 3.86328125 2.3359375 -0.13671875 -1.578125 2.62890625 -1.37890625 -0.740234375 4.958984375 1 -0.099609375 1 0.341796875 -0.396484375 0.626953125 0.283203125 0.966796875 0.283203125 0.626953125 1 0 0.033203125 0.96484375 1 0 1 0.96484375 0.033203125</float_array>
                    <technique_common>
                        <accessor count="45" source="#uvarrayMesh7_2" stride="2">
                            <param name="S" type="float"/>
                            <param name="T" type="float"/>
                        </accessor>
                    </technique_common>
                </source>
                <vertices id="verticesMesh7_2">
                    <input semantic="POSITION" source="#pointsMesh7_2"/>
                </vertices>
                <polylist count="28" material="Material1">
                    <input offset="0" semantic="VERTEX" source="#verticesMesh7_2"/>
                    <input offset="1" semantic="TEXCOORD" source="#uvsMesh7_2" set="0"/>
                    <vcount>3 3 3 3 3 3 3 3 3 3 3 3 3 3 3 3 3 3 3 3 3 3 3 3 3 3 3 3</vcount>
                    <p>0 0 1 1 2 2 3 3 4 4 5 5 3 3 5 5 6 6 7 7 3 3 6 6 7 7 8 8 3 3 9 9 10 10 11 11 9 9 12 12 10 10 13 13 14 14 2 2 14 14 0 0 2 2 15 15 16 16 17 17 18 18 15 15 17 17 16 16 18 18 17 17 13 13 2 2 19 19 19 19 2 2 1 1 20 20 15 15 18 18 20 20 18 18 21 21 22 22 23 23 24 24 25 25 26 26 27 27 25 25 28 28 26 26 29 29 30 30 31 31 29 29 32 32 30 30 33 33 29 29 31 31 29 29 33 33 34 34 35 35 36 36 37 37 6 6 38 38 39 39 6 6 40 40 38 38 41 41 42 42 43 43 41 41 44 44 42 42</p>
                </polylist>
            </mesh>
        </geometry>
        <geometry id="meshMesh7_VC2">
            <mesh>
                <source id="pointsMesh7_VC2">
                    <float_array id="pointarrayMesh7_VC2" count="135">1024 1536 171 3097 1741 -733 1186 1408 -149 1024 1408 171 1212 1408 -123 2076 1408 425 1888 1408 720 1888 1536 720 1024 1536 171 1024 768 171 1212 1408 -123 1024 1408 171 1212 768 -123 -1535 0 1536 -1535 768 1536 3097 1741 -733 1024 1536 171 1950 2049 -82 1888 1536 720 1186 768 -149 3584 656 -767 1692 768 3192 -1535 768 1536 1024 768 171 1024 1536 171 1212 1408 -123 2076 768 425 2076 1408 425 1212 768 -123 -767 0 -767 1186 768 -149 3097 1741 -733 -1535 0 1536 2079 1368 -1535 -1016 0 -2299 1692 768 3192 1888 1536 720 1888 768 720 2076 768 425 1888 768 720 2076 1408 425 1260 2918 -2327 1521 2918 -2452 1328 2918 -2520 1452 2918 -2259</float_array>
                    <technique_common>
                        <accessor count="45" source="#pointarrayMesh7_VC2" stride="3">
                            <param name="X" type="float"/>
                            <param name="Y" type="float"/>
                            <param name="Z" type="float"/>
                        </accessor>
                    </technique_common>
                </source>
                <source id="uvsMesh7_VC2">
                    <float_array id="uvarrayMesh7_VC2" count="168">0.03125 0.75 0.03125 0.75 0.03125 0.75 0.03125 0.75 0.03125 0.75 0.03125 0.75 0.03125 0.75 0.03125 0.75 0.03125 0.75 0.03125 0.75 0.03125 0.75 0.03125 0.75 0.03125 0.75 0.03125 0.75 0.03125 0.75 0.03125 0.75 0.03125 0.75 0.03125 0.75 0.03125 0.75 0.03125 0.75 0.03125 0.75 0.03125 0.75 0.03125 0.75 0.03125 0.75 0.03125 0.75 0.03125 0.75 0.03125 0.75 0.03125 0.75 0.03125 0.75 0.03125 0.75 0.03125 0.75 0.03125 0.75 0.03125 0.75 0.03125 0.75 0.03125 0.75 0.03125 0.75 0.03125 0.75 0.03125 0.75 0.03125 0.75 0.03125 0.75 0.03125 0.75 0.03125 0.75 0.03125 0.75 0.03125 0.75 0.03125 0.75 0.03125 0.75 0.03125 0.75 0.03125 0.75 0.03125 0.75 0.03125 0.75 0.03125 0.75 0.03125 0.75 0.03125 0.75 0.03125 0.75 0.03125 0.75 0.03125 0.75 0.03125 0.75 0.03125 0.75 0.03125 0.75 0.03125 0.75 0.03125 0.75 0.03125 0.75 0.03125 0.75 0.03125 0.75 0.03125 0.75 0.03125 0.75 0.03125 0.75 0.03125 0.75 0.03125 0.75 0.03125 0.75 0.03125 0.75 0.03125 0.75 0.03125 0.75 0.03125 0.75 0.03125 0.75 0.03125 0.75 0.03125 0.75 0.03125 0.75 0.03125 0.75 0.03125 0.75 0.03125 0.75 0.03125 0.75 0.03125 0.75 0.03125 0.75</float_array>
                    <technique_common>
                        <accessor count="84" source="#uvarrayMesh7_VC2" stride="2">
                            <param name="S" type="float"/>
                            <param name="T" type="float"/>
                        </accessor>
                    </technique_common>
                </source>
                <vertices id="verticesMesh7_VC2">
                    <input semantic="POSITION" source="#pointsMesh7_VC2"/>
                </vertices>
                <polylist count="28" material="Material1">
                    <input offset="0" semantic="VERTEX" source="#verticesMesh7_VC2"/>
                    <input offset="1" semantic="TEXCOORD" source="#uvsMesh7_VC2" set="0"/>
                    <vcount>3 3 3 3 3 3 3 3 3 3 3 3 3 3 3 3 3 3 3 3 3 3 3 3 3 3 3 3</vcount>
                    <p>0 0 1 1 2 2 3 3 4 4 5 5 3 6 5 7 6 8 7 9 3 10 6 11 7 12 8 13 3 14 9 15 10 16 11 17 9 18 12 19 10 20 13 21 14 22 2 23 14 24 0 25 2 26 15 27 16 28 17 29 18 30 15 31 17 32 16 33 18 34 17 35 13 36 2 37 19 38 19 39 2 40 1 41 20 42 15 43 18 44 20 45 18 46 21 47 22 48 23 49 24 50 25 51 26 52 27 53 25 54 28 55 26 56 29 57 30 58 31 59 29 60 32 61 30 62 33 63 29 64 31 65 29 66 33 67 34 68 35 69 36 70 37 71 6 72 38 73 39 74 6 75 40 76 38 77 41 78 42 79 43 80 41 81 44 82 42 83</p>
                </polylist>
            </mesh>
        </geometry>
        <geometry id="meshMesh8_1">
            <mesh>
                <source id="pointsMesh8_1">
                    <float_array id="pointarrayMesh8_1" count="177">5478 1536 4506 5478 1024 4506 5478 1024 4710 5478 1536 4710 5274 1536 4506 5274 1024 4506 5478 1536 4710 5478 1024 4710 5274 1024 4710 5274 1536 4710 5478 1024 4506 5274 1024 4710 5478 1024 4710 5274 1024 4506 5888 1024 5120 5632 1536 4864 5120 1536 4864 5120 1536 4864 5632 1536 4864 5478 1536 4710 5632 1536 4352 5478 1536 4506 5274 1536 4506 5274 1536 4710 5120 1536 4352 5888 1024 4096 5632 1536 4864 5888 1024 5120 5632 1536 4352 -3503 960 111 -3187 960 -115 -3231 960 -159 4864 1024 5120 4864 1024 5120 4864 1024 4096 5120 1536 4864 4864 1024 4096 5632 1536 4352 5888 1024 4096 5120 1536 4352 -3458 960 156 -3186 896 -114 -3458 896 156 -3142 832 -69 -3413 896 201 -3413 832 201 -3142 896 -69 -3368 832 246 -3097 832 -24 -3097 768 -24 -3368 768 246 -3503 768 111 -3368 768 246 -3413 832 201 -3458 896 156 -3503 960 111 -3413 896 201 -3458 960 156 -3368 832 246</float_array>
                    <technique_common>
                        <accessor count="59" source="#pointarrayMesh8_1" stride="3">
                            <param name="X" type="float"/>
                            <param name="Y" type="float"/>
                            <param name="Z" type="float"/>
                        </accessor>
                    </technique_common>
                </source>
                <source id="uvsMesh8_1">
                    <float_array id="uvarrayMesh8_1" count="118">3.462890625 0.033203125 3.462890625 1 4.4609375 1 4.4609375 0.033203125 2.46484375 0.033203125 2.462890625 1 0.466796875 0.033203125 0.46875 1 1.466796875 1 1.466796875 0.033203125 0 1 0.767578125 0.232421875 0.767578125 1 0 0.232421875 1.466796875 -0.08203125 0.966796875 1 0 1 0 0.033203125 0.966796875 0.033203125 0.66796875 0.33203125 0.966796875 1 0.66796875 0.732421875 0.267578125 0.732421875 0.267578125 0.33203125 0 1 1.470703125 -0.08203125 -0.025390625 1 -0.5234375 -0.08203125 0.97265625 1 -0.90234375 1.12890625 0.966796875 0.912109375 0.966796875 1.130859375 -0.529296875 -0.08203125 1.46484375 -0.08203125 -0.52734375 -0.08203125 0.966796875 1 1.466796875 -0.08203125 0 1 -0.529296875 -0.08203125 0.966796875 1 -0.90234375 0.912109375 0.966796875 0.69140625 -0.90234375 0.69140625 0.966796875 0.251953125 -0.90234375 0.47265625 -0.90234375 0.251953125 0.966796875 0.47265625 -0.90234375 0.033203125 0.966796875 0.033203125 0.966796875 -0.185546875 -0.90234375 -0.185546875 0 0.033203125 1 0.033203125 0.65625 0.37890625 0.310546875 0.7265625 0 1.072265625 0.65625 0.7265625 0.310546875 1.072265625 1 0.37890625</float_array>
                    <technique_common>
                        <accessor count="59" source="#uvarrayMesh8_1" stride="2">
                            <param name="S" type="float"/>
                            <param name="T" type="float"/>
                        </accessor>
                    </technique_common>
                </source>
                <vertices id="verticesMesh8_1">
                    <input semantic="POSITION" source="#pointsMesh8_1"/>
                </vertices>
                <polylist count="44" material="Material1">
                    <input offset="0" semantic="VERTEX" source="#verticesMesh8_1"/>
                    <input offset="1" semantic="TEXCOORD" source="#uvsMesh8_1" set="0"/>
                    <vcount>3 3 3 3 3 3 3 3 3 3 3 3 3 3 3 3 3 3 3 3 3 3 3 3 3 3 3 3 3 3 3 3 3 3 3 3 3 3 3 3 3 3 3 3</vcount>
                    <p>0 0 1 1 2 2 0 0 2 2 3 3 4 4 1 1 0 0 4 4 5 5 1 1 6 6 7 7 8 8 6 6 8 8 9 9 9 9 8 8 5 5 9 9 5 5 4 4 10 10 11 11 12 12 10 10 13 13 11 11 14 14 15 15 16 16 17 17 18 18 19 19 18 18 20 20 21 21 18 18 21 21 19 19 20 20 22 22 21 21 17 17 19 19 23 23 20 20 24 24 22 22 24 24 17 17 23 23 24 24 23 23 22 22 25 25 26 26 27 27 25 25 28 28 26 26 29 29 30 30 31 31 14 14 16 16 32 32 33 33 24 24 34 34 33 33 35 35 24 24 36 36 37 37 38 38 36 36 39 39 37 37 29 29 40 40 30 30 41 41 30 30 40 40 41 41 40 40 42 42 43 43 44 44 45 45 43 43 46 46 44 44 42 42 44 44 46 46 42 42 46 46 41 41 45 45 47 47 48 48 45 45 48 48 43 43 49 49 48 48 47 47 49 49 47 47 50 50 51 51 52 52 53 53 51 51 53 53 54 54 51 51 54 54 55 55 53 53 56 56 54 54 54 54 57 57 55 55 52 52 58 58 53 53</p>
                </polylist>
            </mesh>
        </geometry>
        <geometry id="meshMesh8_2">
            <mesh>
                <source id="pointsMesh8_2">
                    <float_array id="pointarrayMesh8_2" count="177">5478 1536 4506 5478 1024 4506 5478 1024 4710 5478 1536 4710 5274 1536 4506 5274 1024 4506 5478 1536 4710 5478 1024 4710 5274 1024 4710 5274 1536 4710 5478 1024 4506 5274 1024 4710 5478 1024 4710 5274 1024 4506 5888 1024 5120 5632 1536 4864 5120 1536 4864 5120 1536 4864 5632 1536 4864 5478 1536 4710 5632 1536 4352 5478 1536 4506 5274 1536 4506 5274 1536 4710 5120 1536 4352 5888 1024 4096 5632 1536 4864 5888 1024 5120 5632 1536 4352 -3503 960 111 -3187 960 -115 -3231 960 -159 4864 1024 5120 4864 1024 5120 4864 1024 4096 5120 1536 4864 4864 1024 4096 5632 1536 4352 5888 1024 4096 5120 1536 4352 -3458 960 156 -3186 896 -114 -3458 896 156 -3142 832 -69 -3413 896 201 -3413 832 201 -3142 896 -69 -3368 832 246 -3097 832 -24 -3097 768 -24 -3368 768 246 -3503 768 111 -3368 768 246 -3413 832 201 -3458 896 156 -3503 960 111 -3413 896 201 -3458 960 156 -3368 832 246</float_array>
                    <technique_common>
                        <accessor count="59" source="#pointarrayMesh8_2" stride="3">
                            <param name="X" type="float"/>
                            <param name="Y" type="float"/>
                            <param name="Z" type="float"/>
                        </accessor>
                    </technique_common>
                </source>
                <source id="uvsMesh8_2">
                    <float_array id="uvarrayMesh8_2" count="118">3.462890625 0.033203125 3.462890625 1 4.4609375 1 4.4609375 0.033203125 2.46484375 0.033203125 2.462890625 1 0.466796875 0.033203125 0.46875 1 1.466796875 1 1.466796875 0.033203125 0 1 0.767578125 0.232421875 0.767578125 1 0 0.232421875 1.466796875 -0.08203125 0.966796875 1 0 1 0 0.033203125 0.966796875 0.033203125 0.66796875 0.33203125 0.966796875 1 0.66796875 0.732421875 0.267578125 0.732421875 0.267578125 0.33203125 0 1 1.470703125 -0.08203125 -0.025390625 1 -0.5234375 -0.08203125 0.97265625 1 -0.90234375 1.12890625 0.966796875 0.912109375 0.966796875 1.130859375 -0.529296875 -0.08203125 1.46484375 -0.08203125 -0.52734375 -0.08203125 0.966796875 1 1.466796875 -0.08203125 0 1 -0.529296875 -0.08203125 0.966796875 1 -0.90234375 0.912109375 0.966796875 0.69140625 -0.90234375 0.69140625 0.966796875 0.251953125 -0.90234375 0.47265625 -0.90234375 0.251953125 0.966796875 0.47265625 -0.90234375 0.033203125 0.966796875 0.033203125 0.966796875 -0.185546875 -0.90234375 -0.185546875 0 0.033203125 1 0.033203125 0.65625 0.37890625 0.310546875 0.7265625 0 1.072265625 0.65625 0.7265625 0.310546875 1.072265625 1 0.37890625</float_array>
                    <technique_common>
                        <accessor count="59" source="#uvarrayMesh8_2" stride="2">
                            <param name="S" type="float"/>
                            <param name="T" type="float"/>
                        </accessor>
                    </technique_common>
                </source>
                <vertices id="verticesMesh8_2">
                    <input semantic="POSITION" source="#pointsMesh8_2"/>
                </vertices>
                <polylist count="44" material="Material1">
                    <input offset="0" semantic="VERTEX" source="#verticesMesh8_2"/>
                    <input offset="1" semantic="TEXCOORD" source="#uvsMesh8_2" set="0"/>
                    <vcount>3 3 3 3 3 3 3 3 3 3 3 3 3 3 3 3 3 3 3 3 3 3 3 3 3 3 3 3 3 3 3 3 3 3 3 3 3 3 3 3 3 3 3 3</vcount>
                    <p>0 0 1 1 2 2 0 0 2 2 3 3 4 4 1 1 0 0 4 4 5 5 1 1 6 6 7 7 8 8 6 6 8 8 9 9 9 9 8 8 5 5 9 9 5 5 4 4 10 10 11 11 12 12 10 10 13 13 11 11 14 14 15 15 16 16 17 17 18 18 19 19 18 18 20 20 21 21 18 18 21 21 19 19 20 20 22 22 21 21 17 17 19 19 23 23 20 20 24 24 22 22 24 24 17 17 23 23 24 24 23 23 22 22 25 25 26 26 27 27 25 25 28 28 26 26 29 29 30 30 31 31 14 14 16 16 32 32 33 33 24 24 34 34 33 33 35 35 24 24 36 36 37 37 38 38 36 36 39 39 37 37 29 29 40 40 30 30 41 41 30 30 40 40 41 41 40 40 42 42 43 43 44 44 45 45 43 43 46 46 44 44 42 42 44 44 46 46 42 42 46 46 41 41 45 45 47 47 48 48 45 45 48 48 43 43 49 49 48 48 47 47 49 49 47 47 50 50 51 51 52 52 53 53 51 51 53 53 54 54 51 51 54 54 55 55 53 53 56 56 54 54 54 54 57 57 55 55 52 52 58 58 53 53</p>
                </polylist>
            </mesh>
        </geometry>
        <geometry id="meshMesh8_VC2">
            <mesh>
                <source id="pointsMesh8_VC2">
                    <float_array id="pointarrayMesh8_VC2" count="177">5478 1536 4506 5478 1024 4506 5478 1024 4710 5478 1536 4710 5274 1536 4506 5274 1024 4506 5478 1536 4710 5478 1024 4710 5274 1024 4710 5274 1536 4710 5478 1024 4506 5274 1024 4710 5478 1024 4710 5274 1024 4506 5888 1024 5120 5632 1536 4864 5120 1536 4864 5120 1536 4864 5632 1536 4864 5478 1536 4710 5632 1536 4352 5478 1536 4506 5274 1536 4506 5274 1536 4710 5120 1536 4352 5888 1024 4096 5632 1536 4864 5888 1024 5120 5632 1536 4352 -3503 960 111 -3187 960 -115 -3231 960 -159 4864 1024 5120 4864 1024 5120 4864 1024 4096 5120 1536 4864 4864 1024 4096 5632 1536 4352 5888 1024 4096 5120 1536 4352 -3458 960 156 -3186 896 -114 -3458 896 156 -3142 832 -69 -3413 896 201 -3413 832 201 -3142 896 -69 -3368 832 246 -3097 832 -24 -3097 768 -24 -3368 768 246 -3503 768 111 -3368 768 246 -3413 832 201 -3458 896 156 -3503 960 111 -3413 896 201 -3458 960 156 -3368 832 246</float_array>
                    <technique_common>
                        <accessor count="59" source="#pointarrayMesh8_VC2" stride="3">
                            <param name="X" type="float"/>
                            <param name="Y" type="float"/>
                            <param name="Z" type="float"/>
                        </accessor>
                    </technique_common>
                </source>
                <source id="uvsMesh8_VC2">
                    <float_array id="uvarrayMesh8_VC2" count="264">0.03125 0.75 0.03125 0.75 0.03125 0.75 0.03125 0.75 0.03125 0.75 0.03125 0.75 0.03125 0.75 0.03125 0.75 0.03125 0.75 0.03125 0.75 0.03125 0.75 0.03125 0.75 0.03125 0.75 0.03125 0.75 0.03125 0.75 0.03125 0.75 0.03125 0.75 0.03125 0.75 0.03125 0.75 0.03125 0.75 0.03125 0.75 0.03125 0.75 0.03125 0.75 0.03125 0.75 0.03125 0.75 0.03125 0.75 0.03125 0.75 0.03125 0.75 0.03125 0.75 0.03125 0.75 0.03125 0.75 0.03125 0.75 0.03125 0.75 0.03125 0.75 0.03125 0.75 0.03125 0.75 0.03125 0.75 0.03125 0.75 0.03125 0.75 0.03125 0.75 0.03125 0.75 0.03125 0.75 0.03125 0.75 0.03125 0.75 0.03125 0.75 0.03125 0.75 0.03125 0.75 0.03125 0.75 0.03125 0.75 0.03125 0.75 0.03125 0.75 0.03125 0.75 0.03125 0.75 0.03125 0.75 0.03125 0.75 0.03125 0.75 0.03125 0.75 0.03125 0.75 0.03125 0.75 0.03125 0.75 0.03125 0.75 0.03125 0.75 0.03125 0.75 0.03125 0.75 0.03125 0.75 0.03125 0.75 0.03125 0.75 0.03125 0.75 0.03125 0.75 0.03125 0.75 0.03125 0.75 0.03125 0.75 0.03125 0.75 0.03125 0.75 0.03125 0.75 0.03125 0.75 0.03125 0.75 0.03125 0.75 0.03125 0.75 0.03125 0.75 0.03125 0.75 0.03125 0.75 0.03125 0.75 0.03125 0.75 0.03125 0.75 0.03125 0.75 0.03125 0.75 0.03125 0.75 0.03125 0.75 0.03125 0.75 0.03125 0.75 0.03125 0.75 0.03125 0.75 0.03125 0.75 0.03125 0.75 0.03125 0.75 0.03125 0.75 0.03125 0.75 0.03125 0.75 0.03125 0.75 0.03125 0.75 0.03125 0.75 0.03125 0.75 0.03125 0.75 0.03125 0.75 0.03125 0.75 0.03125 0.75 0.03125 0.75 0.03125 0.75 0.03125 0.75 0.03125 0.75 0.03125 0.75 0.03125 0.75 0.03125 0.75 0.03125 0.75 0.03125 0.75 0.03125 0.75 0.03125 0.75 0.03125 0.75 0.03125 0.75 0.03125 0.75 0.03125 0.75 0.03125 0.75 0.03125 0.75 0.03125 0.75 0.03125 0.75 0.03125 0.75 0.03125 0.75 0.03125 0.75 0.03125 0.75 0.03125 0.75 0.03125 0.75</float_array>
                    <technique_common>
                        <accessor count="132" source="#uvarrayMesh8_VC2" stride="2">
                            <param name="S" type="float"/>
                            <param name="T" type="float"/>
                        </accessor>
                    </technique_common>
                </source>
                <vertices id="verticesMesh8_VC2">
                    <input semantic="POSITION" source="#pointsMesh8_VC2"/>
                </vertices>
                <polylist count="44" material="Material1">
                    <input offset="0" semantic="VERTEX" source="#verticesMesh8_VC2"/>
                    <input offset="1" semantic="TEXCOORD" source="#uvsMesh8_VC2" set="0"/>
                    <vcount>3 3 3 3 3 3 3 3 3 3 3 3 3 3 3 3 3 3 3 3 3 3 3 3 3 3 3 3 3 3 3 3 3 3 3 3 3 3 3 3 3 3 3 3</vcount>
                    <p>0 0 1 1 2 2 0 3 2 4 3 5 4 6 1 7 0 8 4 9 5 10 1 11 6 12 7 13 8 14 6 15 8 16 9 17 9 18 8 19 5 20 9 21 5 22 4 23 10 24 11 25 12 26 10 27 13 28 11 29 14 30 15 31 16 32 17 33 18 34 19 35 18 36 20 37 21 38 18 39 21 40 19 41 20 42 22 43 21 44 17 45 19 46 23 47 20 48 24 49 22 50 24 51 17 52 23 53 24 54 23 55 22 56 25 57 26 58 27 59 25 60 28 61 26 62 29 63 30 64 31 65 14 66 16 67 32 68 33 69 24 70 34 71 33 72 35 73 24 74 36 75 37 76 38 77 36 78 39 79 37 80 29 81 40 82 30 83 41 84 30 85 40 86 41 87 40 88 42 89 43 90 44 91 45 92 43 93 46 94 44 95 42 96 44 97 46 98 42 99 46 100 41 101 45 102 47 103 48 104 45 105 48 106 43 107 49 108 48 109 47 110 49 111 47 112 50 113 51 114 52 115 53 116 51 117 53 118 54 119 51 120 54 121 55 122 53 123 56 124 54 125 54 126 57 127 55 128 52 129 58 130 53 131</p>
                </polylist>
            </mesh>
        </geometry>
        <geometry id="meshMesh9_1">
            <mesh>
                <source id="pointsMesh9_1">
                    <float_array id="pointarrayMesh9_1" count="54">-6677 1075 -3554 -6537 1075 -3167 -6405 1075 -3324 1879 819 6421 2151 819 6650 2081 819 6456 1747 819 6579 1817 819 6772 2019 819 6807 -6133 1075 -5503 -6194 1075 -5152 -5993 1075 -5116 -5861 1075 -5273 -5931 1075 -5468 -6265 1075 -5344 -6739 1075 -3202 -6809 1075 -3395 -6475 1075 -3518</float_array>
                    <technique_common>
                        <accessor count="18" source="#pointarrayMesh9_1" stride="3">
                            <param name="X" type="float"/>
                            <param name="Y" type="float"/>
                            <param name="Z" type="float"/>
                        </accessor>
                    </technique_common>
                </source>
                <source id="uvsMesh9_1">
                    <float_array id="uvarrayMesh9_1" count="36">-1.02734375 4.5234375 2.962890625 -2.423828125 4.958984375 1 -1.02734375 4.5234375 4.958984375 1 2.962890625 4.5234375 -3.0234375 1 -1.02734375 -2.423828125 2.962890625 -2.423828125 -1.02734375 4.5234375 -1.02734375 -2.423828125 2.962890625 -2.423828125 4.958984375 1 2.962890625 4.5234375 -3.0234375 1 -1.02734375 -2.423828125 -3.0234375 1 2.962890625 4.5234375</float_array>
                    <technique_common>
                        <accessor count="18" source="#uvarrayMesh9_1" stride="2">
                            <param name="S" type="float"/>
                            <param name="T" type="float"/>
                        </accessor>
                    </technique_common>
                </source>
                <vertices id="verticesMesh9_1">
                    <input semantic="POSITION" source="#pointsMesh9_1"/>
                </vertices>
                <polylist count="12" material="Material1">
                    <input offset="0" semantic="VERTEX" source="#verticesMesh9_1"/>
                    <input offset="1" semantic="TEXCOORD" source="#uvsMesh9_1" set="0"/>
                    <vcount>3 3 3 3 3 3 3 3 3 3 3 3</vcount>
                    <p>0 0 1 1 2 2 3 3 4 4 5 5 3 3 6 6 7 7 3 3 7 7 8 8 3 3 8 8 4 4 9 9 10 10 11 11 9 9 12 12 13 13 9 9 11 11 12 12 9 9 14 14 10 10 0 0 15 15 1 1 0 0 16 16 15 15 0 0 2 2 17 17</p>
                </polylist>
            </mesh>
        </geometry>
        <geometry id="meshMesh9_2">
            <mesh>
                <source id="pointsMesh9_2">
                    <float_array id="pointarrayMesh9_2" count="54">-6677 1075 -3554 -6537 1075 -3167 -6405 1075 -3324 1879 819 6421 2151 819 6650 2081 819 6456 1747 819 6579 1817 819 6772 2019 819 6807 -6133 1075 -5503 -6194 1075 -5152 -5993 1075 -5116 -5861 1075 -5273 -5931 1075 -5468 -6265 1075 -5344 -6739 1075 -3202 -6809 1075 -3395 -6475 1075 -3518</float_array>
                    <technique_common>
                        <accessor count="18" source="#pointarrayMesh9_2" stride="3">
                            <param name="X" type="float"/>
                            <param name="Y" type="float"/>
                            <param name="Z" type="float"/>
                        </accessor>
                    </technique_common>
                </source>
                <source id="uvsMesh9_2">
                    <float_array id="uvarrayMesh9_2" count="36">-1.02734375 4.5234375 2.962890625 -2.423828125 4.958984375 1 -1.02734375 4.5234375 4.958984375 1 2.962890625 4.5234375 -3.0234375 1 -1.02734375 -2.423828125 2.962890625 -2.423828125 -1.02734375 4.5234375 -1.02734375 -2.423828125 2.962890625 -2.423828125 4.958984375 1 2.962890625 4.5234375 -3.0234375 1 -1.02734375 -2.423828125 -3.0234375 1 2.962890625 4.5234375</float_array>
                    <technique_common>
                        <accessor count="18" source="#uvarrayMesh9_2" stride="2">
                            <param name="S" type="float"/>
                            <param name="T" type="float"/>
                        </accessor>
                    </technique_common>
                </source>
                <vertices id="verticesMesh9_2">
                    <input semantic="POSITION" source="#pointsMesh9_2"/>
                </vertices>
                <polylist count="12" material="Material1">
                    <input offset="0" semantic="VERTEX" source="#verticesMesh9_2"/>
                    <input offset="1" semantic="TEXCOORD" source="#uvsMesh9_2" set="0"/>
                    <vcount>3 3 3 3 3 3 3 3 3 3 3 3</vcount>
                    <p>0 0 1 1 2 2 3 3 4 4 5 5 3 3 6 6 7 7 3 3 7 7 8 8 3 3 8 8 4 4 9 9 10 10 11 11 9 9 12 12 13 13 9 9 11 11 12 12 9 9 14 14 10 10 0 0 15 15 1 1 0 0 16 16 15 15 0 0 2 2 17 17</p>
                </polylist>
            </mesh>
        </geometry>
        <geometry id="meshMesh9_VC2">
            <mesh>
                <source id="pointsMesh9_VC2">
                    <float_array id="pointarrayMesh9_VC2" count="54">-6677 1075 -3554 -6537 1075 -3167 -6405 1075 -3324 1879 819 6421 2151 819 6650 2081 819 6456 1747 819 6579 1817 819 6772 2019 819 6807 -6133 1075 -5503 -6194 1075 -5152 -5993 1075 -5116 -5861 1075 -5273 -5931 1075 -5468 -6265 1075 -5344 -6739 1075 -3202 -6809 1075 -3395 -6475 1075 -3518</float_array>
                    <technique_common>
                        <accessor count="18" source="#pointarrayMesh9_VC2" stride="3">
                            <param name="X" type="float"/>
                            <param name="Y" type="float"/>
                            <param name="Z" type="float"/>
                        </accessor>
                    </technique_common>
                </source>
                <source id="uvsMesh9_VC2">
                    <float_array id="uvarrayMesh9_VC2" count="72">0.03125 0.75 0.03125 0.75 0.03125 0.75 0.03125 0.75 0.03125 0.75 0.03125 0.75 0.03125 0.75 0.03125 0.75 0.03125 0.75 0.03125 0.75 0.03125 0.75 0.03125 0.75 0.03125 0.75 0.03125 0.75 0.03125 0.75 0.03125 0.75 0.03125 0.75 0.03125 0.75 0.03125 0.75 0.03125 0.75 0.03125 0.75 0.03125 0.75 0.03125 0.75 0.03125 0.75 0.03125 0.75 0.03125 0.75 0.03125 0.75 0.03125 0.75 0.03125 0.75 0.03125 0.75 0.03125 0.75 0.03125 0.75 0.03125 0.75 0.03125 0.75 0.03125 0.75 0.03125 0.75</float_array>
                    <technique_common>
                        <accessor count="36" source="#uvarrayMesh9_VC2" stride="2">
                            <param name="S" type="float"/>
                            <param name="T" type="float"/>
                        </accessor>
                    </technique_common>
                </source>
                <vertices id="verticesMesh9_VC2">
                    <input semantic="POSITION" source="#pointsMesh9_VC2"/>
                </vertices>
                <polylist count="12" material="Material1">
                    <input offset="0" semantic="VERTEX" source="#verticesMesh9_VC2"/>
                    <input offset="1" semantic="TEXCOORD" source="#uvsMesh9_VC2" set="0"/>
                    <vcount>3 3 3 3 3 3 3 3 3 3 3 3</vcount>
                    <p>0 0 1 1 2 2 3 3 4 4 5 5 3 6 6 7 7 8 3 9 7 10 8 11 3 12 8 13 4 14 9 15 10 16 11 17 9 18 12 19 13 20 9 21 11 22 12 23 9 24 14 25 10 26 0 27 15 28 1 29 0 30 16 31 15 32 0 33 2 34 17 35</p>
                </polylist>
            </mesh>
        </geometry>
        <geometry id="meshMesh10_1">
            <mesh>
                <source id="pointsMesh10_1">
                    <float_array id="pointarrayMesh10_1" count="216">2151 768 6650 2151 819 6650 2019 819 6807 1747 768 6579 1747 819 6579 1879 819 6421 1879 768 6421 1879 768 6421 1879 819 6421 2081 819 6456 2081 768 6456 2081 768 6456 2151 819 6650 2151 768 6650 2081 819 6456 -6265 1024 -5344 -6265 1075 -5344 -6133 1075 -5503 2019 768 6807 2019 768 6807 2019 819 6807 1817 819 6772 1817 768 6772 1817 768 6772 1817 819 6772 1747 819 6579 1747 768 6579 -6133 1024 -5503 -5993 1024 -5116 -6194 1075 -5152 -6194 1024 -5152 -6133 1024 -5503 -5931 1075 -5468 -5931 1024 -5468 -6133 1075 -5503 -5931 1024 -5468 -5931 1075 -5468 -5861 1075 -5273 -5861 1024 -5273 -5861 1024 -5273 -5861 1075 -5273 -5993 1075 -5116 -5993 1024 -5116 -6677 1024 -3554 -6475 1075 -3518 -6475 1024 -3518 -5993 1075 -5116 -6194 1024 -5152 -6194 1075 -5152 -6265 1075 -5344 -6265 1024 -5344 -6809 1024 -3395 -6809 1075 -3395 -6677 1075 -3554 -6677 1024 -3554 -6677 1075 -3554 -6739 1024 -3202 -6739 1075 -3202 -6809 1075 -3395 -6475 1024 -3518 -6405 1075 -3324 -6405 1024 -3324 -6475 1075 -3518 -6405 1024 -3324 -6405 1075 -3324 -6537 1075 -3167 -6537 1024 -3167 -6537 1024 -3167 -6739 1075 -3202 -6739 1024 -3202 -6537 1075 -3167 -6809 1024 -3395</float_array>
                    <technique_common>
                        <accessor count="72" source="#pointarrayMesh10_1" stride="3">
                            <param name="X" type="float"/>
                            <param name="Y" type="float"/>
                            <param name="Z" type="float"/>
                        </accessor>
                    </technique_common>
                </source>
                <source id="uvsMesh10_1">
                    <float_array id="uvarrayMesh10_1" count="144">3.9609375 0.033203125 3.9609375 1 0 1 3.4609375 0.033203125 3.4609375 1 -0.345703125 1 -0.345703125 0.033203125 3.9609375 0.033203125 3.9609375 1 -0.208984375 1 -0.208984375 0.033203125 3.9609375 0.033203125 0 1 0 0.033203125 3.9609375 1 3.4609375 0.033203125 3.4609375 1 -0.345703125 1 0 0.033203125 3.9609375 0.033203125 3.9609375 1 0 1 0 0.033203125 3.9609375 0.033203125 3.9609375 1 0 1 0 0.033203125 -0.345703125 0.033203125 3.9609375 0.033203125 0 1 0 0.033203125 3.9609375 0.033203125 -0.208984375 1 -0.208984375 0.033203125 3.9609375 1 3.9609375 0.033203125 3.9609375 1 0 1 0 0.033203125 3.9609375 0.033203125 3.9609375 1 0 1 0 0.033203125 3.9609375 0.033203125 -0.208984375 1 -0.208984375 0.033203125 3.9609375 1 3.9609375 0.033203125 3.9609375 1 0 1 0 0.033203125 3.4609375 0.033203125 3.4609375 1 -0.345703125 1 -0.345703125 0.033203125 3.9609375 1 3.9609375 0.033203125 3.9609375 1 0 1 3.9609375 0.033203125 0 1 0 0.033203125 3.9609375 1 3.9609375 0.033203125 3.9609375 1 0 1 0 0.033203125 3.9609375 0.033203125 0 1 0 0.033203125 3.9609375 1 0 0.033203125</float_array>
                    <technique_common>
                        <accessor count="72" source="#uvarrayMesh10_1" stride="2">
                            <param name="S" type="float"/>
                            <param name="T" type="float"/>
                        </accessor>
                    </technique_common>
                </source>
                <vertices id="verticesMesh10_1">
                    <input semantic="POSITION" source="#pointsMesh10_1"/>
                </vertices>
                <polylist count="36" material="Material1">
                    <input offset="0" semantic="VERTEX" source="#verticesMesh10_1"/>
                    <input offset="1" semantic="TEXCOORD" source="#uvsMesh10_1" set="0"/>
                    <vcount>3 3 3 3 3 3 3 3 3 3 3 3 3 3 3 3 3 3 3 3 3 3 3 3 3 3 3 3 3 3 3 3 3 3 3 3</vcount>
                    <p>0 0 1 1 2 2 3 3 4 4 5 5 3 3 5 5 6 6 7 7 8 8 9 9 7 7 9 9 10 10 11 11 12 12 13 13 11 11 14 14 12 12 15 15 16 16 17 17 0 0 2 2 18 18 19 19 20 20 21 21 19 19 21 21 22 22 23 23 24 24 25 25 23 23 25 25 26 26 15 15 17 17 27 27 28 28 29 29 30 30 31 31 32 32 33 33 31 31 34 34 32 32 35 35 36 36 37 37 35 35 37 37 38 38 39 39 40 40 41 41 39 39 41 41 42 42 43 43 44 44 45 45 28 28 46 46 29 29 47 47 48 48 49 49 47 47 49 49 50 50 51 51 52 52 53 53 51 51 53 53 54 54 43 43 55 55 44 44 56 56 57 57 58 58 59 59 60 60 61 61 59 59 62 62 60 60 63 63 64 64 65 65 63 63 65 65 66 66 67 67 68 68 69 69 67 67 70 70 68 68 56 56 58 58 71 71</p>
                </polylist>
            </mesh>
        </geometry>
        <geometry id="meshMesh10_2">
            <mesh>
                <source id="pointsMesh10_2">
                    <float_array id="pointarrayMesh10_2" count="216">2151 768 6650 2151 819 6650 2019 819 6807 1747 768 6579 1747 819 6579 1879 819 6421 1879 768 6421 1879 768 6421 1879 819 6421 2081 819 6456 2081 768 6456 2081 768 6456 2151 819 6650 2151 768 6650 2081 819 6456 -6265 1024 -5344 -6265 1075 -5344 -6133 1075 -5503 2019 768 6807 2019 768 6807 2019 819 6807 1817 819 6772 1817 768 6772 1817 768 6772 1817 819 6772 1747 819 6579 1747 768 6579 -6133 1024 -5503 -5993 1024 -5116 -6194 1075 -5152 -6194 1024 -5152 -6133 1024 -5503 -5931 1075 -5468 -5931 1024 -5468 -6133 1075 -5503 -5931 1024 -5468 -5931 1075 -5468 -5861 1075 -5273 -5861 1024 -5273 -5861 1024 -5273 -5861 1075 -5273 -5993 1075 -5116 -5993 1024 -5116 -6677 1024 -3554 -6475 1075 -3518 -6475 1024 -3518 -5993 1075 -5116 -6194 1024 -5152 -6194 1075 -5152 -6265 1075 -5344 -6265 1024 -5344 -6809 1024 -3395 -6809 1075 -3395 -6677 1075 -3554 -6677 1024 -3554 -6677 1075 -3554 -6739 1024 -3202 -6739 1075 -3202 -6809 1075 -3395 -6475 1024 -3518 -6405 1075 -3324 -6405 1024 -3324 -6475 1075 -3518 -6405 1024 -3324 -6405 1075 -3324 -6537 1075 -3167 -6537 1024 -3167 -6537 1024 -3167 -6739 1075 -3202 -6739 1024 -3202 -6537 1075 -3167 -6809 1024 -3395</float_array>
                    <technique_common>
                        <accessor count="72" source="#pointarrayMesh10_2" stride="3">
                            <param name="X" type="float"/>
                            <param name="Y" type="float"/>
                            <param name="Z" type="float"/>
                        </accessor>
                    </technique_common>
                </source>
                <source id="uvsMesh10_2">
                    <float_array id="uvarrayMesh10_2" count="144">3.9609375 0.033203125 3.9609375 1 0 1 3.4609375 0.033203125 3.4609375 1 -0.345703125 1 -0.345703125 0.033203125 3.9609375 0.033203125 3.9609375 1 -0.208984375 1 -0.208984375 0.033203125 3.9609375 0.033203125 0 1 0 0.033203125 3.9609375 1 3.4609375 0.033203125 3.4609375 1 -0.345703125 1 0 0.033203125 3.9609375 0.033203125 3.9609375 1 0 1 0 0.033203125 3.9609375 0.033203125 3.9609375 1 0 1 0 0.033203125 -0.345703125 0.033203125 3.9609375 0.033203125 0 1 0 0.033203125 3.9609375 0.033203125 -0.208984375 1 -0.208984375 0.033203125 3.9609375 1 3.9609375 0.033203125 3.9609375 1 0 1 0 0.033203125 3.9609375 0.033203125 3.9609375 1 0 1 0 0.033203125 3.9609375 0.033203125 -0.208984375 1 -0.208984375 0.033203125 3.9609375 1 3.9609375 0.033203125 3.9609375 1 0 1 0 0.033203125 3.4609375 0.033203125 3.4609375 1 -0.345703125 1 -0.345703125 0.033203125 3.9609375 1 3.9609375 0.033203125 3.9609375 1 0 1 3.9609375 0.033203125 0 1 0 0.033203125 3.9609375 1 3.9609375 0.033203125 3.9609375 1 0 1 0 0.033203125 3.9609375 0.033203125 0 1 0 0.033203125 3.9609375 1 0 0.033203125</float_array>
                    <technique_common>
                        <accessor count="72" source="#uvarrayMesh10_2" stride="2">
                            <param name="S" type="float"/>
                            <param name="T" type="float"/>
                        </accessor>
                    </technique_common>
                </source>
                <vertices id="verticesMesh10_2">
                    <input semantic="POSITION" source="#pointsMesh10_2"/>
                </vertices>
                <polylist count="36" material="Material1">
                    <input offset="0" semantic="VERTEX" source="#verticesMesh10_2"/>
                    <input offset="1" semantic="TEXCOORD" source="#uvsMesh10_2" set="0"/>
                    <vcount>3 3 3 3 3 3 3 3 3 3 3 3 3 3 3 3 3 3 3 3 3 3 3 3 3 3 3 3 3 3 3 3 3 3 3 3</vcount>
                    <p>0 0 1 1 2 2 3 3 4 4 5 5 3 3 5 5 6 6 7 7 8 8 9 9 7 7 9 9 10 10 11 11 12 12 13 13 11 11 14 14 12 12 15 15 16 16 17 17 0 0 2 2 18 18 19 19 20 20 21 21 19 19 21 21 22 22 23 23 24 24 25 25 23 23 25 25 26 26 15 15 17 17 27 27 28 28 29 29 30 30 31 31 32 32 33 33 31 31 34 34 32 32 35 35 36 36 37 37 35 35 37 37 38 38 39 39 40 40 41 41 39 39 41 41 42 42 43 43 44 44 45 45 28 28 46 46 29 29 47 47 48 48 49 49 47 47 49 49 50 50 51 51 52 52 53 53 51 51 53 53 54 54 43 43 55 55 44 44 56 56 57 57 58 58 59 59 60 60 61 61 59 59 62 62 60 60 63 63 64 64 65 65 63 63 65 65 66 66 67 67 68 68 69 69 67 67 70 70 68 68 56 56 58 58 71 71</p>
                </polylist>
            </mesh>
        </geometry>
        <geometry id="meshMesh10_VC2">
            <mesh>
                <source id="pointsMesh10_VC2">
                    <float_array id="pointarrayMesh10_VC2" count="216">2151 768 6650 2151 819 6650 2019 819 6807 1747 768 6579 1747 819 6579 1879 819 6421 1879 768 6421 1879 768 6421 1879 819 6421 2081 819 6456 2081 768 6456 2081 768 6456 2151 819 6650 2151 768 6650 2081 819 6456 -6265 1024 -5344 -6265 1075 -5344 -6133 1075 -5503 2019 768 6807 2019 768 6807 2019 819 6807 1817 819 6772 1817 768 6772 1817 768 6772 1817 819 6772 1747 819 6579 1747 768 6579 -6133 1024 -5503 -5993 1024 -5116 -6194 1075 -5152 -6194 1024 -5152 -6133 1024 -5503 -5931 1075 -5468 -5931 1024 -5468 -6133 1075 -5503 -5931 1024 -5468 -5931 1075 -5468 -5861 1075 -5273 -5861 1024 -5273 -5861 1024 -5273 -5861 1075 -5273 -5993 1075 -5116 -5993 1024 -5116 -6677 1024 -3554 -6475 1075 -3518 -6475 1024 -3518 -5993 1075 -5116 -6194 1024 -5152 -6194 1075 -5152 -6265 1075 -5344 -6265 1024 -5344 -6809 1024 -3395 -6809 1075 -3395 -6677 1075 -3554 -6677 1024 -3554 -6677 1075 -3554 -6739 1024 -3202 -6739 1075 -3202 -6809 1075 -3395 -6475 1024 -3518 -6405 1075 -3324 -6405 1024 -3324 -6475 1075 -3518 -6405 1024 -3324 -6405 1075 -3324 -6537 1075 -3167 -6537 1024 -3167 -6537 1024 -3167 -6739 1075 -3202 -6739 1024 -3202 -6537 1075 -3167 -6809 1024 -3395</float_array>
                    <technique_common>
                        <accessor count="72" source="#pointarrayMesh10_VC2" stride="3">
                            <param name="X" type="float"/>
                            <param name="Y" type="float"/>
                            <param name="Z" type="float"/>
                        </accessor>
                    </technique_common>
                </source>
                <source id="uvsMesh10_VC2">
                    <float_array id="uvarrayMesh10_VC2" count="216">0.03125 0.75 0.03125 0.75 0.03125 0.75 0.03125 0.75 0.03125 0.75 0.03125 0.75 0.03125 0.75 0.03125 0.75 0.03125 0.75 0.03125 0.75 0.03125 0.75 0.03125 0.75 0.03125 0.75 0.03125 0.75 0.03125 0.75 0.03125 0.75 0.03125 0.75 0.03125 0.75 0.03125 0.75 0.03125 0.75 0.03125 0.75 0.03125 0.75 0.03125 0.75 0.03125 0.75 0.03125 0.75 0.03125 0.75 0.03125 0.75 0.03125 0.75 0.03125 0.75 0.03125 0.75 0.03125 0.75 0.03125 0.75 0.03125 0.75 0.03125 0.75 0.03125 0.75 0.03125 0.75 0.03125 0.75 0.03125 0.75 0.03125 0.75 0.03125 0.75 0.03125 0.75 0.03125 0.75 0.03125 0.75 0.03125 0.75 0.03125 0.75 0.03125 0.75 0.03125 0.75 0.03125 0.75 0.03125 0.75 0.03125 0.75 0.03125 0.75 0.03125 0.75 0.03125 0.75 0.03125 0.75 0.03125 0.75 0.03125 0.75 0.03125 0.75 0.03125 0.75 0.03125 0.75 0.03125 0.75 0.03125 0.75 0.03125 0.75 0.03125 0.75 0.03125 0.75 0.03125 0.75 0.03125 0.75 0.03125 0.75 0.03125 0.75 0.03125 0.75 0.03125 0.75 0.03125 0.75 0.03125 0.75 0.03125 0.75 0.03125 0.75 0.03125 0.75 0.03125 0.75 0.03125 0.75 0.03125 0.75 0.03125 0.75 0.03125 0.75 0.03125 0.75 0.03125 0.75 0.03125 0.75 0.03125 0.75 0.03125 0.75 0.03125 0.75 0.03125 0.75 0.03125 0.75 0.03125 0.75 0.03125 0.75 0.03125 0.75 0.03125 0.75 0.03125 0.75 0.03125 0.75 0.03125 0.75 0.03125 0.75 0.03125 0.75 0.03125 0.75 0.03125 0.75 0.03125 0.75 0.03125 0.75 0.03125 0.75 0.03125 0.75 0.03125 0.75 0.03125 0.75 0.03125 0.75 0.03125 0.75 0.03125 0.75</float_array>
                    <technique_common>
                        <accessor count="108" source="#uvarrayMesh10_VC2" stride="2">
                            <param name="S" type="float"/>
                            <param name="T" type="float"/>
                        </accessor>
                    </technique_common>
                </source>
                <vertices id="verticesMesh10_VC2">
                    <input semantic="POSITION" source="#pointsMesh10_VC2"/>
                </vertices>
                <polylist count="36" material="Material1">
                    <input offset="0" semantic="VERTEX" source="#verticesMesh10_VC2"/>
                    <input offset="1" semantic="TEXCOORD" source="#uvsMesh10_VC2" set="0"/>
                    <vcount>3 3 3 3 3 3 3 3 3 3 3 3 3 3 3 3 3 3 3 3 3 3 3 3 3 3 3 3 3 3 3 3 3 3 3 3</vcount>
                    <p>0 0 1 1 2 2 3 3 4 4 5 5 3 6 5 7 6 8 7 9 8 10 9 11 7 12 9 13 10 14 11 15 12 16 13 17 11 18 14 19 12 20 15 21 16 22 17 23 0 24 2 25 18 26 19 27 20 28 21 29 19 30 21 31 22 32 23 33 24 34 25 35 23 36 25 37 26 38 15 39 17 40 27 41 28 42 29 43 30 44 31 45 32 46 33 47 31 48 34 49 32 50 35 51 36 52 37 53 35 54 37 55 38 56 39 57 40 58 41 59 39 60 41 61 42 62 43 63 44 64 45 65 28 66 46 67 29 68 47 69 48 70 49 71 47 72 49 73 50 74 51 75 52 76 53 77 51 78 53 79 54 80 43 81 55 82 44 83 56 84 57 85 58 86 59 87 60 88 61 89 59 90 62 91 60 92 63 93 64 94 65 95 63 96 65 97 66 98 67 99 68 100 69 101 67 102 70 103 68 104 56 105 58 106 71 107</p>
                </polylist>
            </mesh>
        </geometry>
        <geometry id="meshMesh11_1">
            <mesh>
                <source id="pointsMesh11_1">
                    <float_array id="pointarrayMesh11_1" count="60">2276 802 4352 2276 802 4438 2276 888 4438 -4466 1052 -1975 -4402 1138 -2033 -4466 1138 -1975 -4401 1052 -2033 -3543 857 -4185 -3465 943 -4226 -3544 943 -4190 -3464 856 -4221 -4247 1058 -763 -4186 1058 -824 -4186 1144 -824 -4247 1144 -763 6205 907 -1524 6267 907 -1584 6267 993 -1584 2276 888 4352 6205 993 -1524</float_array>
                    <technique_common>
                        <accessor count="20" source="#pointarrayMesh11_1" stride="3">
                            <param name="X" type="float"/>
                            <param name="Y" type="float"/>
                            <param name="Z" type="float"/>
                        </accessor>
                    </technique_common>
                </source>
                <source id="uvsMesh11_1">
                    <float_array id="uvarrayMesh11_1" count="40">0.966796875 0.033203125 0 0.033203125 0 1 0 0.033203125 0.966796875 1 0 1 0.966796875 0.033203125 0 0.033203125 0.966796875 1 0 1 0.966796875 0.033203125 0 0.033203125 0.966796875 0.033203125 0.966796875 1 0 1 0.966796875 0.033203125 -0.0234375 0.033203125 -0.0234375 1.0234375 0.966796875 1 0.966796875 1.0234375</float_array>
                    <technique_common>
                        <accessor count="20" source="#uvarrayMesh11_1" stride="2">
                            <param name="S" type="float"/>
                            <param name="T" type="float"/>
                        </accessor>
                    </technique_common>
                </source>
                <vertices id="verticesMesh11_1">
                    <input semantic="POSITION" source="#pointsMesh11_1"/>
                </vertices>
                <polylist count="10" material="Material1">
                    <input offset="0" semantic="VERTEX" source="#verticesMesh11_1"/>
                    <input offset="1" semantic="TEXCOORD" source="#uvsMesh11_1" set="0"/>
                    <vcount>3 3 3 3 3 3 3 3 3 3</vcount>
                    <p>0 0 1 1 2 2 3 3 4 4 5 5 3 3 6 6 4 4 7 7 8 8 9 9 7 7 10 10 8 8 11 11 12 12 13 13 11 11 13 13 14 14 15 15 16 16 17 17 0 0 2 2 18 18 15 15 17 17 19 19</p>
                </polylist>
            </mesh>
        </geometry>
        <geometry id="meshMesh11_2">
            <mesh>
                <source id="pointsMesh11_2">
                    <float_array id="pointarrayMesh11_2" count="60">2276 802 4352 2276 802 4438 2276 888 4438 -4466 1052 -1975 -4402 1138 -2033 -4466 1138 -1975 -4401 1052 -2033 -3543 857 -4185 -3465 943 -4226 -3544 943 -4190 -3464 856 -4221 -4247 1058 -763 -4186 1058 -824 -4186 1144 -824 -4247 1144 -763 6205 907 -1524 6267 907 -1584 6267 993 -1584 2276 888 4352 6205 993 -1524</float_array>
                    <technique_common>
                        <accessor count="20" source="#pointarrayMesh11_2" stride="3">
                            <param name="X" type="float"/>
                            <param name="Y" type="float"/>
                            <param name="Z" type="float"/>
                        </accessor>
                    </technique_common>
                </source>
                <source id="uvsMesh11_2">
                    <float_array id="uvarrayMesh11_2" count="40">0.966796875 0.033203125 0 0.033203125 0 1 0 0.033203125 0.966796875 1 0 1 0.966796875 0.033203125 0 0.033203125 0.966796875 1 0 1 0.966796875 0.033203125 0 0.033203125 0.966796875 0.033203125 0.966796875 1 0 1 0.966796875 0.033203125 -0.0234375 0.033203125 -0.0234375 1.0234375 0.966796875 1 0.966796875 1.0234375</float_array>
                    <technique_common>
                        <accessor count="20" source="#uvarrayMesh11_2" stride="2">
                            <param name="S" type="float"/>
                            <param name="T" type="float"/>
                        </accessor>
                    </technique_common>
                </source>
                <vertices id="verticesMesh11_2">
                    <input semantic="POSITION" source="#pointsMesh11_2"/>
                </vertices>
                <polylist count="10" material="Material1">
                    <input offset="0" semantic="VERTEX" source="#verticesMesh11_2"/>
                    <input offset="1" semantic="TEXCOORD" source="#uvsMesh11_2" set="0"/>
                    <vcount>3 3 3 3 3 3 3 3 3 3</vcount>
                    <p>0 0 1 1 2 2 3 3 4 4 5 5 3 3 6 6 4 4 7 7 8 8 9 9 7 7 10 10 8 8 11 11 12 12 13 13 11 11 13 13 14 14 15 15 16 16 17 17 0 0 2 2 18 18 15 15 17 17 19 19</p>
                </polylist>
            </mesh>
        </geometry>
        <geometry id="meshMesh11_VC2">
            <mesh>
                <source id="pointsMesh11_VC2">
                    <float_array id="pointarrayMesh11_VC2" count="60">2276 802 4352 2276 802 4438 2276 888 4438 -4466 1052 -1975 -4402 1138 -2033 -4466 1138 -1975 -4401 1052 -2033 -3543 857 -4185 -3465 943 -4226 -3544 943 -4190 -3464 856 -4221 -4247 1058 -763 -4186 1058 -824 -4186 1144 -824 -4247 1144 -763 6205 907 -1524 6267 907 -1584 6267 993 -1584 2276 888 4352 6205 993 -1524</float_array>
                    <technique_common>
                        <accessor count="20" source="#pointarrayMesh11_VC2" stride="3">
                            <param name="X" type="float"/>
                            <param name="Y" type="float"/>
                            <param name="Z" type="float"/>
                        </accessor>
                    </technique_common>
                </source>
                <source id="uvsMesh11_VC2">
                    <float_array id="uvarrayMesh11_VC2" count="60">0.03125 0.75 0.03125 0.75 0.03125 0.75 0.03125 0.75 0.03125 0.75 0.03125 0.75 0.03125 0.75 0.03125 0.75 0.03125 0.75 0.03125 0.75 0.03125 0.75 0.03125 0.75 0.03125 0.75 0.03125 0.75 0.03125 0.75 0.03125 0.75 0.03125 0.75 0.03125 0.75 0.03125 0.75 0.03125 0.75 0.03125 0.75 0.03125 0.75 0.03125 0.75 0.03125 0.75 0.03125 0.75 0.03125 0.75 0.03125 0.75 0.03125 0.75 0.03125 0.75 0.03125 0.75</float_array>
                    <technique_common>
                        <accessor count="30" source="#uvarrayMesh11_VC2" stride="2">
                            <param name="S" type="float"/>
                            <param name="T" type="float"/>
                        </accessor>
                    </technique_common>
                </source>
                <vertices id="verticesMesh11_VC2">
                    <input semantic="POSITION" source="#pointsMesh11_VC2"/>
                </vertices>
                <polylist count="10" material="Material1">
                    <input offset="0" semantic="VERTEX" source="#verticesMesh11_VC2"/>
                    <input offset="1" semantic="TEXCOORD" source="#uvsMesh11_VC2" set="0"/>
                    <vcount>3 3 3 3 3 3 3 3 3 3</vcount>
                    <p>0 0 1 1 2 2 3 3 4 4 5 5 3 6 6 7 4 8 7 9 8 10 9 11 7 12 10 13 8 14 11 15 12 16 13 17 11 18 13 19 14 20 15 21 16 22 17 23 0 24 2 25 18 26 15 27 17 28 19 29</p>
                </polylist>
            </mesh>
        </geometry>
        <geometry id="meshMesh12_1">
            <mesh>
                <source id="pointsMesh12_1">
                    <float_array id="pointarrayMesh12_1" count="510">-4442 1145 -2005 -4448 1018 -2012 -4438 1018 -2008 -4445 1145 -2016 -4441 1149 -2012 -4434 1145 -2013 -4440 1018 -2019 -4445 1145 -2016 -4440 1018 -2019 -4448 1018 -2012 -4438 1018 -2008 -4434 1145 -2013 -4442 1145 -2005 -4408 1052 -2040 -4472 1138 -1982 -4408 1138 -2040 -4441 1149 -2012 -4472 1138 -1982 -4402 1138 -2033 -4408 1138 -2040 -4466 1138 -1975 -4408 1052 -2040 -4401 1052 -2033 -4466 1052 -1975 -4472 1052 -1982 -4472 1052 -1982 -3515 822 -4213 -3513 950 -4212 -3512 949 -4223 -4401 1052 -2033 -4408 1138 -2040 -4402 1138 -2033 -4408 1052 -2040 -4472 1052 -1982 -4466 1052 -1975 -4466 1138 -1975 -4472 1138 -1982 -3505 823 -4206 -3509 953 -4218 -3548 943 -4199 -3544 943 -4190 -3465 943 -4226 -3502 950 -4217 -3504 822 -4218 -3512 949 -4223 -3504 822 -4218 -3515 822 -4213 -3505 823 -4206 -3502 950 -4217 -3513 950 -4212 -3509 953 -4218 -3464 856 -4221 -3469 942 -4235 -3465 943 -4226 -3469 942 -4235 -3468 856 -4229 -3464 856 -4221 -3543 857 -4185 -3547 857 -4194 -3468 856 -4229 -3548 943 -4199 -3469 942 -4235 -3547 857 -4194 -3468 856 -4229 -4228 1151 -804 -4224 1024 -808 -4232 1024 -800 -3547 857 -4194 -3543 857 -4185 -3544 943 -4190 -3548 943 -4199 -4232 1024 -800 -4225 1151 -794 -4228 1151 -804 -4221 1024 -797 -4224 1155 -800 -4217 1151 -802 -4224 1024 -808 -4193 1058 -830 -4254 1144 -769 -4193 1144 -830 -4221 1024 -797 -4217 1151 -802 -4225 1151 -794 -4224 1155 -800 -4254 1144 -769 -4186 1144 -824 -4193 1144 -830 -4247 1144 -763 -4193 1058 -830 -4247 1058 -763 -4254 1058 -769 -4186 1058 -824 2286 802 4352 2276 888 4352 2286 888 4352 -4254 1058 -769 -4186 1058 -824 -4193 1058 -830 -4193 1144 -830 -4186 1144 -824 -4254 1058 -769 -4247 1058 -763 -4247 1144 -763 -4254 1144 -769 2276 802 4352 2286 888 4352 2276 888 4352 2276 888 4438 2276 802 4438 2286 802 4438 2286 888 4438 2276 888 4438 2286 802 4438 2286 888 4352 2286 888 4438 2286 802 4352 2286 802 4438 2276 802 4352 2286 802 4352 2276 802 4438 2286 888 4438 2286 899 4395 2283 895 4401 2292 895 4395 2283 895 4390 2283 768 4395 2292 768 4401 2292 768 4390 2286 899 4395 2283 895 4390 2283 895 4401 2283 768 4395 2292 895 4395 2292 768 4401 2292 768 4390 6221 873 -1562 6227 1000 -1555 6225 1000 -1566 6229 1004 -1562 6232 873 -1559 6236 1000 -1563 6229 873 -1570 6260 907 -1591 6267 907 -1584 6205 907 -1524 6225 1000 -1566 6229 873 -1570 6221 873 -1562 6232 873 -1559 6236 1000 -1563 6227 1000 -1555 6229 1004 -1562 6198 993 -1531 6205 993 -1524 6267 993 -1584 6260 993 -1591 6198 907 -1531 6260 907 -1591 6198 993 -1531 6260 993 -1591 6198 907 -1531 6267 907 -1584 6260 907 -1591 6260 993 -1591 6267 993 -1584 6198 907 -1531 6205 907 -1524 6205 993 -1524 6198 993 -1531</float_array>
                    <technique_common>
                        <accessor count="170" source="#pointarrayMesh12_1" stride="3">
                            <param name="X" type="float"/>
                            <param name="Y" type="float"/>
                            <param name="Z" type="float"/>
                        </accessor>
                    </technique_common>
                </source>
                <source id="uvsMesh12_1">
                    <float_array id="uvarrayMesh12_1" count="340">0.966796875 1 0.638671875 0.0234375 0.859375 0.025390625 0.525390625 1 0.734375 1.04296875 0.74609375 1.017578125 0.41796875 0.025390625 0.189453125 1.009765625 0 0.017578125 0.41015625 0.017578125 0.189453125 0.0234375 0.41015625 1 0 1 1.83984375 1 0 0.173828125 0 1 0.189453125 1.041015625 0.966796875 0.017578125 0.591796875 0.859375 0.966796875 0.859375 0.591796875 0.017578125 0.966796875 0.859375 0.591796875 0.859375 0.591796875 0.017578125 0.966796875 0.017578125 1.83984375 0.173828125 0.638671875 0.0234375 0.966796875 1 0.525390625 1 0.34375 0.017578125 0 0.953125 0.34375 0.953125 0 0.017578125 0 0.017578125 0.34375 0.017578125 0.34375 0.953125 0 0.953125 0.859375 0.025390625 0.734375 1.04296875 0.966796875 0.017578125 0.591796875 0.017578125 0.591796875 0.859375 0.74609375 1.017578125 0.41796875 0.025390625 0.189453125 1.009765625 0 0.017578125 0.41015625 0.017578125 0.189453125 0.0234375 0.41015625 1 0 1 0.189453125 1.041015625 0.34375 0.017578125 0 0.953125 0.34375 0.953125 0.966796875 0.859375 0.966796875 0.859375 0.591796875 0.859375 0.591796875 0.017578125 0.966796875 0.017578125 1.83984375 1 0 0.173828125 0 1 1.83984375 0.173828125 0 0.017578125 0.189453125 1.009765625 0 0.017578125 0.41015625 0.017578125 0 0.017578125 0.34375 0.017578125 0.34375 0.953125 0 0.953125 0.638671875 0.0234375 0.966796875 1 0.525390625 1 0.859375 0.025390625 0.734375 1.04296875 0.74609375 1.017578125 0.41796875 0.025390625 1.83984375 1 0 0.173828125 0 1 0.189453125 0.0234375 0.41015625 1 0 1 0.189453125 1.041015625 0.966796875 0.017578125 0.591796875 0.859375 0.966796875 0.859375 0.591796875 0.017578125 0.966796875 0.859375 0.591796875 0.017578125 0.966796875 0.017578125 0.591796875 0.859375 0 0.017578125 0.34375 0.953125 0 0.953125 1.83984375 0.173828125 0.34375 0.017578125 0 0.017578125 0 0.953125 0.34375 0.953125 0 0.017578125 0.34375 0.017578125 0.34375 0.953125 0 0.953125 0.34375 0.017578125 0.966796875 0.017578125 0.591796875 0.017578125 0.591796875 0.859375 0.34375 0.017578125 0 0.017578125 0 0.953125 0.34375 0.953125 1.83984375 1 0 0.173828125 0 1 1.83984375 0.173828125 0.966796875 0.859375 0.591796875 0.017578125 0.966796875 0.017578125 0.591796875 0.859375 0.966796875 0.859375 0.734375 1.04296875 0.74609375 1.017578125 0.525390625 1 0.966796875 1 0.859375 0.025390625 0.41796875 0.025390625 0.638671875 0.0234375 0.189453125 1.041015625 0 1 0.41015625 1 0.189453125 0.0234375 0.189453125 1.009765625 0 0.017578125 0.41015625 0.017578125 0.638671875 0.0234375 0.966796875 1 0.525390625 1 0.734375 1.04296875 0.859375 0.025390625 0.74609375 1.017578125 0.41796875 0.025390625 0.966796875 0.859375 0.591796875 0.859375 0.591796875 0.017578125 0.189453125 1.009765625 0 0.017578125 0.41015625 0.017578125 0.189453125 0.0234375 0.41015625 1 0 1 0.189453125 1.041015625 0.966796875 0.017578125 0.591796875 0.017578125 0.591796875 0.859375 0.966796875 0.859375 0.966796875 0.017578125 1.83984375 1 0 0.173828125 0 1 1.83984375 0.173828125 0.34375 0.017578125 0 0.017578125 0 0.953125 0.34375 0.953125 0 0.017578125 0.34375 0.017578125 0.34375 0.953125 0 0.953125</float_array>
                    <technique_common>
                        <accessor count="170" source="#uvarrayMesh12_1" stride="2">
                            <param name="S" type="float"/>
                            <param name="T" type="float"/>
                        </accessor>
                    </technique_common>
                </source>
                <vertices id="verticesMesh12_1">
                    <input semantic="POSITION" source="#pointsMesh12_1"/>
                </vertices>
                <polylist count="95" material="Material1">
                    <input offset="0" semantic="VERTEX" source="#verticesMesh12_1"/>
                    <input offset="1" semantic="TEXCOORD" source="#uvsMesh12_1" set="0"/>
                    <vcount>3 3 3 3 3 3 3 3 3 3 3 3 3 3 3 3 3 3 3 3 3 3 3 3 3 3 3 3 3 3 3 3 3 3 3 3 3 3 3 3 3 3 3 3 3 3 3 3 3 3 3 3 3 3 3 3 3 3 3 3 3 3 3 3 3 3 3 3 3 3 3 3 3 3 3 3 3 3 3 3 3 3 3 3 3 3 3 3 3 3 3 3 3 3 3</vcount>
                    <p>0 0 1 1 2 2 3 3 0 0 4 4 1 1 0 0 3 3 5 5 2 2 6 6 6 6 3 3 5 5 4 4 5 5 3 3 7 7 8 8 9 9 10 10 11 11 12 12 13 13 14 14 15 15 16 16 12 12 11 11 17 17 18 18 19 19 17 17 20 20 18 18 21 21 22 22 23 23 21 21 23 23 24 24 13 13 25 25 14 14 26 26 27 27 28 28 29 29 30 30 31 31 29 29 32 32 30 30 33 33 34 34 35 35 33 33 35 35 36 36 27 27 26 26 37 37 28 28 27 27 38 38 39 39 40 40 41 41 42 42 37 37 43 43 38 38 42 42 28 28 43 43 28 28 42 42 44 44 45 45 46 46 47 47 48 48 49 49 50 50 49 49 48 48 51 51 52 52 53 53 39 39 41 41 54 54 55 55 56 56 57 57 55 55 57 57 58 58 59 59 60 60 61 61 59 59 62 62 60 60 51 51 63 63 52 52 64 64 65 65 66 66 67 67 68 68 69 69 67 67 69 69 70 70 71 71 72 72 73 73 72 72 71 71 74 74 73 73 72 72 75 75 76 76 74 74 77 77 75 75 76 76 73 73 77 77 73 73 76 76 78 78 79 79 80 80 81 81 82 82 83 83 84 84 83 83 82 82 85 85 86 86 87 87 85 85 88 88 86 86 89 89 90 90 91 91 89 89 92 92 90 90 93 93 94 94 95 95 78 78 96 96 79 79 97 97 98 98 99 99 97 97 99 99 100 100 101 101 102 102 103 103 101 101 103 103 104 104 93 93 105 105 94 94 106 106 107 107 108 108 109 109 110 110 111 111 109 109 111 111 112 112 113 113 114 114 115 115 113 113 116 116 114 114 117 117 118 118 119 119 117 117 120 120 118 118 106 106 108 108 121 121 122 122 123 123 124 124 124 124 125 125 122 122 123 123 126 126 127 127 127 127 124 124 123 123 128 128 125 125 124 124 129 129 130 130 131 131 125 125 128 128 126 126 132 132 131 131 130 130 133 133 134 134 135 135 136 136 137 137 138 138 138 138 137 137 139 139 137 137 136 136 140 140 141 141 140 140 142 142 139 139 141 141 138 138 142 142 138 138 141 141 143 143 144 144 145 145 146 146 147 147 148 148 149 149 150 150 151 151 152 152 151 151 150 150 153 153 154 154 155 155 153 153 155 155 156 156 143 143 145 145 157 157 158 158 159 159 160 160 158 158 161 161 159 159 162 162 163 163 164 164 162 162 164 164 165 165 166 166 167 167 168 168 166 166 168 168 169 169</p>
                </polylist>
            </mesh>
        </geometry>
        <geometry id="meshMesh12_2">
            <mesh>
                <source id="pointsMesh12_2">
                    <float_array id="pointarrayMesh12_2" count="510">-4442 1145 -2005 -4448 1018 -2012 -4438 1018 -2008 -4445 1145 -2016 -4441 1149 -2012 -4434 1145 -2013 -4440 1018 -2019 -4445 1145 -2016 -4440 1018 -2019 -4448 1018 -2012 -4438 1018 -2008 -4434 1145 -2013 -4442 1145 -2005 -4408 1052 -2040 -4472 1138 -1982 -4408 1138 -2040 -4441 1149 -2012 -4472 1138 -1982 -4402 1138 -2033 -4408 1138 -2040 -4466 1138 -1975 -4408 1052 -2040 -4401 1052 -2033 -4466 1052 -1975 -4472 1052 -1982 -4472 1052 -1982 -3515 822 -4213 -3513 950 -4212 -3512 949 -4223 -4401 1052 -2033 -4408 1138 -2040 -4402 1138 -2033 -4408 1052 -2040 -4472 1052 -1982 -4466 1052 -1975 -4466 1138 -1975 -4472 1138 -1982 -3505 823 -4206 -3509 953 -4218 -3548 943 -4199 -3544 943 -4190 -3465 943 -4226 -3502 950 -4217 -3504 822 -4218 -3512 949 -4223 -3504 822 -4218 -3515 822 -4213 -3505 823 -4206 -3502 950 -4217 -3513 950 -4212 -3509 953 -4218 -3464 856 -4221 -3469 942 -4235 -3465 943 -4226 -3469 942 -4235 -3468 856 -4229 -3464 856 -4221 -3543 857 -4185 -3547 857 -4194 -3468 856 -4229 -3548 943 -4199 -3469 942 -4235 -3547 857 -4194 -3468 856 -4229 -4228 1151 -804 -4224 1024 -808 -4232 1024 -800 -3547 857 -4194 -3543 857 -4185 -3544 943 -4190 -3548 943 -4199 -4232 1024 -800 -4225 1151 -794 -4228 1151 -804 -4221 1024 -797 -4224 1155 -800 -4217 1151 -802 -4224 1024 -808 -4193 1058 -830 -4254 1144 -769 -4193 1144 -830 -4221 1024 -797 -4217 1151 -802 -4225 1151 -794 -4224 1155 -800 -4254 1144 -769 -4186 1144 -824 -4193 1144 -830 -4247 1144 -763 -4193 1058 -830 -4247 1058 -763 -4254 1058 -769 -4186 1058 -824 2286 802 4352 2276 888 4352 2286 888 4352 -4254 1058 -769 -4186 1058 -824 -4193 1058 -830 -4193 1144 -830 -4186 1144 -824 -4254 1058 -769 -4247 1058 -763 -4247 1144 -763 -4254 1144 -769 2276 802 4352 2286 888 4352 2276 888 4352 2276 888 4438 2276 802 4438 2286 802 4438 2286 888 4438 2276 888 4438 2286 802 4438 2286 888 4352 2286 888 4438 2286 802 4352 2286 802 4438 2276 802 4352 2286 802 4352 2276 802 4438 2286 888 4438 2286 899 4395 2283 895 4401 2292 895 4395 2283 895 4390 2283 768 4395 2292 768 4401 2292 768 4390 2286 899 4395 2283 895 4390 2283 895 4401 2283 768 4395 2292 895 4395 2292 768 4401 2292 768 4390 6221 873 -1562 6227 1000 -1555 6225 1000 -1566 6229 1004 -1562 6232 873 -1559 6236 1000 -1563 6229 873 -1570 6260 907 -1591 6267 907 -1584 6205 907 -1524 6225 1000 -1566 6229 873 -1570 6221 873 -1562 6232 873 -1559 6236 1000 -1563 6227 1000 -1555 6229 1004 -1562 6198 993 -1531 6205 993 -1524 6267 993 -1584 6260 993 -1591 6198 907 -1531 6260 907 -1591 6198 993 -1531 6260 993 -1591 6198 907 -1531 6267 907 -1584 6260 907 -1591 6260 993 -1591 6267 993 -1584 6198 907 -1531 6205 907 -1524 6205 993 -1524 6198 993 -1531</float_array>
                    <technique_common>
                        <accessor count="170" source="#pointarrayMesh12_2" stride="3">
                            <param name="X" type="float"/>
                            <param name="Y" type="float"/>
                            <param name="Z" type="float"/>
                        </accessor>
                    </technique_common>
                </source>
                <source id="uvsMesh12_2">
                    <float_array id="uvarrayMesh12_2" count="340">0.966796875 1 0.638671875 0.0234375 0.859375 0.025390625 0.525390625 1 0.734375 1.04296875 0.74609375 1.017578125 0.41796875 0.025390625 0.189453125 1.009765625 0 0.017578125 0.41015625 0.017578125 0.189453125 0.0234375 0.41015625 1 0 1 1.83984375 1 0 0.173828125 0 1 0.189453125 1.041015625 0.966796875 0.017578125 0.591796875 0.859375 0.966796875 0.859375 0.591796875 0.017578125 0.966796875 0.859375 0.591796875 0.859375 0.591796875 0.017578125 0.966796875 0.017578125 1.83984375 0.173828125 0.638671875 0.0234375 0.966796875 1 0.525390625 1 0.34375 0.017578125 0 0.953125 0.34375 0.953125 0 0.017578125 0 0.017578125 0.34375 0.017578125 0.34375 0.953125 0 0.953125 0.859375 0.025390625 0.734375 1.04296875 0.966796875 0.017578125 0.591796875 0.017578125 0.591796875 0.859375 0.74609375 1.017578125 0.41796875 0.025390625 0.189453125 1.009765625 0 0.017578125 0.41015625 0.017578125 0.189453125 0.0234375 0.41015625 1 0 1 0.189453125 1.041015625 0.34375 0.017578125 0 0.953125 0.34375 0.953125 0.966796875 0.859375 0.966796875 0.859375 0.591796875 0.859375 0.591796875 0.017578125 0.966796875 0.017578125 1.83984375 1 0 0.173828125 0 1 1.83984375 0.173828125 0 0.017578125 0.189453125 1.009765625 0 0.017578125 0.41015625 0.017578125 0 0.017578125 0.34375 0.017578125 0.34375 0.953125 0 0.953125 0.638671875 0.0234375 0.966796875 1 0.525390625 1 0.859375 0.025390625 0.734375 1.04296875 0.74609375 1.017578125 0.41796875 0.025390625 1.83984375 1 0 0.173828125 0 1 0.189453125 0.0234375 0.41015625 1 0 1 0.189453125 1.041015625 0.966796875 0.017578125 0.591796875 0.859375 0.966796875 0.859375 0.591796875 0.017578125 0.966796875 0.859375 0.591796875 0.017578125 0.966796875 0.017578125 0.591796875 0.859375 0 0.017578125 0.34375 0.953125 0 0.953125 1.83984375 0.173828125 0.34375 0.017578125 0 0.017578125 0 0.953125 0.34375 0.953125 0 0.017578125 0.34375 0.017578125 0.34375 0.953125 0 0.953125 0.34375 0.017578125 0.966796875 0.017578125 0.591796875 0.017578125 0.591796875 0.859375 0.34375 0.017578125 0 0.017578125 0 0.953125 0.34375 0.953125 1.83984375 1 0 0.173828125 0 1 1.83984375 0.173828125 0.966796875 0.859375 0.591796875 0.017578125 0.966796875 0.017578125 0.591796875 0.859375 0.966796875 0.859375 0.734375 1.04296875 0.74609375 1.017578125 0.525390625 1 0.966796875 1 0.859375 0.025390625 0.41796875 0.025390625 0.638671875 0.0234375 0.189453125 1.041015625 0 1 0.41015625 1 0.189453125 0.0234375 0.189453125 1.009765625 0 0.017578125 0.41015625 0.017578125 0.638671875 0.0234375 0.966796875 1 0.525390625 1 0.734375 1.04296875 0.859375 0.025390625 0.74609375 1.017578125 0.41796875 0.025390625 0.966796875 0.859375 0.591796875 0.859375 0.591796875 0.017578125 0.189453125 1.009765625 0 0.017578125 0.41015625 0.017578125 0.189453125 0.0234375 0.41015625 1 0 1 0.189453125 1.041015625 0.966796875 0.017578125 0.591796875 0.017578125 0.591796875 0.859375 0.966796875 0.859375 0.966796875 0.017578125 1.83984375 1 0 0.173828125 0 1 1.83984375 0.173828125 0.34375 0.017578125 0 0.017578125 0 0.953125 0.34375 0.953125 0 0.017578125 0.34375 0.017578125 0.34375 0.953125 0 0.953125</float_array>
                    <technique_common>
                        <accessor count="170" source="#uvarrayMesh12_2" stride="2">
                            <param name="S" type="float"/>
                            <param name="T" type="float"/>
                        </accessor>
                    </technique_common>
                </source>
                <vertices id="verticesMesh12_2">
                    <input semantic="POSITION" source="#pointsMesh12_2"/>
                </vertices>
                <polylist count="95" material="Material1">
                    <input offset="0" semantic="VERTEX" source="#verticesMesh12_2"/>
                    <input offset="1" semantic="TEXCOORD" source="#uvsMesh12_2" set="0"/>
                    <vcount>3 3 3 3 3 3 3 3 3 3 3 3 3 3 3 3 3 3 3 3 3 3 3 3 3 3 3 3 3 3 3 3 3 3 3 3 3 3 3 3 3 3 3 3 3 3 3 3 3 3 3 3 3 3 3 3 3 3 3 3 3 3 3 3 3 3 3 3 3 3 3 3 3 3 3 3 3 3 3 3 3 3 3 3 3 3 3 3 3 3 3 3 3 3 3</vcount>
                    <p>0 0 1 1 2 2 3 3 0 0 4 4 1 1 0 0 3 3 5 5 2 2 6 6 6 6 3 3 5 5 4 4 5 5 3 3 7 7 8 8 9 9 10 10 11 11 12 12 13 13 14 14 15 15 16 16 12 12 11 11 17 17 18 18 19 19 17 17 20 20 18 18 21 21 22 22 23 23 21 21 23 23 24 24 13 13 25 25 14 14 26 26 27 27 28 28 29 29 30 30 31 31 29 29 32 32 30 30 33 33 34 34 35 35 33 33 35 35 36 36 27 27 26 26 37 37 28 28 27 27 38 38 39 39 40 40 41 41 42 42 37 37 43 43 38 38 42 42 28 28 43 43 28 28 42 42 44 44 45 45 46 46 47 47 48 48 49 49 50 50 49 49 48 48 51 51 52 52 53 53 39 39 41 41 54 54 55 55 56 56 57 57 55 55 57 57 58 58 59 59 60 60 61 61 59 59 62 62 60 60 51 51 63 63 52 52 64 64 65 65 66 66 67 67 68 68 69 69 67 67 69 69 70 70 71 71 72 72 73 73 72 72 71 71 74 74 73 73 72 72 75 75 76 76 74 74 77 77 75 75 76 76 73 73 77 77 73 73 76 76 78 78 79 79 80 80 81 81 82 82 83 83 84 84 83 83 82 82 85 85 86 86 87 87 85 85 88 88 86 86 89 89 90 90 91 91 89 89 92 92 90 90 93 93 94 94 95 95 78 78 96 96 79 79 97 97 98 98 99 99 97 97 99 99 100 100 101 101 102 102 103 103 101 101 103 103 104 104 93 93 105 105 94 94 106 106 107 107 108 108 109 109 110 110 111 111 109 109 111 111 112 112 113 113 114 114 115 115 113 113 116 116 114 114 117 117 118 118 119 119 117 117 120 120 118 118 106 106 108 108 121 121 122 122 123 123 124 124 124 124 125 125 122 122 123 123 126 126 127 127 127 127 124 124 123 123 128 128 125 125 124 124 129 129 130 130 131 131 125 125 128 128 126 126 132 132 131 131 130 130 133 133 134 134 135 135 136 136 137 137 138 138 138 138 137 137 139 139 137 137 136 136 140 140 141 141 140 140 142 142 139 139 141 141 138 138 142 142 138 138 141 141 143 143 144 144 145 145 146 146 147 147 148 148 149 149 150 150 151 151 152 152 151 151 150 150 153 153 154 154 155 155 153 153 155 155 156 156 143 143 145 145 157 157 158 158 159 159 160 160 158 158 161 161 159 159 162 162 163 163 164 164 162 162 164 164 165 165 166 166 167 167 168 168 166 166 168 168 169 169</p>
                </polylist>
            </mesh>
        </geometry>
        <geometry id="meshMesh12_VC2">
            <mesh>
                <source id="pointsMesh12_VC2">
                    <float_array id="pointarrayMesh12_VC2" count="510">-4442 1145 -2005 -4448 1018 -2012 -4438 1018 -2008 -4445 1145 -2016 -4441 1149 -2012 -4434 1145 -2013 -4440 1018 -2019 -4445 1145 -2016 -4440 1018 -2019 -4448 1018 -2012 -4438 1018 -2008 -4434 1145 -2013 -4442 1145 -2005 -4408 1052 -2040 -4472 1138 -1982 -4408 1138 -2040 -4441 1149 -2012 -4472 1138 -1982 -4402 1138 -2033 -4408 1138 -2040 -4466 1138 -1975 -4408 1052 -2040 -4401 1052 -2033 -4466 1052 -1975 -4472 1052 -1982 -4472 1052 -1982 -3515 822 -4213 -3513 950 -4212 -3512 949 -4223 -4401 1052 -2033 -4408 1138 -2040 -4402 1138 -2033 -4408 1052 -2040 -4472 1052 -1982 -4466 1052 -1975 -4466 1138 -1975 -4472 1138 -1982 -3505 823 -4206 -3509 953 -4218 -3548 943 -4199 -3544 943 -4190 -3465 943 -4226 -3502 950 -4217 -3504 822 -4218 -3512 949 -4223 -3504 822 -4218 -3515 822 -4213 -3505 823 -4206 -3502 950 -4217 -3513 950 -4212 -3509 953 -4218 -3464 856 -4221 -3469 942 -4235 -3465 943 -4226 -3469 942 -4235 -3468 856 -4229 -3464 856 -4221 -3543 857 -4185 -3547 857 -4194 -3468 856 -4229 -3548 943 -4199 -3469 942 -4235 -3547 857 -4194 -3468 856 -4229 -4228 1151 -804 -4224 1024 -808 -4232 1024 -800 -3547 857 -4194 -3543 857 -4185 -3544 943 -4190 -3548 943 -4199 -4232 1024 -800 -4225 1151 -794 -4228 1151 -804 -4221 1024 -797 -4224 1155 -800 -4217 1151 -802 -4224 1024 -808 -4193 1058 -830 -4254 1144 -769 -4193 1144 -830 -4221 1024 -797 -4217 1151 -802 -4225 1151 -794 -4224 1155 -800 -4254 1144 -769 -4186 1144 -824 -4193 1144 -830 -4247 1144 -763 -4193 1058 -830 -4247 1058 -763 -4254 1058 -769 -4186 1058 -824 2286 802 4352 2276 888 4352 2286 888 4352 -4254 1058 -769 -4186 1058 -824 -4193 1058 -830 -4193 1144 -830 -4186 1144 -824 -4254 1058 -769 -4247 1058 -763 -4247 1144 -763 -4254 1144 -769 2276 802 4352 2286 888 4352 2276 888 4352 2276 888 4438 2276 802 4438 2286 802 4438 2286 888 4438 2276 888 4438 2286 802 4438 2286 888 4352 2286 888 4438 2286 802 4352 2286 802 4438 2276 802 4352 2286 802 4352 2276 802 4438 2286 888 4438 2286 899 4395 2283 895 4401 2292 895 4395 2283 895 4390 2283 768 4395 2292 768 4401 2292 768 4390 2286 899 4395 2283 895 4390 2283 895 4401 2283 768 4395 2292 895 4395 2292 768 4401 2292 768 4390 6221 873 -1562 6227 1000 -1555 6225 1000 -1566 6229 1004 -1562 6232 873 -1559 6236 1000 -1563 6229 873 -1570 6260 907 -1591 6267 907 -1584 6205 907 -1524 6225 1000 -1566 6229 873 -1570 6221 873 -1562 6232 873 -1559 6236 1000 -1563 6227 1000 -1555 6229 1004 -1562 6198 993 -1531 6205 993 -1524 6267 993 -1584 6260 993 -1591 6198 907 -1531 6260 907 -1591 6198 993 -1531 6260 993 -1591 6198 907 -1531 6267 907 -1584 6260 907 -1591 6260 993 -1591 6267 993 -1584 6198 907 -1531 6205 907 -1524 6205 993 -1524 6198 993 -1531</float_array>
                    <technique_common>
                        <accessor count="170" source="#pointarrayMesh12_VC2" stride="3">
                            <param name="X" type="float"/>
                            <param name="Y" type="float"/>
                            <param name="Z" type="float"/>
                        </accessor>
                    </technique_common>
                </source>
                <source id="uvsMesh12_VC2">
                    <float_array id="uvarrayMesh12_VC2" count="570">0.03125 0.75 0.03125 0.75 0.03125 0.75 0.03125 0.75 0.03125 0.75 0.03125 0.75 0.03125 0.75 0.03125 0.75 0.03125 0.75 0.03125 0.75 0.03125 0.75 0.03125 0.75 0.03125 0.75 0.03125 0.75 0.03125 0.75 0.03125 0.75 0.03125 0.75 0.03125 0.75 0.03125 0.75 0.03125 0.75 0.03125 0.75 0.03125 0.75 0.03125 0.75 0.03125 0.75 0.03125 0.75 0.03125 0.75 0.03125 0.75 0.03125 0.75 0.03125 0.75 0.03125 0.75 0.03125 0.75 0.03125 0.75 0.03125 0.75 0.03125 0.75 0.03125 0.75 0.03125 0.75 0.03125 0.75 0.03125 0.75 0.03125 0.75 0.03125 0.75 0.03125 0.75 0.03125 0.75 0.03125 0.75 0.03125 0.75 0.03125 0.75 0.03125 0.75 0.03125 0.75 0.03125 0.75 0.03125 0.75 0.03125 0.75 0.03125 0.75 0.03125 0.75 0.03125 0.75 0.03125 0.75 0.03125 0.75 0.03125 0.75 0.03125 0.75 0.03125 0.75 0.03125 0.75 0.03125 0.75 0.03125 0.75 0.03125 0.75 0.03125 0.75 0.03125 0.75 0.03125 0.75 0.03125 0.75 0.03125 0.75 0.03125 0.75 0.03125 0.75 0.03125 0.75 0.03125 0.75 0.03125 0.75 0.03125 0.75 0.03125 0.75 0.03125 0.75 0.03125 0.75 0.03125 0.75 0.03125 0.75 0.03125 0.75 0.03125 0.75 0.03125 0.75 0.03125 0.75 0.03125 0.75 0.03125 0.75 0.03125 0.75 0.03125 0.75 0.03125 0.75 0.03125 0.75 0.03125 0.75 0.03125 0.75 0.03125 0.75 0.03125 0.75 0.03125 0.75 0.03125 0.75 0.03125 0.75 0.03125 0.75 0.03125 0.75 0.03125 0.75 0.03125 0.75 0.03125 0.75 0.03125 0.75 0.03125 0.75 0.03125 0.75 0.03125 0.75 0.03125 0.75 0.03125 0.75 0.03125 0.75 0.03125 0.75 0.03125 0.75 0.03125 0.75 0.03125 0.75 0.03125 0.75 0.03125 0.75 0.03125 0.75 0.03125 0.75 0.03125 0.75 0.03125 0.75 0.03125 0.75 0.03125 0.75 0.03125 0.75 0.03125 0.75 0.03125 0.75 0.03125 0.75 0.03125 0.75 0.03125 0.75 0.03125 0.75 0.03125 0.75 0.03125 0.75 0.03125 0.75 0.03125 0.75 0.03125 0.75 0.03125 0.75 0.03125 0.75 0.03125 0.75 0.03125 0.75 0.03125 0.75 0.03125 0.75 0.03125 0.75 0.03125 0.75 0.03125 0.75 0.03125 0.75 0.03125 0.75 0.03125 0.75 0.03125 0.75 0.03125 0.75 0.03125 0.75 0.03125 0.75 0.03125 0.75 0.03125 0.75 0.03125 0.75 0.03125 0.75 0.03125 0.75 0.03125 0.75 0.03125 0.75 0.03125 0.75 0.03125 0.75 0.03125 0.75 0.03125 0.75 0.03125 0.75 0.03125 0.75 0.03125 0.75 0.03125 0.75 0.03125 0.75 0.03125 0.75 0.03125 0.75 0.03125 0.75 0.03125 0.75 0.03125 0.75 0.03125 0.75 0.03125 0.75 0.03125 0.75 0.03125 0.75 0.03125 0.75 0.03125 0.75 0.03125 0.75 0.03125 0.75 0.03125 0.75 0.03125 0.75 0.03125 0.75 0.03125 0.75 0.03125 0.75 0.03125 0.75 0.03125 0.75 0.03125 0.75 0.03125 0.75 0.03125 0.75 0.03125 0.75 0.03125 0.75 0.03125 0.75 0.03125 0.75 0.03125 0.75 0.03125 0.75 0.03125 0.75 0.03125 0.75 0.03125 0.75 0.03125 0.75 0.03125 0.75 0.03125 0.75 0.03125 0.75 0.03125 0.75 0.03125 0.75 0.03125 0.75 0.03125 0.75 0.03125 0.75 0.03125 0.75 0.03125 0.75 0.03125 0.75 0.03125 0.75 0.03125 0.75 0.03125 0.75 0.03125 0.75 0.03125 0.75 0.03125 0.75 0.03125 0.75 0.03125 0.75 0.03125 0.75 0.03125 0.75 0.03125 0.75 0.03125 0.75 0.03125 0.75 0.03125 0.75 0.03125 0.75 0.03125 0.75 0.03125 0.75 0.03125 0.75 0.03125 0.75 0.03125 0.75 0.03125 0.75 0.03125 0.75 0.03125 0.75 0.03125 0.75 0.03125 0.75 0.03125 0.75 0.03125 0.75 0.03125 0.75 0.03125 0.75 0.03125 0.75 0.03125 0.75 0.03125 0.75 0.03125 0.75 0.03125 0.75 0.03125 0.75 0.03125 0.75 0.03125 0.75 0.03125 0.75 0.03125 0.75 0.03125 0.75 0.03125 0.75 0.03125 0.75 0.03125 0.75 0.03125 0.75 0.03125 0.75 0.03125 0.75 0.03125 0.75 0.03125 0.75 0.03125 0.75 0.03125 0.75 0.03125 0.75 0.03125 0.75 0.03125 0.75 0.03125 0.75 0.03125 0.75 0.03125 0.75 0.03125 0.75 0.03125 0.75 0.03125 0.75 0.03125 0.75 0.03125 0.75 0.03125 0.75 0.03125 0.75 0.03125 0.75 0.03125 0.75 0.03125 0.75 0.03125 0.75 0.03125 0.75 0.03125 0.75 0.03125 0.75 0.03125 0.75 0.03125 0.75 0.03125 0.75 0.03125 0.75 0.03125 0.75 0.03125 0.75 0.03125 0.75 0.03125 0.75</float_array>
                    <technique_common>
                        <accessor count="285" source="#uvarrayMesh12_VC2" stride="2">
                            <param name="S" type="float"/>
                            <param name="T" type="float"/>
                        </accessor>
                    </technique_common>
                </source>
                <vertices id="verticesMesh12_VC2">
                    <input semantic="POSITION" source="#pointsMesh12_VC2"/>
                </vertices>
                <polylist count="95" material="Material1">
                    <input offset="0" semantic="VERTEX" source="#verticesMesh12_VC2"/>
                    <input offset="1" semantic="TEXCOORD" source="#uvsMesh12_VC2" set="0"/>
                    <vcount>3 3 3 3 3 3 3 3 3 3 3 3 3 3 3 3 3 3 3 3 3 3 3 3 3 3 3 3 3 3 3 3 3 3 3 3 3 3 3 3 3 3 3 3 3 3 3 3 3 3 3 3 3 3 3 3 3 3 3 3 3 3 3 3 3 3 3 3 3 3 3 3 3 3 3 3 3 3 3 3 3 3 3 3 3 3 3 3 3 3 3 3 3 3 3</vcount>
                    <p>0 0 1 1 2 2 3 3 0 4 4 5 1 6 0 7 3 8 5 9 2 10 6 11 6 12 3 13 5 14 4 15 5 16 3 17 7 18 8 19 9 20 10 21 11 22 12 23 13 24 14 25 15 26 16 27 12 28 11 29 17 30 18 31 19 32 17 33 20 34 18 35 21 36 22 37 23 38 21 39 23 40 24 41 13 42 25 43 14 44 26 45 27 46 28 47 29 48 30 49 31 50 29 51 32 52 30 53 33 54 34 55 35 56 33 57 35 58 36 59 27 60 26 61 37 62 28 63 27 64 38 65 39 66 40 67 41 68 42 69 37 70 43 71 38 72 42 73 28 74 43 75 28 76 42 77 44 78 45 79 46 80 47 81 48 82 49 83 50 84 49 85 48 86 51 87 52 88 53 89 39 90 41 91 54 92 55 93 56 94 57 95 55 96 57 97 58 98 59 99 60 100 61 101 59 102 62 103 60 104 51 105 63 106 52 107 64 108 65 109 66 110 67 111 68 112 69 113 67 114 69 115 70 116 71 117 72 118 73 119 72 120 71 121 74 122 73 123 72 124 75 125 76 126 74 127 77 128 75 129 76 130 73 131 77 132 73 133 76 134 78 135 79 136 80 137 81 138 82 139 83 140 84 141 83 142 82 143 85 144 86 145 87 146 85 147 88 148 86 149 89 150 90 151 91 152 89 153 92 154 90 155 93 156 94 157 95 158 78 159 96 160 79 161 97 162 98 163 99 164 97 165 99 166 100 167 101 168 102 169 103 170 101 171 103 172 104 173 93 174 105 175 94 176 106 177 107 178 108 179 109 180 110 181 111 182 109 183 111 184 112 185 113 186 114 187 115 188 113 189 116 190 114 191 117 192 118 193 119 194 117 195 120 196 118 197 106 198 108 199 121 200 122 201 123 202 124 203 124 204 125 205 122 206 123 207 126 208 127 209 127 210 124 211 123 212 128 213 125 214 124 215 129 216 130 217 131 218 125 219 128 220 126 221 132 222 131 223 130 224 133 225 134 226 135 227 136 228 137 229 138 230 138 231 137 232 139 233 137 234 136 235 140 236 141 237 140 238 142 239 139 240 141 241 138 242 142 243 138 244 141 245 143 246 144 247 145 248 146 249 147 250 148 251 149 252 150 253 151 254 152 255 151 256 150 257 153 258 154 259 155 260 153 261 155 262 156 263 143 264 145 265 157 266 158 267 159 268 160 269 158 270 161 271 159 272 162 273 163 274 164 275 162 276 164 277 165 278 166 279 167 280 168 281 166 282 168 283 169 284</p>
                </polylist>
            </mesh>
        </geometry>
        <geometry id="meshMesh13_1">
            <mesh>
                <source id="pointsMesh13_1">
                    <float_array id="pointarrayMesh13_1" count="204">-3890 768 2867 -4300 768 2867 -4300 768 3277 4485 963 3846 3930 891 3698 4132 941 4051 4284 912 3493 3165 768 5778 2657 768 6056 3050 768 6171 2772 768 5663 -4001 0 4882 -4153 0 4501 -4534 0 4653 -4382 0 5034 -5761 1024 -4942 -5822 1024 -4366 -5504 1024 -4624 -3890 768 3277 -4914 768 1843 -5324 768 2253 -4914 768 2253 -5324 768 1843 5729 891 5972 5160 835 6061 5494 804 6296 5395 922 5737 -6080 1024 -4685 -3890 768 1331 -4300 768 1331 -4300 768 1741 -5857 821 -6563 -6199 861 -6786 -6403 979 -6450 -6061 939 -6228 -6677 1024 -5127 -7065 1024 -4993 -6931 1024 -4606 -6543 1024 -4740 6261 2213 -7837 5856 2251 -7882 5804 2175 -7483 6210 2137 -7438 -5967 1024 -635 -6377 1024 -635 -6377 1024 -225 -3890 768 1741 -6450 768 3379 -6860 768 3379 -6860 768 3789 -6450 768 3789 -3378 768 2355 -3788 768 2765 -3378 768 2765 -3788 768 2355 -5967 1024 -225 7040 1998 -5748 6559 2018 -5426 6960 1988 -5347 6639 2028 -5827 4301 3072 1434 3891 3072 1434 3891 3072 1843 4301 3072 1843 -1497 39 4825 -1797 163 5074 -1220 125 5114 -1520 250 5364</float_array>
                    <technique_common>
                        <accessor count="68" source="#pointarrayMesh13_1" stride="3">
                            <param name="X" type="float"/>
                            <param name="Y" type="float"/>
                            <param name="Z" type="float"/>
                        </accessor>
                    </technique_common>
                </source>
                <source id="uvsMesh13_1">
                    <float_array id="uvarrayMesh13_1" count="136">0.966796875 0.033203125 0.966796875 1 0 1 0.966796875 0.033203125 0 1 0 0.033203125 0.966796875 1 0.966796875 0.033203125 0 1 0 0.033203125 0.966796875 1 0.966796875 0.033203125 0.966796875 1 0 1 0 0.033203125 0.966796875 1 0 0.033203125 0.966796875 0.033203125 0 0.033203125 0.966796875 0.033203125 0 1 0 0.033203125 0.966796875 1 0.966796875 0.033203125 0 1 0 0.033203125 0.966796875 1 0 1 0.966796875 1 0 1 0 0.033203125 0.966796875 0.033203125 0.966796875 1 0 1 0 0.033203125 0.966796875 1 0 1 0 0.033203125 0.966796875 0.033203125 0.966796875 1 0 1 0 0.033203125 0.966796875 0.033203125 0.966796875 1 0 1 0 0.033203125 0.966796875 0.033203125 0.966796875 1 0 1 0 0.033203125 0.966796875 0.033203125 0.966796875 1 0 0.033203125 0.966796875 0.033203125 0 1 0.966796875 0.033203125 0.966796875 1 0 0.033203125 0.966796875 0.033203125 0 1 0.966796875 1 0 1 0 0.033203125 0.966796875 0.033203125 0 0.033203125 0.966796875 0.033203125 0 1 0.966796875 1</float_array>
                    <technique_common>
                        <accessor count="68" source="#uvarrayMesh13_1" stride="2">
                            <param name="S" type="float"/>
                            <param name="T" type="float"/>
                        </accessor>
                    </technique_common>
                </source>
                <vertices id="verticesMesh13_1">
                    <input semantic="POSITION" source="#pointsMesh13_1"/>
                </vertices>
                <polylist count="34" material="Material1">
                    <input offset="0" semantic="VERTEX" source="#verticesMesh13_1"/>
                    <input offset="1" semantic="TEXCOORD" source="#uvsMesh13_1" set="0"/>
                    <vcount>3 3 3 3 3 3 3 3 3 3 3 3 3 3 3 3 3 3 3 3 3 3 3 3 3 3 3 3 3 3 3 3 3 3</vcount>
                    <p>0 0 1 1 2 2 3 3 4 4 5 5 3 3 6 6 4 4 7 7 8 8 9 9 7 7 10 10 8 8 11 11 12 12 13 13 11 11 13 13 14 14 15 15 16 16 17 17 0 0 2 2 18 18 19 19 20 20 21 21 19 19 22 22 20 20 23 23 24 24 25 25 23 23 26 26 24 24 15 15 27 27 16 16 28 28 29 29 30 30 31 31 32 32 33 33 31 31 33 33 34 34 35 35 36 36 37 37 35 35 37 37 38 38 39 39 40 40 41 41 39 39 41 41 42 42 43 43 44 44 45 45 28 28 30 30 46 46 47 47 48 48 49 49 47 47 49 49 50 50 51 51 52 52 53 53 51 51 54 54 52 52 43 43 45 45 55 55 56 56 57 57 58 58 56 56 59 59 57 57 60 60 61 61 62 62 60 60 62 62 63 63 64 64 65 65 66 66 65 65 67 67 66 66</p>
                </polylist>
            </mesh>
        </geometry>
        <geometry id="meshMesh13_VC1">
            <mesh>
                <source id="pointsMesh13_VC1">
                    <float_array id="pointarrayMesh13_VC1" count="204">-3890 768 2867 -4300 768 2867 -4300 768 3277 4485 963 3846 3930 891 3698 4132 941 4051 4284 912 3493 3165 768 5778 2657 768 6056 3050 768 6171 2772 768 5663 -4001 0 4882 -4153 0 4501 -4534 0 4653 -4382 0 5034 -5761 1024 -4942 -5822 1024 -4366 -5504 1024 -4624 -3890 768 3277 -4914 768 1843 -5324 768 2253 -4914 768 2253 -5324 768 1843 5729 891 5972 5160 835 6061 5494 804 6296 5395 922 5737 -6080 1024 -4685 -3890 768 1331 -4300 768 1331 -4300 768 1741 -5857 821 -6563 -6199 861 -6786 -6403 979 -6450 -6061 939 -6228 -6677 1024 -5127 -7065 1024 -4993 -6931 1024 -4606 -6543 1024 -4740 6261 2213 -7837 5856 2251 -7882 5804 2175 -7483 6210 2137 -7438 -5967 1024 -635 -6377 1024 -635 -6377 1024 -225 -3890 768 1741 -6450 768 3379 -6860 768 3379 -6860 768 3789 -6450 768 3789 -3378 768 2355 -3788 768 2765 -3378 768 2765 -3788 768 2355 -5967 1024 -225 7040 1998 -5748 6559 2018 -5426 6960 1988 -5347 6639 2028 -5827 4301 3072 1434 3891 3072 1434 3891 3072 1843 4301 3072 1843 -1497 39 4825 -1797 163 5074 -1220 125 5114 -1520 250 5364</float_array>
                    <technique_common>
                        <accessor count="68" source="#pointarrayMesh13_VC1" stride="3">
                            <param name="X" type="float"/>
                            <param name="Y" type="float"/>
                            <param name="Z" type="float"/>
                        </accessor>
                    </technique_common>
                </source>
                <source id="uvsMesh13_VC1">
                    <float_array id="uvarrayMesh13_VC1" count="204">0.15625 0.75 0.15625 0.75 0.15625 0.75 0.15625 0.75 0.15625 0.75 0.15625 0.75 0.15625 0.75 0.15625 0.75 0.15625 0.75 0.15625 0.75 0.15625 0.75 0.15625 0.75 0.15625 0.75 0.15625 0.75 0.15625 0.75 0.15625 0.75 0.15625 0.75 0.15625 0.75 0.15625 0.75 0.15625 0.75 0.15625 0.75 0.15625 0.75 0.15625 0.75 0.15625 0.75 0.15625 0.75 0.15625 0.75 0.15625 0.75 0.15625 0.75 0.15625 0.75 0.15625 0.75 0.15625 0.75 0.15625 0.75 0.15625 0.75 0.15625 0.75 0.15625 0.75 0.15625 0.75 0.15625 0.75 0.15625 0.75 0.15625 0.75 0.15625 0.75 0.15625 0.75 0.15625 0.75 0.15625 0.75 0.15625 0.75 0.15625 0.75 0.15625 0.75 0.15625 0.75 0.15625 0.75 0.15625 0.75 0.15625 0.75 0.15625 0.75 0.15625 0.75 0.15625 0.75 0.15625 0.75 0.15625 0.75 0.15625 0.75 0.15625 0.75 0.15625 0.75 0.15625 0.75 0.15625 0.75 0.15625 0.75 0.15625 0.75 0.15625 0.75 0.15625 0.75 0.15625 0.75 0.15625 0.75 0.15625 0.75 0.15625 0.75 0.15625 0.75 0.15625 0.75 0.15625 0.75 0.15625 0.75 0.15625 0.75 0.15625 0.75 0.15625 0.75 0.15625 0.75 0.15625 0.75 0.15625 0.75 0.15625 0.75 0.15625 0.75 0.15625 0.75 0.15625 0.75 0.15625 0.75 0.15625 0.75 0.15625 0.75 0.15625 0.75 0.15625 0.75 0.15625 0.75 0.15625 0.75 0.15625 0.75 0.15625 0.75 0.15625 0.75 0.15625 0.75 0.15625 0.75 0.15625 0.75 0.15625 0.75 0.15625 0.75 0.15625 0.75 0.15625 0.75 0.15625 0.75 0.15625 0.75 0.15625 0.75</float_array>
                    <technique_common>
                        <accessor count="102" source="#uvarrayMesh13_VC1" stride="2">
                            <param name="S" type="float"/>
                            <param name="T" type="float"/>
                        </accessor>
                    </technique_common>
                </source>
                <vertices id="verticesMesh13_VC1">
                    <input semantic="POSITION" source="#pointsMesh13_VC1"/>
                </vertices>
                <polylist count="34" material="Material1">
                    <input offset="0" semantic="VERTEX" source="#verticesMesh13_VC1"/>
                    <input offset="1" semantic="TEXCOORD" source="#uvsMesh13_VC1" set="0"/>
                    <vcount>3 3 3 3 3 3 3 3 3 3 3 3 3 3 3 3 3 3 3 3 3 3 3 3 3 3 3 3 3 3 3 3 3 3</vcount>
                    <p>0 0 1 1 2 2 3 3 4 4 5 5 3 6 6 7 4 8 7 9 8 10 9 11 7 12 10 13 8 14 11 15 12 16 13 17 11 18 13 19 14 20 15 21 16 22 17 23 0 24 2 25 18 26 19 27 20 28 21 29 19 30 22 31 20 32 23 33 24 34 25 35 23 36 26 37 24 38 15 39 27 40 16 41 28 42 29 43 30 44 31 45 32 46 33 47 31 48 33 49 34 50 35 51 36 52 37 53 35 54 37 55 38 56 39 57 40 58 41 59 39 60 41 61 42 62 43 63 44 64 45 65 28 66 30 67 46 68 47 69 48 70 49 71 47 72 49 73 50 74 51 75 52 76 53 77 51 78 54 79 52 80 43 81 45 82 55 83 56 84 57 85 58 86 56 87 59 88 57 89 60 90 61 91 62 92 60 93 62 94 63 95 64 96 65 97 66 98 65 99 67 100 66 101</p>
                </polylist>
            </mesh>
        </geometry>
        <geometry id="meshMesh14_1">
            <mesh>
                <source id="pointsMesh14_1">
                    <float_array id="pointarrayMesh14_1" count="24">-993 1690 -2310 -2262 1690 -4824 -2262 1075 -4824 -993 1075 -2310 -3128 1690 -6537 -3128 1075 -6537 -2436 1075 -5167 -2436 1690 -5167</float_array>
                    <technique_common>
                        <accessor count="8" source="#pointarrayMesh14_1" stride="3">
                            <param name="X" type="float"/>
                            <param name="Y" type="float"/>
                            <param name="Z" type="float"/>
                        </accessor>
                    </technique_common>
                </source>
                <source id="uvsMesh14_1">
                    <float_array id="uvarrayMesh14_1" count="16">22.125 1 0.16796875 1 0.16796875 0.072265625 22.125 0.072265625 -11.0078125 1 -11.0078125 0.072265625 0.966796875 0.072265625 0.966796875 1</float_array>
                    <technique_common>
                        <accessor count="8" source="#uvarrayMesh14_1" stride="2">
                            <param name="S" type="float"/>
                            <param name="T" type="float"/>
                        </accessor>
                    </technique_common>
                </source>
                <vertices id="verticesMesh14_1">
                    <input semantic="POSITION" source="#pointsMesh14_1"/>
                </vertices>
                <polylist count="4" material="Material1">
                    <input offset="0" semantic="VERTEX" source="#verticesMesh14_1"/>
                    <input offset="1" semantic="TEXCOORD" source="#uvsMesh14_1" set="0"/>
                    <vcount>3 3 3 3</vcount>
                    <p>0 0 1 1 2 2 0 0 2 2 3 3 4 4 5 5 6 6 7 7 4 4 6 6</p>
                </polylist>
            </mesh>
        </geometry>
        <geometry id="meshMesh15_1">
            <mesh>
                <source id="pointsMesh15_1">
                    <float_array id="pointarrayMesh15_1" count="120">-3071 768 1536 -3071 1024 3072 -3071 768 3072 768 870 5847 1751 768 5335 768 768 5847 1751 870 5335 1751 870 5335 2263 768 4864 1751 768 5335 2263 870 4864 2263 870 4864 2263 870 4480 2262 768 4480 2263 768 4864 3078 1741 -756 3078 1869 -756 6271 2064 -2677 -3071 1024 1536 -4095 1024 4096 -7167 1024 4096 -7167 768 4096 -4095 768 4096 -4095 768 4096 -3071 768 3072 -3071 1024 3072 -4095 1024 4096 6270 1936 -2677 6271 2064 -2677 8093 2064 -5982 6270 1936 -2677 8093 1936 -5982 -1521 891 2034 1288 768 3820 1288 891 3820 -1521 768 2034 768 768 7168 768 870 7168 768 870 5847 768 768 5847</float_array>
                    <technique_common>
                        <accessor count="40" source="#pointarrayMesh15_1" stride="3">
                            <param name="X" type="float"/>
                            <param name="Y" type="float"/>
                            <param name="Z" type="float"/>
                        </accessor>
                    </technique_common>
                </source>
                <source id="uvsMesh15_1">
                    <float_array id="uvarrayMesh15_1" count="80">5.95703125 0.033203125 0 1 0 0.033203125 0.966796875 1 -10.189453125 0.033203125 0.966796875 0.033203125 -10.189453125 1 0.7890625 1 -6.267578125 0.033203125 0.7890625 0.033203125 -6.267578125 1 3.7109375 1 0 1 0 0.033203125 3.7109375 0.033203125 0.966796875 0.033203125 0.966796875 1 -22.984375 1 5.95703125 1 0.966796875 1 -11.0078125 1 -11.009765625 0.033203125 0.96484375 0.033203125 0.310546875 0.02734375 5.95703125 0.033203125 5.95703125 1 0.310546875 1.0234375 -22.984375 0.033203125 11.6328125 1 -18.12890625 1 11.611328125 0.033203125 -18.15234375 0.033203125 -8.013671875 1 19.0234375 0.033203125 19.0234375 1 -8.013671875 0.033203125 0.966796875 0.033203125 0.966796875 1 -11.90625 1 -11.90625 0.033203125</float_array>
                    <technique_common>
                        <accessor count="40" source="#uvarrayMesh15_1" stride="2">
                            <param name="S" type="float"/>
                            <param name="T" type="float"/>
                        </accessor>
                    </technique_common>
                </source>
                <vertices id="verticesMesh15_1">
                    <input semantic="POSITION" source="#pointsMesh15_1"/>
                </vertices>
                <polylist count="20" material="Material1">
                    <input offset="0" semantic="VERTEX" source="#verticesMesh15_1"/>
                    <input offset="1" semantic="TEXCOORD" source="#uvsMesh15_1" set="0"/>
                    <vcount>3 3 3 3 3 3 3 3 3 3 3 3 3 3 3 3 3 3 3 3</vcount>
                    <p>0 0 1 1 2 2 3 3 4 4 5 5 3 3 6 6 4 4 7 7 8 8 9 9 7 7 10 10 8 8 11 11 12 12 13 13 14 14 11 11 13 13 15 15 16 16 17 17 0 0 18 18 1 1 19 19 20 20 21 21 19 19 21 21 22 22 23 23 24 24 25 25 23 23 25 25 26 26 27 27 15 15 17 17 28 28 29 29 30 30 29 29 31 31 30 30 32 32 33 33 34 34 32 32 35 35 33 33 36 36 37 37 38 38 36 36 38 38 39 39</p>
                </polylist>
            </mesh>
        </geometry>
        <geometry id="meshMesh16_1">
            <mesh>
                <source id="pointsMesh16_1">
                    <float_array id="pointarrayMesh16_1" count="942">-2815 1024 256 -3231 960 -159 -3097 768 -24 -2815 768 256 -3231 1024 -159 -3231 768 -159 -3231 960 -159 -3231 1024 -159 -3503 1024 111 -3503 960 111 -7167 768 4096 -7167 0 4096 -4095 0 4096 -4095 768 4096 768 768 7680 768 768 7168 768 0 7168 768 768 5888 768 717 5888 768 0 5888 3776 2560 2227 2816 3072 1230 3200 2560 1230 4352 2048 1230 3584 3072 -99 3776 2560 232 3584 3072 2560 5120 3072 -99 4928 2560 232 4928 2560 2227 5504 2560 1230 5888 3072 1230 5120 3072 2560 -7167 768 4096 -7167 768 512 -7167 1024 512 -7167 1024 4096 -3503 1024 111 -7167 1024 512 -3503 960 111 -7167 768 512 -3503 768 111 2851 1613 -1919 3072 2945 -2047 3072 2894 -2175 3072 2894 -2431 2802 1613 -2653 3072 2349 -2047 3328 2493 -1603 3328 2944 -1603 5289 2493 -3327 5543 2637 -2883 3328 2493 -1603 3072 2945 -2559 3072 3521 -7167 3072 3666 -7167 3072 3666 -7679 3072 3521 -7679 5289 2493 -3327 5289 3089 -3327 5543 3089 -2883 5543 2637 -2883 3072 2349 -2047 167 2709 -3757 54 2762 -3700 54 1024 -3700 3072 3521 -7167 3072 3521 -7679 5289 3088 -5887 5733 3089 -6143 5733 3089 -6143 5732 3233 -6143 5289 3233 -5887 5289 3088 -5887 419 2706 -3884 533 2755 -3942 169 1024 -3471 537 2721 -3657 652 2772 -3715 169 2775 -3471 286 2723 -3530 2560 2862 -2613 2560 2864 -2367 2560 1613 -2737 2560 2912 -2736 2560 1612 -2244 2560 2917 -2244 400 2546 -3014 228 2802 -2532 400 2802 -3014 54 1024 -3700 652 2772 -3715 533 2755 -3942 2560 2917 -2244 2388 2917 -1762 2560 2661 -2244 400 2546 -3014 2388 2917 -1762 228 2802 -2532 2560 2661 -2244 400 1024 -3014 2560 1612 -2244 2560 2917 -2244 400 2802 -3014 169 1024 -3471 169 2775 -3471 1298 3810 -5631 1343 3835 -5657 1697 3835 -5861 3072 3666 -6655 3072 4294 -6655 1697 4091 -5861 1609 4194 -5810 1298 4293 -5631 4846 3233 -5631 2560 1613 -2737 3072 2945 -2559 2560 2912 -2736 1298 4293 -3583 1431 4194 -5708 1343 4091 -5657 1298 3954 -3583 4846 3089 -3583 4846 4242 -3583 3072 4097 -2559 2802 1613 -2653 851 3818 -5894 507 3042 -5697 329 3042 -5595 868 3954 -3302 868 2801 -3302 -181 2658 -5302 -181 3818 -5302 3072 2513 -7167 596 2939 -5748 3072 3666 -7167 -181 2658 -5302 596 2683 -5748 3072 2513 -7167 5289 3088 -5887 5289 2080 -5887 3072 3521 -7167 5289 3233 -5887 5289 3089 -3327 5289 1936 -3327 5543 3089 -2883 3328 2944 -1603 3328 2493 -1603 3072 3521 -7679 3072 3666 -7679 5733 3089 -6143 5732 3233 -6143 5289 2493 -3327 3072 2349 -2047 2851 1613 -1919 5289 1936 -3327 3072 2945 -2047 5543 2637 -2883 -869 1024 -5528 54 2762 -3700 -869 2657 -5528 4846 4242 -5631 4846 3089 -3583 4846 4242 -3583 3072 4097 -3071 3072 4293 -3071 4402 4294 -3839 4402 4293 -3839 3072 2513 -7679 240 2939 -5544 240 2683 -5544 -181 3818 -5302 -7167 1024 -7167 -3151 512 -6526 -3151 1024 -6526 2079 1368 -1535 -1016 1024 -2299 -1016 0 -2299 -2458 1024 -5155 -2633 0 -5497 -2458 0 -5155 -3151 512 -6526 -3151 1024 -6526 -3445 1 -4662 -3617 1 -5005 -4132 513 -6035 -3445 777 -4662 -1791 0 -767 -2815 1024 256 -2815 0 256 -2559 0 -2815 -2559 768 -2815 -1872 0 -1441 -1872 768 -1441 -1016 0 -2299 -1535 1024 -3327 -1535 0 -3327 -1016 1024 -2299 -1791 0 -767 -1872 0 -1441 -1872 768 -1441 -1791 973 -767 1434 0 4864 -921 0 5377 768 0 5376 -1791 973 -767 -2815 1024 256 768 717 5376 768 768 5376 1792 768 4864 768 0 5376 1792 0 4864 1434 0 4352 1792 0 4864 768 0 5888 -921 0 5888 -383 0 6400 -3071 0 3072 -4095 0 4096 -921 0 4865 256 0 6400 -3071 768 512 -3071 768 3072 -3071 0 3072 -1791 0 1792 -3071 0 512 -1535 0 2048 1280 0 3840 -921 256 5888 -921 0 6400 -921 0 5888 -921 0 4865 -921 256 5375 -921 0 5377 -3071 0 512 1792 0 4352 -4095 0 4096 -3071 768 3072 -4095 768 4096 -3071 0 3072 -1791 768 1792 -1791 0 1792 -1535 0 2048 1280 0 3840 1280 768 3840 -1535 768 2048 1792 768 4352 1792 0 4352 1792 0 4864 1792 768 4864 1792 0 4352 1792 768 4352 -1535 0 1536 -767 0 -767 -2815 0 256 -1791 0 -767 -1016 0 -2299 -1872 0 -1441 -1535 0 -3327 -2559 0 -2815 -4132 513 -6035 -3617 1 -5005 -2633 0 -5497 -2679 0 -5045 -3251 0 -4759 -3151 512 -6526 -3445 1 -4662 -2458 0 -5155 -2096 922 -4764 -2240 1024 -4835 -942 922 -2479 -970 1024 -2322 -869 1024 -5528 -1552 717 -4752 -1210 717 -4925 -1867 819 -4737 -828 819 -2680 -286 717 -3097 -629 717 -2924 28 819 -3113 257 922 -3085 400 1024 -3014 -1010 819 -5170 -897 922 -5370 54 1024 -3700 169 1024 -3471 768 717 5888 768 717 5376 768 0 5376 -3071 0 512 -2815 0 256 -2815 768 256 -3071 768 512 -921 0 5888 768 0 5376 -921 0 5377 768 0 5888 -921 0 5377 -921 205 5888 -921 0 5888 -921 205 5376 -1764 0 -3213 -2679 0 -5045 -3251 0 -4759 768 0 5888 -1791 768 1792 -1535 0 1536 -1791 0 1792 -1535 768 1536 -1791 0 1792 -2815 0 256 -3071 0 512 -1535 0 1536 -2336 0 -2926</float_array>
                    <technique_common>
                        <accessor count="314" source="#pointarrayMesh16_1" stride="3">
                            <param name="X" type="float"/>
                            <param name="Y" type="float"/>
                            <param name="Z" type="float"/>
                        </accessor>
                    </technique_common>
                </source>
                <source id="uvsMesh16_1">
                    <float_array id="uvarrayMesh16_1" count="628">0.966796875 1 -1.326171875 0.78125 -0.58203125 0.033203125 0.966796875 0.033203125 -1.326171875 1 -1.32421875 0.033203125 0.966796875 0.78125 0.966796875 1 -0.529296875 1 -0.529296875 0.78125 -3.0234375 1 -3.0234375 0.033203125 0.966796875 0.033203125 0.966796875 1 1.6328125 1 0.966796875 1 0.966796875 0.033203125 -0.6953125 1 -0.6953125 0.96484375 -0.6953125 0.033203125 0.03125 0.55859375 0.966796875 1.529296875 0.591796875 1.529296875 -0.52734375 1.53125 0.21875 2.826171875 0.03125 2.501953125 0.21875 0.234375 -1.27734375 2.826171875 -1.08984375 2.501953125 -1.08984375 0.55859375 -1.650390625 1.53125 -2.025390625 1.53125 -1.27734375 0.234375 -13.00390625 0.033203125 0.966796875 0.033203125 0.966796875 1 -13.00390625 1 15.9375 1 0 1 15.9375 0.78125 0 0.033203125 15.9375 0.033203125 0.384765625 -1.078125 0.17578125 1.11328125 0 1 -0.4453125 1 -0.806640625 -1.091796875 0.17578125 0.16015625 0.8984375 0.4609375 0.896484375 1.18359375 4.966796875 0.033203125 4.978515625 1.0703125 -0.015625 1.0703125 -0.65234375 1.11328125 0.966796875 0.46875 0.966796875 1 0.06640625 1 0.06640625 0.75 0.966796875 0.283203125 0.966796875 1 -1.02734375 1 0 0.65625 0 0.033203125 0.23046875 2.3203125 0 2.423828125 0 -0.962890625 0.623046875 7.0546875 -0.265625 6.939453125 0.966796875 2.029296875 0.1328125 2.029296875 0.966796875 0.033203125 0.966796875 0.314453125 0 0.31640625 0 0.033203125 0.75390625 2.314453125 1.013671875 2.41015625 1.0546875 -2.36328125 0.232421875 0.935546875 0 1 1.021484375 1.048828125 0.759765625 0.9453125 0.70703125 1.671875 0.38671875 1.67578125 0.865234375 0.033203125 0.865234375 1.736328125 0 0.033203125 0.2265625 1.744140625 0 0.408203125 1.216796875 1 0 1 8.111328125 4.16796875 7.935546875 2.46484375 8.212890625 2.48046875 0.716796875 1 -0.529296875 1 0.716796875 0.408203125 7.40625 2.685546875 5.1171875 2.322265625 7.140625 2.435546875 5.048828125 2.572265625 7.40625 4.16796875 5.048828125 3.59375 5.048828125 2.322265625 7.40625 2.435546875 7.87890625 4.16796875 7.87890625 2.4609375 10.4609375 1.453125 10.525390625 1.427734375 11.0859375 1.427734375 13.46875 1.59375 13.46875 1 11.0859375 1.1796875 10.9375 1.078125 10.4609375 1 16.44921875 2.015625 5.197265625 3.59375 4.43359375 2.296875 5.197265625 2.328125 7.44140625 1 10.65625 1.078125 10.525390625 1.1796875 7.44140625 1.3125 1.453125 2.15625 1.453125 1 4.43359375 1.171875 4.826171875 3.59375 -1.7109375 -0.642578125 -2.130859375 0.26171875 -2.365234375 0.271484375 7.412109375 1.3125 7.412109375 2.435546875 9.556640625 2.576171875 9.556640625 1.4453125 1.27734375 0.73828125 -2.009765625 0.375 1.2265625 -0.58203125 -3.0234375 0.73828125 -1.998046875 0.66796875 13.462890625 2.716796875 16.447265625 2.15625 16.447265625 3.138671875 13.462890625 1.734375 16.447265625 2.015625 19.419921875 2.154296875 19.419921875 3.279296875 1.701171875 2.154296875 4.19921875 2.296875 4.19921875 2.736328125 13.458984375 1.734375 13.458984375 1.59375 16.4453125 2.15625 16.4453125 2.015625 1.455078125 2.736328125 4.439453125 2.876953125 4.67578125 3.59375 1.455078125 3.279296875 4.439453125 2.296875 1.701171875 2.595703125 9.611328125 4.16796875 8.111328125 2.474609375 9.611328125 2.576171875 16.44921875 1 19.41796875 2.15625 19.41796875 1 4.42578125 1.171875 4.42578125 1 1.44921875 1 1.44921875 1 13.458984375 2.716796875 -2.478515625 0.392578125 -2.466796875 0.6875 -3.07421875 -0.58984375 -4.31640625 1 0.966796875 0.365234375 0.966796875 1 3.076171875 1.3671875 0 1 0 0.033203125 0.966796875 1 0.388671875 -0.296875 0.966796875 -0.296875 -1.02734375 0.365234375 -1.02734375 1 0.38671875 0.033203125 0.966796875 0.033203125 2.384765625 0.697265625 0.38671875 1.041015625 1.369140625 0.033203125 -1.025390625 1.3359375 -1.02734375 0.033203125 0.966796875 -0.962890625 0.966796875 0.033203125 -1.263671875 -0.962890625 -1.263671875 0.033203125 0.966796875 0.033203125 -0.154296875 1 -0.154296875 0.033203125 0.966796875 1 0.30078125 0.033203125 0.966796875 0.033203125 0.966796875 1 0.30078125 1.296875 1.365234375 0.78125 -0.927734375 0.28125 0.716796875 0.283203125 1.369140625 1.296875 -1.029296875 1.390625 1.1328125 0.96484375 1.1328125 1 -0.353515625 1 1.1328125 0.033203125 -0.353515625 0.033203125 1.365234375 1.28125 1.71484375 0.78125 0.716796875 -0.21484375 -0.927734375 -0.21484375 -0.404296875 -0.712890625 -3.0234375 2.529296875 -4.021484375 1.53125 -0.927734375 0.78125 0.21875 -0.712890625 2.962890625 0.69921875 -1.02734375 0.69921875 -1.02734375 0.033203125 -1.775390625 3.775390625 -3.0234375 5.0234375 -1.52734375 3.52734375 1.216796875 1.779296875 0 1.025390625 -2.0234375 0.025390625 -0.029296875 0.029296875 3.9609375 0.0390625 1.966796875 1 1.96484375 0.033203125 2.962890625 0.033203125 1.71484375 1.28125 0.08203125 0.033203125 1.96484375 0.69921875 0.08203125 0.69921875 1.96484375 0.033203125 -4.755859375 1 -4.755859375 0.033203125 -4.291015625 0.033203125 0.0390625 0.033203125 0.0390625 1 -4.291015625 1 0.966796875 1 0 0.033203125 0.634765625 0.033203125 0.634765625 1 0.966796875 0.033203125 0 1 -1.52734375 4.025390625 -0.77734375 6.271484375 -2.7734375 5.2734375 -1.775390625 6.271484375 -1.01953125 7.763671875 -1.85546875 6.927734375 -1.52734375 8.765625 -2.525390625 8.267578125 -4.0859375 11.390625 -3.595703125 10.447265625 -2.623046875 10.935546875 -2.640625 10.439453125 -3.19921875 10.162109375 -3.1015625 11.884765625 -3.388671875 10.06640625 -2.42578125 10.546875 -0.77734375 -0.37109375 -0.861328125 -0.462890625 0.8828125 -0.37109375 0.966796875 -0.46484375 -0.861328125 1 -0.611328125 0.095703125 -0.611328125 0.470703125 -0.6953125 -0.18359375 0.80078125 -0.18359375 0.716796875 0.470703125 0.716796875 0.095703125 0.80078125 0.75 0.8828125 0.9375 0.966796875 1 -0.6953125 0.75 -0.77734375 0.9375 0.466796875 1 0.634765625 1 -0.6953125 0.96484375 -1.359375 0.96484375 -1.359375 0.033203125 0 0.033203125 0.439453125 0.033203125 0.439453125 0.685546875 -0.029296875 0.671875 -0.927734375 -0.21484375 0.716796875 0.283203125 -0.927734375 0.28125 0.716796875 -0.21484375 1.96484375 0.033203125 0 0.826171875 -0.029296875 0.029296875 1.96484375 0.83203125 -1.75 8.654296875 -2.640625 10.439453125 -3.19921875 10.162109375 -0.6953125 0.033203125 0.439453125 1 0 0.099609375 0.439453125 0.099609375 0 1 -1.775390625 3.775390625 -2.7734375 5.2734375 -3.0234375 5.0234375 -1.52734375 4.025390625 -2.306640625 8.375</float_array>
                    <technique_common>
                        <accessor count="314" source="#uvarrayMesh16_1" stride="2">
                            <param name="S" type="float"/>
                            <param name="T" type="float"/>
                        </accessor>
                    </technique_common>
                </source>
                <vertices id="verticesMesh16_1">
                    <input semantic="POSITION" source="#pointsMesh16_1"/>
                </vertices>
                <polylist count="226" material="Material1">
                    <input offset="0" semantic="VERTEX" source="#verticesMesh16_1"/>
                    <input offset="1" semantic="TEXCOORD" source="#uvsMesh16_1" set="0"/>
                    <vcount>3 3 3 3 3 3 3 3 3 3 3 3 3 3 3 3 3 3 3 3 3 3 3 3 3 3 3 3 3 3 3 3 3 3 3 3 3 3 3 3 3 3 3 3 3 3 3 3 3 3 3 3 3 3 3 3 3 3 3 3 3 3 3 3 3 3 3 3 3 3 3 3 3 3 3 3 3 3 3 3 3 3 3 3 3 3 3 3 3 3 3 3 3 3 3 3 3 3 3 3 3 3 3 3 3 3 3 3 3 3 3 3 3 3 3 3 3 3 3 3 3 3 3 3 3 3 3 3 3 3 3 3 3 3 3 3 3 3 3 3 3 3 3 3 3 3 3 3 3 3 3 3 3 3 3 3 3 3 3 3 3 3 3 3 3 3 3 3 3 3 3 3 3 3 3 3 3 3 3 3 3 3 3 3 3 3 3 3 3 3 3 3 3 3 3 3 3 3 3 3 3 3 3 3 3 3 3 3 3 3 3 3 3 3 3 3 3 3 3 3 3 3 3 3 3 3</vcount>
                    <p>0 0 1 1 2 2 3 3 0 0 2 2 0 0 4 4 1 1 1 1 5 5 2 2 6 6 7 7 8 8 6 6 8 8 9 9 10 10 11 11 12 12 12 12 13 13 10 10 14 14 15 15 16 16 15 15 17 17 16 16 18 18 19 19 16 16 16 16 17 17 18 18 20 20 21 21 22 22 23 23 20 20 22 22 22 22 21 21 24 24 22 22 24 24 25 25 23 23 22 22 25 25 20 20 26 26 21 21 24 24 27 27 28 28 25 25 24 24 28 28 23 23 25 25 28 28 23 23 29 29 20 20 23 23 28 28 30 30 23 23 30 30 29 29 28 28 27 27 31 31 28 28 31 31 30 30 30 30 31 31 32 32 30 30 32 32 29 29 29 29 32 32 26 26 29 29 26 26 20 20 33 33 34 34 35 35 35 35 36 36 33 33 37 37 38 38 39 39 38 38 40 40 39 39 40 40 41 41 39 39 42 42 43 43 44 44 42 42 44 44 45 45 42 42 45 45 46 46 43 43 47 47 48 48 49 49 43 43 48 48 50 50 51 51 52 52 45 45 53 53 46 46 54 54 55 55 56 56 54 54 56 56 57 57 58 58 59 59 60 60 58 58 60 60 61 61 50 50 52 52 62 62 63 63 64 64 65 65 66 66 67 67 68 68 67 67 69 69 68 68 70 70 71 71 72 72 73 73 70 70 72 72 74 74 63 63 65 65 74 74 65 65 75 75 76 76 77 77 78 78 76 76 79 79 80 80 76 76 80 80 77 77 81 81 82 82 83 83 81 81 83 83 84 84 82 82 85 85 83 83 82 82 86 86 85 85 87 87 88 88 89 89 90 90 91 91 92 92 93 93 94 94 95 95 96 96 97 97 98 98 96 96 99 99 97 97 100 100 101 101 102 102 100 100 102 102 103 103 90 90 104 104 91 91 104 104 103 103 105 105 104 104 100 100 103 103 106 106 107 107 108 108 106 106 108 108 109 109 109 109 108 108 110 110 108 108 111 111 110 110 111 111 112 112 110 110 112 112 113 113 110 110 109 109 110 110 114 114 113 113 107 107 106 106 115 115 116 116 117 117 118 118 113 113 106 106 113 113 119 119 120 120 113 113 112 112 119 119 113 113 120 120 107 107 121 121 118 118 106 106 122 122 123 123 124 124 122 122 124 124 116 116 115 115 125 125 116 116 126 126 127 127 128 128 116 116 124 124 117 117 124 124 129 129 117 117 129 129 130 130 117 117 130 130 129 129 91 91 131 131 129 129 132 132 129 129 92 92 91 91 129 129 131 131 92 92 126 126 133 133 134 134 126 126 135 135 133 133 136 136 137 137 133 133 137 137 134 134 133 133 138 138 139 139 140 140 138 138 141 141 139 139 140 140 142 142 143 143 140 140 143 143 144 144 145 145 146 146 147 147 148 148 149 149 150 150 149 149 151 151 150 150 152 152 153 153 154 154 155 155 152 152 154 154 154 154 153 153 156 156 157 157 145 145 147 147 158 158 159 159 160 160 110 110 161 161 114 114 114 114 161 161 162 162 161 161 163 163 162 162 164 164 165 165 118 118 165 165 164 164 166 166 164 164 167 167 166 166 164 164 118 118 121 121 158 158 90 90 159 159 168 168 158 158 160 160 136 136 126 126 128 128 126 126 134 134 127 127 169 169 170 170 136 136 169 169 136 136 128 128 136 136 170 170 137 137 126 126 136 136 171 171 172 172 173 173 174 174 175 175 176 176 177 177 178 178 179 179 180 180 178 178 181 181 179 179 178 178 182 182 181 181 183 183 184 184 185 185 183 183 185 185 186 186 187 187 188 188 189 189 190 190 191 191 192 192 191 191 193 193 192 192 194 194 195 195 196 196 194 194 197 197 195 195 198 198 199 199 200 200 198 198 200 200 201 201 202 202 203 203 204 204 187 187 205 205 206 206 207 207 208 208 209 209 210 210 207 207 209 209 211 211 210 210 209 209 202 202 212 212 203 203 204 204 213 213 202 202 214 214 215 215 216 216 212 212 217 217 218 218 212 212 219 219 203 203 219 219 212 212 218 218 214 214 216 216 220 220 221 221 222 222 223 223 224 224 225 225 217 217 226 226 224 224 217 217 227 227 226 226 217 217 228 228 229 229 230 230 231 231 232 232 233 233 221 221 223 223 234 234 235 235 227 227 212 212 236 236 237 237 238 238 236 236 239 239 237 237 240 240 241 241 242 242 242 242 243 243 244 244 242 242 244 244 245 245 244 244 243 243 246 246 247 247 248 248 249 249 227 227 217 217 212 212 243 243 250 250 246 246 251 251 247 247 249 249 242 242 245 245 240 240 252 252 253 253 254 254 254 254 253 253 255 255 253 253 256 256 255 255 256 256 257 257 255 255 258 258 259 259 256 256 256 256 259 259 257 257 260 260 261 261 262 262 261 261 263 263 262 262 261 261 264 264 263 263 265 265 260 260 262 262 261 261 266 266 264 264 263 263 267 267 262 262 268 268 269 269 270 270 269 269 271 271 270 270 272 272 269 269 268 268 272 272 273 273 274 274 275 275 268 268 270 270 275 275 270 270 276 276 270 270 277 277 278 278 270 270 278 278 276 276 270 270 279 279 277 277 270 270 280 280 279 279 270 270 281 281 280 280 270 270 271 271 281 281 272 272 268 268 275 275 275 275 276 276 278 278 273 273 275 275 278 278 272 272 275 275 273 273 274 274 278 278 277 277 274 274 273 273 278 278 282 282 274 274 277 277 272 272 274 274 282 282 282 282 277 277 279 279 272 272 282 282 283 283 283 283 282 282 279 279 283 283 279 279 280 280 284 284 272 272 283 283 284 284 283 283 280 280 285 285 284 284 280 280 285 285 280 280 281 281 286 286 287 287 288 288 289 289 290 290 291 291 289 289 291 291 292 292 293 293 294 294 295 295 293 293 296 296 294 294 297 297 298 298 299 299 297 297 300 300 298 298 301 301 302 302 303 303 286 286 288 288 304 304 305 305 306 306 307 307 305 305 308 308 306 306 309 309 310 310 311 311 309 309 312 312 310 310 301 301 303 303 313 313</p>
                </polylist>
            </mesh>
        </geometry>
        <geometry id="meshMesh16_2">
            <mesh>
                <source id="pointsMesh16_2">
                    <float_array id="pointarrayMesh16_2" count="942">-2815 1024 256 -3231 960 -159 -3097 768 -24 -2815 768 256 -3231 1024 -159 -3231 768 -159 -3231 960 -159 -3231 1024 -159 -3503 1024 111 -3503 960 111 -7167 768 4096 -7167 0 4096 -4095 0 4096 -4095 768 4096 768 768 7680 768 768 7168 768 0 7168 768 768 5888 768 717 5888 768 0 5888 3776 2560 2227 2816 3072 1230 3200 2560 1230 4352 2048 1230 3584 3072 -99 3776 2560 232 3584 3072 2560 5120 3072 -99 4928 2560 232 4928 2560 2227 5504 2560 1230 5888 3072 1230 5120 3072 2560 -7167 768 4096 -7167 768 512 -7167 1024 512 -7167 1024 4096 -3503 1024 111 -7167 1024 512 -3503 960 111 -7167 768 512 -3503 768 111 2851 1613 -1919 3072 2945 -2047 3072 2894 -2175 3072 2894 -2431 2802 1613 -2653 3072 2349 -2047 3328 2493 -1603 3328 2944 -1603 5289 2493 -3327 5543 2637 -2883 3328 2493 -1603 3072 2945 -2559 3072 3521 -7167 3072 3666 -7167 3072 3666 -7679 3072 3521 -7679 5289 2493 -3327 5289 3089 -3327 5543 3089 -2883 5543 2637 -2883 3072 2349 -2047 167 2709 -3757 54 2762 -3700 54 1024 -3700 3072 3521 -7167 3072 3521 -7679 5289 3088 -5887 5733 3089 -6143 5733 3089 -6143 5732 3233 -6143 5289 3233 -5887 5289 3088 -5887 419 2706 -3884 533 2755 -3942 169 1024 -3471 537 2721 -3657 652 2772 -3715 169 2775 -3471 286 2723 -3530 2560 2862 -2613 2560 2864 -2367 2560 1613 -2737 2560 2912 -2736 2560 1612 -2244 2560 2917 -2244 400 2546 -3014 228 2802 -2532 400 2802 -3014 54 1024 -3700 652 2772 -3715 533 2755 -3942 2560 2917 -2244 2388 2917 -1762 2560 2661 -2244 400 2546 -3014 2388 2917 -1762 228 2802 -2532 2560 2661 -2244 400 1024 -3014 2560 1612 -2244 2560 2917 -2244 400 2802 -3014 169 1024 -3471 169 2775 -3471 1298 3810 -5631 1343 3835 -5657 1697 3835 -5861 3072 3666 -6655 3072 4294 -6655 1697 4091 -5861 1609 4194 -5810 1298 4293 -5631 4846 3233 -5631 2560 1613 -2737 3072 2945 -2559 2560 2912 -2736 1298 4293 -3583 1431 4194 -5708 1343 4091 -5657 1298 3954 -3583 4846 3089 -3583 4846 4242 -3583 3072 4097 -2559 2802 1613 -2653 851 3818 -5894 507 3042 -5697 329 3042 -5595 868 3954 -3302 868 2801 -3302 -181 2658 -5302 -181 3818 -5302 3072 2513 -7167 596 2939 -5748 3072 3666 -7167 -181 2658 -5302 596 2683 -5748 3072 2513 -7167 5289 3088 -5887 5289 2080 -5887 3072 3521 -7167 5289 3233 -5887 5289 3089 -3327 5289 1936 -3327 5543 3089 -2883 3328 2944 -1603 3328 2493 -1603 3072 3521 -7679 3072 3666 -7679 5733 3089 -6143 5732 3233 -6143 5289 2493 -3327 3072 2349 -2047 2851 1613 -1919 5289 1936 -3327 3072 2945 -2047 5543 2637 -2883 -869 1024 -5528 54 2762 -3700 -869 2657 -5528 4846 4242 -5631 4846 3089 -3583 4846 4242 -3583 3072 4097 -3071 3072 4293 -3071 4402 4294 -3839 4402 4293 -3839 3072 2513 -7679 240 2939 -5544 240 2683 -5544 -181 3818 -5302 -7167 1024 -7167 -3151 512 -6526 -3151 1024 -6526 2079 1368 -1535 -1016 1024 -2299 -1016 0 -2299 -2458 1024 -5155 -2633 0 -5497 -2458 0 -5155 -3151 512 -6526 -3151 1024 -6526 -3445 1 -4662 -3617 1 -5005 -4132 513 -6035 -3445 777 -4662 -1791 0 -767 -2815 1024 256 -2815 0 256 -2559 0 -2815 -2559 768 -2815 -1872 0 -1441 -1872 768 -1441 -1016 0 -2299 -1535 1024 -3327 -1535 0 -3327 -1016 1024 -2299 -1791 0 -767 -1872 0 -1441 -1872 768 -1441 -1791 973 -767 1434 0 4864 -921 0 5377 768 0 5376 -1791 973 -767 -2815 1024 256 768 717 5376 768 768 5376 1792 768 4864 768 0 5376 1792 0 4864 1434 0 4352 1792 0 4864 768 0 5888 -921 0 5888 -383 0 6400 -3071 0 3072 -4095 0 4096 -921 0 4865 256 0 6400 -3071 768 512 -3071 768 3072 -3071 0 3072 -1791 0 1792 -3071 0 512 -1535 0 2048 1280 0 3840 -921 256 5888 -921 0 6400 -921 0 5888 -921 0 4865 -921 256 5375 -921 0 5377 -3071 0 512 1792 0 4352 -4095 0 4096 -3071 768 3072 -4095 768 4096 -3071 0 3072 -1791 768 1792 -1791 0 1792 -1535 0 2048 1280 0 3840 1280 768 3840 -1535 768 2048 1792 768 4352 1792 0 4352 1792 0 4864 1792 768 4864 1792 0 4352 1792 768 4352 -1535 0 1536 -767 0 -767 -2815 0 256 -1791 0 -767 -1016 0 -2299 -1872 0 -1441 -1535 0 -3327 -2559 0 -2815 -4132 513 -6035 -3617 1 -5005 -2633 0 -5497 -2679 0 -5045 -3251 0 -4759 -3151 512 -6526 -3445 1 -4662 -2458 0 -5155 -2096 922 -4764 -2240 1024 -4835 -942 922 -2479 -970 1024 -2322 -869 1024 -5528 -1552 717 -4752 -1210 717 -4925 -1867 819 -4737 -828 819 -2680 -286 717 -3097 -629 717 -2924 28 819 -3113 257 922 -3085 400 1024 -3014 -1010 819 -5170 -897 922 -5370 54 1024 -3700 169 1024 -3471 768 717 5888 768 717 5376 768 0 5376 -3071 0 512 -2815 0 256 -2815 768 256 -3071 768 512 -921 0 5888 768 0 5376 -921 0 5377 768 0 5888 -921 0 5377 -921 205 5888 -921 0 5888 -921 205 5376 -1764 0 -3213 -2679 0 -5045 -3251 0 -4759 768 0 5888 -1791 768 1792 -1535 0 1536 -1791 0 1792 -1535 768 1536 -1791 0 1792 -2815 0 256 -3071 0 512 -1535 0 1536 -2336 0 -2926</float_array>
                    <technique_common>
                        <accessor count="314" source="#pointarrayMesh16_2" stride="3">
                            <param name="X" type="float"/>
                            <param name="Y" type="float"/>
                            <param name="Z" type="float"/>
                        </accessor>
                    </technique_common>
                </source>
                <source id="uvsMesh16_2">
                    <float_array id="uvarrayMesh16_2" count="628">0.966796875 1 -1.326171875 0.78125 -0.58203125 0.033203125 0.966796875 0.033203125 -1.326171875 1 -1.32421875 0.033203125 0.966796875 0.78125 0.966796875 1 -0.529296875 1 -0.529296875 0.78125 -3.0234375 1 -3.0234375 0.033203125 0.966796875 0.033203125 0.966796875 1 1.6328125 1 0.966796875 1 0.966796875 0.033203125 -0.6953125 1 -0.6953125 0.96484375 -0.6953125 0.033203125 0.03125 0.55859375 0.966796875 1.529296875 0.591796875 1.529296875 -0.52734375 1.53125 0.21875 2.826171875 0.03125 2.501953125 0.21875 0.234375 -1.27734375 2.826171875 -1.08984375 2.501953125 -1.08984375 0.55859375 -1.650390625 1.53125 -2.025390625 1.53125 -1.27734375 0.234375 -13.00390625 0.033203125 0.966796875 0.033203125 0.966796875 1 -13.00390625 1 15.9375 1 0 1 15.9375 0.78125 0 0.033203125 15.9375 0.033203125 0.384765625 -1.078125 0.17578125 1.11328125 0 1 -0.4453125 1 -0.806640625 -1.091796875 0.17578125 0.16015625 0.8984375 0.4609375 0.896484375 1.18359375 4.966796875 0.033203125 4.978515625 1.0703125 -0.015625 1.0703125 -0.65234375 1.11328125 0.966796875 0.46875 0.966796875 1 0.06640625 1 0.06640625 0.75 0.966796875 0.283203125 0.966796875 1 -1.02734375 1 0 0.65625 0 0.033203125 0.23046875 2.3203125 0 2.423828125 0 -0.962890625 0.623046875 7.0546875 -0.265625 6.939453125 0.966796875 2.029296875 0.1328125 2.029296875 0.966796875 0.033203125 0.966796875 0.314453125 0 0.31640625 0 0.033203125 0.75390625 2.314453125 1.013671875 2.41015625 1.0546875 -2.36328125 0.232421875 0.935546875 0 1 1.021484375 1.048828125 0.759765625 0.9453125 0.70703125 1.671875 0.38671875 1.67578125 0.865234375 0.033203125 0.865234375 1.736328125 0 0.033203125 0.2265625 1.744140625 0 0.408203125 1.216796875 1 0 1 8.111328125 4.16796875 7.935546875 2.46484375 8.212890625 2.48046875 0.716796875 1 -0.529296875 1 0.716796875 0.408203125 7.40625 2.685546875 5.1171875 2.322265625 7.140625 2.435546875 5.048828125 2.572265625 7.40625 4.16796875 5.048828125 3.59375 5.048828125 2.322265625 7.40625 2.435546875 7.87890625 4.16796875 7.87890625 2.4609375 10.4609375 1.453125 10.525390625 1.427734375 11.0859375 1.427734375 13.46875 1.59375 13.46875 1 11.0859375 1.1796875 10.9375 1.078125 10.4609375 1 16.44921875 2.015625 5.197265625 3.59375 4.43359375 2.296875 5.197265625 2.328125 7.44140625 1 10.65625 1.078125 10.525390625 1.1796875 7.44140625 1.3125 1.453125 2.15625 1.453125 1 4.43359375 1.171875 4.826171875 3.59375 -1.7109375 -0.642578125 -2.130859375 0.26171875 -2.365234375 0.271484375 7.412109375 1.3125 7.412109375 2.435546875 9.556640625 2.576171875 9.556640625 1.4453125 1.27734375 0.73828125 -2.009765625 0.375 1.2265625 -0.58203125 -3.0234375 0.73828125 -1.998046875 0.66796875 13.462890625 2.716796875 16.447265625 2.15625 16.447265625 3.138671875 13.462890625 1.734375 16.447265625 2.015625 19.419921875 2.154296875 19.419921875 3.279296875 1.701171875 2.154296875 4.19921875 2.296875 4.19921875 2.736328125 13.458984375 1.734375 13.458984375 1.59375 16.4453125 2.15625 16.4453125 2.015625 1.455078125 2.736328125 4.439453125 2.876953125 4.67578125 3.59375 1.455078125 3.279296875 4.439453125 2.296875 1.701171875 2.595703125 9.611328125 4.16796875 8.111328125 2.474609375 9.611328125 2.576171875 16.44921875 1 19.41796875 2.15625 19.41796875 1 4.42578125 1.171875 4.42578125 1 1.44921875 1 1.44921875 1 13.458984375 2.716796875 -2.478515625 0.392578125 -2.466796875 0.6875 -3.07421875 -0.58984375 -4.31640625 1 0.966796875 0.365234375 0.966796875 1 3.076171875 1.3671875 0 1 0 0.033203125 0.966796875 1 0.388671875 -0.296875 0.966796875 -0.296875 -1.02734375 0.365234375 -1.02734375 1 0.38671875 0.033203125 0.966796875 0.033203125 2.384765625 0.697265625 0.38671875 1.041015625 1.369140625 0.033203125 -1.025390625 1.3359375 -1.02734375 0.033203125 0.966796875 -0.962890625 0.966796875 0.033203125 -1.263671875 -0.962890625 -1.263671875 0.033203125 0.966796875 0.033203125 -0.154296875 1 -0.154296875 0.033203125 0.966796875 1 0.30078125 0.033203125 0.966796875 0.033203125 0.966796875 1 0.30078125 1.296875 1.365234375 0.78125 -0.927734375 0.28125 0.716796875 0.283203125 1.369140625 1.296875 -1.029296875 1.390625 1.1328125 0.96484375 1.1328125 1 -0.353515625 1 1.1328125 0.033203125 -0.353515625 0.033203125 1.365234375 1.28125 1.71484375 0.78125 0.716796875 -0.21484375 -0.927734375 -0.21484375 -0.404296875 -0.712890625 -3.0234375 2.529296875 -4.021484375 1.53125 -0.927734375 0.78125 0.21875 -0.712890625 2.962890625 0.69921875 -1.02734375 0.69921875 -1.02734375 0.033203125 -1.775390625 3.775390625 -3.0234375 5.0234375 -1.52734375 3.52734375 1.216796875 1.779296875 0 1.025390625 -2.0234375 0.025390625 -0.029296875 0.029296875 3.9609375 0.0390625 1.966796875 1 1.96484375 0.033203125 2.962890625 0.033203125 1.71484375 1.28125 0.08203125 0.033203125 1.96484375 0.69921875 0.08203125 0.69921875 1.96484375 0.033203125 -4.755859375 1 -4.755859375 0.033203125 -4.291015625 0.033203125 0.0390625 0.033203125 0.0390625 1 -4.291015625 1 0.966796875 1 0 0.033203125 0.634765625 0.033203125 0.634765625 1 0.966796875 0.033203125 0 1 -1.52734375 4.025390625 -0.77734375 6.271484375 -2.7734375 5.2734375 -1.775390625 6.271484375 -1.01953125 7.763671875 -1.85546875 6.927734375 -1.52734375 8.765625 -2.525390625 8.267578125 -4.0859375 11.390625 -3.595703125 10.447265625 -2.623046875 10.935546875 -2.640625 10.439453125 -3.19921875 10.162109375 -3.1015625 11.884765625 -3.388671875 10.06640625 -2.42578125 10.546875 -0.77734375 -0.37109375 -0.861328125 -0.462890625 0.8828125 -0.37109375 0.966796875 -0.46484375 -0.861328125 1 -0.611328125 0.095703125 -0.611328125 0.470703125 -0.6953125 -0.18359375 0.80078125 -0.18359375 0.716796875 0.470703125 0.716796875 0.095703125 0.80078125 0.75 0.8828125 0.9375 0.966796875 1 -0.6953125 0.75 -0.77734375 0.9375 0.466796875 1 0.634765625 1 -0.6953125 0.96484375 -1.359375 0.96484375 -1.359375 0.033203125 0 0.033203125 0.439453125 0.033203125 0.439453125 0.685546875 -0.029296875 0.671875 -0.927734375 -0.21484375 0.716796875 0.283203125 -0.927734375 0.28125 0.716796875 -0.21484375 1.96484375 0.033203125 0 0.826171875 -0.029296875 0.029296875 1.96484375 0.83203125 -1.75 8.654296875 -2.640625 10.439453125 -3.19921875 10.162109375 -0.6953125 0.033203125 0.439453125 1 0 0.099609375 0.439453125 0.099609375 0 1 -1.775390625 3.775390625 -2.7734375 5.2734375 -3.0234375 5.0234375 -1.52734375 4.025390625 -2.306640625 8.375</float_array>
                    <technique_common>
                        <accessor count="314" source="#uvarrayMesh16_2" stride="2">
                            <param name="S" type="float"/>
                            <param name="T" type="float"/>
                        </accessor>
                    </technique_common>
                </source>
                <vertices id="verticesMesh16_2">
                    <input semantic="POSITION" source="#pointsMesh16_2"/>
                </vertices>
                <polylist count="226" material="Material1">
                    <input offset="0" semantic="VERTEX" source="#verticesMesh16_2"/>
                    <input offset="1" semantic="TEXCOORD" source="#uvsMesh16_2" set="0"/>
                    <vcount>3 3 3 3 3 3 3 3 3 3 3 3 3 3 3 3 3 3 3 3 3 3 3 3 3 3 3 3 3 3 3 3 3 3 3 3 3 3 3 3 3 3 3 3 3 3 3 3 3 3 3 3 3 3 3 3 3 3 3 3 3 3 3 3 3 3 3 3 3 3 3 3 3 3 3 3 3 3 3 3 3 3 3 3 3 3 3 3 3 3 3 3 3 3 3 3 3 3 3 3 3 3 3 3 3 3 3 3 3 3 3 3 3 3 3 3 3 3 3 3 3 3 3 3 3 3 3 3 3 3 3 3 3 3 3 3 3 3 3 3 3 3 3 3 3 3 3 3 3 3 3 3 3 3 3 3 3 3 3 3 3 3 3 3 3 3 3 3 3 3 3 3 3 3 3 3 3 3 3 3 3 3 3 3 3 3 3 3 3 3 3 3 3 3 3 3 3 3 3 3 3 3 3 3 3 3 3 3 3 3 3 3 3 3 3 3 3 3 3 3 3 3 3 3 3 3</vcount>
                    <p>0 0 1 1 2 2 3 3 0 0 2 2 0 0 4 4 1 1 1 1 5 5 2 2 6 6 7 7 8 8 6 6 8 8 9 9 10 10 11 11 12 12 12 12 13 13 10 10 14 14 15 15 16 16 15 15 17 17 16 16 18 18 19 19 16 16 16 16 17 17 18 18 20 20 21 21 22 22 23 23 20 20 22 22 22 22 21 21 24 24 22 22 24 24 25 25 23 23 22 22 25 25 20 20 26 26 21 21 24 24 27 27 28 28 25 25 24 24 28 28 23 23 25 25 28 28 23 23 29 29 20 20 23 23 28 28 30 30 23 23 30 30 29 29 28 28 27 27 31 31 28 28 31 31 30 30 30 30 31 31 32 32 30 30 32 32 29 29 29 29 32 32 26 26 29 29 26 26 20 20 33 33 34 34 35 35 35 35 36 36 33 33 37 37 38 38 39 39 38 38 40 40 39 39 40 40 41 41 39 39 42 42 43 43 44 44 42 42 44 44 45 45 42 42 45 45 46 46 43 43 47 47 48 48 49 49 43 43 48 48 50 50 51 51 52 52 45 45 53 53 46 46 54 54 55 55 56 56 54 54 56 56 57 57 58 58 59 59 60 60 58 58 60 60 61 61 50 50 52 52 62 62 63 63 64 64 65 65 66 66 67 67 68 68 67 67 69 69 68 68 70 70 71 71 72 72 73 73 70 70 72 72 74 74 63 63 65 65 74 74 65 65 75 75 76 76 77 77 78 78 76 76 79 79 80 80 76 76 80 80 77 77 81 81 82 82 83 83 81 81 83 83 84 84 82 82 85 85 83 83 82 82 86 86 85 85 87 87 88 88 89 89 90 90 91 91 92 92 93 93 94 94 95 95 96 96 97 97 98 98 96 96 99 99 97 97 100 100 101 101 102 102 100 100 102 102 103 103 90 90 104 104 91 91 104 104 103 103 105 105 104 104 100 100 103 103 106 106 107 107 108 108 106 106 108 108 109 109 109 109 108 108 110 110 108 108 111 111 110 110 111 111 112 112 110 110 112 112 113 113 110 110 109 109 110 110 114 114 113 113 107 107 106 106 115 115 116 116 117 117 118 118 113 113 106 106 113 113 119 119 120 120 113 113 112 112 119 119 113 113 120 120 107 107 121 121 118 118 106 106 122 122 123 123 124 124 122 122 124 124 116 116 115 115 125 125 116 116 126 126 127 127 128 128 116 116 124 124 117 117 124 124 129 129 117 117 129 129 130 130 117 117 130 130 129 129 91 91 131 131 129 129 132 132 129 129 92 92 91 91 129 129 131 131 92 92 126 126 133 133 134 134 126 126 135 135 133 133 136 136 137 137 133 133 137 137 134 134 133 133 138 138 139 139 140 140 138 138 141 141 139 139 140 140 142 142 143 143 140 140 143 143 144 144 145 145 146 146 147 147 148 148 149 149 150 150 149 149 151 151 150 150 152 152 153 153 154 154 155 155 152 152 154 154 154 154 153 153 156 156 157 157 145 145 147 147 158 158 159 159 160 160 110 110 161 161 114 114 114 114 161 161 162 162 161 161 163 163 162 162 164 164 165 165 118 118 165 165 164 164 166 166 164 164 167 167 166 166 164 164 118 118 121 121 158 158 90 90 159 159 168 168 158 158 160 160 136 136 126 126 128 128 126 126 134 134 127 127 169 169 170 170 136 136 169 169 136 136 128 128 136 136 170 170 137 137 126 126 136 136 171 171 172 172 173 173 174 174 175 175 176 176 177 177 178 178 179 179 180 180 178 178 181 181 179 179 178 178 182 182 181 181 183 183 184 184 185 185 183 183 185 185 186 186 187 187 188 188 189 189 190 190 191 191 192 192 191 191 193 193 192 192 194 194 195 195 196 196 194 194 197 197 195 195 198 198 199 199 200 200 198 198 200 200 201 201 202 202 203 203 204 204 187 187 205 205 206 206 207 207 208 208 209 209 210 210 207 207 209 209 211 211 210 210 209 209 202 202 212 212 203 203 204 204 213 213 202 202 214 214 215 215 216 216 212 212 217 217 218 218 212 212 219 219 203 203 219 219 212 212 218 218 214 214 216 216 220 220 221 221 222 222 223 223 224 224 225 225 217 217 226 226 224 224 217 217 227 227 226 226 217 217 228 228 229 229 230 230 231 231 232 232 233 233 221 221 223 223 234 234 235 235 227 227 212 212 236 236 237 237 238 238 236 236 239 239 237 237 240 240 241 241 242 242 242 242 243 243 244 244 242 242 244 244 245 245 244 244 243 243 246 246 247 247 248 248 249 249 227 227 217 217 212 212 243 243 250 250 246 246 251 251 247 247 249 249 242 242 245 245 240 240 252 252 253 253 254 254 254 254 253 253 255 255 253 253 256 256 255 255 256 256 257 257 255 255 258 258 259 259 256 256 256 256 259 259 257 257 260 260 261 261 262 262 261 261 263 263 262 262 261 261 264 264 263 263 265 265 260 260 262 262 261 261 266 266 264 264 263 263 267 267 262 262 268 268 269 269 270 270 269 269 271 271 270 270 272 272 269 269 268 268 272 272 273 273 274 274 275 275 268 268 270 270 275 275 270 270 276 276 270 270 277 277 278 278 270 270 278 278 276 276 270 270 279 279 277 277 270 270 280 280 279 279 270 270 281 281 280 280 270 270 271 271 281 281 272 272 268 268 275 275 275 275 276 276 278 278 273 273 275 275 278 278 272 272 275 275 273 273 274 274 278 278 277 277 274 274 273 273 278 278 282 282 274 274 277 277 272 272 274 274 282 282 282 282 277 277 279 279 272 272 282 282 283 283 283 283 282 282 279 279 283 283 279 279 280 280 284 284 272 272 283 283 284 284 283 283 280 280 285 285 284 284 280 280 285 285 280 280 281 281 286 286 287 287 288 288 289 289 290 290 291 291 289 289 291 291 292 292 293 293 294 294 295 295 293 293 296 296 294 294 297 297 298 298 299 299 297 297 300 300 298 298 301 301 302 302 303 303 286 286 288 288 304 304 305 305 306 306 307 307 305 305 308 308 306 306 309 309 310 310 311 311 309 309 312 312 310 310 301 301 303 303 313 313</p>
                </polylist>
            </mesh>
        </geometry>
        <geometry id="meshMesh16_VC1">
            <mesh>
                <source id="pointsMesh16_VC1">
                    <float_array id="pointarrayMesh16_VC1" count="942">-2815 1024 256 -3231 960 -159 -3097 768 -24 -2815 768 256 -3231 1024 -159 -3231 768 -159 -3231 960 -159 -3231 1024 -159 -3503 1024 111 -3503 960 111 -7167 768 4096 -7167 0 4096 -4095 0 4096 -4095 768 4096 768 768 7680 768 768 7168 768 0 7168 768 768 5888 768 717 5888 768 0 5888 3776 2560 2227 2816 3072 1230 3200 2560 1230 4352 2048 1230 3584 3072 -99 3776 2560 232 3584 3072 2560 5120 3072 -99 4928 2560 232 4928 2560 2227 5504 2560 1230 5888 3072 1230 5120 3072 2560 -7167 768 4096 -7167 768 512 -7167 1024 512 -7167 1024 4096 -3503 1024 111 -7167 1024 512 -3503 960 111 -7167 768 512 -3503 768 111 2851 1613 -1919 3072 2945 -2047 3072 2894 -2175 3072 2894 -2431 2802 1613 -2653 3072 2349 -2047 3328 2493 -1603 3328 2944 -1603 5289 2493 -3327 5543 2637 -2883 3328 2493 -1603 3072 2945 -2559 3072 3521 -7167 3072 3666 -7167 3072 3666 -7679 3072 3521 -7679 5289 2493 -3327 5289 3089 -3327 5543 3089 -2883 5543 2637 -2883 3072 2349 -2047 167 2709 -3757 54 2762 -3700 54 1024 -3700 3072 3521 -7167 3072 3521 -7679 5289 3088 -5887 5733 3089 -6143 5733 3089 -6143 5732 3233 -6143 5289 3233 -5887 5289 3088 -5887 419 2706 -3884 533 2755 -3942 169 1024 -3471 537 2721 -3657 652 2772 -3715 169 2775 -3471 286 2723 -3530 2560 2862 -2613 2560 2864 -2367 2560 1613 -2737 2560 2912 -2736 2560 1612 -2244 2560 2917 -2244 400 2546 -3014 228 2802 -2532 400 2802 -3014 54 1024 -3700 652 2772 -3715 533 2755 -3942 2560 2917 -2244 2388 2917 -1762 2560 2661 -2244 400 2546 -3014 2388 2917 -1762 228 2802 -2532 2560 2661 -2244 400 1024 -3014 2560 1612 -2244 2560 2917 -2244 400 2802 -3014 169 1024 -3471 169 2775 -3471 1298 3810 -5631 1343 3835 -5657 1697 3835 -5861 3072 3666 -6655 3072 4294 -6655 1697 4091 -5861 1609 4194 -5810 1298 4293 -5631 4846 3233 -5631 2560 1613 -2737 3072 2945 -2559 2560 2912 -2736 1298 4293 -3583 1431 4194 -5708 1343 4091 -5657 1298 3954 -3583 4846 3089 -3583 4846 4242 -3583 3072 4097 -2559 2802 1613 -2653 851 3818 -5894 507 3042 -5697 329 3042 -5595 868 3954 -3302 868 2801 -3302 -181 2658 -5302 -181 3818 -5302 3072 2513 -7167 596 2939 -5748 3072 3666 -7167 -181 2658 -5302 596 2683 -5748 3072 2513 -7167 5289 3088 -5887 5289 2080 -5887 3072 3521 -7167 5289 3233 -5887 5289 3089 -3327 5289 1936 -3327 5543 3089 -2883 3328 2944 -1603 3328 2493 -1603 3072 3521 -7679 3072 3666 -7679 5733 3089 -6143 5732 3233 -6143 5289 2493 -3327 3072 2349 -2047 2851 1613 -1919 5289 1936 -3327 3072 2945 -2047 5543 2637 -2883 -869 1024 -5528 54 2762 -3700 -869 2657 -5528 4846 4242 -5631 4846 3089 -3583 4846 4242 -3583 3072 4097 -3071 3072 4293 -3071 4402 4294 -3839 4402 4293 -3839 3072 2513 -7679 240 2939 -5544 240 2683 -5544 -181 3818 -5302 -7167 1024 -7167 -3151 512 -6526 -3151 1024 -6526 2079 1368 -1535 -1016 1024 -2299 -1016 0 -2299 -2458 1024 -5155 -2633 0 -5497 -2458 0 -5155 -3151 512 -6526 -3151 1024 -6526 -3445 1 -4662 -3617 1 -5005 -4132 513 -6035 -3445 777 -4662 -1791 0 -767 -2815 1024 256 -2815 0 256 -2559 0 -2815 -2559 768 -2815 -1872 0 -1441 -1872 768 -1441 -1016 0 -2299 -1535 1024 -3327 -1535 0 -3327 -1016 1024 -2299 -1791 0 -767 -1872 0 -1441 -1872 768 -1441 -1791 973 -767 1434 0 4864 -921 0 5377 768 0 5376 -1791 973 -767 -2815 1024 256 768 717 5376 768 768 5376 1792 768 4864 768 0 5376 1792 0 4864 1434 0 4352 1792 0 4864 768 0 5888 -921 0 5888 -383 0 6400 -3071 0 3072 -4095 0 4096 -921 0 4865 256 0 6400 -3071 768 512 -3071 768 3072 -3071 0 3072 -1791 0 1792 -3071 0 512 -1535 0 2048 1280 0 3840 -921 256 5888 -921 0 6400 -921 0 5888 -921 0 4865 -921 256 5375 -921 0 5377 -3071 0 512 1792 0 4352 -4095 0 4096 -3071 768 3072 -4095 768 4096 -3071 0 3072 -1791 768 1792 -1791 0 1792 -1535 0 2048 1280 0 3840 1280 768 3840 -1535 768 2048 1792 768 4352 1792 0 4352 1792 0 4864 1792 768 4864 1792 0 4352 1792 768 4352 -1535 0 1536 -767 0 -767 -2815 0 256 -1791 0 -767 -1016 0 -2299 -1872 0 -1441 -1535 0 -3327 -2559 0 -2815 -4132 513 -6035 -3617 1 -5005 -2633 0 -5497 -2679 0 -5045 -3251 0 -4759 -3151 512 -6526 -3445 1 -4662 -2458 0 -5155 -2096 922 -4764 -2240 1024 -4835 -942 922 -2479 -970 1024 -2322 -869 1024 -5528 -1552 717 -4752 -1210 717 -4925 -1867 819 -4737 -828 819 -2680 -286 717 -3097 -629 717 -2924 28 819 -3113 257 922 -3085 400 1024 -3014 -1010 819 -5170 -897 922 -5370 54 1024 -3700 169 1024 -3471 768 717 5888 768 717 5376 768 0 5376 -3071 0 512 -2815 0 256 -2815 768 256 -3071 768 512 -921 0 5888 768 0 5376 -921 0 5377 768 0 5888 -921 0 5377 -921 205 5888 -921 0 5888 -921 205 5376 -1764 0 -3213 -2679 0 -5045 -3251 0 -4759 768 0 5888 -1791 768 1792 -1535 0 1536 -1791 0 1792 -1535 768 1536 -1791 0 1792 -2815 0 256 -3071 0 512 -1535 0 1536 -2336 0 -2926</float_array>
                    <technique_common>
                        <accessor count="314" source="#pointarrayMesh16_VC1" stride="3">
                            <param name="X" type="float"/>
                            <param name="Y" type="float"/>
                            <param name="Z" type="float"/>
                        </accessor>
                    </technique_common>
                </source>
                <source id="uvsMesh16_VC1">
                    <float_array id="uvarrayMesh16_VC1" count="1356">0.28125 0.75 0.28125 0.75 0.28125 0.75 0.28125 0.75 0.28125 0.75 0.28125 0.75 0.28125 0.75 0.28125 0.75 0.28125 0.75 0.28125 0.75 0.28125 0.75 0.28125 0.75 0.28125 0.75 0.28125 0.75 0.28125 0.75 0.28125 0.75 0.28125 0.75 0.28125 0.75 0.28125 0.75 0.28125 0.75 0.28125 0.75 0.28125 0.75 0.28125 0.75 0.28125 0.75 0.28125 0.75 0.28125 0.75 0.28125 0.75 0.28125 0.75 0.28125 0.75 0.28125 0.75 0.28125 0.75 0.28125 0.75 0.28125 0.75 0.28125 0.75 0.28125 0.75 0.28125 0.75 0.28125 0.75 0.28125 0.75 0.28125 0.75 0.28125 0.75 0.28125 0.75 0.28125 0.75 0.28125 0.75 0.28125 0.75 0.28125 0.75 0.28125 0.75 0.28125 0.75 0.28125 0.75 0.28125 0.75 0.28125 0.75 0.28125 0.75 0.28125 0.75 0.28125 0.75 0.28125 0.75 0.28125 0.75 0.28125 0.75 0.28125 0.75 0.28125 0.75 0.28125 0.75 0.28125 0.75 0.28125 0.75 0.28125 0.75 0.28125 0.75 0.28125 0.75 0.28125 0.75 0.28125 0.75 0.28125 0.75 0.28125 0.75 0.28125 0.75 0.28125 0.75 0.28125 0.75 0.28125 0.75 0.28125 0.75 0.28125 0.75 0.28125 0.75 0.28125 0.75 0.28125 0.75 0.28125 0.75 0.28125 0.75 0.28125 0.75 0.28125 0.75 0.28125 0.75 0.28125 0.75 0.28125 0.75 0.28125 0.75 0.28125 0.75 0.28125 0.75 0.28125 0.75 0.28125 0.75 0.28125 0.75 0.28125 0.75 0.28125 0.75 0.28125 0.75 0.28125 0.75 0.28125 0.75 0.28125 0.75 0.28125 0.75 0.28125 0.75 0.28125 0.75 0.28125 0.75 0.28125 0.75 0.28125 0.75 0.28125 0.75 0.28125 0.75 0.28125 0.75 0.28125 0.75 0.28125 0.75 0.28125 0.75 0.28125 0.75 0.28125 0.75 0.28125 0.75 0.28125 0.75 0.28125 0.75 0.28125 0.75 0.28125 0.75 0.28125 0.75 0.28125 0.75 0.28125 0.75 0.28125 0.75 0.28125 0.75 0.28125 0.75 0.28125 0.75 0.28125 0.75 0.28125 0.75 0.28125 0.75 0.28125 0.75 0.28125 0.75 0.28125 0.75 0.28125 0.75 0.28125 0.75 0.28125 0.75 0.28125 0.75 0.28125 0.75 0.28125 0.75 0.28125 0.75 0.28125 0.75 0.28125 0.75 0.28125 0.75 0.28125 0.75 0.28125 0.75 0.28125 0.75 0.28125 0.75 0.28125 0.75 0.28125 0.75 0.28125 0.75 0.28125 0.75 0.28125 0.75 0.28125 0.75 0.28125 0.75 0.28125 0.75 0.28125 0.75 0.28125 0.75 0.28125 0.75 0.28125 0.75 0.28125 0.75 0.28125 0.75 0.28125 0.75 0.28125 0.75 0.28125 0.75 0.28125 0.75 0.28125 0.75 0.28125 0.75 0.28125 0.75 0.28125 0.75 0.28125 0.75 0.28125 0.75 0.28125 0.75 0.28125 0.75 0.28125 0.75 0.28125 0.75 0.28125 0.75 0.28125 0.75 0.28125 0.75 0.28125 0.75 0.28125 0.75 0.28125 0.75 0.28125 0.75 0.28125 0.75 0.28125 0.75 0.28125 0.75 0.28125 0.75 0.28125 0.75 0.28125 0.75 0.28125 0.75 0.28125 0.75 0.28125 0.75 0.28125 0.75 0.28125 0.75 0.28125 0.75 0.28125 0.75 0.28125 0.75 0.28125 0.75 0.28125 0.75 0.28125 0.75 0.28125 0.75 0.28125 0.75 0.28125 0.75 0.28125 0.75 0.28125 0.75 0.28125 0.75 0.28125 0.75 0.28125 0.75 0.28125 0.75 0.28125 0.75 0.28125 0.75 0.28125 0.75 0.28125 0.75 0.28125 0.75 0.28125 0.75 0.28125 0.75 0.28125 0.75 0.28125 0.75 0.28125 0.75 0.28125 0.75 0.28125 0.75 0.28125 0.75 0.28125 0.75 0.28125 0.75 0.28125 0.75 0.28125 0.75 0.28125 0.75 0.28125 0.75 0.28125 0.75 0.28125 0.75 0.28125 0.75 0.28125 0.75 0.28125 0.75 0.28125 0.75 0.28125 0.75 0.28125 0.75 0.28125 0.75 0.28125 0.75 0.28125 0.75 0.28125 0.75 0.28125 0.75 0.28125 0.75 0.28125 0.75 0.28125 0.75 0.28125 0.75 0.28125 0.75 0.28125 0.75 0.28125 0.75 0.28125 0.75 0.28125 0.75 0.28125 0.75 0.28125 0.75 0.28125 0.75 0.28125 0.75 0.28125 0.75 0.28125 0.75 0.28125 0.75 0.28125 0.75 0.28125 0.75 0.28125 0.75 0.28125 0.75 0.28125 0.75 0.28125 0.75 0.28125 0.75 0.28125 0.75 0.28125 0.75 0.28125 0.75 0.28125 0.75 0.28125 0.75 0.28125 0.75 0.28125 0.75 0.28125 0.75 0.28125 0.75 0.28125 0.75 0.28125 0.75 0.28125 0.75 0.28125 0.75 0.28125 0.75 0.28125 0.75 0.28125 0.75 0.28125 0.75 0.28125 0.75 0.28125 0.75 0.28125 0.75 0.28125 0.75 0.28125 0.75 0.28125 0.75 0.28125 0.75 0.28125 0.75 0.28125 0.75 0.28125 0.75 0.28125 0.75 0.28125 0.75 0.28125 0.75 0.28125 0.75 0.28125 0.75 0.28125 0.75 0.28125 0.75 0.28125 0.75 0.28125 0.75 0.28125 0.75 0.28125 0.75 0.28125 0.75 0.28125 0.75 0.28125 0.75 0.28125 0.75 0.28125 0.75 0.28125 0.75 0.28125 0.75 0.28125 0.75 0.28125 0.75 0.28125 0.75 0.28125 0.75 0.28125 0.75 0.28125 0.75 0.28125 0.75 0.28125 0.75 0.28125 0.75 0.28125 0.75 0.28125 0.75 0.28125 0.75 0.28125 0.75 0.28125 0.75 0.28125 0.75 0.28125 0.75 0.28125 0.75 0.28125 0.75 0.28125 0.75 0.28125 0.75 0.28125 0.75 0.28125 0.75 0.28125 0.75 0.28125 0.75 0.28125 0.75 0.28125 0.75 0.28125 0.75 0.28125 0.75 0.28125 0.75 0.28125 0.75 0.28125 0.75 0.28125 0.75 0.28125 0.75 0.28125 0.75 0.28125 0.75 0.28125 0.75 0.28125 0.75 0.28125 0.75 0.28125 0.75 0.28125 0.75 0.28125 0.75 0.28125 0.75 0.28125 0.75 0.28125 0.75 0.28125 0.75 0.28125 0.75 0.28125 0.75 0.28125 0.75 0.28125 0.75 0.28125 0.75 0.28125 0.75 0.28125 0.75 0.28125 0.75 0.28125 0.75 0.28125 0.75 0.28125 0.75 0.28125 0.75 0.28125 0.75 0.28125 0.75 0.28125 0.75 0.28125 0.75 0.28125 0.75 0.28125 0.75 0.28125 0.75 0.28125 0.75 0.28125 0.75 0.28125 0.75 0.28125 0.75 0.28125 0.75 0.28125 0.75 0.28125 0.75 0.28125 0.75 0.28125 0.75 0.28125 0.75 0.28125 0.75 0.28125 0.75 0.28125 0.75 0.28125 0.75 0.28125 0.75 0.28125 0.75 0.28125 0.75 0.28125 0.75 0.28125 0.75 0.28125 0.75 0.28125 0.75 0.28125 0.75 0.28125 0.75 0.28125 0.75 0.28125 0.75 0.28125 0.75 0.28125 0.75 0.28125 0.75 0.28125 0.75 0.28125 0.75 0.28125 0.75 0.28125 0.75 0.28125 0.75 0.28125 0.75 0.28125 0.75 0.28125 0.75 0.28125 0.75 0.28125 0.75 0.28125 0.75 0.28125 0.75 0.28125 0.75 0.28125 0.75 0.28125 0.75 0.28125 0.75 0.28125 0.75 0.28125 0.75 0.28125 0.75 0.28125 0.75 0.28125 0.75 0.28125 0.75 0.28125 0.75 0.28125 0.75 0.28125 0.75 0.28125 0.75 0.28125 0.75 0.28125 0.75 0.28125 0.75 0.28125 0.75 0.28125 0.75 0.28125 0.75 0.28125 0.75 0.28125 0.75 0.28125 0.75 0.28125 0.75 0.28125 0.75 0.28125 0.75 0.28125 0.75 0.28125 0.75 0.28125 0.75 0.28125 0.75 0.28125 0.75 0.28125 0.75 0.28125 0.75 0.28125 0.75 0.28125 0.75 0.28125 0.75 0.28125 0.75 0.28125 0.75 0.28125 0.75 0.28125 0.75 0.28125 0.75 0.28125 0.75 0.28125 0.75 0.28125 0.75 0.28125 0.75 0.28125 0.75 0.28125 0.75 0.28125 0.75 0.28125 0.75 0.28125 0.75 0.28125 0.75 0.28125 0.75 0.28125 0.75 0.28125 0.75 0.28125 0.75 0.28125 0.75 0.28125 0.75 0.28125 0.75 0.28125 0.75 0.28125 0.75 0.28125 0.75 0.28125 0.75 0.28125 0.75 0.28125 0.75 0.28125 0.75 0.28125 0.75 0.28125 0.75 0.28125 0.75 0.28125 0.75 0.28125 0.75 0.28125 0.75 0.28125 0.75 0.28125 0.75 0.28125 0.75 0.28125 0.75 0.28125 0.75 0.28125 0.75 0.28125 0.75 0.28125 0.75 0.28125 0.75 0.28125 0.75 0.28125 0.75 0.28125 0.75 0.28125 0.75 0.28125 0.75 0.28125 0.75 0.28125 0.75 0.28125 0.75 0.28125 0.75 0.28125 0.75 0.28125 0.75 0.28125 0.75 0.28125 0.75 0.28125 0.75 0.28125 0.75 0.28125 0.75 0.28125 0.75 0.28125 0.75 0.28125 0.75 0.28125 0.75 0.28125 0.75 0.28125 0.75 0.28125 0.75 0.28125 0.75 0.28125 0.75 0.28125 0.75 0.28125 0.75 0.28125 0.75 0.28125 0.75 0.28125 0.75 0.28125 0.75 0.28125 0.75 0.28125 0.75 0.28125 0.75 0.28125 0.75 0.28125 0.75 0.28125 0.75 0.28125 0.75 0.28125 0.75 0.28125 0.75 0.28125 0.75 0.28125 0.75 0.28125 0.75 0.28125 0.75 0.28125 0.75 0.28125 0.75 0.28125 0.75 0.28125 0.75 0.28125 0.75 0.28125 0.75 0.28125 0.75 0.28125 0.75 0.28125 0.75 0.28125 0.75 0.28125 0.75 0.28125 0.75 0.28125 0.75 0.28125 0.75 0.28125 0.75 0.28125 0.75 0.28125 0.75 0.28125 0.75 0.28125 0.75 0.28125 0.75 0.28125 0.75 0.28125 0.75 0.28125 0.75 0.28125 0.75 0.28125 0.75 0.28125 0.75 0.28125 0.75 0.28125 0.75 0.28125 0.75 0.28125 0.75 0.28125 0.75 0.28125 0.75 0.28125 0.75 0.28125 0.75 0.28125 0.75 0.28125 0.75 0.28125 0.75 0.28125 0.75 0.28125 0.75 0.28125 0.75 0.28125 0.75 0.28125 0.75 0.28125 0.75 0.28125 0.75 0.28125 0.75 0.28125 0.75 0.28125 0.75 0.28125 0.75 0.28125 0.75 0.28125 0.75 0.28125 0.75 0.28125 0.75 0.28125 0.75 0.28125 0.75 0.28125 0.75 0.28125 0.75 0.28125 0.75 0.28125 0.75 0.28125 0.75 0.28125 0.75 0.28125 0.75 0.28125 0.75 0.28125 0.75 0.28125 0.75 0.28125 0.75 0.28125 0.75 0.28125 0.75 0.28125 0.75 0.28125 0.75 0.28125 0.75 0.28125 0.75 0.28125 0.75 0.28125 0.75 0.28125 0.75 0.28125 0.75 0.28125 0.75 0.28125 0.75 0.28125 0.75 0.28125 0.75 0.28125 0.75 0.28125 0.75 0.28125 0.75 0.28125 0.75 0.28125 0.75 0.28125 0.75 0.28125 0.75 0.28125 0.75 0.28125 0.75 0.28125 0.75 0.28125 0.75 0.28125 0.75 0.28125 0.75 0.28125 0.75 0.28125 0.75 0.28125 0.75 0.28125 0.75 0.28125 0.75 0.28125 0.75 0.28125 0.75 0.28125 0.75 0.28125 0.75 0.28125 0.75 0.28125 0.75 0.28125 0.75 0.28125 0.75 0.40625 0.75 0.40625 0.75 0.40625 0.75 0.40625 0.75 0.40625 0.75 0.40625 0.75 0.40625 0.75 0.40625 0.75 0.40625 0.75 0.40625 0.75 0.40625 0.75 0.40625 0.75 0.40625 0.75 0.40625 0.75 0.40625 0.75 0.40625 0.75 0.40625 0.75 0.40625 0.75 0.40625 0.75 0.40625 0.75 0.40625 0.75 0.40625 0.75 0.40625 0.75 0.40625 0.75 0.40625 0.75 0.40625 0.75 0.40625 0.75 0.40625 0.75 0.40625 0.75 0.40625 0.75 0.40625 0.75 0.40625 0.75 0.40625 0.75 0.40625 0.75 0.40625 0.75 0.40625 0.75 0.40625 0.75 0.40625 0.75 0.40625 0.75 0.40625 0.75 0.40625 0.75 0.40625 0.75</float_array>
                    <technique_common>
                        <accessor count="678" source="#uvarrayMesh16_VC1" stride="2">
                            <param name="S" type="float"/>
                            <param name="T" type="float"/>
                        </accessor>
                    </technique_common>
                </source>
                <vertices id="verticesMesh16_VC1">
                    <input semantic="POSITION" source="#pointsMesh16_VC1"/>
                </vertices>
                <polylist count="226" material="Material1">
                    <input offset="0" semantic="VERTEX" source="#verticesMesh16_VC1"/>
                    <input offset="1" semantic="TEXCOORD" source="#uvsMesh16_VC1" set="0"/>
                    <vcount>3 3 3 3 3 3 3 3 3 3 3 3 3 3 3 3 3 3 3 3 3 3 3 3 3 3 3 3 3 3 3 3 3 3 3 3 3 3 3 3 3 3 3 3 3 3 3 3 3 3 3 3 3 3 3 3 3 3 3 3 3 3 3 3 3 3 3 3 3 3 3 3 3 3 3 3 3 3 3 3 3 3 3 3 3 3 3 3 3 3 3 3 3 3 3 3 3 3 3 3 3 3 3 3 3 3 3 3 3 3 3 3 3 3 3 3 3 3 3 3 3 3 3 3 3 3 3 3 3 3 3 3 3 3 3 3 3 3 3 3 3 3 3 3 3 3 3 3 3 3 3 3 3 3 3 3 3 3 3 3 3 3 3 3 3 3 3 3 3 3 3 3 3 3 3 3 3 3 3 3 3 3 3 3 3 3 3 3 3 3 3 3 3 3 3 3 3 3 3 3 3 3 3 3 3 3 3 3 3 3 3 3 3 3 3 3 3 3 3 3 3 3 3 3 3 3</vcount>
                    <p>0 0 1 1 2 2 3 3 0 4 2 5 0 6 4 7 1 8 1 9 5 10 2 11 6 12 7 13 8 14 6 15 8 16 9 17 10 18 11 19 12 20 12 21 13 22 10 23 14 24 15 25 16 26 15 27 17 28 16 29 18 30 19 31 16 32 16 33 17 34 18 35 20 36 21 37 22 38 23 39 20 40 22 41 22 42 21 43 24 44 22 45 24 46 25 47 23 48 22 49 25 50 20 51 26 52 21 53 24 54 27 55 28 56 25 57 24 58 28 59 23 60 25 61 28 62 23 63 29 64 20 65 23 66 28 67 30 68 23 69 30 70 29 71 28 72 27 73 31 74 28 75 31 76 30 77 30 78 31 79 32 80 30 81 32 82 29 83 29 84 32 85 26 86 29 87 26 88 20 89 33 90 34 91 35 92 35 93 36 94 33 95 37 96 38 97 39 98 38 99 40 100 39 101 40 102 41 103 39 104 42 105 43 106 44 107 42 108 44 109 45 110 42 111 45 112 46 113 43 114 47 115 48 116 49 117 43 118 48 119 50 120 51 121 52 122 45 123 53 124 46 125 54 126 55 127 56 128 54 129 56 130 57 131 58 132 59 133 60 134 58 135 60 136 61 137 50 138 52 139 62 140 63 141 64 142 65 143 66 144 67 145 68 146 67 147 69 148 68 149 70 150 71 151 72 152 73 153 70 154 72 155 74 156 63 157 65 158 74 159 65 160 75 161 76 162 77 163 78 164 76 165 79 166 80 167 76 168 80 169 77 170 81 171 82 172 83 173 81 174 83 175 84 176 82 177 85 178 83 179 82 180 86 181 85 182 87 183 88 184 89 185 90 186 91 187 92 188 93 189 94 190 95 191 96 192 97 193 98 194 96 195 99 196 97 197 100 198 101 199 102 200 100 201 102 202 103 203 90 204 104 205 91 206 104 207 103 208 105 209 104 210 100 211 103 212 106 213 107 214 108 215 106 216 108 217 109 218 109 219 108 220 110 221 108 222 111 223 110 224 111 225 112 226 110 227 112 228 113 229 110 230 109 231 110 232 114 233 113 234 107 235 106 236 115 237 116 238 117 239 118 240 113 241 106 242 113 243 119 244 120 245 113 246 112 247 119 248 113 249 120 250 107 251 121 252 118 253 106 254 122 255 123 256 124 257 122 258 124 259 116 260 115 261 125 262 116 263 126 264 127 265 128 266 116 267 124 268 117 269 124 270 129 271 117 272 129 273 130 274 117 275 130 276 129 277 91 278 131 279 129 280 132 281 129 282 92 283 91 284 129 285 131 286 92 287 126 288 133 289 134 290 126 291 135 292 133 293 136 294 137 295 133 296 137 297 134 298 133 299 138 300 139 301 140 302 138 303 141 304 139 305 140 306 142 307 143 308 140 309 143 310 144 311 145 312 146 313 147 314 148 315 149 316 150 317 149 318 151 319 150 320 152 321 153 322 154 323 155 324 152 325 154 326 154 327 153 328 156 329 157 330 145 331 147 332 158 333 159 334 160 335 110 336 161 337 114 338 114 339 161 340 162 341 161 342 163 343 162 344 164 345 165 346 118 347 165 348 164 349 166 350 164 351 167 352 166 353 164 354 118 355 121 356 158 357 90 358 159 359 168 360 158 361 160 362 136 363 126 364 128 365 126 366 134 367 127 368 169 369 170 370 136 371 169 372 136 373 128 374 136 375 170 376 137 377 126 378 136 379 171 380 172 381 173 382 174 383 175 384 176 385 177 386 178 387 179 388 180 389 178 390 181 391 179 392 178 393 182 394 181 395 183 396 184 397 185 398 183 399 185 400 186 401 187 402 188 403 189 404 190 405 191 406 192 407 191 408 193 409 192 410 194 411 195 412 196 413 194 414 197 415 195 416 198 417 199 418 200 419 198 420 200 421 201 422 202 423 203 424 204 425 187 426 205 427 206 428 207 429 208 430 209 431 210 432 207 433 209 434 211 435 210 436 209 437 202 438 212 439 203 440 204 441 213 442 202 443 214 444 215 445 216 446 212 447 217 448 218 449 212 450 219 451 203 452 219 453 212 454 218 455 214 456 216 457 220 458 221 459 222 460 223 461 224 462 225 463 217 464 226 465 224 466 217 467 227 468 226 469 217 470 228 471 229 472 230 473 231 474 232 475 233 476 221 477 223 478 234 479 235 480 227 481 212 482 236 483 237 484 238 485 236 486 239 487 237 488 240 489 241 490 242 491 242 492 243 493 244 494 242 495 244 496 245 497 244 498 243 499 246 500 247 501 248 502 249 503 227 504 217 505 212 506 243 507 250 508 246 509 251 510 247 511 249 512 242 513 245 514 240 515 252 516 253 517 254 518 254 519 253 520 255 521 253 522 256 523 255 524 256 525 257 526 255 527 258 528 259 529 256 530 256 531 259 532 257 533 260 534 261 535 262 536 261 537 263 538 262 539 261 540 264 541 263 542 265 543 260 544 262 545 261 546 266 547 264 548 263 549 267 550 262 551 268 552 269 553 270 554 269 555 271 556 270 557 272 558 269 559 268 560 272 561 273 562 274 563 275 564 268 565 270 566 275 567 270 568 276 569 270 570 277 571 278 572 270 573 278 574 276 575 270 576 279 577 277 578 270 579 280 580 279 581 270 582 281 583 280 584 270 585 271 586 281 587 272 588 268 589 275 590 275 591 276 592 278 593 273 594 275 595 278 596 272 597 275 598 273 599 274 600 278 601 277 602 274 603 273 604 278 605 282 606 274 607 277 608 272 609 274 610 282 611 282 612 277 613 279 614 272 615 282 616 283 617 283 618 282 619 279 620 283 621 279 622 280 623 284 624 272 625 283 626 284 627 283 628 280 629 285 630 284 631 280 632 285 633 280 634 281 635 286 636 287 637 288 638 289 639 290 640 291 641 289 642 291 643 292 644 293 645 294 646 295 647 293 648 296 649 294 650 297 651 298 652 299 653 297 654 300 655 298 656 301 657 302 658 303 659 286 660 288 661 304 662 305 663 306 664 307 665 305 666 308 667 306 668 309 669 310 670 311 671 309 672 312 673 310 674 301 675 303 676 313 677</p>
                </polylist>
            </mesh>
        </geometry>
        <geometry id="meshMesh16_VC2">
            <mesh>
                <source id="pointsMesh16_VC2">
                    <float_array id="pointarrayMesh16_VC2" count="942">-2815 1024 256 -3231 960 -159 -3097 768 -24 -2815 768 256 -3231 1024 -159 -3231 768 -159 -3231 960 -159 -3231 1024 -159 -3503 1024 111 -3503 960 111 -7167 768 4096 -7167 0 4096 -4095 0 4096 -4095 768 4096 768 768 7680 768 768 7168 768 0 7168 768 768 5888 768 717 5888 768 0 5888 3776 2560 2227 2816 3072 1230 3200 2560 1230 4352 2048 1230 3584 3072 -99 3776 2560 232 3584 3072 2560 5120 3072 -99 4928 2560 232 4928 2560 2227 5504 2560 1230 5888 3072 1230 5120 3072 2560 -7167 768 4096 -7167 768 512 -7167 1024 512 -7167 1024 4096 -3503 1024 111 -7167 1024 512 -3503 960 111 -7167 768 512 -3503 768 111 2851 1613 -1919 3072 2945 -2047 3072 2894 -2175 3072 2894 -2431 2802 1613 -2653 3072 2349 -2047 3328 2493 -1603 3328 2944 -1603 5289 2493 -3327 5543 2637 -2883 3328 2493 -1603 3072 2945 -2559 3072 3521 -7167 3072 3666 -7167 3072 3666 -7679 3072 3521 -7679 5289 2493 -3327 5289 3089 -3327 5543 3089 -2883 5543 2637 -2883 3072 2349 -2047 167 2709 -3757 54 2762 -3700 54 1024 -3700 3072 3521 -7167 3072 3521 -7679 5289 3088 -5887 5733 3089 -6143 5733 3089 -6143 5732 3233 -6143 5289 3233 -5887 5289 3088 -5887 419 2706 -3884 533 2755 -3942 169 1024 -3471 537 2721 -3657 652 2772 -3715 169 2775 -3471 286 2723 -3530 2560 2862 -2613 2560 2864 -2367 2560 1613 -2737 2560 2912 -2736 2560 1612 -2244 2560 2917 -2244 400 2546 -3014 228 2802 -2532 400 2802 -3014 54 1024 -3700 652 2772 -3715 533 2755 -3942 2560 2917 -2244 2388 2917 -1762 2560 2661 -2244 400 2546 -3014 2388 2917 -1762 228 2802 -2532 2560 2661 -2244 400 1024 -3014 2560 1612 -2244 2560 2917 -2244 400 2802 -3014 169 1024 -3471 169 2775 -3471 1298 3810 -5631 1343 3835 -5657 1697 3835 -5861 3072 3666 -6655 3072 4294 -6655 1697 4091 -5861 1609 4194 -5810 1298 4293 -5631 4846 3233 -5631 2560 1613 -2737 3072 2945 -2559 2560 2912 -2736 1298 4293 -3583 1431 4194 -5708 1343 4091 -5657 1298 3954 -3583 4846 3089 -3583 4846 4242 -3583 3072 4097 -2559 2802 1613 -2653 851 3818 -5894 507 3042 -5697 329 3042 -5595 868 3954 -3302 868 2801 -3302 -181 2658 -5302 -181 3818 -5302 3072 2513 -7167 596 2939 -5748 3072 3666 -7167 -181 2658 -5302 596 2683 -5748 3072 2513 -7167 5289 3088 -5887 5289 2080 -5887 3072 3521 -7167 5289 3233 -5887 5289 3089 -3327 5289 1936 -3327 5543 3089 -2883 3328 2944 -1603 3328 2493 -1603 3072 3521 -7679 3072 3666 -7679 5733 3089 -6143 5732 3233 -6143 5289 2493 -3327 3072 2349 -2047 2851 1613 -1919 5289 1936 -3327 3072 2945 -2047 5543 2637 -2883 -869 1024 -5528 54 2762 -3700 -869 2657 -5528 4846 4242 -5631 4846 3089 -3583 4846 4242 -3583 3072 4097 -3071 3072 4293 -3071 4402 4294 -3839 4402 4293 -3839 3072 2513 -7679 240 2939 -5544 240 2683 -5544 -181 3818 -5302 -7167 1024 -7167 -3151 512 -6526 -3151 1024 -6526 2079 1368 -1535 -1016 1024 -2299 -1016 0 -2299 -2458 1024 -5155 -2633 0 -5497 -2458 0 -5155 -3151 512 -6526 -3151 1024 -6526 -3445 1 -4662 -3617 1 -5005 -4132 513 -6035 -3445 777 -4662 -1791 0 -767 -2815 1024 256 -2815 0 256 -2559 0 -2815 -2559 768 -2815 -1872 0 -1441 -1872 768 -1441 -1016 0 -2299 -1535 1024 -3327 -1535 0 -3327 -1016 1024 -2299 -1791 0 -767 -1872 0 -1441 -1872 768 -1441 -1791 973 -767 1434 0 4864 -921 0 5377 768 0 5376 -1791 973 -767 -2815 1024 256 768 717 5376 768 768 5376 1792 768 4864 768 0 5376 1792 0 4864 1434 0 4352 1792 0 4864 768 0 5888 -921 0 5888 -383 0 6400 -3071 0 3072 -4095 0 4096 -921 0 4865 256 0 6400 -3071 768 512 -3071 768 3072 -3071 0 3072 -1791 0 1792 -3071 0 512 -1535 0 2048 1280 0 3840 -921 256 5888 -921 0 6400 -921 0 5888 -921 0 4865 -921 256 5375 -921 0 5377 -3071 0 512 1792 0 4352 -4095 0 4096 -3071 768 3072 -4095 768 4096 -3071 0 3072 -1791 768 1792 -1791 0 1792 -1535 0 2048 1280 0 3840 1280 768 3840 -1535 768 2048 1792 768 4352 1792 0 4352 1792 0 4864 1792 768 4864 1792 0 4352 1792 768 4352 -1535 0 1536 -767 0 -767 -2815 0 256 -1791 0 -767 -1016 0 -2299 -1872 0 -1441 -1535 0 -3327 -2559 0 -2815 -4132 513 -6035 -3617 1 -5005 -2633 0 -5497 -2679 0 -5045 -3251 0 -4759 -3151 512 -6526 -3445 1 -4662 -2458 0 -5155 -2096 922 -4764 -2240 1024 -4835 -942 922 -2479 -970 1024 -2322 -869 1024 -5528 -1552 717 -4752 -1210 717 -4925 -1867 819 -4737 -828 819 -2680 -286 717 -3097 -629 717 -2924 28 819 -3113 257 922 -3085 400 1024 -3014 -1010 819 -5170 -897 922 -5370 54 1024 -3700 169 1024 -3471 768 717 5888 768 717 5376 768 0 5376 -3071 0 512 -2815 0 256 -2815 768 256 -3071 768 512 -921 0 5888 768 0 5376 -921 0 5377 768 0 5888 -921 0 5377 -921 205 5888 -921 0 5888 -921 205 5376 -1764 0 -3213 -2679 0 -5045 -3251 0 -4759 768 0 5888 -1791 768 1792 -1535 0 1536 -1791 0 1792 -1535 768 1536 -1791 0 1792 -2815 0 256 -3071 0 512 -1535 0 1536 -2336 0 -2926</float_array>
                    <technique_common>
                        <accessor count="314" source="#pointarrayMesh16_VC2" stride="3">
                            <param name="X" type="float"/>
                            <param name="Y" type="float"/>
                            <param name="Z" type="float"/>
                        </accessor>
                    </technique_common>
                </source>
                <source id="uvsMesh16_VC2">
                    <float_array id="uvarrayMesh16_VC2" count="1356">0.53125 0.75 0.53125 0.75 0.53125 0.75 0.53125 0.75 0.53125 0.75 0.53125 0.75 0.53125 0.75 0.53125 0.75 0.53125 0.75 0.53125 0.75 0.53125 0.75 0.53125 0.75 0.53125 0.75 0.53125 0.75 0.53125 0.75 0.53125 0.75 0.53125 0.75 0.53125 0.75 0.53125 0.75 0.53125 0.75 0.53125 0.75 0.53125 0.75 0.53125 0.75 0.53125 0.75 0.53125 0.75 0.53125 0.75 0.53125 0.75 0.53125 0.75 0.53125 0.75 0.53125 0.75 0.53125 0.75 0.53125 0.75 0.53125 0.75 0.53125 0.75 0.53125 0.75 0.53125 0.75 0.53125 0.75 0.53125 0.75 0.53125 0.75 0.53125 0.75 0.53125 0.75 0.53125 0.75 0.53125 0.75 0.53125 0.75 0.53125 0.75 0.53125 0.75 0.53125 0.75 0.53125 0.75 0.53125 0.75 0.53125 0.75 0.53125 0.75 0.53125 0.75 0.53125 0.75 0.53125 0.75 0.53125 0.75 0.53125 0.75 0.53125 0.75 0.53125 0.75 0.53125 0.75 0.53125 0.75 0.53125 0.75 0.53125 0.75 0.53125 0.75 0.53125 0.75 0.53125 0.75 0.53125 0.75 0.53125 0.75 0.53125 0.75 0.53125 0.75 0.53125 0.75 0.53125 0.75 0.53125 0.75 0.53125 0.75 0.53125 0.75 0.53125 0.75 0.53125 0.75 0.53125 0.75 0.53125 0.75 0.53125 0.75 0.53125 0.75 0.53125 0.75 0.53125 0.75 0.53125 0.75 0.53125 0.75 0.53125 0.75 0.53125 0.75 0.53125 0.75 0.53125 0.75 0.53125 0.75 0.53125 0.75 0.53125 0.75 0.53125 0.75 0.53125 0.75 0.53125 0.75 0.53125 0.75 0.53125 0.75 0.53125 0.75 0.53125 0.75 0.53125 0.75 0.53125 0.75 0.53125 0.75 0.53125 0.75 0.53125 0.75 0.53125 0.75 0.53125 0.75 0.53125 0.75 0.53125 0.75 0.53125 0.75 0.53125 0.75 0.53125 0.75 0.53125 0.75 0.53125 0.75 0.53125 0.75 0.53125 0.75 0.53125 0.75 0.53125 0.75 0.53125 0.75 0.53125 0.75 0.53125 0.75 0.53125 0.75 0.53125 0.75 0.53125 0.75 0.53125 0.75 0.53125 0.75 0.53125 0.75 0.53125 0.75 0.53125 0.75 0.53125 0.75 0.53125 0.75 0.53125 0.75 0.53125 0.75 0.53125 0.75 0.53125 0.75 0.53125 0.75 0.53125 0.75 0.53125 0.75 0.53125 0.75 0.53125 0.75 0.53125 0.75 0.53125 0.75 0.53125 0.75 0.53125 0.75 0.53125 0.75 0.53125 0.75 0.53125 0.75 0.53125 0.75 0.53125 0.75 0.53125 0.75 0.53125 0.75 0.53125 0.75 0.53125 0.75 0.53125 0.75 0.53125 0.75 0.53125 0.75 0.53125 0.75 0.53125 0.75 0.53125 0.75 0.53125 0.75 0.53125 0.75 0.53125 0.75 0.53125 0.75 0.53125 0.75 0.53125 0.75 0.53125 0.75 0.53125 0.75 0.53125 0.75 0.53125 0.75 0.53125 0.75 0.53125 0.75 0.53125 0.75 0.53125 0.75 0.53125 0.75 0.53125 0.75 0.53125 0.75 0.53125 0.75 0.53125 0.75 0.53125 0.75 0.53125 0.75 0.53125 0.75 0.53125 0.75 0.53125 0.75 0.53125 0.75 0.53125 0.75 0.53125 0.75 0.53125 0.75 0.53125 0.75 0.53125 0.75 0.53125 0.75 0.53125 0.75 0.53125 0.75 0.53125 0.75 0.53125 0.75 0.53125 0.75 0.53125 0.75 0.53125 0.75 0.53125 0.75 0.53125 0.75 0.53125 0.75 0.53125 0.75 0.53125 0.75 0.53125 0.75 0.53125 0.75 0.53125 0.75 0.53125 0.75 0.53125 0.75 0.53125 0.75 0.53125 0.75 0.53125 0.75 0.53125 0.75 0.53125 0.75 0.53125 0.75 0.53125 0.75 0.53125 0.75 0.53125 0.75 0.53125 0.75 0.53125 0.75 0.53125 0.75 0.53125 0.75 0.53125 0.75 0.53125 0.75 0.53125 0.75 0.53125 0.75 0.53125 0.75 0.53125 0.75 0.53125 0.75 0.53125 0.75 0.53125 0.75 0.53125 0.75 0.53125 0.75 0.53125 0.75 0.53125 0.75 0.53125 0.75 0.53125 0.75 0.53125 0.75 0.53125 0.75 0.53125 0.75 0.53125 0.75 0.53125 0.75 0.53125 0.75 0.53125 0.75 0.53125 0.75 0.53125 0.75 0.53125 0.75 0.53125 0.75 0.53125 0.75 0.53125 0.75 0.53125 0.75 0.53125 0.75 0.53125 0.75 0.53125 0.75 0.53125 0.75 0.53125 0.75 0.53125 0.75 0.53125 0.75 0.53125 0.75 0.53125 0.75 0.53125 0.75 0.53125 0.75 0.53125 0.75 0.53125 0.75 0.53125 0.75 0.53125 0.75 0.53125 0.75 0.53125 0.75 0.53125 0.75 0.53125 0.75 0.53125 0.75 0.53125 0.75 0.53125 0.75 0.53125 0.75 0.53125 0.75 0.53125 0.75 0.53125 0.75 0.53125 0.75 0.53125 0.75 0.53125 0.75 0.53125 0.75 0.53125 0.75 0.53125 0.75 0.53125 0.75 0.53125 0.75 0.53125 0.75 0.53125 0.75 0.53125 0.75 0.53125 0.75 0.53125 0.75 0.53125 0.75 0.53125 0.75 0.53125 0.75 0.53125 0.75 0.53125 0.75 0.53125 0.75 0.53125 0.75 0.53125 0.75 0.53125 0.75 0.53125 0.75 0.53125 0.75 0.53125 0.75 0.53125 0.75 0.53125 0.75 0.53125 0.75 0.53125 0.75 0.53125 0.75 0.53125 0.75 0.53125 0.75 0.53125 0.75 0.53125 0.75 0.53125 0.75 0.53125 0.75 0.53125 0.75 0.53125 0.75 0.53125 0.75 0.53125 0.75 0.53125 0.75 0.53125 0.75 0.53125 0.75 0.53125 0.75 0.53125 0.75 0.53125 0.75 0.53125 0.75 0.53125 0.75 0.53125 0.75 0.53125 0.75 0.53125 0.75 0.53125 0.75 0.53125 0.75 0.53125 0.75 0.53125 0.75 0.53125 0.75 0.53125 0.75 0.53125 0.75 0.53125 0.75 0.53125 0.75 0.53125 0.75 0.53125 0.75 0.53125 0.75 0.53125 0.75 0.53125 0.75 0.53125 0.75 0.53125 0.75 0.53125 0.75 0.53125 0.75 0.53125 0.75 0.53125 0.75 0.53125 0.75 0.53125 0.75 0.53125 0.75 0.53125 0.75 0.53125 0.75 0.53125 0.75 0.53125 0.75 0.53125 0.75 0.53125 0.75 0.53125 0.75 0.53125 0.75 0.53125 0.75 0.53125 0.75 0.53125 0.75 0.53125 0.75 0.53125 0.75 0.53125 0.75 0.53125 0.75 0.53125 0.75 0.53125 0.75 0.53125 0.75 0.53125 0.75 0.53125 0.75 0.53125 0.75 0.53125 0.75 0.53125 0.75 0.53125 0.75 0.53125 0.75 0.53125 0.75 0.53125 0.75 0.53125 0.75 0.53125 0.75 0.53125 0.75 0.53125 0.75 0.53125 0.75 0.53125 0.75 0.53125 0.75 0.53125 0.75 0.53125 0.75 0.53125 0.75 0.53125 0.75 0.53125 0.75 0.53125 0.75 0.53125 0.75 0.53125 0.75 0.53125 0.75 0.53125 0.75 0.53125 0.75 0.53125 0.75 0.53125 0.75 0.53125 0.75 0.53125 0.75 0.53125 0.75 0.53125 0.75 0.53125 0.75 0.53125 0.75 0.53125 0.75 0.53125 0.75 0.53125 0.75 0.53125 0.75 0.53125 0.75 0.53125 0.75 0.53125 0.75 0.53125 0.75 0.53125 0.75 0.53125 0.75 0.53125 0.75 0.53125 0.75 0.53125 0.75 0.53125 0.75 0.53125 0.75 0.53125 0.75 0.53125 0.75 0.53125 0.75 0.53125 0.75 0.53125 0.75 0.53125 0.75 0.53125 0.75 0.53125 0.75 0.53125 0.75 0.53125 0.75 0.53125 0.75 0.53125 0.75 0.53125 0.75 0.53125 0.75 0.53125 0.75 0.53125 0.75 0.53125 0.75 0.53125 0.75 0.53125 0.75 0.53125 0.75 0.53125 0.75 0.53125 0.75 0.53125 0.75 0.53125 0.75 0.53125 0.75 0.53125 0.75 0.53125 0.75 0.53125 0.75 0.53125 0.75 0.53125 0.75 0.53125 0.75 0.53125 0.75 0.53125 0.75 0.53125 0.75 0.53125 0.75 0.53125 0.75 0.53125 0.75 0.53125 0.75 0.53125 0.75 0.53125 0.75 0.53125 0.75 0.53125 0.75 0.53125 0.75 0.53125 0.75 0.53125 0.75 0.53125 0.75 0.53125 0.75 0.53125 0.75 0.53125 0.75 0.53125 0.75 0.53125 0.75 0.53125 0.75 0.53125 0.75 0.53125 0.75 0.53125 0.75 0.53125 0.75 0.53125 0.75 0.53125 0.75 0.53125 0.75 0.53125 0.75 0.53125 0.75 0.53125 0.75 0.53125 0.75 0.53125 0.75 0.53125 0.75 0.53125 0.75 0.53125 0.75 0.53125 0.75 0.53125 0.75 0.53125 0.75 0.53125 0.75 0.53125 0.75 0.53125 0.75 0.53125 0.75 0.53125 0.75 0.53125 0.75 0.53125 0.75 0.53125 0.75 0.53125 0.75 0.53125 0.75 0.53125 0.75 0.53125 0.75 0.53125 0.75 0.53125 0.75 0.53125 0.75 0.53125 0.75 0.53125 0.75 0.53125 0.75 0.53125 0.75 0.53125 0.75 0.53125 0.75 0.53125 0.75 0.53125 0.75 0.53125 0.75 0.53125 0.75 0.53125 0.75 0.53125 0.75 0.53125 0.75 0.53125 0.75 0.53125 0.75 0.53125 0.75 0.53125 0.75 0.53125 0.75 0.53125 0.75 0.53125 0.75 0.53125 0.75 0.53125 0.75 0.53125 0.75 0.53125 0.75 0.53125 0.75 0.53125 0.75 0.53125 0.75 0.53125 0.75 0.53125 0.75 0.53125 0.75 0.53125 0.75 0.53125 0.75 0.53125 0.75 0.53125 0.75 0.53125 0.75 0.53125 0.75 0.53125 0.75 0.53125 0.75 0.53125 0.75 0.53125 0.75 0.53125 0.75 0.53125 0.75 0.53125 0.75 0.53125 0.75 0.53125 0.75 0.53125 0.75 0.53125 0.75 0.53125 0.75 0.53125 0.75 0.53125 0.75 0.53125 0.75 0.53125 0.75 0.53125 0.75 0.53125 0.75 0.53125 0.75 0.53125 0.75 0.53125 0.75 0.53125 0.75 0.53125 0.75 0.53125 0.75 0.53125 0.75 0.53125 0.75 0.53125 0.75 0.53125 0.75 0.53125 0.75 0.53125 0.75 0.53125 0.75 0.53125 0.75 0.53125 0.75 0.53125 0.75 0.53125 0.75 0.53125 0.75 0.53125 0.75 0.53125 0.75 0.53125 0.75 0.53125 0.75 0.53125 0.75 0.53125 0.75 0.53125 0.75 0.53125 0.75 0.53125 0.75 0.53125 0.75 0.53125 0.75 0.53125 0.75 0.53125 0.75 0.53125 0.75 0.53125 0.75 0.53125 0.75 0.53125 0.75 0.53125 0.75 0.53125 0.75 0.53125 0.75 0.53125 0.75 0.53125 0.75 0.53125 0.75 0.53125 0.75 0.53125 0.75 0.53125 0.75 0.53125 0.75 0.53125 0.75 0.53125 0.75 0.53125 0.75 0.53125 0.75 0.53125 0.75 0.53125 0.75 0.53125 0.75 0.53125 0.75 0.53125 0.75 0.53125 0.75 0.53125 0.75 0.53125 0.75 0.53125 0.75 0.53125 0.75 0.53125 0.75 0.53125 0.75 0.53125 0.75 0.53125 0.75 0.53125 0.75 0.53125 0.75 0.53125 0.75 0.53125 0.75 0.53125 0.75 0.53125 0.75 0.53125 0.75 0.53125 0.75 0.53125 0.75 0.53125 0.75 0.53125 0.75 0.53125 0.75 0.53125 0.75 0.53125 0.75 0.53125 0.75 0.53125 0.75 0.53125 0.75 0.53125 0.75 0.53125 0.75 0.65625 0.75 0.65625 0.75 0.65625 0.75 0.65625 0.75 0.65625 0.75 0.65625 0.75 0.65625 0.75 0.65625 0.75 0.65625 0.75 0.65625 0.75 0.65625 0.75 0.65625 0.75 0.65625 0.75 0.65625 0.75 0.65625 0.75 0.65625 0.75 0.65625 0.75 0.65625 0.75 0.65625 0.75 0.65625 0.75 0.65625 0.75 0.65625 0.75 0.65625 0.75 0.65625 0.75 0.65625 0.75 0.65625 0.75 0.65625 0.75 0.65625 0.75 0.65625 0.75 0.65625 0.75 0.65625 0.75 0.65625 0.75 0.65625 0.75 0.65625 0.75 0.65625 0.75 0.65625 0.75 0.65625 0.75 0.65625 0.75 0.65625 0.75 0.65625 0.75 0.65625 0.75 0.65625 0.75</float_array>
                    <technique_common>
                        <accessor count="678" source="#uvarrayMesh16_VC2" stride="2">
                            <param name="S" type="float"/>
                            <param name="T" type="float"/>
                        </accessor>
                    </technique_common>
                </source>
                <vertices id="verticesMesh16_VC2">
                    <input semantic="POSITION" source="#pointsMesh16_VC2"/>
                </vertices>
                <polylist count="226" material="Material1">
                    <input offset="0" semantic="VERTEX" source="#verticesMesh16_VC2"/>
                    <input offset="1" semantic="TEXCOORD" source="#uvsMesh16_VC2" set="0"/>
                    <vcount>3 3 3 3 3 3 3 3 3 3 3 3 3 3 3 3 3 3 3 3 3 3 3 3 3 3 3 3 3 3 3 3 3 3 3 3 3 3 3 3 3 3 3 3 3 3 3 3 3 3 3 3 3 3 3 3 3 3 3 3 3 3 3 3 3 3 3 3 3 3 3 3 3 3 3 3 3 3 3 3 3 3 3 3 3 3 3 3 3 3 3 3 3 3 3 3 3 3 3 3 3 3 3 3 3 3 3 3 3 3 3 3 3 3 3 3 3 3 3 3 3 3 3 3 3 3 3 3 3 3 3 3 3 3 3 3 3 3 3 3 3 3 3 3 3 3 3 3 3 3 3 3 3 3 3 3 3 3 3 3 3 3 3 3 3 3 3 3 3 3 3 3 3 3 3 3 3 3 3 3 3 3 3 3 3 3 3 3 3 3 3 3 3 3 3 3 3 3 3 3 3 3 3 3 3 3 3 3 3 3 3 3 3 3 3 3 3 3 3 3 3 3 3 3 3 3</vcount>
                    <p>0 0 1 1 2 2 3 3 0 4 2 5 0 6 4 7 1 8 1 9 5 10 2 11 6 12 7 13 8 14 6 15 8 16 9 17 10 18 11 19 12 20 12 21 13 22 10 23 14 24 15 25 16 26 15 27 17 28 16 29 18 30 19 31 16 32 16 33 17 34 18 35 20 36 21 37 22 38 23 39 20 40 22 41 22 42 21 43 24 44 22 45 24 46 25 47 23 48 22 49 25 50 20 51 26 52 21 53 24 54 27 55 28 56 25 57 24 58 28 59 23 60 25 61 28 62 23 63 29 64 20 65 23 66 28 67 30 68 23 69 30 70 29 71 28 72 27 73 31 74 28 75 31 76 30 77 30 78 31 79 32 80 30 81 32 82 29 83 29 84 32 85 26 86 29 87 26 88 20 89 33 90 34 91 35 92 35 93 36 94 33 95 37 96 38 97 39 98 38 99 40 100 39 101 40 102 41 103 39 104 42 105 43 106 44 107 42 108 44 109 45 110 42 111 45 112 46 113 43 114 47 115 48 116 49 117 43 118 48 119 50 120 51 121 52 122 45 123 53 124 46 125 54 126 55 127 56 128 54 129 56 130 57 131 58 132 59 133 60 134 58 135 60 136 61 137 50 138 52 139 62 140 63 141 64 142 65 143 66 144 67 145 68 146 67 147 69 148 68 149 70 150 71 151 72 152 73 153 70 154 72 155 74 156 63 157 65 158 74 159 65 160 75 161 76 162 77 163 78 164 76 165 79 166 80 167 76 168 80 169 77 170 81 171 82 172 83 173 81 174 83 175 84 176 82 177 85 178 83 179 82 180 86 181 85 182 87 183 88 184 89 185 90 186 91 187 92 188 93 189 94 190 95 191 96 192 97 193 98 194 96 195 99 196 97 197 100 198 101 199 102 200 100 201 102 202 103 203 90 204 104 205 91 206 104 207 103 208 105 209 104 210 100 211 103 212 106 213 107 214 108 215 106 216 108 217 109 218 109 219 108 220 110 221 108 222 111 223 110 224 111 225 112 226 110 227 112 228 113 229 110 230 109 231 110 232 114 233 113 234 107 235 106 236 115 237 116 238 117 239 118 240 113 241 106 242 113 243 119 244 120 245 113 246 112 247 119 248 113 249 120 250 107 251 121 252 118 253 106 254 122 255 123 256 124 257 122 258 124 259 116 260 115 261 125 262 116 263 126 264 127 265 128 266 116 267 124 268 117 269 124 270 129 271 117 272 129 273 130 274 117 275 130 276 129 277 91 278 131 279 129 280 132 281 129 282 92 283 91 284 129 285 131 286 92 287 126 288 133 289 134 290 126 291 135 292 133 293 136 294 137 295 133 296 137 297 134 298 133 299 138 300 139 301 140 302 138 303 141 304 139 305 140 306 142 307 143 308 140 309 143 310 144 311 145 312 146 313 147 314 148 315 149 316 150 317 149 318 151 319 150 320 152 321 153 322 154 323 155 324 152 325 154 326 154 327 153 328 156 329 157 330 145 331 147 332 158 333 159 334 160 335 110 336 161 337 114 338 114 339 161 340 162 341 161 342 163 343 162 344 164 345 165 346 118 347 165 348 164 349 166 350 164 351 167 352 166 353 164 354 118 355 121 356 158 357 90 358 159 359 168 360 158 361 160 362 136 363 126 364 128 365 126 366 134 367 127 368 169 369 170 370 136 371 169 372 136 373 128 374 136 375 170 376 137 377 126 378 136 379 171 380 172 381 173 382 174 383 175 384 176 385 177 386 178 387 179 388 180 389 178 390 181 391 179 392 178 393 182 394 181 395 183 396 184 397 185 398 183 399 185 400 186 401 187 402 188 403 189 404 190 405 191 406 192 407 191 408 193 409 192 410 194 411 195 412 196 413 194 414 197 415 195 416 198 417 199 418 200 419 198 420 200 421 201 422 202 423 203 424 204 425 187 426 205 427 206 428 207 429 208 430 209 431 210 432 207 433 209 434 211 435 210 436 209 437 202 438 212 439 203 440 204 441 213 442 202 443 214 444 215 445 216 446 212 447 217 448 218 449 212 450 219 451 203 452 219 453 212 454 218 455 214 456 216 457 220 458 221 459 222 460 223 461 224 462 225 463 217 464 226 465 224 466 217 467 227 468 226 469 217 470 228 471 229 472 230 473 231 474 232 475 233 476 221 477 223 478 234 479 235 480 227 481 212 482 236 483 237 484 238 485 236 486 239 487 237 488 240 489 241 490 242 491 242 492 243 493 244 494 242 495 244 496 245 497 244 498 243 499 246 500 247 501 248 502 249 503 227 504 217 505 212 506 243 507 250 508 246 509 251 510 247 511 249 512 242 513 245 514 240 515 252 516 253 517 254 518 254 519 253 520 255 521 253 522 256 523 255 524 256 525 257 526 255 527 258 528 259 529 256 530 256 531 259 532 257 533 260 534 261 535 262 536 261 537 263 538 262 539 261 540 264 541 263 542 265 543 260 544 262 545 261 546 266 547 264 548 263 549 267 550 262 551 268 552 269 553 270 554 269 555 271 556 270 557 272 558 269 559 268 560 272 561 273 562 274 563 275 564 268 565 270 566 275 567 270 568 276 569 270 570 277 571 278 572 270 573 278 574 276 575 270 576 279 577 277 578 270 579 280 580 279 581 270 582 281 583 280 584 270 585 271 586 281 587 272 588 268 589 275 590 275 591 276 592 278 593 273 594 275 595 278 596 272 597 275 598 273 599 274 600 278 601 277 602 274 603 273 604 278 605 282 606 274 607 277 608 272 609 274 610 282 611 282 612 277 613 279 614 272 615 282 616 283 617 283 618 282 619 279 620 283 621 279 622 280 623 284 624 272 625 283 626 284 627 283 628 280 629 285 630 284 631 280 632 285 633 280 634 281 635 286 636 287 637 288 638 289 639 290 640 291 641 289 642 291 643 292 644 293 645 294 646 295 647 293 648 296 649 294 650 297 651 298 652 299 653 297 654 300 655 298 656 301 657 302 658 303 659 286 660 288 661 304 662 305 663 306 664 307 665 305 666 308 667 306 668 309 669 310 670 311 671 309 672 312 673 310 674 301 675 303 676 313 677</p>
                </polylist>
            </mesh>
        </geometry>
        <geometry id="meshMesh17_1">
            <mesh>
                <source id="pointsMesh17_1">
                    <float_array id="pointarrayMesh17_1" count="120">2851 1613 -1919 2802 1613 -2653 2560 1613 -2737 2560 1612 -2244 2874 1576 -1794 400 1024 -3014 2488 1369 -2138 4147 3072 -2559 5289 3089 -3327 3072 2945 -2047 228 2802 -2532 1328 2918 -2520 400 2802 -3014 1260 2918 -2327 4352 3072 -2354 4147 3072 -2354 3328 2944 -1603 2388 2917 -1762 1452 2918 -2259 2560 2917 -2244 1521 2918 -2452 4147 3072 -2559 3072 2945 -2047 3072 4293 -6655 4402 4294 -5375 4846 4242 -5631 4352 3072 -2559 5289 3089 -3327 5543 3089 -2883 1298 4293 -5631 1298 4293 -3583 3072 4293 -3071 4402 4294 -3839 5732 3233 -6143 3072 3666 -7679 3072 3666 -7167 868 3954 -3302 851 3818 -5894 -181 3818 -5302 5289 3233 -5887</float_array>
                    <technique_common>
                        <accessor count="40" source="#pointarrayMesh17_1" stride="3">
                            <param name="X" type="float"/>
                            <param name="Y" type="float"/>
                            <param name="Z" type="float"/>
                        </accessor>
                    </technique_common>
                </source>
                <source id="uvsMesh17_1">
                    <float_array id="uvarrayMesh17_1" count="80">0.607421875 -0.837890625 0.52734375 0.3515625 0.134765625 0.48828125 0.134765625 -0.310546875 0.64453125 -1.041015625 -3.37109375 0.939453125 0.017578125 -0.482421875 2.712890625 0.19921875 4.568359375 1.447265625 0.966796875 -0.630859375 0.33984375 -4.83203125 2.126953125 -4.8515625 0.619140625 -4.048828125 2.015625 -5.1640625 7.0390625 -5.12109375 6.705078125 -5.12109375 5.375 -6.341796875 3.84765625 -6.083984375 2.328125 -5.27734375 4.126953125 -5.30078125 2.439453125 -4.962890625 6.705078125 -4.7890625 4.958984375 -5.62109375 4.958984375 1.86328125 7.119140625 -0.21484375 7.83984375 0.19921875 7.0390625 -4.7890625 8.560546875 -3.541015625 8.97265625 -4.263671875 2.078125 0.19921875 2.078125 -3.125 4.958984375 -3.95703125 7.119140625 -2.708984375 9.28125 1 4.958984375 3.525390625 4.958984375 2.6953125 1.37890625 -3.58203125 1.3515625 0.626953125 -0.32421875 -0.33203125 8.560546875 0.615234375</float_array>
                    <technique_common>
                        <accessor count="40" source="#uvarrayMesh17_1" stride="2">
                            <param name="S" type="float"/>
                            <param name="T" type="float"/>
                        </accessor>
                    </technique_common>
                </source>
                <vertices id="verticesMesh17_1">
                    <input semantic="POSITION" source="#pointsMesh17_1"/>
                </vertices>
                <polylist count="29" material="Material1">
                    <input offset="0" semantic="VERTEX" source="#verticesMesh17_1"/>
                    <input offset="1" semantic="TEXCOORD" source="#uvsMesh17_1" set="0"/>
                    <vcount>3 3 3 3 3 3 3 3 3 3 3 3 3 3 3 3 3 3 3 3 3 3 3 3 3 3 3 3 3</vcount>
                    <p>0 0 1 1 2 2 2 2 3 3 0 0 0 0 3 3 4 4 5 5 6 6 3 3 3 3 6 6 4 4 7 7 8 8 9 9 10 10 11 11 12 12 10 10 13 13 11 11 14 14 15 15 16 16 13 13 10 10 17 17 18 18 13 13 17 17 19 19 12 12 11 11 20 20 19 19 11 11 20 20 17 17 19 19 20 20 18 18 17 17 15 15 21 21 22 22 16 16 15 15 22 22 23 23 24 24 25 25 21 21 26 26 27 27 27 27 26 26 14 14 28 28 27 27 14 14 28 28 14 14 16 16 23 23 29 29 30 30 23 23 31 31 32 32 23 23 30 30 31 31 23 23 32 32 24 24 33 33 34 34 35 35 36 36 37 37 38 38 39 39 33 33 35 35</p>
                </polylist>
            </mesh>
        </geometry>
        <geometry id="meshMesh17_2">
            <mesh>
                <source id="pointsMesh17_2">
                    <float_array id="pointarrayMesh17_2" count="120">2851 1613 -1919 2802 1613 -2653 2560 1613 -2737 2560 1612 -2244 2874 1576 -1794 400 1024 -3014 2488 1369 -2138 4147 3072 -2559 5289 3089 -3327 3072 2945 -2047 228 2802 -2532 1328 2918 -2520 400 2802 -3014 1260 2918 -2327 4352 3072 -2354 4147 3072 -2354 3328 2944 -1603 2388 2917 -1762 1452 2918 -2259 2560 2917 -2244 1521 2918 -2452 4147 3072 -2559 3072 2945 -2047 3072 4293 -6655 4402 4294 -5375 4846 4242 -5631 4352 3072 -2559 5289 3089 -3327 5543 3089 -2883 1298 4293 -5631 1298 4293 -3583 3072 4293 -3071 4402 4294 -3839 5732 3233 -6143 3072 3666 -7679 3072 3666 -7167 868 3954 -3302 851 3818 -5894 -181 3818 -5302 5289 3233 -5887</float_array>
                    <technique_common>
                        <accessor count="40" source="#pointarrayMesh17_2" stride="3">
                            <param name="X" type="float"/>
                            <param name="Y" type="float"/>
                            <param name="Z" type="float"/>
                        </accessor>
                    </technique_common>
                </source>
                <source id="uvsMesh17_2">
                    <float_array id="uvarrayMesh17_2" count="80">0.607421875 -0.837890625 0.52734375 0.3515625 0.134765625 0.48828125 0.134765625 -0.310546875 0.64453125 -1.041015625 -3.37109375 0.939453125 0.017578125 -0.482421875 2.712890625 0.19921875 4.568359375 1.447265625 0.966796875 -0.630859375 0.33984375 -4.83203125 2.126953125 -4.8515625 0.619140625 -4.048828125 2.015625 -5.1640625 7.0390625 -5.12109375 6.705078125 -5.12109375 5.375 -6.341796875 3.84765625 -6.083984375 2.328125 -5.27734375 4.126953125 -5.30078125 2.439453125 -4.962890625 6.705078125 -4.7890625 4.958984375 -5.62109375 4.958984375 1.86328125 7.119140625 -0.21484375 7.83984375 0.19921875 7.0390625 -4.7890625 8.560546875 -3.541015625 8.97265625 -4.263671875 2.078125 0.19921875 2.078125 -3.125 4.958984375 -3.95703125 7.119140625 -2.708984375 9.28125 1 4.958984375 3.525390625 4.958984375 2.6953125 1.37890625 -3.58203125 1.3515625 0.626953125 -0.32421875 -0.33203125 8.560546875 0.615234375</float_array>
                    <technique_common>
                        <accessor count="40" source="#uvarrayMesh17_2" stride="2">
                            <param name="S" type="float"/>
                            <param name="T" type="float"/>
                        </accessor>
                    </technique_common>
                </source>
                <vertices id="verticesMesh17_2">
                    <input semantic="POSITION" source="#pointsMesh17_2"/>
                </vertices>
                <polylist count="29" material="Material1">
                    <input offset="0" semantic="VERTEX" source="#verticesMesh17_2"/>
                    <input offset="1" semantic="TEXCOORD" source="#uvsMesh17_2" set="0"/>
                    <vcount>3 3 3 3 3 3 3 3 3 3 3 3 3 3 3 3 3 3 3 3 3 3 3 3 3 3 3 3 3</vcount>
                    <p>0 0 1 1 2 2 2 2 3 3 0 0 0 0 3 3 4 4 5 5 6 6 3 3 3 3 6 6 4 4 7 7 8 8 9 9 10 10 11 11 12 12 10 10 13 13 11 11 14 14 15 15 16 16 13 13 10 10 17 17 18 18 13 13 17 17 19 19 12 12 11 11 20 20 19 19 11 11 20 20 17 17 19 19 20 20 18 18 17 17 15 15 21 21 22 22 16 16 15 15 22 22 23 23 24 24 25 25 21 21 26 26 27 27 27 27 26 26 14 14 28 28 27 27 14 14 28 28 14 14 16 16 23 23 29 29 30 30 23 23 31 31 32 32 23 23 30 30 31 31 23 23 32 32 24 24 33 33 34 34 35 35 36 36 37 37 38 38 39 39 33 33 35 35</p>
                </polylist>
            </mesh>
        </geometry>
        <geometry id="meshMesh17_VC2">
            <mesh>
                <source id="pointsMesh17_VC2">
                    <float_array id="pointarrayMesh17_VC2" count="120">2851 1613 -1919 2802 1613 -2653 2560 1613 -2737 2560 1612 -2244 2874 1576 -1794 400 1024 -3014 2488 1369 -2138 4147 3072 -2559 5289 3089 -3327 3072 2945 -2047 228 2802 -2532 1328 2918 -2520 400 2802 -3014 1260 2918 -2327 4352 3072 -2354 4147 3072 -2354 3328 2944 -1603 2388 2917 -1762 1452 2918 -2259 2560 2917 -2244 1521 2918 -2452 4147 3072 -2559 3072 2945 -2047 3072 4293 -6655 4402 4294 -5375 4846 4242 -5631 4352 3072 -2559 5289 3089 -3327 5543 3089 -2883 1298 4293 -5631 1298 4293 -3583 3072 4293 -3071 4402 4294 -3839 5732 3233 -6143 3072 3666 -7679 3072 3666 -7167 868 3954 -3302 851 3818 -5894 -181 3818 -5302 5289 3233 -5887</float_array>
                    <technique_common>
                        <accessor count="40" source="#pointarrayMesh17_VC2" stride="3">
                            <param name="X" type="float"/>
                            <param name="Y" type="float"/>
                            <param name="Z" type="float"/>
                        </accessor>
                    </technique_common>
                </source>
                <source id="uvsMesh17_VC2">
                    <float_array id="uvarrayMesh17_VC2" count="174">0.53125 0.75 0.53125 0.75 0.53125 0.75 0.53125 0.75 0.53125 0.75 0.53125 0.75 0.53125 0.75 0.53125 0.75 0.53125 0.75 0.53125 0.75 0.53125 0.75 0.53125 0.75 0.53125 0.75 0.53125 0.75 0.53125 0.75 0.53125 0.75 0.53125 0.75 0.53125 0.75 0.53125 0.75 0.53125 0.75 0.53125 0.75 0.53125 0.75 0.53125 0.75 0.53125 0.75 0.53125 0.75 0.53125 0.75 0.53125 0.75 0.53125 0.75 0.53125 0.75 0.53125 0.75 0.53125 0.75 0.53125 0.75 0.53125 0.75 0.53125 0.75 0.53125 0.75 0.53125 0.75 0.53125 0.75 0.53125 0.75 0.53125 0.75 0.53125 0.75 0.53125 0.75 0.53125 0.75 0.53125 0.75 0.53125 0.75 0.53125 0.75 0.53125 0.75 0.53125 0.75 0.53125 0.75 0.53125 0.75 0.53125 0.75 0.53125 0.75 0.53125 0.75 0.53125 0.75 0.53125 0.75 0.53125 0.75 0.53125 0.75 0.53125 0.75 0.53125 0.75 0.53125 0.75 0.53125 0.75 0.53125 0.75 0.53125 0.75 0.53125 0.75 0.53125 0.75 0.53125 0.75 0.53125 0.75 0.53125 0.75 0.53125 0.75 0.53125 0.75 0.53125 0.75 0.53125 0.75 0.53125 0.75 0.53125 0.75 0.53125 0.75 0.53125 0.75 0.53125 0.75 0.53125 0.75 0.53125 0.75 0.53125 0.75 0.53125 0.75 0.53125 0.75 0.53125 0.75 0.53125 0.75 0.53125 0.75 0.53125 0.75 0.53125 0.75 0.53125 0.75</float_array>
                    <technique_common>
                        <accessor count="87" source="#uvarrayMesh17_VC2" stride="2">
                            <param name="S" type="float"/>
                            <param name="T" type="float"/>
                        </accessor>
                    </technique_common>
                </source>
                <vertices id="verticesMesh17_VC2">
                    <input semantic="POSITION" source="#pointsMesh17_VC2"/>
                </vertices>
                <polylist count="29" material="Material1">
                    <input offset="0" semantic="VERTEX" source="#verticesMesh17_VC2"/>
                    <input offset="1" semantic="TEXCOORD" source="#uvsMesh17_VC2" set="0"/>
                    <vcount>3 3 3 3 3 3 3 3 3 3 3 3 3 3 3 3 3 3 3 3 3 3 3 3 3 3 3 3 3</vcount>
                    <p>0 0 1 1 2 2 2 3 3 4 0 5 0 6 3 7 4 8 5 9 6 10 3 11 3 12 6 13 4 14 7 15 8 16 9 17 10 18 11 19 12 20 10 21 13 22 11 23 14 24 15 25 16 26 13 27 10 28 17 29 18 30 13 31 17 32 19 33 12 34 11 35 20 36 19 37 11 38 20 39 17 40 19 41 20 42 18 43 17 44 15 45 21 46 22 47 16 48 15 49 22 50 23 51 24 52 25 53 21 54 26 55 27 56 27 57 26 58 14 59 28 60 27 61 14 62 28 63 14 64 16 65 23 66 29 67 30 68 23 69 31 70 32 71 23 72 30 73 31 74 23 75 32 76 24 77 33 78 34 79 35 80 36 81 37 82 38 83 39 84 33 85 35 86</p>
                </polylist>
            </mesh>
        </geometry>
        <geometry id="meshMesh18_1">
            <mesh>
                <source id="pointsMesh18_1">
                    <float_array id="pointarrayMesh18_1" count="393">6131 1885 -2767 3037 1669 -904 3060 1741 -780 3072 2513 -7167 3072 2462 -7295 -353 2606 -5359 -181 2658 -5302 3072 2462 -7551 3072 2513 -7679 -697 2606 -5472 -353 2606 -5359 3072 2462 -7295 -869 2657 -5528 167 2709 -3757 -697 2606 -5472 -869 2657 -5528 2079 1368 -1535 3060 1741 -780 3037 1669 -904 2874 1576 -1794 -353 2606 -5359 533 2755 -3942 -181 2658 -5302 419 2706 -3884 517 2750 -3086 169 2775 -3471 400 2802 -3014 54 2762 -3700 751 2750 -3230 868 2801 -3302 652 2772 -3715 537 2721 -3657 286 2723 -3530 4956 3038 -3519 4846 3089 -3583 3072 2894 -2431 4402 4294 -3839 4513 4190 -3775 4402 4294 -5375 4735 4190 -3647 4846 4242 -5631 4846 4242 -3583 2079 1368 -1535 400 1024 -3014 -1016 1024 -2299 2488 1369 -2138 3072 2894 -2175 3072 2945 -2559 3072 2945 -2047 5178 3038 -3391 5289 3089 -3327 4956 3182 -5695 4846 3233 -5631 4956 3038 -3519 5178 3182 -5823 5178 3038 -3391 5289 3233 -5887 3072 3666 -7167 3072 3614 -7039 4846 3089 -3583 5289 3089 -3327 5289 3233 -5887 5178 3182 -5823 4956 3182 -5695 3072 3614 -6783 1188 3902 -3519 1298 3954 -3583 1188 3758 -5695 3072 3666 -6655 4846 3233 -5631 3072 3614 -7039 3072 3666 -7167 966 3758 -5823 1188 3758 -5695 3072 3614 -6783 851 3818 -5894 1298 3810 -5631 3072 3666 -6655 3072 4046 -2687 3072 4046 -2943 966 3902 -3391 966 3902 -3391 966 3758 -5823 1298 3810 -5631 851 3818 -5894 868 3954 -3302 1298 3954 -3583 1188 3902 -3519 3072 4097 -3071 6131 2029 -6447 6265 2080 -6527 3072 2462 -7551 868 3954 -3302 3072 4097 -2559 4513 4190 -3775 4402 4293 -3839 3072 4046 -2943 3072 4046 -2687 4735 4190 -3647 3072 4097 -3071 3072 4097 -2559 4846 4242 -3583 5400 1885 -3263 5400 2029 -5951 5289 2080 -5887 3072 2513 -7679 5400 2029 -5951 3072 2462 -7295 3072 2513 -7167 5289 2080 -5887 6265 2080 -6527 6131 2029 -6447 6252 1936 -2700 6131 1885 -2767 5289 1936 -3327 5400 1885 -3263 5289 1936 -3327 2851 1613 -1919 2874 1576 -1794 6252 1936 -2700 2079 1368 -1535 2488 1369 -2138 400 1024 -3014 2560 2912 -2736 868 2801 -3302 751 2750 -3230 2560 2862 -2613 517 2750 -3086 2560 2864 -2367 400 2802 -3014 2560 2917 -2244</float_array>
                    <technique_common>
                        <accessor count="131" source="#pointarrayMesh18_1" stride="3">
                            <param name="X" type="float"/>
                            <param name="Y" type="float"/>
                            <param name="Z" type="float"/>
                        </accessor>
                    </technique_common>
                </source>
                <source id="uvsMesh18_1">
                    <float_array id="uvarrayMesh18_1" count="262">0.72265625 6.880859375 0.71875 -0.171875 0.966796875 -0.25 0 0.033203125 0.18359375 -0.091796875 0.228515625 7.58203125 0 7.349609375 0.751953125 0.150390625 0.966796875 0.033203125 0.712890625 8.546875 0.19921875 8.0625 0.314453125 0.388671875 0.966796875 8.791015625 0.732421875 3.021484375 0.705078125 -0.724609375 0.958984375 -0.970703125 0.966796875 0.046875 0.966796875 1.529296875 0.87109375 1.404296875 0.173828125 0.634765625 0.2109375 -0.220703125 -0.044921875 3.03515625 0 0.033203125 0.19921875 3.02734375 0.724609375 3.205078125 0.9921875 2.232421875 0.994140625 3.23046875 0.998046875 3.025390625 0.189453125 3.16015625 -0.072265625 3.14453125 -0.05859375 2.232421875 0.19921875 2.228515625 0.724609375 2.2265625 0.2265625 5.171875 0 5.0234375 0.2265625 0.1171875 0 0.033203125 0.22265625 -0.111328125 0 3.556640625 0.73046875 -0.404296875 0.986328125 4.142578125 0.986328125 -0.552734375 0.966796875 2.66015625 -0.046875 0.701171875 0.966796875 -0.46484375 -0.013671875 -0.005859375 0.740234375 -0.177734375 0 0.265625 0.99609375 -0.326171875 0.740234375 5.46875 0.998046875 5.6171875 0.1953125 5.533203125 -0.060546875 5.384765625 0.1953125 0.478515625 0.708984375 5.830078125 0.708984375 0.181640625 0.966796875 0.033203125 0.966796875 6.01171875 0.708984375 5.86328125 -0.05859375 0.626953125 0.966796875 0.033203125 0.966796875 5.978515625 0.7109375 0.181640625 0.19921875 0.4765625 0.193359375 5.568359375 0.2265625 4.939453125 0 4.791015625 0.2265625 -0.11328125 -0.0625 5.421875 -0.0546875 0.623046875 0.740234375 -0.41015625 0.99609375 -0.55859375 0.740234375 5.236328125 0.2265625 4.939453125 0.2265625 -0.11328125 0.998046875 5.384765625 0 4.791015625 0 0.033203125 0.685546875 5.384765625 0.125 5.19140625 0.7421875 0.2265625 0.740234375 5.236328125 0.740234375 -0.41015625 0 0.033203125 0.99609375 -0.55859375 0.998046875 5.384765625 0.068359375 0.810546875 0.29296875 0.615234375 -0.154296875 5.09375 0.7109375 -0.814453125 0.966796875 -0.962890625 0.708984375 6.046875 0.966796875 0.033203125 0.966796875 5.482421875 0.2265625 4.173828125 0 4.025390625 0.2265625 0.306640625 0.740234375 0.01171875 0.740234375 4.470703125 0 0.453125 0.998046875 -0.13671875 0.998046875 4.619140625 0.216796875 -0.107421875 0.216796875 5.912109375 0 5.76953125 0.966796875 6.1953125 0.19921875 -0.51953125 0.193359375 5.751953125 -0.0625 5.603515625 -0.056640625 -0.37109375 0.962890625 6.341796875 0.712890625 6.19921875 0.962890625 -0.5390625 0.712890625 -0.39453125 0 0.033203125 0.80859375 -0.078125 0.966796875 0.033203125 0.96875 5.556640625 0.80859375 5.6484375 0.966796875 7.01953125 1.00390625 2.58984375 0.03125 2.84375 0 0.033203125 -0.056640625 4.158203125 0.017578125 0.201171875 0.25 0.005859375 0.193359375 4.244140625 0.724609375 -0.375 0.705078125 4.427734375 0.966796875 -0.560546875 0.966796875 4.5234375</float_array>
                    <technique_common>
                        <accessor count="131" source="#uvarrayMesh18_1" stride="2">
                            <param name="S" type="float"/>
                            <param name="T" type="float"/>
                        </accessor>
                    </technique_common>
                </source>
                <vertices id="verticesMesh18_1">
                    <input semantic="POSITION" source="#pointsMesh18_1"/>
                </vertices>
                <polylist count="87" material="Material1">
                    <input offset="0" semantic="VERTEX" source="#verticesMesh18_1"/>
                    <input offset="1" semantic="TEXCOORD" source="#uvsMesh18_1" set="0"/>
                    <vcount>3 3 3 3 3 3 3 3 3 3 3 3 3 3 3 3 3 3 3 3 3 3 3 3 3 3 3 3 3 3 3 3 3 3 3 3 3 3 3 3 3 3 3 3 3 3 3 3 3 3 3 3 3 3 3 3 3 3 3 3 3 3 3 3 3 3 3 3 3 3 3 3 3 3 3 3 3 3 3 3 3 3 3 3 3 3 3</vcount>
                    <p>0 0 1 1 2 2 3 3 4 4 5 5 6 6 3 3 5 5 7 7 8 8 9 9 7 7 9 9 10 10 11 11 7 7 10 10 8 8 12 12 9 9 13 13 14 14 15 15 16 16 17 17 18 18 16 16 18 18 19 19 20 20 21 21 22 22 20 20 23 23 21 21 23 23 20 20 14 14 23 23 14 14 13 13 24 24 25 25 26 26 13 13 15 15 27 27 28 28 29 29 30 30 31 31 28 28 30 30 28 28 31 31 32 32 28 28 32 32 24 24 24 24 32 32 25 25 33 33 34 34 35 35 36 36 37 37 38 38 38 38 39 39 40 40 38 38 37 37 39 39 41 41 40 40 39 39 42 42 43 43 44 44 16 16 19 19 45 45 33 33 35 35 46 46 34 34 47 47 35 35 48 48 49 49 46 46 49 49 33 33 46 46 48 48 50 50 49 49 51 51 52 52 53 53 54 54 51 51 55 55 51 51 53 53 55 55 56 56 57 57 58 58 52 52 59 59 53 53 60 60 54 54 55 55 60 60 61 61 54 54 62 62 56 56 58 58 63 63 62 62 64 64 62 62 58 58 64 64 65 65 66 66 67 67 63 63 64 64 68 68 69 69 63 63 68 68 70 70 71 71 72 72 70 70 72 72 73 73 74 74 70 70 73 73 71 71 75 75 72 72 76 76 74 74 73 73 76 76 77 77 74 74 78 78 79 79 80 80 81 81 65 65 82 82 66 66 83 83 67 67 65 65 67 67 82 82 81 81 82 82 84 84 85 85 81 81 84 84 79 79 86 86 87 87 79 79 88 88 86 86 79 79 87 87 80 80 89 89 90 90 91 91 92 92 78 78 80 80 92 92 93 93 78 78 94 94 95 95 96 96 94 94 96 96 97 97 98 98 94 94 97 97 95 95 99 99 96 96 100 100 98 98 97 97 100 100 101 101 98 98 102 102 103 103 104 104 90 90 105 105 91 91 106 106 107 107 108 108 109 109 106 106 108 108 110 110 111 111 112 112 111 111 113 113 112 112 114 114 102 102 104 104 115 115 116 116 117 117 115 115 117 117 118 118 0 0 2 2 119 119 120 120 121 121 122 122 123 123 124 124 125 125 123 123 125 125 126 126 126 126 125 125 127 127 126 126 127 127 128 128 129 129 130 130 128 128 129 129 128 128 127 127</p>
                </polylist>
            </mesh>
        </geometry>
        <geometry id="meshMesh18_2">
            <mesh>
                <source id="pointsMesh18_2">
                    <float_array id="pointarrayMesh18_2" count="393">6131 1885 -2767 3037 1669 -904 3060 1741 -780 3072 2513 -7167 3072 2462 -7295 -353 2606 -5359 -181 2658 -5302 3072 2462 -7551 3072 2513 -7679 -697 2606 -5472 -353 2606 -5359 3072 2462 -7295 -869 2657 -5528 167 2709 -3757 -697 2606 -5472 -869 2657 -5528 2079 1368 -1535 3060 1741 -780 3037 1669 -904 2874 1576 -1794 -353 2606 -5359 533 2755 -3942 -181 2658 -5302 419 2706 -3884 517 2750 -3086 169 2775 -3471 400 2802 -3014 54 2762 -3700 751 2750 -3230 868 2801 -3302 652 2772 -3715 537 2721 -3657 286 2723 -3530 4956 3038 -3519 4846 3089 -3583 3072 2894 -2431 4402 4294 -3839 4513 4190 -3775 4402 4294 -5375 4735 4190 -3647 4846 4242 -5631 4846 4242 -3583 2079 1368 -1535 400 1024 -3014 -1016 1024 -2299 2488 1369 -2138 3072 2894 -2175 3072 2945 -2559 3072 2945 -2047 5178 3038 -3391 5289 3089 -3327 4956 3182 -5695 4846 3233 -5631 4956 3038 -3519 5178 3182 -5823 5178 3038 -3391 5289 3233 -5887 3072 3666 -7167 3072 3614 -7039 4846 3089 -3583 5289 3089 -3327 5289 3233 -5887 5178 3182 -5823 4956 3182 -5695 3072 3614 -6783 1188 3902 -3519 1298 3954 -3583 1188 3758 -5695 3072 3666 -6655 4846 3233 -5631 3072 3614 -7039 3072 3666 -7167 966 3758 -5823 1188 3758 -5695 3072 3614 -6783 851 3818 -5894 1298 3810 -5631 3072 3666 -6655 3072 4046 -2687 3072 4046 -2943 966 3902 -3391 966 3902 -3391 966 3758 -5823 1298 3810 -5631 851 3818 -5894 868 3954 -3302 1298 3954 -3583 1188 3902 -3519 3072 4097 -3071 6131 2029 -6447 6265 2080 -6527 3072 2462 -7551 868 3954 -3302 3072 4097 -2559 4513 4190 -3775 4402 4293 -3839 3072 4046 -2943 3072 4046 -2687 4735 4190 -3647 3072 4097 -3071 3072 4097 -2559 4846 4242 -3583 5400 1885 -3263 5400 2029 -5951 5289 2080 -5887 3072 2513 -7679 5400 2029 -5951 3072 2462 -7295 3072 2513 -7167 5289 2080 -5887 6265 2080 -6527 6131 2029 -6447 6252 1936 -2700 6131 1885 -2767 5289 1936 -3327 5400 1885 -3263 5289 1936 -3327 2851 1613 -1919 2874 1576 -1794 6252 1936 -2700 2079 1368 -1535 2488 1369 -2138 400 1024 -3014 2560 2912 -2736 868 2801 -3302 751 2750 -3230 2560 2862 -2613 517 2750 -3086 2560 2864 -2367 400 2802 -3014 2560 2917 -2244</float_array>
                    <technique_common>
                        <accessor count="131" source="#pointarrayMesh18_2" stride="3">
                            <param name="X" type="float"/>
                            <param name="Y" type="float"/>
                            <param name="Z" type="float"/>
                        </accessor>
                    </technique_common>
                </source>
                <source id="uvsMesh18_2">
                    <float_array id="uvarrayMesh18_2" count="262">0.72265625 6.880859375 0.71875 -0.171875 0.966796875 -0.25 0 0.033203125 0.18359375 -0.091796875 0.228515625 7.58203125 0 7.349609375 0.751953125 0.150390625 0.966796875 0.033203125 0.712890625 8.546875 0.19921875 8.0625 0.314453125 0.388671875 0.966796875 8.791015625 0.732421875 3.021484375 0.705078125 -0.724609375 0.958984375 -0.970703125 0.966796875 0.046875 0.966796875 1.529296875 0.87109375 1.404296875 0.173828125 0.634765625 0.2109375 -0.220703125 -0.044921875 3.03515625 0 0.033203125 0.19921875 3.02734375 0.724609375 3.205078125 0.9921875 2.232421875 0.994140625 3.23046875 0.998046875 3.025390625 0.189453125 3.16015625 -0.072265625 3.14453125 -0.05859375 2.232421875 0.19921875 2.228515625 0.724609375 2.2265625 0.2265625 5.171875 0 5.0234375 0.2265625 0.1171875 0 0.033203125 0.22265625 -0.111328125 0 3.556640625 0.73046875 -0.404296875 0.986328125 4.142578125 0.986328125 -0.552734375 0.966796875 2.66015625 -0.046875 0.701171875 0.966796875 -0.46484375 -0.013671875 -0.005859375 0.740234375 -0.177734375 0 0.265625 0.99609375 -0.326171875 0.740234375 5.46875 0.998046875 5.6171875 0.1953125 5.533203125 -0.060546875 5.384765625 0.1953125 0.478515625 0.708984375 5.830078125 0.708984375 0.181640625 0.966796875 0.033203125 0.966796875 6.01171875 0.708984375 5.86328125 -0.05859375 0.626953125 0.966796875 0.033203125 0.966796875 5.978515625 0.7109375 0.181640625 0.19921875 0.4765625 0.193359375 5.568359375 0.2265625 4.939453125 0 4.791015625 0.2265625 -0.11328125 -0.0625 5.421875 -0.0546875 0.623046875 0.740234375 -0.41015625 0.99609375 -0.55859375 0.740234375 5.236328125 0.2265625 4.939453125 0.2265625 -0.11328125 0.998046875 5.384765625 0 4.791015625 0 0.033203125 0.685546875 5.384765625 0.125 5.19140625 0.7421875 0.2265625 0.740234375 5.236328125 0.740234375 -0.41015625 0 0.033203125 0.99609375 -0.55859375 0.998046875 5.384765625 0.068359375 0.810546875 0.29296875 0.615234375 -0.154296875 5.09375 0.7109375 -0.814453125 0.966796875 -0.962890625 0.708984375 6.046875 0.966796875 0.033203125 0.966796875 5.482421875 0.2265625 4.173828125 0 4.025390625 0.2265625 0.306640625 0.740234375 0.01171875 0.740234375 4.470703125 0 0.453125 0.998046875 -0.13671875 0.998046875 4.619140625 0.216796875 -0.107421875 0.216796875 5.912109375 0 5.76953125 0.966796875 6.1953125 0.19921875 -0.51953125 0.193359375 5.751953125 -0.0625 5.603515625 -0.056640625 -0.37109375 0.962890625 6.341796875 0.712890625 6.19921875 0.962890625 -0.5390625 0.712890625 -0.39453125 0 0.033203125 0.80859375 -0.078125 0.966796875 0.033203125 0.96875 5.556640625 0.80859375 5.6484375 0.966796875 7.01953125 1.00390625 2.58984375 0.03125 2.84375 0 0.033203125 -0.056640625 4.158203125 0.017578125 0.201171875 0.25 0.005859375 0.193359375 4.244140625 0.724609375 -0.375 0.705078125 4.427734375 0.966796875 -0.560546875 0.966796875 4.5234375</float_array>
                    <technique_common>
                        <accessor count="131" source="#uvarrayMesh18_2" stride="2">
                            <param name="S" type="float"/>
                            <param name="T" type="float"/>
                        </accessor>
                    </technique_common>
                </source>
                <vertices id="verticesMesh18_2">
                    <input semantic="POSITION" source="#pointsMesh18_2"/>
                </vertices>
                <polylist count="87" material="Material1">
                    <input offset="0" semantic="VERTEX" source="#verticesMesh18_2"/>
                    <input offset="1" semantic="TEXCOORD" source="#uvsMesh18_2" set="0"/>
                    <vcount>3 3 3 3 3 3 3 3 3 3 3 3 3 3 3 3 3 3 3 3 3 3 3 3 3 3 3 3 3 3 3 3 3 3 3 3 3 3 3 3 3 3 3 3 3 3 3 3 3 3 3 3 3 3 3 3 3 3 3 3 3 3 3 3 3 3 3 3 3 3 3 3 3 3 3 3 3 3 3 3 3 3 3 3 3 3 3</vcount>
                    <p>0 0 1 1 2 2 3 3 4 4 5 5 6 6 3 3 5 5 7 7 8 8 9 9 7 7 9 9 10 10 11 11 7 7 10 10 8 8 12 12 9 9 13 13 14 14 15 15 16 16 17 17 18 18 16 16 18 18 19 19 20 20 21 21 22 22 20 20 23 23 21 21 23 23 20 20 14 14 23 23 14 14 13 13 24 24 25 25 26 26 13 13 15 15 27 27 28 28 29 29 30 30 31 31 28 28 30 30 28 28 31 31 32 32 28 28 32 32 24 24 24 24 32 32 25 25 33 33 34 34 35 35 36 36 37 37 38 38 38 38 39 39 40 40 38 38 37 37 39 39 41 41 40 40 39 39 42 42 43 43 44 44 16 16 19 19 45 45 33 33 35 35 46 46 34 34 47 47 35 35 48 48 49 49 46 46 49 49 33 33 46 46 48 48 50 50 49 49 51 51 52 52 53 53 54 54 51 51 55 55 51 51 53 53 55 55 56 56 57 57 58 58 52 52 59 59 53 53 60 60 54 54 55 55 60 60 61 61 54 54 62 62 56 56 58 58 63 63 62 62 64 64 62 62 58 58 64 64 65 65 66 66 67 67 63 63 64 64 68 68 69 69 63 63 68 68 70 70 71 71 72 72 70 70 72 72 73 73 74 74 70 70 73 73 71 71 75 75 72 72 76 76 74 74 73 73 76 76 77 77 74 74 78 78 79 79 80 80 81 81 65 65 82 82 66 66 83 83 67 67 65 65 67 67 82 82 81 81 82 82 84 84 85 85 81 81 84 84 79 79 86 86 87 87 79 79 88 88 86 86 79 79 87 87 80 80 89 89 90 90 91 91 92 92 78 78 80 80 92 92 93 93 78 78 94 94 95 95 96 96 94 94 96 96 97 97 98 98 94 94 97 97 95 95 99 99 96 96 100 100 98 98 97 97 100 100 101 101 98 98 102 102 103 103 104 104 90 90 105 105 91 91 106 106 107 107 108 108 109 109 106 106 108 108 110 110 111 111 112 112 111 111 113 113 112 112 114 114 102 102 104 104 115 115 116 116 117 117 115 115 117 117 118 118 0 0 2 2 119 119 120 120 121 121 122 122 123 123 124 124 125 125 123 123 125 125 126 126 126 126 125 125 127 127 126 126 127 127 128 128 129 129 130 130 128 128 129 129 128 128 127 127</p>
                </polylist>
            </mesh>
        </geometry>
        <geometry id="meshMesh18_VC2">
            <mesh>
                <source id="pointsMesh18_VC2">
                    <float_array id="pointarrayMesh18_VC2" count="393">6131 1885 -2767 3037 1669 -904 3060 1741 -780 3072 2513 -7167 3072 2462 -7295 -353 2606 -5359 -181 2658 -5302 3072 2462 -7551 3072 2513 -7679 -697 2606 -5472 -353 2606 -5359 3072 2462 -7295 -869 2657 -5528 167 2709 -3757 -697 2606 -5472 -869 2657 -5528 2079 1368 -1535 3060 1741 -780 3037 1669 -904 2874 1576 -1794 -353 2606 -5359 533 2755 -3942 -181 2658 -5302 419 2706 -3884 517 2750 -3086 169 2775 -3471 400 2802 -3014 54 2762 -3700 751 2750 -3230 868 2801 -3302 652 2772 -3715 537 2721 -3657 286 2723 -3530 4956 3038 -3519 4846 3089 -3583 3072 2894 -2431 4402 4294 -3839 4513 4190 -3775 4402 4294 -5375 4735 4190 -3647 4846 4242 -5631 4846 4242 -3583 2079 1368 -1535 400 1024 -3014 -1016 1024 -2299 2488 1369 -2138 3072 2894 -2175 3072 2945 -2559 3072 2945 -2047 5178 3038 -3391 5289 3089 -3327 4956 3182 -5695 4846 3233 -5631 4956 3038 -3519 5178 3182 -5823 5178 3038 -3391 5289 3233 -5887 3072 3666 -7167 3072 3614 -7039 4846 3089 -3583 5289 3089 -3327 5289 3233 -5887 5178 3182 -5823 4956 3182 -5695 3072 3614 -6783 1188 3902 -3519 1298 3954 -3583 1188 3758 -5695 3072 3666 -6655 4846 3233 -5631 3072 3614 -7039 3072 3666 -7167 966 3758 -5823 1188 3758 -5695 3072 3614 -6783 851 3818 -5894 1298 3810 -5631 3072 3666 -6655 3072 4046 -2687 3072 4046 -2943 966 3902 -3391 966 3902 -3391 966 3758 -5823 1298 3810 -5631 851 3818 -5894 868 3954 -3302 1298 3954 -3583 1188 3902 -3519 3072 4097 -3071 6131 2029 -6447 6265 2080 -6527 3072 2462 -7551 868 3954 -3302 3072 4097 -2559 4513 4190 -3775 4402 4293 -3839 3072 4046 -2943 3072 4046 -2687 4735 4190 -3647 3072 4097 -3071 3072 4097 -2559 4846 4242 -3583 5400 1885 -3263 5400 2029 -5951 5289 2080 -5887 3072 2513 -7679 5400 2029 -5951 3072 2462 -7295 3072 2513 -7167 5289 2080 -5887 6265 2080 -6527 6131 2029 -6447 6252 1936 -2700 6131 1885 -2767 5289 1936 -3327 5400 1885 -3263 5289 1936 -3327 2851 1613 -1919 2874 1576 -1794 6252 1936 -2700 2079 1368 -1535 2488 1369 -2138 400 1024 -3014 2560 2912 -2736 868 2801 -3302 751 2750 -3230 2560 2862 -2613 517 2750 -3086 2560 2864 -2367 400 2802 -3014 2560 2917 -2244</float_array>
                    <technique_common>
                        <accessor count="131" source="#pointarrayMesh18_VC2" stride="3">
                            <param name="X" type="float"/>
                            <param name="Y" type="float"/>
                            <param name="Z" type="float"/>
                        </accessor>
                    </technique_common>
                </source>
                <source id="uvsMesh18_VC2">
                    <float_array id="uvarrayMesh18_VC2" count="522">0.53125 0.75 0.53125 0.75 0.53125 0.75 0.53125 0.75 0.53125 0.75 0.53125 0.75 0.53125 0.75 0.53125 0.75 0.53125 0.75 0.53125 0.75 0.53125 0.75 0.53125 0.75 0.53125 0.75 0.53125 0.75 0.53125 0.75 0.53125 0.75 0.53125 0.75 0.53125 0.75 0.53125 0.75 0.53125 0.75 0.53125 0.75 0.53125 0.75 0.53125 0.75 0.53125 0.75 0.53125 0.75 0.53125 0.75 0.53125 0.75 0.53125 0.75 0.53125 0.75 0.53125 0.75 0.53125 0.75 0.53125 0.75 0.53125 0.75 0.53125 0.75 0.53125 0.75 0.53125 0.75 0.53125 0.75 0.53125 0.75 0.53125 0.75 0.53125 0.75 0.53125 0.75 0.53125 0.75 0.53125 0.75 0.53125 0.75 0.53125 0.75 0.53125 0.75 0.53125 0.75 0.53125 0.75 0.53125 0.75 0.53125 0.75 0.53125 0.75 0.53125 0.75 0.53125 0.75 0.53125 0.75 0.53125 0.75 0.53125 0.75 0.53125 0.75 0.53125 0.75 0.53125 0.75 0.53125 0.75 0.53125 0.75 0.53125 0.75 0.53125 0.75 0.53125 0.75 0.53125 0.75 0.53125 0.75 0.53125 0.75 0.53125 0.75 0.53125 0.75 0.53125 0.75 0.53125 0.75 0.53125 0.75 0.53125 0.75 0.53125 0.75 0.53125 0.75 0.53125 0.75 0.53125 0.75 0.53125 0.75 0.53125 0.75 0.53125 0.75 0.53125 0.75 0.53125 0.75 0.53125 0.75 0.53125 0.75 0.53125 0.75 0.53125 0.75 0.53125 0.75 0.53125 0.75 0.53125 0.75 0.53125 0.75 0.53125 0.75 0.53125 0.75 0.53125 0.75 0.53125 0.75 0.53125 0.75 0.53125 0.75 0.53125 0.75 0.53125 0.75 0.53125 0.75 0.53125 0.75 0.53125 0.75 0.53125 0.75 0.53125 0.75 0.53125 0.75 0.53125 0.75 0.53125 0.75 0.53125 0.75 0.53125 0.75 0.53125 0.75 0.53125 0.75 0.53125 0.75 0.53125 0.75 0.53125 0.75 0.53125 0.75 0.53125 0.75 0.53125 0.75 0.53125 0.75 0.53125 0.75 0.53125 0.75 0.53125 0.75 0.53125 0.75 0.53125 0.75 0.53125 0.75 0.53125 0.75 0.53125 0.75 0.53125 0.75 0.53125 0.75 0.53125 0.75 0.53125 0.75 0.53125 0.75 0.53125 0.75 0.53125 0.75 0.53125 0.75 0.53125 0.75 0.53125 0.75 0.53125 0.75 0.53125 0.75 0.53125 0.75 0.53125 0.75 0.53125 0.75 0.53125 0.75 0.53125 0.75 0.53125 0.75 0.53125 0.75 0.53125 0.75 0.53125 0.75 0.53125 0.75 0.53125 0.75 0.53125 0.75 0.53125 0.75 0.53125 0.75 0.53125 0.75 0.53125 0.75 0.53125 0.75 0.53125 0.75 0.53125 0.75 0.53125 0.75 0.53125 0.75 0.53125 0.75 0.53125 0.75 0.53125 0.75 0.53125 0.75 0.53125 0.75 0.53125 0.75 0.53125 0.75 0.53125 0.75 0.53125 0.75 0.53125 0.75 0.53125 0.75 0.53125 0.75 0.53125 0.75 0.53125 0.75 0.53125 0.75 0.53125 0.75 0.53125 0.75 0.53125 0.75 0.53125 0.75 0.53125 0.75 0.53125 0.75 0.53125 0.75 0.53125 0.75 0.53125 0.75 0.53125 0.75 0.53125 0.75 0.53125 0.75 0.53125 0.75 0.53125 0.75 0.53125 0.75 0.53125 0.75 0.53125 0.75 0.53125 0.75 0.53125 0.75 0.53125 0.75 0.53125 0.75 0.53125 0.75 0.53125 0.75 0.53125 0.75 0.53125 0.75 0.53125 0.75 0.53125 0.75 0.53125 0.75 0.53125 0.75 0.53125 0.75 0.53125 0.75 0.53125 0.75 0.53125 0.75 0.53125 0.75 0.53125 0.75 0.53125 0.75 0.53125 0.75 0.53125 0.75 0.53125 0.75 0.53125 0.75 0.53125 0.75 0.53125 0.75 0.53125 0.75 0.53125 0.75 0.53125 0.75 0.53125 0.75 0.53125 0.75 0.53125 0.75 0.53125 0.75 0.53125 0.75 0.53125 0.75 0.53125 0.75 0.53125 0.75 0.53125 0.75 0.53125 0.75 0.53125 0.75 0.53125 0.75 0.53125 0.75 0.53125 0.75 0.53125 0.75 0.53125 0.75 0.53125 0.75 0.53125 0.75 0.53125 0.75 0.53125 0.75 0.53125 0.75 0.53125 0.75 0.53125 0.75 0.53125 0.75 0.53125 0.75 0.53125 0.75 0.53125 0.75 0.53125 0.75 0.53125 0.75 0.53125 0.75 0.53125 0.75 0.53125 0.75 0.53125 0.75 0.53125 0.75 0.53125 0.75 0.53125 0.75 0.53125 0.75 0.53125 0.75 0.53125 0.75 0.53125 0.75 0.53125 0.75 0.53125 0.75 0.53125 0.75</float_array>
                    <technique_common>
                        <accessor count="261" source="#uvarrayMesh18_VC2" stride="2">
                            <param name="S" type="float"/>
                            <param name="T" type="float"/>
                        </accessor>
                    </technique_common>
                </source>
                <vertices id="verticesMesh18_VC2">
                    <input semantic="POSITION" source="#pointsMesh18_VC2"/>
                </vertices>
                <polylist count="87" material="Material1">
                    <input offset="0" semantic="VERTEX" source="#verticesMesh18_VC2"/>
                    <input offset="1" semantic="TEXCOORD" source="#uvsMesh18_VC2" set="0"/>
                    <vcount>3 3 3 3 3 3 3 3 3 3 3 3 3 3 3 3 3 3 3 3 3 3 3 3 3 3 3 3 3 3 3 3 3 3 3 3 3 3 3 3 3 3 3 3 3 3 3 3 3 3 3 3 3 3 3 3 3 3 3 3 3 3 3 3 3 3 3 3 3 3 3 3 3 3 3 3 3 3 3 3 3 3 3 3 3 3 3</vcount>
                    <p>0 0 1 1 2 2 3 3 4 4 5 5 6 6 3 7 5 8 7 9 8 10 9 11 7 12 9 13 10 14 11 15 7 16 10 17 8 18 12 19 9 20 13 21 14 22 15 23 16 24 17 25 18 26 16 27 18 28 19 29 20 30 21 31 22 32 20 33 23 34 21 35 23 36 20 37 14 38 23 39 14 40 13 41 24 42 25 43 26 44 13 45 15 46 27 47 28 48 29 49 30 50 31 51 28 52 30 53 28 54 31 55 32 56 28 57 32 58 24 59 24 60 32 61 25 62 33 63 34 64 35 65 36 66 37 67 38 68 38 69 39 70 40 71 38 72 37 73 39 74 41 75 40 76 39 77 42 78 43 79 44 80 16 81 19 82 45 83 33 84 35 85 46 86 34 87 47 88 35 89 48 90 49 91 46 92 49 93 33 94 46 95 48 96 50 97 49 98 51 99 52 100 53 101 54 102 51 103 55 104 51 105 53 106 55 107 56 108 57 109 58 110 52 111 59 112 53 113 60 114 54 115 55 116 60 117 61 118 54 119 62 120 56 121 58 122 63 123 62 124 64 125 62 126 58 127 64 128 65 129 66 130 67 131 63 132 64 133 68 134 69 135 63 136 68 137 70 138 71 139 72 140 70 141 72 142 73 143 74 144 70 145 73 146 71 147 75 148 72 149 76 150 74 151 73 152 76 153 77 154 74 155 78 156 79 157 80 158 81 159 65 160 82 161 66 162 83 163 67 164 65 165 67 166 82 167 81 168 82 169 84 170 85 171 81 172 84 173 79 174 86 175 87 176 79 177 88 178 86 179 79 180 87 181 80 182 89 183 90 184 91 185 92 186 78 187 80 188 92 189 93 190 78 191 94 192 95 193 96 194 94 195 96 196 97 197 98 198 94 199 97 200 95 201 99 202 96 203 100 204 98 205 97 206 100 207 101 208 98 209 102 210 103 211 104 212 90 213 105 214 91 215 106 216 107 217 108 218 109 219 106 220 108 221 110 222 111 223 112 224 111 225 113 226 112 227 114 228 102 229 104 230 115 231 116 232 117 233 115 234 117 235 118 236 0 237 2 238 119 239 120 240 121 241 122 242 123 243 124 244 125 245 123 246 125 247 126 248 126 249 125 250 127 251 126 252 127 253 128 254 129 255 130 256 128 257 129 258 128 259 127 260</p>
                </polylist>
            </mesh>
        </geometry>
        <geometry id="meshMesh19_1">
            <mesh>
                <source id="pointsMesh19_1">
                    <float_array id="pointarrayMesh19_1" count="24">1782 666 4659 1782 768 4557 1782 666 4557 1782 768 4659 1782 179 4557 1782 282 4659 1782 282 4557 1782 179 4659</float_array>
                    <technique_common>
                        <accessor count="8" source="#pointarrayMesh19_1" stride="3">
                            <param name="X" type="float"/>
                            <param name="Y" type="float"/>
                            <param name="Z" type="float"/>
                        </accessor>
                    </technique_common>
                </source>
                <source id="uvsMesh19_1">
                    <float_array id="uvarrayMesh19_1" count="16">0.966796875 0.033203125 0 1 0 0.033203125 0.966796875 1 0 -8.947265625 0.966796875 -7.94921875 0 -7.94921875 0.966796875 -8.947265625</float_array>
                    <technique_common>
                        <accessor count="8" source="#uvarrayMesh19_1" stride="2">
                            <param name="S" type="float"/>
                            <param name="T" type="float"/>
                        </accessor>
                    </technique_common>
                </source>
                <vertices id="verticesMesh19_1">
                    <input semantic="POSITION" source="#pointsMesh19_1"/>
                </vertices>
                <polylist count="4" material="Material1">
                    <input offset="0" semantic="VERTEX" source="#verticesMesh19_1"/>
                    <input offset="1" semantic="TEXCOORD" source="#uvsMesh19_1" set="0"/>
                    <vcount>3 3 3 3</vcount>
                    <p>0 0 1 1 2 2 0 0 3 3 1 1 4 4 5 5 6 6 4 4 7 7 5 5</p>
                </polylist>
            </mesh>
        </geometry>
        <geometry id="meshMesh19_2">
            <mesh>
                <source id="pointsMesh19_2">
                    <float_array id="pointarrayMesh19_2" count="24">1782 666 4659 1782 768 4557 1782 666 4557 1782 768 4659 1782 179 4557 1782 282 4659 1782 282 4557 1782 179 4659</float_array>
                    <technique_common>
                        <accessor count="8" source="#pointarrayMesh19_2" stride="3">
                            <param name="X" type="float"/>
                            <param name="Y" type="float"/>
                            <param name="Z" type="float"/>
                        </accessor>
                    </technique_common>
                </source>
                <source id="uvsMesh19_2">
                    <float_array id="uvarrayMesh19_2" count="16">0.966796875 0.033203125 0 1 0 0.033203125 0.966796875 1 0 -8.947265625 0.966796875 -7.94921875 0 -7.94921875 0.966796875 -8.947265625</float_array>
                    <technique_common>
                        <accessor count="8" source="#uvarrayMesh19_2" stride="2">
                            <param name="S" type="float"/>
                            <param name="T" type="float"/>
                        </accessor>
                    </technique_common>
                </source>
                <vertices id="verticesMesh19_2">
                    <input semantic="POSITION" source="#pointsMesh19_2"/>
                </vertices>
                <polylist count="4" material="Material1">
                    <input offset="0" semantic="VERTEX" source="#verticesMesh19_2"/>
                    <input offset="1" semantic="TEXCOORD" source="#uvsMesh19_2" set="0"/>
                    <vcount>3 3 3 3</vcount>
                    <p>0 0 1 1 2 2 0 0 3 3 1 1 4 4 5 5 6 6 4 4 7 7 5 5</p>
                </polylist>
            </mesh>
        </geometry>
        <geometry id="meshMesh19_VC2">
            <mesh>
                <source id="pointsMesh19_VC2">
                    <float_array id="pointarrayMesh19_VC2" count="24">1782 666 4659 1782 768 4557 1782 666 4557 1782 768 4659 1782 179 4557 1782 282 4659 1782 282 4557 1782 179 4659</float_array>
                    <technique_common>
                        <accessor count="8" source="#pointarrayMesh19_VC2" stride="3">
                            <param name="X" type="float"/>
                            <param name="Y" type="float"/>
                            <param name="Z" type="float"/>
                        </accessor>
                    </technique_common>
                </source>
                <source id="uvsMesh19_VC2">
                    <float_array id="uvarrayMesh19_VC2" count="24">0.53125 0.75 0.53125 0.75 0.53125 0.75 0.53125 0.75 0.53125 0.75 0.53125 0.75 0.53125 0.75 0.53125 0.75 0.53125 0.75 0.53125 0.75 0.53125 0.75 0.53125 0.75</float_array>
                    <technique_common>
                        <accessor count="12" source="#uvarrayMesh19_VC2" stride="2">
                            <param name="S" type="float"/>
                            <param name="T" type="float"/>
                        </accessor>
                    </technique_common>
                </source>
                <vertices id="verticesMesh19_VC2">
                    <input semantic="POSITION" source="#pointsMesh19_VC2"/>
                </vertices>
                <polylist count="4" material="Material1">
                    <input offset="0" semantic="VERTEX" source="#verticesMesh19_VC2"/>
                    <input offset="1" semantic="TEXCOORD" source="#uvsMesh19_VC2" set="0"/>
                    <vcount>3 3 3 3</vcount>
                    <p>0 0 1 1 2 2 0 3 3 4 1 5 4 6 5 7 6 8 4 9 7 10 5 11</p>
                </polylist>
            </mesh>
        </geometry>
        <geometry id="meshMesh20_1">
            <mesh>
                <source id="pointsMesh20_1">
                    <float_array id="pointarrayMesh20_1" count="36">5400 2029 -5951 6131 2029 -6447 3072 2462 -7295 3072 2462 -7551 5400 1885 -3263 6131 1885 -2767 5400 2029 -5951 6131 2029 -6447 6131 1885 -2767 5400 1885 -3263 3037 1669 -904 2874 1576 -1794</float_array>
                    <technique_common>
                        <accessor count="12" source="#pointarrayMesh20_1" stride="3">
                            <param name="X" type="float"/>
                            <param name="Y" type="float"/>
                            <param name="Z" type="float"/>
                        </accessor>
                    </technique_common>
                </source>
                <source id="uvsMesh20_1">
                    <float_array id="uvarrayMesh20_1" count="24">-0.416015625 1.037109375 0.966796875 0.033203125 0.49609375 6.26171875 0.966796875 6.4296875 -0.455078125 1 0.966796875 0.033203125 -0.45703125 6.24609375 0.966796875 7.212890625 -0.5 6.626953125 -1.708984375 5.400390625 2.2265625 0.033203125 1.09765625 0.033203125</float_array>
                    <technique_common>
                        <accessor count="12" source="#uvarrayMesh20_1" stride="2">
                            <param name="S" type="float"/>
                            <param name="T" type="float"/>
                        </accessor>
                    </technique_common>
                </source>
                <vertices id="verticesMesh20_1">
                    <input semantic="POSITION" source="#pointsMesh20_1"/>
                </vertices>
                <polylist count="6" material="Material1">
                    <input offset="0" semantic="VERTEX" source="#verticesMesh20_1"/>
                    <input offset="1" semantic="TEXCOORD" source="#uvsMesh20_1" set="0"/>
                    <vcount>3 3 3 3 3 3</vcount>
                    <p>0 0 1 1 2 2 1 1 3 3 2 2 4 4 5 5 6 6 5 5 7 7 6 6 8 8 9 9 10 10 9 9 11 11 10 10</p>
                </polylist>
            </mesh>
        </geometry>
        <geometry id="meshMesh20_2">
            <mesh>
                <source id="pointsMesh20_2">
                    <float_array id="pointarrayMesh20_2" count="36">5400 2029 -5951 6131 2029 -6447 3072 2462 -7295 3072 2462 -7551 5400 1885 -3263 6131 1885 -2767 5400 2029 -5951 6131 2029 -6447 6131 1885 -2767 5400 1885 -3263 3037 1669 -904 2874 1576 -1794</float_array>
                    <technique_common>
                        <accessor count="12" source="#pointarrayMesh20_2" stride="3">
                            <param name="X" type="float"/>
                            <param name="Y" type="float"/>
                            <param name="Z" type="float"/>
                        </accessor>
                    </technique_common>
                </source>
                <source id="uvsMesh20_2">
                    <float_array id="uvarrayMesh20_2" count="24">-0.416015625 1.037109375 0.966796875 0.033203125 0.49609375 6.26171875 0.966796875 6.4296875 -0.455078125 1 0.966796875 0.033203125 -0.45703125 6.24609375 0.966796875 7.212890625 -0.5 6.626953125 -1.708984375 5.400390625 2.2265625 0.033203125 1.09765625 0.033203125</float_array>
                    <technique_common>
                        <accessor count="12" source="#uvarrayMesh20_2" stride="2">
                            <param name="S" type="float"/>
                            <param name="T" type="float"/>
                        </accessor>
                    </technique_common>
                </source>
                <vertices id="verticesMesh20_2">
                    <input semantic="POSITION" source="#pointsMesh20_2"/>
                </vertices>
                <polylist count="6" material="Material1">
                    <input offset="0" semantic="VERTEX" source="#verticesMesh20_2"/>
                    <input offset="1" semantic="TEXCOORD" source="#uvsMesh20_2" set="0"/>
                    <vcount>3 3 3 3 3 3</vcount>
                    <p>0 0 1 1 2 2 1 1 3 3 2 2 4 4 5 5 6 6 5 5 7 7 6 6 8 8 9 9 10 10 9 9 11 11 10 10</p>
                </polylist>
            </mesh>
        </geometry>
        <geometry id="meshMesh20_VC2">
            <mesh>
                <source id="pointsMesh20_VC2">
                    <float_array id="pointarrayMesh20_VC2" count="36">5400 2029 -5951 6131 2029 -6447 3072 2462 -7295 3072 2462 -7551 5400 1885 -3263 6131 1885 -2767 5400 2029 -5951 6131 2029 -6447 6131 1885 -2767 5400 1885 -3263 3037 1669 -904 2874 1576 -1794</float_array>
                    <technique_common>
                        <accessor count="12" source="#pointarrayMesh20_VC2" stride="3">
                            <param name="X" type="float"/>
                            <param name="Y" type="float"/>
                            <param name="Z" type="float"/>
                        </accessor>
                    </technique_common>
                </source>
                <source id="uvsMesh20_VC2">
                    <float_array id="uvarrayMesh20_VC2" count="36">0.53125 0.75 0.53125 0.75 0.53125 0.75 0.53125 0.75 0.53125 0.75 0.53125 0.75 0.53125 0.75 0.53125 0.75 0.53125 0.75 0.53125 0.75 0.53125 0.75 0.53125 0.75 0.53125 0.75 0.53125 0.75 0.53125 0.75 0.53125 0.75 0.53125 0.75 0.53125 0.75</float_array>
                    <technique_common>
                        <accessor count="18" source="#uvarrayMesh20_VC2" stride="2">
                            <param name="S" type="float"/>
                            <param name="T" type="float"/>
                        </accessor>
                    </technique_common>
                </source>
                <vertices id="verticesMesh20_VC2">
                    <input semantic="POSITION" source="#pointsMesh20_VC2"/>
                </vertices>
                <polylist count="6" material="Material1">
                    <input offset="0" semantic="VERTEX" source="#verticesMesh20_VC2"/>
                    <input offset="1" semantic="TEXCOORD" source="#uvsMesh20_VC2" set="0"/>
                    <vcount>3 3 3 3 3 3</vcount>
                    <p>0 0 1 1 2 2 1 3 3 4 2 5 4 6 5 7 6 8 5 9 7 10 6 11 8 12 9 13 10 14 9 15 11 16 10 17</p>
                </polylist>
            </mesh>
        </geometry>
        <geometry id="meshMesh21_1">
            <mesh>
                <source id="pointsMesh21_1">
                    <float_array id="pointarrayMesh21_1" count="12">1782 282 4659 1782 666 4557 1782 282 4557 1782 666 4659</float_array>
                    <technique_common>
                        <accessor count="4" source="#pointarrayMesh21_1" stride="3">
                            <param name="X" type="float"/>
                            <param name="Y" type="float"/>
                            <param name="Z" type="float"/>
                        </accessor>
                    </technique_common>
                </source>
                <source id="uvsMesh21_1">
                    <float_array id="uvarrayMesh21_1" count="8">0.966796875 0.017578125 0 1 0 0.017578125 0.966796875 1</float_array>
                    <technique_common>
                        <accessor count="4" source="#uvarrayMesh21_1" stride="2">
                            <param name="S" type="float"/>
                            <param name="T" type="float"/>
                        </accessor>
                    </technique_common>
                </source>
                <vertices id="verticesMesh21_1">
                    <input semantic="POSITION" source="#pointsMesh21_1"/>
                </vertices>
                <polylist count="2" material="Material1">
                    <input offset="0" semantic="VERTEX" source="#verticesMesh21_1"/>
                    <input offset="1" semantic="TEXCOORD" source="#uvsMesh21_1" set="0"/>
                    <vcount>3 3</vcount>
                    <p>0 0 1 1 2 2 0 0 3 3 1 1</p>
                </polylist>
            </mesh>
        </geometry>
        <geometry id="meshMesh21_2">
            <mesh>
                <source id="pointsMesh21_2">
                    <float_array id="pointarrayMesh21_2" count="12">1782 282 4659 1782 666 4557 1782 282 4557 1782 666 4659</float_array>
                    <technique_common>
                        <accessor count="4" source="#pointarrayMesh21_2" stride="3">
                            <param name="X" type="float"/>
                            <param name="Y" type="float"/>
                            <param name="Z" type="float"/>
                        </accessor>
                    </technique_common>
                </source>
                <source id="uvsMesh21_2">
                    <float_array id="uvarrayMesh21_2" count="8">0.966796875 0.017578125 0 1 0 0.017578125 0.966796875 1</float_array>
                    <technique_common>
                        <accessor count="4" source="#uvarrayMesh21_2" stride="2">
                            <param name="S" type="float"/>
                            <param name="T" type="float"/>
                        </accessor>
                    </technique_common>
                </source>
                <vertices id="verticesMesh21_2">
                    <input semantic="POSITION" source="#pointsMesh21_2"/>
                </vertices>
                <polylist count="2" material="Material1">
                    <input offset="0" semantic="VERTEX" source="#verticesMesh21_2"/>
                    <input offset="1" semantic="TEXCOORD" source="#uvsMesh21_2" set="0"/>
                    <vcount>3 3</vcount>
                    <p>0 0 1 1 2 2 0 0 3 3 1 1</p>
                </polylist>
            </mesh>
        </geometry>
        <geometry id="meshMesh21_VC2">
            <mesh>
                <source id="pointsMesh21_VC2">
                    <float_array id="pointarrayMesh21_VC2" count="12">1782 282 4659 1782 666 4557 1782 282 4557 1782 666 4659</float_array>
                    <technique_common>
                        <accessor count="4" source="#pointarrayMesh21_VC2" stride="3">
                            <param name="X" type="float"/>
                            <param name="Y" type="float"/>
                            <param name="Z" type="float"/>
                        </accessor>
                    </technique_common>
                </source>
                <source id="uvsMesh21_VC2">
                    <float_array id="uvarrayMesh21_VC2" count="12">0.53125 0.75 0.53125 0.75 0.53125 0.75 0.53125 0.75 0.53125 0.75 0.53125 0.75</float_array>
                    <technique_common>
                        <accessor count="6" source="#uvarrayMesh21_VC2" stride="2">
                            <param name="S" type="float"/>
                            <param name="T" type="float"/>
                        </accessor>
                    </technique_common>
                </source>
                <vertices id="verticesMesh21_VC2">
                    <input semantic="POSITION" source="#pointsMesh21_VC2"/>
                </vertices>
                <polylist count="2" material="Material1">
                    <input offset="0" semantic="VERTEX" source="#verticesMesh21_VC2"/>
                    <input offset="1" semantic="TEXCOORD" source="#uvsMesh21_VC2" set="0"/>
                    <vcount>3 3</vcount>
                    <p>0 0 1 1 2 2 0 3 3 4 1 5</p>
                </polylist>
            </mesh>
        </geometry>
        <geometry id="meshMesh22_1">
            <mesh>
                <source id="pointsMesh22_1">
                    <float_array id="pointarrayMesh22_1" count="156">1902 3835 -5506 1814 4191 -5455 1902 4088 -5506 1697 4091 -5861 1814 4191 -5455 1609 4194 -5810 1902 4088 -5506 1636 4191 -5353 1431 4194 -5708 1548 4088 -5302 1343 4091 -5657 1343 4091 -5657 1548 4088 -5302 1548 3835 -5302 1343 3835 -5657 1697 3835 -5861 1902 3835 -5506 1902 4088 -5506 1548 4088 -5302 1636 4191 -5353 1548 3835 -5302 1343 3835 -5657 1902 3835 -5506 1697 3835 -5861 1548 3835 -5302 1697 4091 -5861 240 2683 -5544 445 2683 -5189 801 2683 -5393 596 2939 -5748 803 2940 -5394 712 3042 -5342 507 3042 -5697 534 3042 -5240 329 3042 -5595 445 2939 -5189 240 2939 -5544 240 2939 -5544 445 2683 -5189 240 2683 -5544 445 2939 -5189 801 2683 -5393 712 3042 -5342 803 2940 -5394 596 2683 -5748 596 2683 -5748 801 2683 -5393 596 2939 -5748 803 2940 -5394 445 2683 -5189 445 2939 -5189 534 3042 -5240</float_array>
                    <technique_common>
                        <accessor count="52" source="#pointarrayMesh22_1" stride="3">
                            <param name="X" type="float"/>
                            <param name="Y" type="float"/>
                            <param name="Z" type="float"/>
                        </accessor>
                    </technique_common>
                </source>
                <source id="uvsMesh22_1">
                    <float_array id="uvarrayMesh22_1" count="104">0 0.033203125 0.234375 0.95703125 0 0.69140625 0.16796875 1.029296875 0.43359375 -0.03125 0.43359375 1 0.16796875 -0.033203125 0.966796875 -0.03125 0.966796875 1 1.232421875 -0.033203125 1.232421875 1.029296875 0 1 1.56640625 1.021484375 1.56640625 0.033203125 0 0.033203125 0 0.033203125 1.56640625 0.033203125 1.56640625 1.021484375 1.033203125 0.69140625 0.767578125 0.95703125 1.033203125 0.033203125 1.033203125 -0.03125 0 1 0 -0.03125 1.033203125 1 0 1 3.66015625 -1.2109375 3.66015625 -0.146484375 2.595703125 -0.142578125 2.794921875 2.185546875 2.787109375 1.119140625 3.0625 1.123046875 3.0625 2.1875 3.59375 1.125 3.59375 2.189453125 3.861328125 1.123046875 3.861328125 2.189453125 -1.798828125 -3.45703125 -0.201171875 -4.455078125 -1.798828125 -4.455078125 -0.201171875 -3.45703125 2.595703125 -2.958984375 2.86328125 -2.02734375 2.587890625 -2.29296875 2.595703125 -1.208984375 -1.79296875 -4.455078125 -0.1953125 -4.455078125 -1.79296875 -3.45703125 -0.1953125 -3.45703125 3.66015625 -2.958984375 3.66015625 -2.29296875 3.39453125 -2.02734375</float_array>
                    <technique_common>
                        <accessor count="52" source="#uvarrayMesh22_1" stride="2">
                            <param name="S" type="float"/>
                            <param name="T" type="float"/>
                        </accessor>
                    </technique_common>
                </source>
                <vertices id="verticesMesh22_1">
                    <input semantic="POSITION" source="#pointsMesh22_1"/>
                </vertices>
                <polylist count="32" material="Material1">
                    <input offset="0" semantic="VERTEX" source="#verticesMesh22_1"/>
                    <input offset="1" semantic="TEXCOORD" source="#uvsMesh22_1" set="0"/>
                    <vcount>3 3 3 3 3 3 3 3 3 3 3 3 3 3 3 3 3 3 3 3 3 3 3 3 3 3 3 3 3 3 3 3</vcount>
                    <p>0 0 1 1 2 2 3 3 4 4 5 5 3 3 6 6 4 4 5 5 4 4 7 7 5 5 7 7 8 8 8 8 7 7 9 9 8 8 9 9 10 10 11 11 12 12 13 13 11 11 13 13 14 14 15 15 16 16 17 17 0 0 18 18 19 19 0 0 19 19 1 1 0 0 20 20 18 18 21 21 22 22 23 23 21 21 24 24 22 22 15 15 17 17 25 25 26 26 27 27 28 28 29 29 30 30 31 31 29 29 31 31 32 32 32 32 31 31 33 33 32 32 33 33 34 34 34 34 33 33 35 35 34 34 35 35 36 36 37 37 38 38 39 39 37 37 40 40 38 38 41 41 42 42 43 43 26 26 28 28 44 44 45 45 46 46 47 47 46 46 48 48 47 47 41 41 49 49 50 50 41 41 50 50 51 51 41 41 51 51 42 42</p>
                </polylist>
            </mesh>
        </geometry>
        <geometry id="meshMesh22_2">
            <mesh>
                <source id="pointsMesh22_2">
                    <float_array id="pointarrayMesh22_2" count="156">1902 3835 -5506 1814 4191 -5455 1902 4088 -5506 1697 4091 -5861 1814 4191 -5455 1609 4194 -5810 1902 4088 -5506 1636 4191 -5353 1431 4194 -5708 1548 4088 -5302 1343 4091 -5657 1343 4091 -5657 1548 4088 -5302 1548 3835 -5302 1343 3835 -5657 1697 3835 -5861 1902 3835 -5506 1902 4088 -5506 1548 4088 -5302 1636 4191 -5353 1548 3835 -5302 1343 3835 -5657 1902 3835 -5506 1697 3835 -5861 1548 3835 -5302 1697 4091 -5861 240 2683 -5544 445 2683 -5189 801 2683 -5393 596 2939 -5748 803 2940 -5394 712 3042 -5342 507 3042 -5697 534 3042 -5240 329 3042 -5595 445 2939 -5189 240 2939 -5544 240 2939 -5544 445 2683 -5189 240 2683 -5544 445 2939 -5189 801 2683 -5393 712 3042 -5342 803 2940 -5394 596 2683 -5748 596 2683 -5748 801 2683 -5393 596 2939 -5748 803 2940 -5394 445 2683 -5189 445 2939 -5189 534 3042 -5240</float_array>
                    <technique_common>
                        <accessor count="52" source="#pointarrayMesh22_2" stride="3">
                            <param name="X" type="float"/>
                            <param name="Y" type="float"/>
                            <param name="Z" type="float"/>
                        </accessor>
                    </technique_common>
                </source>
                <source id="uvsMesh22_2">
                    <float_array id="uvarrayMesh22_2" count="104">0 0.033203125 0.234375 0.95703125 0 0.69140625 0.16796875 1.029296875 0.43359375 -0.03125 0.43359375 1 0.16796875 -0.033203125 0.966796875 -0.03125 0.966796875 1 1.232421875 -0.033203125 1.232421875 1.029296875 0 1 1.56640625 1.021484375 1.56640625 0.033203125 0 0.033203125 0 0.033203125 1.56640625 0.033203125 1.56640625 1.021484375 1.033203125 0.69140625 0.767578125 0.95703125 1.033203125 0.033203125 1.033203125 -0.03125 0 1 0 -0.03125 1.033203125 1 0 1 3.66015625 -1.2109375 3.66015625 -0.146484375 2.595703125 -0.142578125 2.794921875 2.185546875 2.787109375 1.119140625 3.0625 1.123046875 3.0625 2.1875 3.59375 1.125 3.59375 2.189453125 3.861328125 1.123046875 3.861328125 2.189453125 -1.798828125 -3.45703125 -0.201171875 -4.455078125 -1.798828125 -4.455078125 -0.201171875 -3.45703125 2.595703125 -2.958984375 2.86328125 -2.02734375 2.587890625 -2.29296875 2.595703125 -1.208984375 -1.79296875 -4.455078125 -0.1953125 -4.455078125 -1.79296875 -3.45703125 -0.1953125 -3.45703125 3.66015625 -2.958984375 3.66015625 -2.29296875 3.39453125 -2.02734375</float_array>
                    <technique_common>
                        <accessor count="52" source="#uvarrayMesh22_2" stride="2">
                            <param name="S" type="float"/>
                            <param name="T" type="float"/>
                        </accessor>
                    </technique_common>
                </source>
                <vertices id="verticesMesh22_2">
                    <input semantic="POSITION" source="#pointsMesh22_2"/>
                </vertices>
                <polylist count="32" material="Material1">
                    <input offset="0" semantic="VERTEX" source="#verticesMesh22_2"/>
                    <input offset="1" semantic="TEXCOORD" source="#uvsMesh22_2" set="0"/>
                    <vcount>3 3 3 3 3 3 3 3 3 3 3 3 3 3 3 3 3 3 3 3 3 3 3 3 3 3 3 3 3 3 3 3</vcount>
                    <p>0 0 1 1 2 2 3 3 4 4 5 5 3 3 6 6 4 4 5 5 4 4 7 7 5 5 7 7 8 8 8 8 7 7 9 9 8 8 9 9 10 10 11 11 12 12 13 13 11 11 13 13 14 14 15 15 16 16 17 17 0 0 18 18 19 19 0 0 19 19 1 1 0 0 20 20 18 18 21 21 22 22 23 23 21 21 24 24 22 22 15 15 17 17 25 25 26 26 27 27 28 28 29 29 30 30 31 31 29 29 31 31 32 32 32 32 31 31 33 33 32 32 33 33 34 34 34 34 33 33 35 35 34 34 35 35 36 36 37 37 38 38 39 39 37 37 40 40 38 38 41 41 42 42 43 43 26 26 28 28 44 44 45 45 46 46 47 47 46 46 48 48 47 47 41 41 49 49 50 50 41 41 50 50 51 51 41 41 51 51 42 42</p>
                </polylist>
            </mesh>
        </geometry>
        <geometry id="meshMesh22_VC2">
            <mesh>
                <source id="pointsMesh22_VC2">
                    <float_array id="pointarrayMesh22_VC2" count="156">1902 3835 -5506 1814 4191 -5455 1902 4088 -5506 1697 4091 -5861 1814 4191 -5455 1609 4194 -5810 1902 4088 -5506 1636 4191 -5353 1431 4194 -5708 1548 4088 -5302 1343 4091 -5657 1343 4091 -5657 1548 4088 -5302 1548 3835 -5302 1343 3835 -5657 1697 3835 -5861 1902 3835 -5506 1902 4088 -5506 1548 4088 -5302 1636 4191 -5353 1548 3835 -5302 1343 3835 -5657 1902 3835 -5506 1697 3835 -5861 1548 3835 -5302 1697 4091 -5861 240 2683 -5544 445 2683 -5189 801 2683 -5393 596 2939 -5748 803 2940 -5394 712 3042 -5342 507 3042 -5697 534 3042 -5240 329 3042 -5595 445 2939 -5189 240 2939 -5544 240 2939 -5544 445 2683 -5189 240 2683 -5544 445 2939 -5189 801 2683 -5393 712 3042 -5342 803 2940 -5394 596 2683 -5748 596 2683 -5748 801 2683 -5393 596 2939 -5748 803 2940 -5394 445 2683 -5189 445 2939 -5189 534 3042 -5240</float_array>
                    <technique_common>
                        <accessor count="52" source="#pointarrayMesh22_VC2" stride="3">
                            <param name="X" type="float"/>
                            <param name="Y" type="float"/>
                            <param name="Z" type="float"/>
                        </accessor>
                    </technique_common>
                </source>
                <source id="uvsMesh22_VC2">
                    <float_array id="uvarrayMesh22_VC2" count="192">0.53125 0.75 0.53125 0.75 0.53125 0.75 0.53125 0.75 0.53125 0.75 0.53125 0.75 0.53125 0.75 0.53125 0.75 0.53125 0.75 0.53125 0.75 0.53125 0.75 0.53125 0.75 0.53125 0.75 0.53125 0.75 0.53125 0.75 0.53125 0.75 0.53125 0.75 0.53125 0.75 0.53125 0.75 0.53125 0.75 0.53125 0.75 0.53125 0.75 0.53125 0.75 0.53125 0.75 0.53125 0.75 0.53125 0.75 0.53125 0.75 0.53125 0.75 0.53125 0.75 0.53125 0.75 0.53125 0.75 0.53125 0.75 0.53125 0.75 0.53125 0.75 0.53125 0.75 0.53125 0.75 0.53125 0.75 0.53125 0.75 0.53125 0.75 0.53125 0.75 0.53125 0.75 0.53125 0.75 0.53125 0.75 0.53125 0.75 0.53125 0.75 0.53125 0.75 0.53125 0.75 0.53125 0.75 0.53125 0.75 0.53125 0.75 0.53125 0.75 0.53125 0.75 0.53125 0.75 0.53125 0.75 0.53125 0.75 0.53125 0.75 0.53125 0.75 0.53125 0.75 0.53125 0.75 0.53125 0.75 0.53125 0.75 0.53125 0.75 0.53125 0.75 0.53125 0.75 0.53125 0.75 0.53125 0.75 0.53125 0.75 0.53125 0.75 0.53125 0.75 0.53125 0.75 0.53125 0.75 0.53125 0.75 0.53125 0.75 0.53125 0.75 0.53125 0.75 0.53125 0.75 0.53125 0.75 0.53125 0.75 0.53125 0.75 0.53125 0.75 0.53125 0.75 0.53125 0.75 0.53125 0.75 0.53125 0.75 0.53125 0.75 0.53125 0.75 0.53125 0.75 0.53125 0.75 0.53125 0.75 0.53125 0.75 0.53125 0.75 0.53125 0.75 0.53125 0.75 0.53125 0.75 0.53125 0.75 0.53125 0.75</float_array>
                    <technique_common>
                        <accessor count="96" source="#uvarrayMesh22_VC2" stride="2">
                            <param name="S" type="float"/>
                            <param name="T" type="float"/>
                        </accessor>
                    </technique_common>
                </source>
                <vertices id="verticesMesh22_VC2">
                    <input semantic="POSITION" source="#pointsMesh22_VC2"/>
                </vertices>
                <polylist count="32" material="Material1">
                    <input offset="0" semantic="VERTEX" source="#verticesMesh22_VC2"/>
                    <input offset="1" semantic="TEXCOORD" source="#uvsMesh22_VC2" set="0"/>
                    <vcount>3 3 3 3 3 3 3 3 3 3 3 3 3 3 3 3 3 3 3 3 3 3 3 3 3 3 3 3 3 3 3 3</vcount>
                    <p>0 0 1 1 2 2 3 3 4 4 5 5 3 6 6 7 4 8 5 9 4 10 7 11 5 12 7 13 8 14 8 15 7 16 9 17 8 18 9 19 10 20 11 21 12 22 13 23 11 24 13 25 14 26 15 27 16 28 17 29 0 30 18 31 19 32 0 33 19 34 1 35 0 36 20 37 18 38 21 39 22 40 23 41 21 42 24 43 22 44 15 45 17 46 25 47 26 48 27 49 28 50 29 51 30 52 31 53 29 54 31 55 32 56 32 57 31 58 33 59 32 60 33 61 34 62 34 63 33 64 35 65 34 66 35 67 36 68 37 69 38 70 39 71 37 72 40 73 38 74 41 75 42 76 43 77 26 78 28 79 44 80 45 81 46 82 47 83 46 84 48 85 47 86 41 87 49 88 50 89 41 90 50 91 51 92 41 93 51 94 42 95</p>
                </polylist>
            </mesh>
        </geometry>
    </library_geometries>
    <library_visual_scenes>
        <visual_scene id="VisualSceneNode">
            <node id="node_Node0" name="Node0_root">
                <node id="node_Node1" name="Node1_master_list">
                    <node id="node_Node2" name="Node2_BG">
                    </node>
                </node>
                <node id="node_Node3" name="Node3_master_list">
                    <node id="node_Node4" name="Node4_perspective">
                        <node id="node_Node5" name="Node5_camera">
                            <node id="node_Node6" name="Node6_display">
                                <node id="node_Node7" name="Node7_display">
                                    <node id="node_Mesh0_1" name="Mesh0">
                                        <instance_geometry url="#meshMesh0_1">
                                            <bind_material>
                                                <technique_common>
                                                    <instance_material symbol="Material1" target="#mat0">
                                                        <bind_vertex_input semantic="UVSET0" input_semantic="TEXCOORD" input_set="0"/>
                                                    </instance_material>
                                                </technique_common>
                                            </bind_material>
                                        </instance_geometry>
                                    </node>
                                    <node id="node_Mesh0_VC2" name="Mesh0_VC_shade">
                                        <instance_geometry url="#meshMesh0_VC2">
                                            <bind_material>
                                                <technique_common>
                                                    <instance_material symbol="Material1" target="#mat18">
                                                        <bind_vertex_input semantic="UVSET0" input_semantic="TEXCOORD" input_set="0"/>
                                                    </instance_material>
                                                </technique_common>
                                            </bind_material>
                                        </instance_geometry>
                                    </node>
                                    <node id="node_Mesh1_1" name="Mesh1">
                                        <instance_geometry url="#meshMesh1_1">
                                            <bind_material>
                                                <technique_common>
                                                    <instance_material symbol="Material1" target="#mat1">
                                                        <bind_vertex_input semantic="UVSET0" input_semantic="TEXCOORD" input_set="0"/>
                                                    </instance_material>
                                                </technique_common>
                                            </bind_material>
                                        </instance_geometry>
                                    </node>
                                    <node id="node_Mesh1_VC2" name="Mesh1_VC_shade">
                                        <instance_geometry url="#meshMesh1_VC2">
                                            <bind_material>
                                                <technique_common>
                                                    <instance_material symbol="Material1" target="#mat18">
                                                        <bind_vertex_input semantic="UVSET0" input_semantic="TEXCOORD" input_set="0"/>
                                                    </instance_material>
                                                </technique_common>
                                            </bind_material>
                                        </instance_geometry>
                                    </node>
                                    <node id="node_Mesh2_1" name="Mesh2">
                                        <instance_geometry url="#meshMesh2_1">
                                            <bind_material>
                                                <technique_common>
                                                    <instance_material symbol="Material1" target="#mat2">
                                                        <bind_vertex_input semantic="UVSET0" input_semantic="TEXCOORD" input_set="0"/>
                                                    </instance_material>
                                                </technique_common>
                                            </bind_material>
                                        </instance_geometry>
                                    </node>
                                    <node id="node_Mesh2_VC2" name="Mesh2_VC_shade">
                                        <instance_geometry url="#meshMesh2_VC2">
                                            <bind_material>
                                                <technique_common>
                                                    <instance_material symbol="Material1" target="#mat18">
                                                        <bind_vertex_input semantic="UVSET0" input_semantic="TEXCOORD" input_set="0"/>
                                                    </instance_material>
                                                </technique_common>
                                            </bind_material>
                                        </instance_geometry>
                                    </node>
                                </node>
                                <node id="node_Node8" name="Node8_display">
                                    <node id="node_Mesh3_1" name="Mesh3">
                                        <instance_geometry url="#meshMesh3_1">
                                            <bind_material>
                                                <technique_common>
                                                    <instance_material symbol="Material1" target="#mat3">
                                                        <bind_vertex_input semantic="UVSET0" input_semantic="TEXCOORD" input_set="0"/>
                                                    </instance_material>
                                                </technique_common>
                                            </bind_material>
                                        </instance_geometry>
                                    </node>
                                    <node id="node_Mesh3_VC2" name="Mesh3_VC_shade">
                                        <instance_geometry url="#meshMesh3_VC2">
                                            <bind_material>
                                                <technique_common>
                                                    <instance_material symbol="Material1" target="#mat18">
                                                        <bind_vertex_input semantic="UVSET0" input_semantic="TEXCOORD" input_set="0"/>
                                                    </instance_material>
                                                </technique_common>
                                            </bind_material>
                                        </instance_geometry>
                                    </node>
                                    <node id="node_Mesh4_1" name="Mesh4">
                                        <instance_geometry url="#meshMesh4_1">
                                            <bind_material>
                                                <technique_common>
                                                    <instance_material symbol="Material1" target="#mat4">
                                                        <bind_vertex_input semantic="UVSET0" input_semantic="TEXCOORD" input_set="0"/>
                                                    </instance_material>
                                                </technique_common>
                                            </bind_material>
                                        </instance_geometry>
                                    </node>
                                    <node id="node_Mesh4_VC2" name="Mesh4_VC_shade">
                                        <instance_geometry url="#meshMesh4_VC2">
                                            <bind_material>
                                                <technique_common>
                                                    <instance_material symbol="Material1" target="#mat18">
                                                        <bind_vertex_input semantic="UVSET0" input_semantic="TEXCOORD" input_set="0"/>
                                                    </instance_material>
                                                </technique_common>
                                            </bind_material>
                                        </instance_geometry>
                                    </node>
                                    <node id="node_Mesh5_1" name="Mesh5">
                                        <instance_geometry url="#meshMesh5_1">
                                            <bind_material>
                                                <technique_common>
                                                    <instance_material symbol="Material1" target="#mat5">
                                                        <bind_vertex_input semantic="UVSET0" input_semantic="TEXCOORD" input_set="0"/>
                                                    </instance_material>
                                                </technique_common>
                                            </bind_material>
                                        </instance_geometry>
                                    </node>
                                    <node id="node_Mesh5_VC2" name="Mesh5_VC_shade">
                                        <instance_geometry url="#meshMesh5_VC2">
                                            <bind_material>
                                                <technique_common>
                                                    <instance_material symbol="Material1" target="#mat18">
                                                        <bind_vertex_input semantic="UVSET0" input_semantic="TEXCOORD" input_set="0"/>
                                                    </instance_material>
                                                </technique_common>
                                            </bind_material>
                                        </instance_geometry>
                                    </node>
                                    <node id="node_Mesh6_1" name="Mesh6">
                                        <instance_geometry url="#meshMesh6_1">
                                            <bind_material>
                                                <technique_common>
                                                    <instance_material symbol="Material1" target="#mat6">
                                                        <bind_vertex_input semantic="UVSET0" input_semantic="TEXCOORD" input_set="0"/>
                                                    </instance_material>
                                                </technique_common>
                                            </bind_material>
                                        </instance_geometry>
                                    </node>
                                    <node id="node_Mesh6_VC2" name="Mesh6_VC_shade">
                                        <instance_geometry url="#meshMesh6_VC2">
                                            <bind_material>
                                                <technique_common>
                                                    <instance_material symbol="Material1" target="#mat18">
                                                        <bind_vertex_input semantic="UVSET0" input_semantic="TEXCOORD" input_set="0"/>
                                                    </instance_material>
                                                </technique_common>
                                            </bind_material>
                                        </instance_geometry>
                                    </node>
                                    <node id="node_Mesh7_1" name="Mesh7">
                                        <instance_geometry url="#meshMesh7_1">
                                            <bind_material>
                                                <technique_common>
                                                    <instance_material symbol="Material1" target="#mat7">
                                                        <bind_vertex_input semantic="UVSET0" input_semantic="TEXCOORD" input_set="0"/>
                                                    </instance_material>
                                                </technique_common>
                                            </bind_material>
                                        </instance_geometry>
                                    </node>
                                    <node id="node_Mesh7_VC2" name="Mesh7_VC_shade">
                                        <instance_geometry url="#meshMesh7_VC2">
                                            <bind_material>
                                                <technique_common>
                                                    <instance_material symbol="Material1" target="#mat18">
                                                        <bind_vertex_input semantic="UVSET0" input_semantic="TEXCOORD" input_set="0"/>
                                                    </instance_material>
                                                </technique_common>
                                            </bind_material>
                                        </instance_geometry>
                                    </node>
                                    <node id="node_Mesh8_1" name="Mesh8">
                                        <instance_geometry url="#meshMesh8_1">
                                            <bind_material>
                                                <technique_common>
                                                    <instance_material symbol="Material1" target="#mat8">
                                                        <bind_vertex_input semantic="UVSET0" input_semantic="TEXCOORD" input_set="0"/>
                                                    </instance_material>
                                                </technique_common>
                                            </bind_material>
                                        </instance_geometry>
                                    </node>
                                    <node id="node_Mesh8_VC2" name="Mesh8_VC_shade">
                                        <instance_geometry url="#meshMesh8_VC2">
                                            <bind_material>
                                                <technique_common>
                                                    <instance_material symbol="Material1" target="#mat18">
                                                        <bind_vertex_input semantic="UVSET0" input_semantic="TEXCOORD" input_set="0"/>
                                                    </instance_material>
                                                </technique_common>
                                            </bind_material>
                                        </instance_geometry>
                                    </node>
                                    <node id="node_Mesh9_1" name="Mesh9">
                                        <instance_geometry url="#meshMesh9_1">
                                            <bind_material>
                                                <technique_common>
                                                    <instance_material symbol="Material1" target="#mat9">
                                                        <bind_vertex_input semantic="UVSET0" input_semantic="TEXCOORD" input_set="0"/>
                                                    </instance_material>
                                                </technique_common>
                                            </bind_material>
                                        </instance_geometry>
                                    </node>
                                    <node id="node_Mesh9_VC2" name="Mesh9_VC_shade">
                                        <instance_geometry url="#meshMesh9_VC2">
                                            <bind_material>
                                                <technique_common>
                                                    <instance_material symbol="Material1" target="#mat18">
                                                        <bind_vertex_input semantic="UVSET0" input_semantic="TEXCOORD" input_set="0"/>
                                                    </instance_material>
                                                </technique_common>
                                            </bind_material>
                                        </instance_geometry>
                                    </node>
                                    <node id="node_Mesh10_1" name="Mesh10">
                                        <instance_geometry url="#meshMesh10_1">
                                            <bind_material>
                                                <technique_common>
                                                    <instance_material symbol="Material1" target="#mat10">
                                                        <bind_vertex_input semantic="UVSET0" input_semantic="TEXCOORD" input_set="0"/>
                                                    </instance_material>
                                                </technique_common>
                                            </bind_material>
                                        </instance_geometry>
                                    </node>
                                    <node id="node_Mesh10_VC2" name="Mesh10_VC_shade">
                                        <instance_geometry url="#meshMesh10_VC2">
                                            <bind_material>
                                                <technique_common>
                                                    <instance_material symbol="Material1" target="#mat18">
                                                        <bind_vertex_input semantic="UVSET0" input_semantic="TEXCOORD" input_set="0"/>
                                                    </instance_material>
                                                </technique_common>
                                            </bind_material>
                                        </instance_geometry>
                                    </node>
                                    <node id="node_Mesh11_1" name="Mesh11">
                                        <instance_geometry url="#meshMesh11_1">
                                            <bind_material>
                                                <technique_common>
                                                    <instance_material symbol="Material1" target="#mat11">
                                                        <bind_vertex_input semantic="UVSET0" input_semantic="TEXCOORD" input_set="0"/>
                                                    </instance_material>
                                                </technique_common>
                                            </bind_material>
                                        </instance_geometry>
                                    </node>
                                    <node id="node_Mesh11_VC2" name="Mesh11_VC_shade">
                                        <instance_geometry url="#meshMesh11_VC2">
                                            <bind_material>
                                                <technique_common>
                                                    <instance_material symbol="Material1" target="#mat18">
                                                        <bind_vertex_input semantic="UVSET0" input_semantic="TEXCOORD" input_set="0"/>
                                                    </instance_material>
                                                </technique_common>
                                            </bind_material>
                                        </instance_geometry>
                                    </node>
                                    <node id="node_Mesh12_1" name="Mesh12">
                                        <instance_geometry url="#meshMesh12_1">
                                            <bind_material>
                                                <technique_common>
                                                    <instance_material symbol="Material1" target="#mat2">
                                                        <bind_vertex_input semantic="UVSET0" input_semantic="TEXCOORD" input_set="0"/>
                                                    </instance_material>
                                                </technique_common>
                                            </bind_material>
                                        </instance_geometry>
                                    </node>
                                    <node id="node_Mesh12_VC2" name="Mesh12_VC_shade">
                                        <instance_geometry url="#meshMesh12_VC2">
                                            <bind_material>
                                                <technique_common>
                                                    <instance_material symbol="Material1" target="#mat18">
                                                        <bind_vertex_input semantic="UVSET0" input_semantic="TEXCOORD" input_set="0"/>
                                                    </instance_material>
                                                </technique_common>
                                            </bind_material>
                                        </instance_geometry>
                                    </node>
                                </node>
                                <node id="node_Node9" name="Node9_display">
                                    <node id="node_Mesh13_1" name="Mesh13">
                                        <instance_geometry url="#meshMesh13_1">
                                            <bind_material>
                                                <technique_common>
                                                    <instance_material symbol="Material1" target="#mat12">
                                                        <bind_vertex_input semantic="UVSET0" input_semantic="TEXCOORD" input_set="0"/>
                                                    </instance_material>
                                                </technique_common>
                                            </bind_material>
                                        </instance_geometry>
                                    </node>
                                    <node id="node_Mesh13_VC1" name="Mesh13_VC">
                                        <instance_geometry url="#meshMesh13_VC1">
                                            <bind_material>
                                                <technique_common>
                                                    <instance_material symbol="Material1" target="#mat18">
                                                        <bind_vertex_input semantic="UVSET0" input_semantic="TEXCOORD" input_set="0"/>
                                                    </instance_material>
                                                </technique_common>
                                            </bind_material>
                                        </instance_geometry>
                                    </node>
                                </node>
                                <node id="node_Node10" name="Node10_display">
                                    <node id="node_Mesh14_1" name="Mesh14">
                                        <instance_geometry url="#meshMesh14_1">
                                            <bind_material>
                                                <technique_common>
                                                    <instance_material symbol="Material1" target="#mat13">
                                                        <bind_vertex_input semantic="UVSET0" input_semantic="TEXCOORD" input_set="0"/>
                                                    </instance_material>
                                                </technique_common>
                                            </bind_material>
                                        </instance_geometry>
                                    </node>
                                    <node id="node_Mesh15_1" name="Mesh15">
                                        <instance_geometry url="#meshMesh15_1">
                                            <bind_material>
                                                <technique_common>
                                                    <instance_material symbol="Material1" target="#mat14">
                                                        <bind_vertex_input semantic="UVSET0" input_semantic="TEXCOORD" input_set="0"/>
                                                    </instance_material>
                                                </technique_common>
                                            </bind_material>
                                        </instance_geometry>
                                    </node>
                                </node>
                                <node id="node_Node11" name="Node11_display">
                                    <node id="node_Mesh16_1" name="Mesh16">
                                        <instance_geometry url="#meshMesh16_1">
                                            <bind_material>
                                                <technique_common>
                                                    <instance_material symbol="Material1" target="#mat15">
                                                        <bind_vertex_input semantic="UVSET0" input_semantic="TEXCOORD" input_set="0"/>
                                                    </instance_material>
                                                </technique_common>
                                            </bind_material>
                                        </instance_geometry>
                                    </node>
                                    <node id="node_Mesh16_VC1" name="Mesh16_VC">
                                        <instance_geometry url="#meshMesh16_VC1">
                                            <bind_material>
                                                <technique_common>
                                                    <instance_material symbol="Material1" target="#mat18">
                                                        <bind_vertex_input semantic="UVSET0" input_semantic="TEXCOORD" input_set="0"/>
                                                    </instance_material>
                                                </technique_common>
                                            </bind_material>
                                        </instance_geometry>
                                    </node>
                                    <node id="node_Mesh16_VC2" name="Mesh16_VC_shade">
                                        <instance_geometry url="#meshMesh16_VC2">
                                            <bind_material>
                                                <technique_common>
                                                    <instance_material symbol="Material1" target="#mat18">
                                                        <bind_vertex_input semantic="UVSET0" input_semantic="TEXCOORD" input_set="0"/>
                                                    </instance_material>
                                                </technique_common>
                                            </bind_material>
                                        </instance_geometry>
                                    </node>
                                    <node id="node_Mesh17_1" name="Mesh17">
                                        <instance_geometry url="#meshMesh17_1">
                                            <bind_material>
                                                <technique_common>
                                                    <instance_material symbol="Material1" target="#mat0">
                                                        <bind_vertex_input semantic="UVSET0" input_semantic="TEXCOORD" input_set="0"/>
                                                    </instance_material>
                                                </technique_common>
                                            </bind_material>
                                        </instance_geometry>
                                    </node>
                                    <node id="node_Mesh17_VC2" name="Mesh17_VC_shade">
                                        <instance_geometry url="#meshMesh17_VC2">
                                            <bind_material>
                                                <technique_common>
                                                    <instance_material symbol="Material1" target="#mat18">
                                                        <bind_vertex_input semantic="UVSET0" input_semantic="TEXCOORD" input_set="0"/>
                                                    </instance_material>
                                                </technique_common>
                                            </bind_material>
                                        </instance_geometry>
                                    </node>
                                    <node id="node_Mesh18_1" name="Mesh18">
                                        <instance_geometry url="#meshMesh18_1">
                                            <bind_material>
                                                <technique_common>
                                                    <instance_material symbol="Material1" target="#mat1">
                                                        <bind_vertex_input semantic="UVSET0" input_semantic="TEXCOORD" input_set="0"/>
                                                    </instance_material>
                                                </technique_common>
                                            </bind_material>
                                        </instance_geometry>
                                    </node>
                                    <node id="node_Mesh18_VC2" name="Mesh18_VC_shade">
                                        <instance_geometry url="#meshMesh18_VC2">
                                            <bind_material>
                                                <technique_common>
                                                    <instance_material symbol="Material1" target="#mat18">
                                                        <bind_vertex_input semantic="UVSET0" input_semantic="TEXCOORD" input_set="0"/>
                                                    </instance_material>
                                                </technique_common>
                                            </bind_material>
                                        </instance_geometry>
                                    </node>
                                    <node id="node_Mesh19_1" name="Mesh19">
                                        <instance_geometry url="#meshMesh19_1">
                                            <bind_material>
                                                <technique_common>
                                                    <instance_material symbol="Material1" target="#mat16">
                                                        <bind_vertex_input semantic="UVSET0" input_semantic="TEXCOORD" input_set="0"/>
                                                    </instance_material>
                                                </technique_common>
                                            </bind_material>
                                        </instance_geometry>
                                    </node>
                                    <node id="node_Mesh19_VC2" name="Mesh19_VC_shade">
                                        <instance_geometry url="#meshMesh19_VC2">
                                            <bind_material>
                                                <technique_common>
                                                    <instance_material symbol="Material1" target="#mat18">
                                                        <bind_vertex_input semantic="UVSET0" input_semantic="TEXCOORD" input_set="0"/>
                                                    </instance_material>
                                                </technique_common>
                                            </bind_material>
                                        </instance_geometry>
                                    </node>
                                    <node id="node_Mesh20_1" name="Mesh20">
                                        <instance_geometry url="#meshMesh20_1">
                                            <bind_material>
                                                <technique_common>
                                                    <instance_material symbol="Material1" target="#mat17">
                                                        <bind_vertex_input semantic="UVSET0" input_semantic="TEXCOORD" input_set="0"/>
                                                    </instance_material>
                                                </technique_common>
                                            </bind_material>
                                        </instance_geometry>
                                    </node>
                                    <node id="node_Mesh20_VC2" name="Mesh20_VC_shade">
                                        <instance_geometry url="#meshMesh20_VC2">
                                            <bind_material>
                                                <technique_common>
                                                    <instance_material symbol="Material1" target="#mat18">
                                                        <bind_vertex_input semantic="UVSET0" input_semantic="TEXCOORD" input_set="0"/>
                                                    </instance_material>
                                                </technique_common>
                                            </bind_material>
                                        </instance_geometry>
                                    </node>
                                    <node id="node_Mesh21_1" name="Mesh21">
                                        <instance_geometry url="#meshMesh21_1">
                                            <bind_material>
                                                <technique_common>
                                                    <instance_material symbol="Material1" target="#mat2">
                                                        <bind_vertex_input semantic="UVSET0" input_semantic="TEXCOORD" input_set="0"/>
                                                    </instance_material>
                                                </technique_common>
                                            </bind_material>
                                        </instance_geometry>
                                    </node>
                                    <node id="node_Mesh21_VC2" name="Mesh21_VC_shade">
                                        <instance_geometry url="#meshMesh21_VC2">
                                            <bind_material>
                                                <technique_common>
                                                    <instance_material symbol="Material1" target="#mat18">
                                                        <bind_vertex_input semantic="UVSET0" input_semantic="TEXCOORD" input_set="0"/>
                                                    </instance_material>
                                                </technique_common>
                                            </bind_material>
                                        </instance_geometry>
                                    </node>
                                </node>
                                <node id="node_Node12" name="Node12_display">
                                    <node id="node_Mesh22_1" name="Mesh22">
                                        <instance_geometry url="#meshMesh22_1">
                                            <bind_material>
                                                <technique_common>
                                                    <instance_material symbol="Material1" target="#mat15">
                                                        <bind_vertex_input semantic="UVSET0" input_semantic="TEXCOORD" input_set="0"/>
                                                    </instance_material>
                                                </technique_common>
                                            </bind_material>
                                        </instance_geometry>
                                    </node>
                                    <node id="node_Mesh22_VC2" name="Mesh22_VC_shade">
                                        <instance_geometry url="#meshMesh22_VC2">
                                            <bind_material>
                                                <technique_common>
                                                    <instance_material symbol="Material1" target="#mat18">
                                                        <bind_vertex_input semantic="UVSET0" input_semantic="TEXCOORD" input_set="0"/>
                                                    </instance_material>
                                                </technique_common>
                                            </bind_material>
                                        </instance_geometry>
                                    </node>
                                </node>
                            </node>
                            <node id="node_Node13" name="Node13_parent">
                            </node>
                            <node id="node_Node14" name="Node14_list">
                            </node>
                        </node>
                    </node>
                </node>
                <node id="node_Node15" name="Node15_master_list">
                    <node id="node_Node16" name="Node16_list">
                    </node>
                </node>
            </node>
            <node id="obj_group" name="Objects">
                <node id="obj_0" name="0x36_Star_Cage_Bars_(Exploding)">
                    <translate sid="translate">1456 768 446</translate>
                    <rotate sid="rotateZ">0 0 1 0</rotate>
                    <rotate sid="rotateY">0 1 0 326</rotate>
                    <rotate sid="rotateX">1 0 0 0</rotate>
                </node>
                <node id="obj_1" name="0x37_Tilting_Bridge">
                    <translate sid="translate">-2303 717 1024</translate>
                    <rotate sid="rotateZ">0 0 1 0</rotate>
                    <rotate sid="rotateY">0 1 0 45</rotate>
                    <rotate sid="rotateX">1 0 0 0</rotate>
                </node>
                <node id="obj_2" name="0x0_Openable_Grills">
                    <translate sid="translate">-2050 0 -3069</translate>
                    <rotate sid="rotateZ">0 0 1 0</rotate>
                    <rotate sid="rotateY">0 1 0 25</rotate>
                    <rotate sid="rotateX">1 0 0 0</rotate>
                </node>
                <node id="obj_3" name="0xCF_Purple_Switch_(for_Grills)">
                    <translate sid="translate">-2283 0 -3682</translate>
                    <rotate sid="rotateZ">0 0 1 0</rotate>
                    <rotate sid="rotateY">0 1 0 27</rotate>
                    <rotate sid="rotateX">1 0 0 0</rotate>
                </node>
                <node id="obj_4" name="0xCA_Checkerboard_Elevators">
                    <translate sid="translate">1612 300 4611</translate>
                </node>
                <node id="obj_5" name="0x0_Metal_Ball_Generator">
                    <translate sid="translate">1535 3840 -5561</translate>
                </node>
                <node id="obj_6" name="0x0_Metal_Ball_Generator_2">
                    <translate sid="translate">1535 3840 -5561</translate>
                </node>
                <node id="obj_7" name="0x0_Metal_Ball_Generator">
                    <translate sid="translate">524 2825 -5400</translate>
                </node>
                <node id="obj_8" name="0x0_Metal_Ball_Generator_2">
                    <translate sid="translate">524 2825 -5400</translate>
                </node>
                <node id="obj_9" name="0xB4_Metal_Ball">
                    <translate sid="translate">-993 886 -3565</translate>
                </node>
                <node id="obj_10" name="0xB4_Metal_Ball">
                    <translate sid="translate">-785 886 -4301</translate>
                </node>
                <node id="obj_11" name="0xB4_Metal_Ball">
                    <translate sid="translate">-93 886 -3414</translate>
                </node>
                <node id="obj_12" name="0xC3_Pink_Bob-omb_(Message)">
                    <translate sid="translate">-5723 140 6017</translate>
                </node>
                <node id="obj_13" name="0xC3_Pink_Bob-omb_(Message)">
                    <translate sid="translate">-6250 0 6680</translate>
                </node>
                <node id="obj_14" name="0xC3_Pink_Bob-omb_(Open_Cannons)">
                    <translate sid="translate">-5723 140 6017</translate>
                </node>
                <node id="obj_15" name="0xC3_Pink_Bob-omb_(Message)">
                    <translate sid="translate">-6250 0 6680</translate>
                </node>
                <node id="obj_16" name="0x80_Cannon">
                    <translate sid="translate">-5694 128 5600</translate>
                    <rotate sid="rotateZ">0 0 1 0</rotate>
                    <rotate sid="rotateY">0 1 0 135</rotate>
                    <rotate sid="rotateX">1 0 0 0</rotate>
                </node>
                <node id="obj_17" name="0xC9_Cannon_(Closed)">
                    <translate sid="translate">-5694 128 5600</translate>
                    <rotate sid="rotateZ">0 0 1 0</rotate>
                    <rotate sid="rotateY">0 1 0 180</rotate>
                    <rotate sid="rotateX">1 0 0 0</rotate>
                </node>
                <node id="obj_18" name="0x0_Koopa_Flag">
                    <translate sid="translate">3304 4242 -4603</translate>
                </node>
                <node id="obj_19" name="0x68_Koopa">
                    <translate sid="translate">3400 770 6500</translate>
                </node>
                <node id="obj_20" name="0x56_King_Bob-omb">
                    <translate sid="translate">1636 4242 -5567</translate>
                    <rotate sid="rotateZ">0 0 1 0</rotate>
                    <rotate sid="rotateY">0 1 0 65389</rotate>
                    <rotate sid="rotateX">1 0 0 0</rotate>
                </node>
                <node id="obj_21" name="0x68_Koopa">
                    <translate sid="translate">-4004 0 5221</translate>
                </node>
                <node id="obj_22" name="0x0_Star_for_Red_Coins_(Hidden)">
                    <translate sid="translate">-6000 1000 2400</translate>
                </node>
                <node id="obj_23" name="0x0_Star_(Hidden)">
                    <translate sid="translate">-6600 1000 1250</translate>
                </node>
                <node id="obj_24" name="0x7A_Star">
                    <translate sid="translate">1550 1200 300</translate>
                </node>
                <node id="obj_25" name="0x0_Warp_(Mario_Start_1)">
                    <translate sid="translate">-6558 1000 6464</translate>
                    <rotate sid="rotateZ">0 0 1 0</rotate>
                    <rotate sid="rotateY">0 1 0 135</rotate>
                    <rotate sid="rotateX">1 0 0 0</rotate>
                </node>
                <node id="obj_26" name="0x0_Warp_(Fading)">
                    <translate sid="translate">583 2683 -5387</translate>
                    <rotate sid="rotateZ">0 0 1 0</rotate>
                    <rotate sid="rotateY">0 1 0 65382</rotate>
                    <rotate sid="rotateX">1 0 0 0</rotate>
                </node>
                <node id="obj_27" name="0x0_Warp_(Fading)">
                    <translate sid="translate">1680 3835 -5523</translate>
                    <rotate sid="rotateZ">0 0 1 0</rotate>
                    <rotate sid="rotateY">0 1 0 65383</rotate>
                    <rotate sid="rotateX">1 0 0 0</rotate>
                </node>
                <node id="obj_28" name="0x0_Warp_(Fading)">
                    <translate sid="translate">-6612 1024 -3351</translate>
                    <rotate sid="rotateZ">0 0 1 0</rotate>
                    <rotate sid="rotateY">0 1 0 107</rotate>
                    <rotate sid="rotateX">1 0 0 0</rotate>
                </node>
                <node id="obj_29" name="0x0_Warp_(Fading)">
                    <translate sid="translate">1980 768 6618</translate>
                    <rotate sid="rotateZ">0 0 1 0</rotate>
                    <rotate sid="rotateY">0 1 0 65385</rotate>
                    <rotate sid="rotateX">1 0 0 0</rotate>
                </node>
                <node id="obj_30" name="0x66_Chain_Chomp">
                    <translate sid="translate">260 735 1920</translate>
                </node>
                <node id="obj_31" name="0x81_Breakable_Box_(Big)">
                    <translate sid="translate">-3979 0 6827</translate>
                </node>
                <node id="obj_32" name="0xC0_Goomba">
                    <translate sid="translate">-2713 152 5778</translate>
                </node>
                <node id="obj_33" name="0xC0_Goomba">
                    <translate sid="translate">-342 400 5433</translate>
                </node>
                <node id="obj_34" name="0x0_Water_Bubble_Drop">
                    <translate sid="translate">3620 4000 4800</translate>
                </node>
                <node id="obj_35" name="0x0_Water_Bubble_Drop">
                    <translate sid="translate">-5141 3764 -743</translate>
                </node>
                <node id="obj_36" name="0x0_Water_Bubble_Drop">
                    <translate sid="translate">-4208 3769 -2036</translate>
                </node>
                <node id="obj_37" name="0x80_Cannon">
                    <translate sid="translate">1388 2918 -2383</translate>
                    <rotate sid="rotateZ">0 0 1 0</rotate>
                    <rotate sid="rotateY">0 1 0 315</rotate>
                    <rotate sid="rotateX">1 0 0 0</rotate>
                </node>
                <node id="obj_38" name="0x6B_Poundable_Wooden_Log">
                    <translate sid="translate">-6500 768 1800</translate>
                </node>
                <node id="obj_39" name="0x6B_Poundable_Wooden_Log">
                    <translate sid="translate">-5500 768 1800</translate>
                </node>
                <node id="obj_40" name="0x6B_Poundable_Wooden_Log">
                    <translate sid="translate">-6500 768 3000</translate>
                </node>
                <node id="obj_41" name="0x6B_Poundable_Wooden_Log">
                    <translate sid="translate">-5500 768 3000</translate>
                </node>
                <node id="obj_42" name="0x7C_Wooden_Signpost">
                    <translate sid="translate">-4000 0 6050</translate>
                    <rotate sid="rotateZ">0 0 1 0</rotate>
                    <rotate sid="rotateY">0 1 0 270</rotate>
                    <rotate sid="rotateX">1 0 0 0</rotate>
                </node>
                <node id="obj_43" name="0x7C_Wooden_Signpost">
                    <translate sid="translate">1230 768 3258</translate>
                </node>
                <node id="obj_44" name="0xC9_Cannon_(Closed)">
                    <translate sid="translate">-5018 1332 -3533</translate>
                </node>
                <node id="obj_45" name="0xC9_Cannon_(Closed)">
                    <translate sid="translate">6349 2080 -7066</translate>
                </node>
                <node id="obj_46" name="0xC9_Cannon_(Closed)">
                    <translate sid="translate">4243 3071 -2451</translate>
                </node>
                <node id="obj_47" name="0xC9_Cannon_(Closed)">
                    <translate sid="translate">4352 3072 1229</translate>
                </node>
                <node id="obj_48" name="0xC9_Cannon_(Closed)">
                    <translate sid="translate">5376 1537 4610</translate>
                </node>
                <node id="obj_49" name="0xBC_Bob-omb">
                    <translate sid="translate">-3080 0 -5200</translate>
                </node>
                <node id="obj_50" name="0xBC_Bob-omb">
                    <translate sid="translate">-3688 885 -3813</translate>
                </node>
                <node id="obj_51" name="0xBC_Bob-omb">
                    <translate sid="translate">-4629 1024 -1772</translate>
                </node>
                <node id="obj_52" name="0xBC_Bob-omb">
                    <translate sid="translate">-3480 891 -2120</translate>
                </node>
                <node id="obj_53" name="0xBC_Bob-omb">
                    <translate sid="translate">-3800 1024 -460</translate>
                </node>
                <node id="obj_54" name="0xBC_Bob-omb">
                    <translate sid="translate">6888 2002 -5608</translate>
                </node>
                <node id="obj_55" name="0x78_Recovery_Heart">
                    <translate sid="translate">3603 3659 -7070</translate>
                </node>
                <node id="obj_56" name="0x0_Coin_Formation">
                    <translate sid="translate">-6060 1060 -5340</translate>
                </node>
                <node id="obj_57" name="0x0_Coin_Formation">
                    <translate sid="translate">-129 0 5668</translate>
                    <rotate sid="rotateZ">0 0 1 0</rotate>
                    <rotate sid="rotateY">0 1 0 90</rotate>
                    <rotate sid="rotateX">1 0 0 0</rotate>
                </node>
                <node id="obj_58" name="0x0_Coin_Formation">
                    <translate sid="translate">1851 2917 -2234</translate>
                    <rotate sid="rotateZ">0 0 1 0</rotate>
                    <rotate sid="rotateY">0 1 0 73.125</rotate>
                    <rotate sid="rotateX">1 0 0 0</rotate>
                </node>
                <node id="obj_59" name="0xD7_Red_Coin">
                    <translate sid="translate">-5500 768 2400</translate>
                </node>
                <node id="obj_60" name="0xD7_Red_Coin">
                    <translate sid="translate">-6500 768 2400</translate>
                </node>
                <node id="obj_61" name="0xD7_Red_Coin">
                    <translate sid="translate">1135 1920 -7161</translate>
                </node>
                <node id="obj_62" name="0xD7_Red_Coin">
                    <translate sid="translate">250 1000 1920</translate>
                </node>
                <node id="obj_63" name="0xD7_Red_Coin">
                    <translate sid="translate">1600 980 4440</translate>
                </node>
                <node id="obj_64" name="0xD7_Red_Coin">
                    <translate sid="translate">-2755 0 -4083</translate>
                </node>
                <node id="obj_65" name="0xD7_Red_Coin">
                    <translate sid="translate">4934 1352 861</translate>
                </node>
                <node id="obj_66" name="0xD7_Red_Coin">
                    <translate sid="translate">4100 3672 1629</translate>
                </node>
                <node id="obj_67" name="0x89_[!]_Box">
                    <translate sid="translate">-6710 1300 -2170</translate>
                </node>
                <node id="obj_68" name="0x82_Breakable_Box_(Small)">
                    <translate sid="translate">-3740 0 6180</translate>
                </node>
                <node id="obj_69" name="0x7C_Wooden_Signpost">
                    <translate sid="translate">-4000 0 6300</translate>
                    <rotate sid="rotateZ">0 0 1 0</rotate>
                    <rotate sid="rotateY">0 1 0 270</rotate>
                    <rotate sid="rotateX">1 0 0 0</rotate>
                </node>
                <node id="obj_70" name="0xD4_1-up_Mushroom_(hidden)">
                    <translate sid="translate">-6060 1060 -5340</translate>
                </node>
                <node id="obj_71" name="0x0_Hidden_1-up_Trigger">
                    <translate sid="translate">-5760 1060 -5340</translate>
                </node>
                <node id="obj_72" name="0x0_Hidden_1-up_Trigger">
                    <translate sid="translate">-6360 1060 -5340</translate>
                </node>
                <node id="obj_73" name="0x0_Hidden_1-up_Trigger">
                    <translate sid="translate">-6060 1060 -5640</translate>
                </node>
                <node id="obj_74" name="0x0_Hidden_1-up_Trigger">
                    <translate sid="translate">-6060 1040 -5040</translate>
                </node>
                <node id="obj_75" name="0x89_[!]_Box">
                    <translate sid="translate">3789 3340 1818</translate>
                </node>
                <node id="obj_76" name="0xBC_Bob-omb">
                    <translate sid="translate">2350 757 3700</translate>
                </node>
                <node id="obj_77" name="0xBC_Bob-omb">
                    <translate sid="translate">-1750 0 -2800</translate>
                </node>
                <node id="obj_78" name="0xBC_Bob-omb">
                    <translate sid="translate">-1400 0 -950</translate>
                </node>
                <node id="obj_79" name="0xBC_Bob-omb">
                    <translate sid="translate">-2650 0 1750</translate>
                </node>
                <node id="obj_80" name="0xBC_Bob-omb">
                    <translate sid="translate">-1900 0 3450</translate>
                </node>
                <node id="obj_81" name="0xD4_1-up_Mushroom">
                    <translate sid="translate">-2531 0 -4201</translate>
                </node>
                <node id="obj_82" name="0x0_1-up_Mushroom_(Hidden_in_tree_or_pole)">
                    <translate sid="translate">5444 1400 6016</translate>
                </node>
                <node id="obj_83" name="0x0_Three_Goombas">
                    <translate sid="translate">3640 768 6280</translate>
                </node>
                <node id="obj_84" name="0x0_Three_Goombas">
                    <translate sid="translate">6060 877 2000</translate>
                </node>
                <node id="obj_85" name="0x0_Three_Goombas">
                    <translate sid="translate">-6050 768 1250</translate>
                </node>
                <node id="obj_86" name="0x89_[!]_Box">
                    <translate sid="translate">400 350 6500</translate>
                </node>
                <node id="obj_87" name="0x7C_Wooden_Signpost">
                    <translate sid="translate">66 0 6977</translate>
                    <rotate sid="rotateZ">0 0 1 0</rotate>
                    <rotate sid="rotateY">0 1 0 270</rotate>
                    <rotate sid="rotateX">1 0 0 0</rotate>
                </node>
                <node id="obj_88" name="0x7C_Wooden_Signpost">
                    <translate sid="translate">3394 3072 1846</translate>
                </node>
                <node id="obj_89" name="0x7C_Wooden_Signpost">
                    <translate sid="translate">-3110 104 5064</translate>
                    <rotate sid="rotateZ">0 0 1 0</rotate>
                    <rotate sid="rotateY">0 1 0 270</rotate>
                    <rotate sid="rotateX">1 0 0 0</rotate>
                </node>
                <node id="obj_90" name="0x7C_Wooden_Signpost">
                    <translate sid="translate">6860 2041 -6640</translate>
                </node>
                <node id="obj_91" name="0x7C_Wooden_Signpost">
                    <translate sid="translate">-6020 768 2957</translate>
                </node>
                <node id="obj_92" name="0x0_Coin_Formation">
                    <translate sid="translate">-1506 5317 1250</translate>
                    <rotate sid="rotateZ">0 0 1 0</rotate>
                    <rotate sid="rotateY">0 1 0 90</rotate>
                    <rotate sid="rotateX">1 0 0 0</rotate>
                </node>
                <node id="obj_93" name="0x0_Hidden_Star_Trigger_(Secrets)">
                    <translate sid="translate">-1506 5517 1250</translate>
                </node>
                <node id="obj_94" name="0x81_Breakable_Box_(Big)">
                    <translate sid="translate">7157 2027 -6714</translate>
                </node>
                <node id="obj_95" name="0x0_Coin_Formation">
                    <translate sid="translate">1000 3400 1250</translate>
                    <rotate sid="rotateZ">0 0 1 0</rotate>
                    <rotate sid="rotateY">0 1 0 90</rotate>
                    <rotate sid="rotateX">1 0 0 0</rotate>
                </node>
                <node id="obj_96" name="0x0_Coin_Formation">
                    <translate sid="translate">2000 3400 1250</translate>
                    <rotate sid="rotateZ">0 0 1 0</rotate>
                    <rotate sid="rotateY">0 1 0 90</rotate>
                    <rotate sid="rotateX">1 0 0 0</rotate>
                </node>
                <node id="obj_97" name="0x0_Coin_Formation">
                    <translate sid="translate">3000 3400 1250</translate>
                    <rotate sid="rotateZ">0 0 1 0</rotate>
                    <rotate sid="rotateY">0 1 0 90</rotate>
                    <rotate sid="rotateX">1 0 0 0</rotate>
                </node>
                <node id="obj_98" name="0x0_Hidden_Star_Trigger_(Secrets)">
                    <translate sid="translate">1000 3600 1250</translate>
                </node>
                <node id="obj_99" name="0x0_Hidden_Star_Trigger_(Secrets)">
                    <translate sid="translate">2000 3600 1250</translate>
                </node>
                <node id="obj_100" name="0x0_Hidden_Star_Trigger_(Secrets)">
                    <translate sid="translate">3000 3600 1250</translate>
                </node>
                <node id="obj_101" name="0xBC_Bob-omb">
                    <translate sid="translate">1127 2897 -2495</translate>
                </node>
                <node id="obj_102" name="0x0_Coin_Formation">
                    <translate sid="translate">4836 3079 -2707</translate>
                    <rotate sid="rotateZ">0 0 1 0</rotate>
                    <rotate sid="rotateY">0 1 0 118.125</rotate>
                    <rotate sid="rotateX">1 0 0 0</rotate>
                </node>
                <node id="obj_103" name="0x7C_Wooden_Signpost">
                    <translate sid="translate">-3530 1415 430</translate>
                    <rotate sid="rotateZ">0 0 1 0</rotate>
                    <rotate sid="rotateY">0 1 0 45</rotate>
                    <rotate sid="rotateX">1 0 0 0</rotate>
                </node>
                <node id="obj_104" name="0x7C_Wooden_Signpost">
                    <translate sid="translate">5053 3073 2180</translate>
                </node>
                <node id="obj_105" name="0x74_Yellow_Coin_(for_triggers?)">
                    <translate sid="translate">-1506 5517 1250</translate>
                </node>
                <node id="obj_106" name="0x74_Yellow_Coin_(for_triggers?)">
                    <translate sid="translate">1000 3600 1250</translate>
                </node>
                <node id="obj_107" name="0x74_Yellow_Coin_(for_triggers?)">
                    <translate sid="translate">2000 3600 1250</translate>
                </node>
                <node id="obj_108" name="0x74_Yellow_Coin_(for_triggers?)">
                    <translate sid="translate">3000 3600 1250</translate>
                </node>
                <node id="obj_109" name="0x0_Hidden_Star_Trigger_(Secrets)">
                    <translate sid="translate">-300 4200 1250</translate>
                </node>
                <node id="obj_110" name="0x7C_Wooden_Signpost">
                    <translate sid="translate">-2224 990 -4359</translate>
                    <rotate sid="rotateZ">0 0 1 0</rotate>
                    <rotate sid="rotateY">0 1 0 270</rotate>
                    <rotate sid="rotateX">1 0 0 0</rotate>
                </node>
                <node id="obj_111" name="0x7C_Wooden_Signpost">
                    <translate sid="translate">3911 3529 -7081</translate>
                    <rotate sid="rotateZ">0 0 1 0</rotate>
                    <rotate sid="rotateY">0 1 0 59.0625</rotate>
                    <rotate sid="rotateX">1 0 0 0</rotate>
                </node>
                <node id="obj_112" name="0x7C_Wooden_Signpost">
                    <translate sid="translate">-7000 1024 -2099</translate>
                </node>
                <node id="obj_113" name="0x81_Breakable_Box_(Big)">
                    <translate sid="translate">-3979 0 6627</translate>
                </node>
                <node id="obj_114" name="0x89_[!]_Box">
                    <translate sid="translate">5540 3350 1200</translate>
                </node>
                <node id="obj_115" name="0x0_Coin_Formation">
                    <translate sid="translate">-300 4000 1250</translate>
                    <rotate sid="rotateZ">0 0 1 0</rotate>
                    <rotate sid="rotateY">0 1 0 90</rotate>
                    <rotate sid="rotateX">1 0 0 0</rotate>
                </node>
                <node id="obj_116" name="0x74_Yellow_Coin_(for_triggers?)">
                    <translate sid="translate">-300 4200 1250</translate>
                </node>
                <node id="obj_117" name="0x82_Breakable_Box_(Small)">
                    <translate sid="translate">-6800 1024 40</translate>
                </node>
                <node id="obj_118" name="0x17_Bubbly_Tree">
                    <translate sid="translate">-5792 1024 -4654</translate>
                </node>
                <node id="obj_119" name="0x17_Bubbly_Tree">
                    <translate sid="translate">-1509 144 5094</translate>
                </node>
                <node id="obj_120" name="0x17_Bubbly_Tree">
                    <translate sid="translate">-4095 768 3072</translate>
                </node>
                <node id="obj_121" name="0x17_Bubbly_Tree">
                    <translate sid="translate">-5119 768 2048</translate>
                </node>
                <node id="obj_122" name="0x17_Bubbly_Tree">
                    <translate sid="translate">5444 863 6016</translate>
                </node>
                <node id="obj_123" name="0x17_Bubbly_Tree">
                    <translate sid="translate">-6655 768 3584</translate>
                </node>
                <node id="obj_124" name="0x17_Bubbly_Tree">
                    <translate sid="translate">-6130 900 -6507</translate>
                </node>
                <node id="obj_125" name="0x17_Bubbly_Tree">
                    <translate sid="translate">-6804 1024 -4866</translate>
                </node>
                <node id="obj_126" name="0x17_Bubbly_Tree">
                    <translate sid="translate">6033 2194 -7660</translate>
                </node>
                <node id="obj_127" name="0x17_Bubbly_Tree">
                    <translate sid="translate">-4095 768 1536</translate>
                </node>
                <node id="obj_128" name="0x17_Bubbly_Tree">
                    <translate sid="translate">-4268 0 4768</translate>
                </node>
                <node id="obj_129" name="0x17_Bubbly_Tree">
                    <translate sid="translate">-3583 768 2560</translate>
                </node>
                <node id="obj_130" name="0x17_Bubbly_Tree">
                    <translate sid="translate">-6172 1024 -430</translate>
                </node>
                <node id="obj_131" name="0x17_Bubbly_Tree">
                    <translate sid="translate">4096 3072 1638</translate>
                </node>
                <node id="obj_132" name="0x17_Bubbly_Tree">
                    <translate sid="translate">6799 2008 -5587</translate>
                </node>
                <node id="obj_133" name="0x17_Bubbly_Tree">
                    <translate sid="translate">2911 768 5917</translate>
                </node>
                <node id="obj_134" name="0x17_Bubbly_Tree">
                    <translate sid="translate">4208 927 3772</translate>
                </node>
            </node>
        </visual_scene>
    </library_visual_scenes>
    <scene>
        <instance_visual_scene url="#VisualSceneNode"/>
    </scene>
</COLLADA>
