<?xml version="1.0"?>
<COLLADA xmlns="http://www.collada.org/2005/11/COLLADASchema" version="1.4.1">
    <asset>
        <contributor>
            <authoring_tool>Supear Mardian SixDaeFour</authoring_tool>
        </contributor>
        <created>2026-03-12T01:15:02.314Z</created>
        <modified>2026-03-12T01:15:02.314Z</modified>
		<unit meter="0.01" name="centimeter" />
        <up_axis>Y_UP</up_axis>
    </asset>
    <library_images>
        <image id="tex_0">
            <init_from>tex_9005800.png</init_from>
        </image>
        <image id="tex_1">
            <init_from>tex_9009800.png</init_from>
        </image>
        <image id="tex_2">
            <init_from>tex_9006000.png</init_from>
        </image>
        <image id="tex_3">
            <init_from>tex_9003800.png</init_from>
        </image>
        <image id="tex_4">
            <init_from>tex_9002000.png</init_from>
        </image>
        <image id="tex_5">
            <init_from>tex_9001800.png</init_from>
        </image>
        <image id="tex_6">
            <init_from>tex_9005000.png</init_from>
        </image>
        <image id="tex_7">
            <init_from>tex_9004800.png</init_from>
        </image>
        <image id="tex_8">
            <init_from>tex_9003000.png</init_from>
        </image>
        <image id="tex_9">
            <init_from>tex_7001000.png</init_from>
        </image>
        <image id="tex_10">
            <init_from>tex_7001800.png</init_from>
        </image>
        <image id="tex_11">
            <init_from>tex_7000800.png</init_from>
        </image>
        <image id="tex_12">
            <init_from>tex_900B000.png</init_from>
        </image>
        <image id="tex_13">
            <init_from>tex_9008800.png</init_from>
        </image>
        <image id="tex_14">
            <init_from>tex_7000000.png</init_from>
        </image>
        <image id="tex_15">
            <init_from>tex_9009000.png</init_from>
        </image>
        <image id="tex_16">
            <init_from>tex_7002000.png</init_from>
        </image>
        <image id="tex_17">
            <init_from>tex_900A000.png</init_from>
        </image>
    </library_images>
    <library_effects>
        <effect id="effect0">
            <profile_COMMON>
                <newparam sid="surface0">
                    <surface type="2D">
                        <init_from>tex_0</init_from>
                    </surface>
                </newparam>
                <newparam sid="sampler0">
                    <sampler2D>
                        <source>surface0</source>
                    </sampler2D>
                </newparam>
                <technique sid="COMMON">
                    <blinn>
                        <diffuse>
                            <texture texture="sampler0" texcoord="UVSET0"></texture>
                        </diffuse>
                    </blinn>
                </technique>
            </profile_COMMON>
        </effect>
        <effect id="effect1">
            <profile_COMMON>
                <newparam sid="surface1">
                    <surface type="2D">
                        <init_from>tex_1</init_from>
                    </surface>
                </newparam>
                <newparam sid="sampler1">
                    <sampler2D>
                        <source>surface1</source>
                    </sampler2D>
                </newparam>
                <technique sid="COMMON">
                    <blinn>
                        <diffuse>
                            <texture texture="sampler1" texcoord="UVSET0"></texture>
                        </diffuse>
                    </blinn>
                </technique>
            </profile_COMMON>
        </effect>
        <effect id="effect2">
            <profile_COMMON>
                <newparam sid="surface2">
                    <surface type="2D">
                        <init_from>tex_2</init_from>
                    </surface>
                </newparam>
                <newparam sid="sampler2">
                    <sampler2D>
                        <source>surface2</source>
                    </sampler2D>
                </newparam>
                <technique sid="COMMON">
                    <blinn>
                        <diffuse>
                            <texture texture="sampler2" texcoord="UVSET0"></texture>
                        </diffuse>
                    </blinn>
                </technique>
            </profile_COMMON>
        </effect>
        <effect id="effect3">
            <profile_COMMON>
                <newparam sid="surface3">
                    <surface type="2D">
                        <init_from>tex_3</init_from>
                    </surface>
                </newparam>
                <newparam sid="sampler3">
                    <sampler2D>
                        <source>surface3</source>
                    </sampler2D>
                </newparam>
                <technique sid="COMMON">
                    <blinn>
                        <diffuse>
                            <texture texture="sampler3" texcoord="UVSET0"></texture>
                        </diffuse>
                    </blinn>
                </technique>
            </profile_COMMON>
        </effect>
        <effect id="effect4">
            <profile_COMMON>
                <newparam sid="surface4">
                    <surface type="2D">
                        <init_from>tex_4</init_from>
                    </surface>
                </newparam>
                <newparam sid="sampler4">
                    <sampler2D>
                        <source>surface4</source>
                    </sampler2D>
                </newparam>
                <technique sid="COMMON">
                    <blinn>
                        <diffuse>
                            <texture texture="sampler4" texcoord="UVSET0"></texture>
                        </diffuse>
                    </blinn>
                </technique>
            </profile_COMMON>
        </effect>
        <effect id="effect5">
            <profile_COMMON>
                <newparam sid="surface5">
                    <surface type="2D">
                        <init_from>tex_5</init_from>
                    </surface>
                </newparam>
                <newparam sid="sampler5">
                    <sampler2D>
                        <source>surface5</source>
                    </sampler2D>
                </newparam>
                <technique sid="COMMON">
                    <blinn>
                        <diffuse>
                            <texture texture="sampler5" texcoord="UVSET0"></texture>
                        </diffuse>
                    </blinn>
                </technique>
            </profile_COMMON>
        </effect>
        <effect id="effect6">
            <profile_COMMON>
                <newparam sid="surface6">
                    <surface type="2D">
                        <init_from>tex_6</init_from>
                    </surface>
                </newparam>
                <newparam sid="sampler6">
                    <sampler2D>
                        <source>surface6</source>
                    </sampler2D>
                </newparam>
                <technique sid="COMMON">
                    <blinn>
                        <diffuse>
                            <texture texture="sampler6" texcoord="UVSET0"></texture>
                        </diffuse>
                    </blinn>
                </technique>
            </profile_COMMON>
        </effect>
        <effect id="effect7">
            <profile_COMMON>
                <newparam sid="surface7">
                    <surface type="2D">
                        <init_from>tex_7</init_from>
                    </surface>
                </newparam>
                <newparam sid="sampler7">
                    <sampler2D>
                        <source>surface7</source>
                    </sampler2D>
                </newparam>
                <technique sid="COMMON">
                    <blinn>
                        <diffuse>
                            <texture texture="sampler7" texcoord="UVSET0"></texture>
                        </diffuse>
                    </blinn>
                </technique>
            </profile_COMMON>
        </effect>
        <effect id="effect8">
            <profile_COMMON>
                <newparam sid="surface8">
                    <surface type="2D">
                        <init_from>tex_8</init_from>
                    </surface>
                </newparam>
                <newparam sid="sampler8">
                    <sampler2D>
                        <source>surface8</source>
                    </sampler2D>
                </newparam>
                <technique sid="COMMON">
                    <blinn>
                        <diffuse>
                            <texture texture="sampler8" texcoord="UVSET0"></texture>
                        </diffuse>
                    </blinn>
                </technique>
            </profile_COMMON>
        </effect>
        <effect id="effect9">
            <profile_COMMON>
                <newparam sid="surface9">
                    <surface type="2D">
                        <init_from>tex_9</init_from>
                    </surface>
                </newparam>
                <newparam sid="sampler9">
                    <sampler2D>
                        <source>surface9</source>
                    </sampler2D>
                </newparam>
                <technique sid="COMMON">
                    <blinn>
                        <diffuse>
                            <texture texture="sampler9" texcoord="UVSET0"></texture>
                        </diffuse>
                    </blinn>
                </technique>
            </profile_COMMON>
        </effect>
        <effect id="effect10">
            <profile_COMMON>
                <newparam sid="surface10">
                    <surface type="2D">
                        <init_from>tex_10</init_from>
                    </surface>
                </newparam>
                <newparam sid="sampler10">
                    <sampler2D>
                        <source>surface10</source>
                    </sampler2D>
                </newparam>
                <technique sid="COMMON">
                    <blinn>
                        <diffuse>
                            <texture texture="sampler10" texcoord="UVSET0"></texture>
                        </diffuse>
                    </blinn>
                </technique>
            </profile_COMMON>
        </effect>
        <effect id="effect11">
            <profile_COMMON>
                <newparam sid="surface11">
                    <surface type="2D">
                        <init_from>tex_11</init_from>
                    </surface>
                </newparam>
                <newparam sid="sampler11">
                    <sampler2D>
                        <source>surface11</source>
                    </sampler2D>
                </newparam>
                <technique sid="COMMON">
                    <blinn>
                        <diffuse>
                            <texture texture="sampler11" texcoord="UVSET0"></texture>
                        </diffuse>
                    </blinn>
                </technique>
            </profile_COMMON>
        </effect>
        <effect id="effect12">
            <profile_COMMON>
                <newparam sid="surface12">
                    <surface type="2D">
                        <init_from>tex_12</init_from>
                    </surface>
                </newparam>
                <newparam sid="sampler12">
                    <sampler2D>
                        <source>surface12</source>
                    </sampler2D>
                </newparam>
                <technique sid="COMMON">
                    <blinn>
                        <diffuse>
                            <texture texture="sampler12" texcoord="UVSET0"></texture>
                        </diffuse>
                    </blinn>
                </technique>
            </profile_COMMON>
        </effect>
        <effect id="effect13">
            <profile_COMMON>
                <newparam sid="surface13">
                    <surface type="2D">
                        <init_from>tex_13</init_from>
                    </surface>
                </newparam>
                <newparam sid="sampler13">
                    <sampler2D>
                        <source>surface13</source>
                    </sampler2D>
                </newparam>
                <technique sid="COMMON">
                    <blinn>
                        <diffuse>
                            <texture texture="sampler13" texcoord="UVSET0"></texture>
                        </diffuse>
                    </blinn>
                </technique>
            </profile_COMMON>
        </effect>
        <effect id="effect14">
            <profile_COMMON>
                <newparam sid="surface14">
                    <surface type="2D">
                        <init_from>tex_14</init_from>
                    </surface>
                </newparam>
                <newparam sid="sampler14">
                    <sampler2D>
                        <source>surface14</source>
                    </sampler2D>
                </newparam>
                <technique sid="COMMON">
                    <blinn>
                        <diffuse>
                            <texture texture="sampler14" texcoord="UVSET0"></texture>
                        </diffuse>
                    </blinn>
                </technique>
            </profile_COMMON>
        </effect>
        <effect id="effect15">
            <profile_COMMON>
                <newparam sid="surface15">
                    <surface type="2D">
                        <init_from>tex_15</init_from>
                    </surface>
                </newparam>
                <newparam sid="sampler15">
                    <sampler2D>
                        <source>surface15</source>
                    </sampler2D>
                </newparam>
                <technique sid="COMMON">
                    <blinn>
                        <diffuse>
                            <texture texture="sampler15" texcoord="UVSET0"></texture>
                        </diffuse>
                    </blinn>
                </technique>
            </profile_COMMON>
        </effect>
        <effect id="effect16">
            <profile_COMMON>
                <newparam sid="surface16">
                    <surface type="2D">
                        <init_from>tex_16</init_from>
                    </surface>
                </newparam>
                <newparam sid="sampler16">
                    <sampler2D>
                        <source>surface16</source>
                    </sampler2D>
                </newparam>
                <technique sid="COMMON">
                    <blinn>
                        <diffuse>
                            <texture texture="sampler16" texcoord="UVSET0"></texture>
                        </diffuse>
                    </blinn>
                </technique>
            </profile_COMMON>
        </effect>
        <effect id="effect17">
            <profile_COMMON>
                <newparam sid="surface17">
                    <surface type="2D">
                        <init_from>tex_17</init_from>
                    </surface>
                </newparam>
                <newparam sid="sampler17">
                    <sampler2D>
                        <source>surface17</source>
                    </sampler2D>
                </newparam>
                <technique sid="COMMON">
                    <blinn>
                        <diffuse>
                            <texture texture="sampler17" texcoord="UVSET0"></texture>
                        </diffuse>
                    </blinn>
                </technique>
            </profile_COMMON>
        </effect>
    </library_effects>
    <library_materials>
        <material id="mat0" name="Mat0">
            <instance_effect url="#effect0"/>
        </material>
        <material id="mat1" name="Mat1">
            <instance_effect url="#effect1"/>
        </material>
        <material id="mat2" name="Mat2">
            <instance_effect url="#effect2"/>
        </material>
        <material id="mat3" name="Mat3">
            <instance_effect url="#effect3"/>
        </material>
        <material id="mat4" name="Mat4">
            <instance_effect url="#effect4"/>
        </material>
        <material id="mat5" name="Mat5">
            <instance_effect url="#effect5"/>
        </material>
        <material id="mat6" name="Mat6">
            <instance_effect url="#effect6"/>
        </material>
        <material id="mat7" name="Mat7">
            <instance_effect url="#effect7"/>
        </material>
        <material id="mat8" name="Mat8">
            <instance_effect url="#effect8"/>
        </material>
        <material id="mat9" name="Mat9">
            <instance_effect url="#effect9"/>
        </material>
        <material id="mat10" name="Mat10">
            <instance_effect url="#effect10"/>
        </material>
        <material id="mat11" name="Mat11">
            <instance_effect url="#effect11"/>
        </material>
        <material id="mat12" name="Mat12">
            <instance_effect url="#effect12"/>
        </material>
        <material id="mat13" name="Mat13">
            <instance_effect url="#effect13"/>
        </material>
        <material id="mat14" name="Mat14">
            <instance_effect url="#effect14"/>
        </material>
        <material id="mat15" name="Mat15">
            <instance_effect url="#effect15"/>
        </material>
        <material id="mat16" name="Mat16">
            <instance_effect url="#effect16"/>
        </material>
        <material id="mat17" name="Mat17">
            <instance_effect url="#effect17"/>
        </material>
    </library_materials>
    <library_geometries>
        <geometry id="meshMesh0_1">
            <mesh>
                <source id="pointsMesh0_1">
                    <float_array id="pointarrayMesh0_1" count="438">4864 1024 4096 7680 768 0 3840 768 2304 2304 768 4352 3584 656 -767 5888 1024 4096 7686 768 7100 8192 2560 4096 8192 1855 1024 6289 912 -2653 5468 912 -1870 -2815 1024 256 -4991 1024 -2431 -3231 1024 -159 1692 768 3192 -1535 256 5888 -3071 0 7168 -921 0 6400 -921 256 5888 -2559 179 5888 -3583 0 5888 -1791 973 -767 -4991 1024 -4479 -4132 513 -6035 -7167 1024 -7167 -1872 768 -1441 -2559 768 -2815 -4095 1024 -2943 -7167 1024 512 -5887 1024 -2943 -4095 1024 -3967 -6015 1024 -3839 -3151 512 -6526 -7167 1024 4096 -8191 1536 -8191 -3151 1024 -6526 -4095 1792 -8191 -6143 2560 -8191 8093 1936 -6029 8093 1936 -5934 8093 2064 -5934 8093 2085 -5982 8093 2064 -6029 8192 2560 -8191 7680 768 0 8192 1855 1024 8192 2720 -5119 8093 1936 -6029 8192 2560 -8191 7680 2080 -7679 7029 912 -3999 8093 1936 -5934 3840 2048 8192 768 768 7168 6289 1936 -2653 8093 1936 -6029 8093 1936 -5934 6289 912 -2653 7029 912 -3999 6289 1936 -2653 3097 1741 -733 5468 912 -1870 768 768 5888 -3071 640 8192 768 768 7680 768 0 7168 8192 1024 8192 -869 1024 -5528 3072 2513 -7679 3072 2513 -8191 -3105 1024 -6549 -8191 1280 8192 5888 1024 5120 4864 1024 5120 1792 768 5376 3584 656 -767 -7167 0 7168 -7167 0 4096 -5375 0 6464 -383 0 6400 -7167 1024 4096 -8191 1280 8192 -7167 0 4096 -6591 0 5312 -8191 2048 0 -6015 0 6464 -6591 0 5888 4352 3712 -8191 512 3328 -8191 3072 2513 -8191 8192 2560 -8191 512 3328 -8191 8192 2560 -8191 7680 2080 -7679 6246 2080 -6962 6246 2080 -7167 6265 2080 -6527 6451 2080 -6962 -3445 777 -4662 -2458 1024 -5155 -2240 1024 -4835 -2413 1024 -5178 -2285 1024 -4812 1280 768 3328 -1535 768 1536 2304 768 4864 -7167 768 512 -3368 768 246 -3503 768 111 -3071 768 512 6451 2080 -7167 6252 1936 -2700 -4095 768 4096 -3071 768 3072 -7167 768 4096 1024 768 171 1888 768 720 -6015 0 4736 -5375 0 4736 -4095 0 4096 -3583 0 5376 -4799 0 5312 -2559 179 5376 -1535 256 5376 -921 0 5888 -4799 0 5888 -921 0 4865 -921 256 5375 -3503 1024 111 768 0 5888 256 0 6400 3060 1741 -780 5888 3072 1230 4454 3072 1127 4454 3072 1332 3097 1741 -733 2079 1368 -1535 2076 768 425 1212 768 -123 5120 3072 2560 5120 3072 -99 3584 3072 2560 4250 3072 1332 2816 3072 1230 3584 3072 -99 4250 3072 1127</float_array>
                    <technique_common>
                        <accessor count="146" source="#pointarrayMesh0_1" stride="3">
                            <param name="X" type="float"/>
                            <param name="Y" type="float"/>
                            <param name="Z" type="float"/>
                        </accessor>
                    </technique_common>
                </source>
                <source id="uvsMesh0_1">
                    <float_array id="uvarrayMesh0_1" count="292">21.841796875 7.3515625 26.416015625 14.005859375 20.1796875 10.263671875 17.68359375 6.935546875 19.763671875 15.25390625 23.505859375 7.3515625 26.42578125 2.470703125 27.248046875 7.3515625 27.248046875 12.341796875 24.158203125 18.31640625 22.82421875 17.044921875 9.3671875 13.58984375 5.83203125 17.95703125 8.69140625 14.265625 16.69140625 8.8203125 11.4453125 4.44140625 8.951171875 2.361328125 12.443359375 3.609375 12.443359375 4.44140625 9.783203125 4.44140625 8.119140625 4.44140625 11.03125 15.25390625 5.83203125 21.283203125 7.228515625 23.810546875 2.296875 25.650390625 10.8984375 16.34765625 9.783203125 18.580078125 7.287109375 18.7890625 2.296875 13.173828125 4.376953125 18.7890625 7.287109375 20.451171875 4.16796875 20.244140625 8.8203125 24.607421875 2.296875 7.3515625 0.634765625 27.3125 8.8203125 24.607421875 7.287109375 27.3125 3.9609375 27.3125 0.421875 -0.169921875 0.576171875 -0.1796875 0.587890625 0.025390625 0.51171875 0.060546875 0.43359375 0.033203125 -3.029296875 1 10.10546875 -2.65234375 11.859375 -0.861328125 1.96484375 1 -1.02734375 1 -1.02734375 4.689453125 -1.96875 3.638671875 25.359375 20.50390625 27.265625 23.96875 20.1796875 0.69921875 15.189453125 2.361328125 24.158203125 18.31640625 27.19921875 24.00390625 8.98828125 -5.173828125 3.33203125 -3.125 5.099609375 -4.375 4.447265625 -1.9609375 -0.1484375 1.986328125 1.96484375 -1.9609375 15.189453125 4.44140625 8.951171875 0.69921875 15.189453125 1.529296875 15.189453125 2.361328125 27.248046875 0.69921875 12.529296875 22.986328125 18.931640625 26.48046875 18.931640625 27.3125 8.89453125 24.646484375 0.634765625 0.69921875 23.505859375 5.689453125 21.841796875 5.689453125 16.8515625 5.2734375 -0.873046875 0.197265625 2.296875 2.361328125 2.296875 7.3515625 5.208984375 3.505859375 13.318359375 3.609375 0.966796875 1.458984375 -4.91015625 1.81640625 0.966796875 0.033203125 3.232421875 5.376953125 0.634765625 14.005859375 4.16796875 3.505859375 3.232421875 4.44140625 1.765625 1.685546875 -3.583984375 1.201171875 0 0.033203125 7.09765625 0.033203125 14.7734375 27.3125 27.248046875 27.3125 26.416015625 26.48046875 24.087890625 25.31640625 24.087890625 25.650390625 24.1171875 24.609375 24.419921875 25.31640625 8.34375 21.580078125 9.9453125 22.380859375 10.30078125 21.861328125 10.01953125 22.41796875 10.2265625 21.82421875 16.021484375 8.599609375 11.4453125 11.509765625 17.68359375 6.10546875 2.296875 13.173828125 8.46875 13.60546875 8.25 13.826171875 8.951171875 13.173828125 24.419921875 25.650390625 24.09765625 18.392578125 7.287109375 7.3515625 8.951171875 9.015625 2.296875 7.3515625 15.60546875 13.728515625 17.0078125 12.8359375 4.16796875 6.3125 5.208984375 6.3125 7.287109375 7.3515625 8.119140625 5.2734375 6.14453125 5.376953125 9.783203125 5.2734375 11.4453125 5.2734375 12.443359375 4.44140625 6.14453125 4.44140625 12.443359375 6.103515625 12.443359375 5.2734375 8.25 13.826171875 15.189453125 4.44140625 14.357421875 3.609375 18.912109375 15.2734375 0 1 1.193359375 -1.486328125 1.5390625 -1.287109375 18.970703125 15.197265625 17.318359375 16.5 17.3125 13.314453125 15.91015625 14.20703125 2.962890625 1 -1.52734375 -1.560546875 4.458984375 -1.560546875 1.73828125 -1.6328125 2.962890625 -4.15234375 0 -4.15234375 1.392578125 -1.83203125</float_array>
                    <technique_common>
                        <accessor count="146" source="#uvarrayMesh0_1" stride="2">
                            <param name="S" type="float"/>
                            <param name="T" type="float"/>
                        </accessor>
                    </technique_common>
                </source>
                <vertices id="verticesMesh0_1">
                    <input semantic="POSITION" source="#pointsMesh0_1"/>
                </vertices>
                <polylist count="144" material="Material1">
                    <input offset="0" semantic="VERTEX" source="#verticesMesh0_1"/>
                    <input offset="1" semantic="TEXCOORD" source="#uvsMesh0_1" set="0"/>
                    <vcount>3 3 3 3 3 3 3 3 3 3 3 3 3 3 3 3 3 3 3 3 3 3 3 3 3 3 3 3 3 3 3 3 3 3 3 3 3 3 3 3 3 3 3 3 3 3 3 3 3 3 3 3 3 3 3 3 3 3 3 3 3 3 3 3 3 3 3 3 3 3 3 3 3 3 3 3 3 3 3 3 3 3 3 3 3 3 3 3 3 3 3 3 3 3 3 3 3 3 3 3 3 3 3 3 3 3 3 3 3 3 3 3 3 3 3 3 3 3 3 3 3 3 3 3 3 3 3 3 3 3 3 3 3 3 3 3 3 3 3 3 3 3 3 3</vcount>
                    <p>0 0 1 1 2 2 3 3 2 2 4 4 3 3 0 0 2 2 2 2 1 1 4 4 0 0 5 5 1 1 1 1 5 5 6 6 1 1 7 7 8 8 6 6 7 7 1 1 1 1 9 9 10 10 4 4 1 1 10 10 11 11 12 12 13 13 3 3 4 4 14 14 15 15 16 16 17 17 17 17 18 18 15 15 15 15 19 19 16 16 19 19 20 20 16 16 11 11 21 21 12 12 22 22 23 23 24 24 21 21 25 25 12 12 26 26 27 27 12 12 25 25 26 26 12 12 28 28 12 12 29 29 22 22 30 30 23 23 31 31 22 22 24 24 23 23 32 32 24 24 33 33 24 24 34 34 24 24 35 35 36 36 24 24 36 36 37 37 34 34 24 24 37 37 38 38 39 39 40 40 38 38 40 40 41 41 38 38 41 41 42 42 38 38 42 42 43 43 41 41 43 43 42 42 39 39 44 44 45 45 45 45 40 40 39 39 41 41 40 40 45 45 41 41 45 45 46 46 41 41 46 46 43 43 47 47 48 48 49 49 9 9 1 1 50 50 1 1 51 51 50 50 52 52 6 6 53 53 54 54 51 51 55 55 56 56 57 57 58 58 56 56 59 59 57 57 59 59 60 60 61 61 57 57 59 59 61 61 62 62 53 53 6 6 63 63 52 52 64 64 16 16 64 64 65 65 53 53 64 64 52 52 6 6 52 52 66 66 67 67 68 68 69 69 69 69 70 70 67 67 63 63 64 64 16 16 71 71 63 63 16 16 6 6 72 72 73 73 5 5 72 72 6 6 74 74 62 62 6 6 73 73 74 74 6 6 6 6 66 66 7 7 60 60 75 75 61 61 71 71 76 76 77 77 78 78 16 16 20 20 16 16 78 78 76 76 17 17 16 16 79 79 16 16 65 65 79 79 16 16 76 76 71 71 80 80 81 81 82 82 83 83 77 77 76 76 33 33 84 84 71 71 85 85 86 86 76 76 78 78 85 85 76 76 76 76 86 86 83 83 33 33 34 34 84 84 87 87 88 88 89 89 90 90 87 87 89 89 36 36 35 35 70 70 36 36 70 70 91 91 70 70 69 69 91 91 92 92 69 69 93 93 69 69 94 94 95 95 69 69 95 95 93 93 69 69 96 96 94 94 93 93 97 97 55 55 27 27 26 26 98 98 99 99 100 100 101 101 99 99 102 102 100 100 100 100 67 67 101 101 101 101 67 67 70 70 30 30 27 27 98 98 30 30 98 98 23 23 103 103 3 3 14 14 103 103 14 14 104 104 3 3 105 105 73 73 3 3 73 73 0 0 106 106 107 107 108 108 106 106 109 109 107 107 96 96 69 69 68 68 93 93 95 95 110 110 94 94 96 96 97 97 96 96 55 55 97 97 111 111 54 54 55 55 111 111 55 55 96 96 112 112 113 113 106 106 109 109 106 106 113 113 106 106 114 114 112 112 104 104 14 14 115 115 14 14 116 116 115 115 83 83 117 117 77 77 77 77 118 118 119 119 120 120 118 118 121 121 119 119 118 118 120 120 122 122 123 123 119 119 79 79 124 124 17 17 125 125 78 78 20 20 119 119 120 120 122 122 119 119 123 123 126 126 123 123 127 127 126 126 13 13 12 12 128 128 28 28 128 128 12 12 117 117 118 118 77 77 105 105 74 74 73 73 24 24 28 28 31 31 28 28 29 29 31 31 65 65 129 129 130 130 65 65 130 130 79 79 93 93 110 110 97 97 131 131 54 54 111 111 132 132 133 133 134 134 135 135 131 131 136 136 131 131 135 135 54 54 116 116 137 137 138 138 116 116 138 138 115 115 139 139 132 132 134 134 132 132 140 140 133 133 141 141 142 142 143 143 133 133 140 140 144 144 145 145 133 133 144 144 145 145 144 144 143 143 142 142 145 145 143 143 139 139 134 134 142 142 141 141 139 139 142 142</p>
                </polylist>
            </mesh>
        </geometry>
        <geometry id="meshMesh0_2">
            <mesh>
                <source id="pointsMesh0_2">
                    <float_array id="pointarrayMesh0_2" count="438">4864 1024 4096 7680 768 0 3840 768 2304 2304 768 4352 3584 656 -767 5888 1024 4096 7686 768 7100 8192 2560 4096 8192 1855 1024 6289 912 -2653 5468 912 -1870 -2815 1024 256 -4991 1024 -2431 -3231 1024 -159 1692 768 3192 -1535 256 5888 -3071 0 7168 -921 0 6400 -921 256 5888 -2559 179 5888 -3583 0 5888 -1791 973 -767 -4991 1024 -4479 -4132 513 -6035 -7167 1024 -7167 -1872 768 -1441 -2559 768 -2815 -4095 1024 -2943 -7167 1024 512 -5887 1024 -2943 -4095 1024 -3967 -6015 1024 -3839 -3151 512 -6526 -7167 1024 4096 -8191 1536 -8191 -3151 1024 -6526 -4095 1792 -8191 -6143 2560 -8191 8093 1936 -6029 8093 1936 -5934 8093 2064 -5934 8093 2085 -5982 8093 2064 -6029 8192 2560 -8191 7680 768 0 8192 1855 1024 8192 2720 -5119 8093 1936 -6029 8192 2560 -8191 7680 2080 -7679 7029 912 -3999 8093 1936 -5934 3840 2048 8192 768 768 7168 6289 1936 -2653 8093 1936 -6029 8093 1936 -5934 6289 912 -2653 7029 912 -3999 6289 1936 -2653 3097 1741 -733 5468 912 -1870 768 768 5888 -3071 640 8192 768 768 7680 768 0 7168 8192 1024 8192 -869 1024 -5528 3072 2513 -7679 3072 2513 -8191 -3105 1024 -6549 -8191 1280 8192 5888 1024 5120 4864 1024 5120 1792 768 5376 3584 656 -767 -7167 0 7168 -7167 0 4096 -5375 0 6464 -383 0 6400 -7167 1024 4096 -8191 1280 8192 -7167 0 4096 -6591 0 5312 -8191 2048 0 -6015 0 6464 -6591 0 5888 4352 3712 -8191 512 3328 -8191 3072 2513 -8191 8192 2560 -8191 512 3328 -8191 8192 2560 -8191 7680 2080 -7679 6246 2080 -6962 6246 2080 -7167 6265 2080 -6527 6451 2080 -6962 -3445 777 -4662 -2458 1024 -5155 -2240 1024 -4835 -2413 1024 -5178 -2285 1024 -4812 1280 768 3328 -1535 768 1536 2304 768 4864 -7167 768 512 -3368 768 246 -3503 768 111 -3071 768 512 6451 2080 -7167 6252 1936 -2700 -4095 768 4096 -3071 768 3072 -7167 768 4096 1024 768 171 1888 768 720 -6015 0 4736 -5375 0 4736 -4095 0 4096 -3583 0 5376 -4799 0 5312 -2559 179 5376 -1535 256 5376 -921 0 5888 -4799 0 5888 -921 0 4865 -921 256 5375 -3503 1024 111 768 0 5888 256 0 6400 3060 1741 -780 5888 3072 1230 4454 3072 1127 4454 3072 1332 3097 1741 -733 2079 1368 -1535 2076 768 425 1212 768 -123 5120 3072 2560 5120 3072 -99 3584 3072 2560 4250 3072 1332 2816 3072 1230 3584 3072 -99 4250 3072 1127</float_array>
                    <technique_common>
                        <accessor count="146" source="#pointarrayMesh0_2" stride="3">
                            <param name="X" type="float"/>
                            <param name="Y" type="float"/>
                            <param name="Z" type="float"/>
                        </accessor>
                    </technique_common>
                </source>
                <source id="uvsMesh0_2">
                    <float_array id="uvarrayMesh0_2" count="292">21.841796875 7.3515625 26.416015625 14.005859375 20.1796875 10.263671875 17.68359375 6.935546875 19.763671875 15.25390625 23.505859375 7.3515625 26.42578125 2.470703125 27.248046875 7.3515625 27.248046875 12.341796875 24.158203125 18.31640625 22.82421875 17.044921875 9.3671875 13.58984375 5.83203125 17.95703125 8.69140625 14.265625 16.69140625 8.8203125 11.4453125 4.44140625 8.951171875 2.361328125 12.443359375 3.609375 12.443359375 4.44140625 9.783203125 4.44140625 8.119140625 4.44140625 11.03125 15.25390625 5.83203125 21.283203125 7.228515625 23.810546875 2.296875 25.650390625 10.8984375 16.34765625 9.783203125 18.580078125 7.287109375 18.7890625 2.296875 13.173828125 4.376953125 18.7890625 7.287109375 20.451171875 4.16796875 20.244140625 8.8203125 24.607421875 2.296875 7.3515625 0.634765625 27.3125 8.8203125 24.607421875 7.287109375 27.3125 3.9609375 27.3125 0.421875 -0.169921875 0.576171875 -0.1796875 0.587890625 0.025390625 0.51171875 0.060546875 0.43359375 0.033203125 -3.029296875 1 10.10546875 -2.65234375 11.859375 -0.861328125 1.96484375 1 -1.02734375 1 -1.02734375 4.689453125 -1.96875 3.638671875 25.359375 20.50390625 27.265625 23.96875 20.1796875 0.69921875 15.189453125 2.361328125 24.158203125 18.31640625 27.19921875 24.00390625 8.98828125 -5.173828125 3.33203125 -3.125 5.099609375 -4.375 4.447265625 -1.9609375 -0.1484375 1.986328125 1.96484375 -1.9609375 15.189453125 4.44140625 8.951171875 0.69921875 15.189453125 1.529296875 15.189453125 2.361328125 27.248046875 0.69921875 12.529296875 22.986328125 18.931640625 26.48046875 18.931640625 27.3125 8.89453125 24.646484375 0.634765625 0.69921875 23.505859375 5.689453125 21.841796875 5.689453125 16.8515625 5.2734375 -0.873046875 0.197265625 2.296875 2.361328125 2.296875 7.3515625 5.208984375 3.505859375 13.318359375 3.609375 0.966796875 1.458984375 -4.91015625 1.81640625 0.966796875 0.033203125 3.232421875 5.376953125 0.634765625 14.005859375 4.16796875 3.505859375 3.232421875 4.44140625 1.765625 1.685546875 -3.583984375 1.201171875 0 0.033203125 7.09765625 0.033203125 14.7734375 27.3125 27.248046875 27.3125 26.416015625 26.48046875 24.087890625 25.31640625 24.087890625 25.650390625 24.1171875 24.609375 24.419921875 25.31640625 8.34375 21.580078125 9.9453125 22.380859375 10.30078125 21.861328125 10.01953125 22.41796875 10.2265625 21.82421875 16.021484375 8.599609375 11.4453125 11.509765625 17.68359375 6.10546875 2.296875 13.173828125 8.46875 13.60546875 8.25 13.826171875 8.951171875 13.173828125 24.419921875 25.650390625 24.09765625 18.392578125 7.287109375 7.3515625 8.951171875 9.015625 2.296875 7.3515625 15.60546875 13.728515625 17.0078125 12.8359375 4.16796875 6.3125 5.208984375 6.3125 7.287109375 7.3515625 8.119140625 5.2734375 6.14453125 5.376953125 9.783203125 5.2734375 11.4453125 5.2734375 12.443359375 4.44140625 6.14453125 4.44140625 12.443359375 6.103515625 12.443359375 5.2734375 8.25 13.826171875 15.189453125 4.44140625 14.357421875 3.609375 18.912109375 15.2734375 0 1 1.193359375 -1.486328125 1.5390625 -1.287109375 18.970703125 15.197265625 17.318359375 16.5 17.3125 13.314453125 15.91015625 14.20703125 2.962890625 1 -1.52734375 -1.560546875 4.458984375 -1.560546875 1.73828125 -1.6328125 2.962890625 -4.15234375 0 -4.15234375 1.392578125 -1.83203125</float_array>
                    <technique_common>
                        <accessor count="146" source="#uvarrayMesh0_2" stride="2">
                            <param name="S" type="float"/>
                            <param name="T" type="float"/>
                        </accessor>
                    </technique_common>
                </source>
                <source id="colorsMesh0_2">
                    <float_array id="colorarrayMesh0_2" count="584">0.4 0.4 0.4 1 0.4 0.4 0.4 1 0.4 0.4 0.4 1 0.4 0.4 0.4 1 0.4 0.4 0.4 1 0.4 0.4 0.4 1 0.4 0.4 0.4 1 0.4 0.4 0.4 1 0.4 0.4 0.4 1 0.4 0.4 0.4 1 0.4 0.4 0.4 1 0.4 0.4 0.4 1 0.4 0.4 0.4 1 0.4 0.4 0.4 1 0.4 0.4 0.4 1 0.4 0.4 0.4 1 0.4 0.4 0.4 1 0.4 0.4 0.4 1 0.4 0.4 0.4 1 0.4 0.4 0.4 1 0.4 0.4 0.4 1 0.4 0.4 0.4 1 0.4 0.4 0.4 1 0.4 0.4 0.4 1 0.4 0.4 0.4 1 0.4 0.4 0.4 1 0.4 0.4 0.4 1 0.4 0.4 0.4 1 0.4 0.4 0.4 1 0.4 0.4 0.4 1 0.4 0.4 0.4 1 0.4 0.4 0.4 1 0.4 0.4 0.4 1 0.4 0.4 0.4 1 0.4 0.4 0.4 1 0.4 0.4 0.4 1 0.4 0.4 0.4 1 0.4 0.4 0.4 1 0.4 0.4 0.4 1 0.4 0.4 0.4 1 0.4 0.4 0.4 1 0.4 0.4 0.4 1 0.4 0.4 0.4 1 0.4 0.4 0.4 1 0.4 0.4 0.4 1 0.4 0.4 0.4 1 0.4 0.4 0.4 1 0.4 0.4 0.4 1 0.4 0.4 0.4 1 0.4 0.4 0.4 1 0.4 0.4 0.4 1 0.4 0.4 0.4 1 0.4 0.4 0.4 1 0.4 0.4 0.4 1 0.4 0.4 0.4 1 0.4 0.4 0.4 1 0.4 0.4 0.4 1 0.4 0.4 0.4 1 0.4 0.4 0.4 1 0.4 0.4 0.4 1 0.4 0.4 0.4 1 0.4 0.4 0.4 1 0.4 0.4 0.4 1 0.4 0.4 0.4 1 0.4 0.4 0.4 1 0.4 0.4 0.4 1 0.4 0.4 0.4 1 0.4 0.4 0.4 1 0.4 0.4 0.4 1 0.4 0.4 0.4 1 0.4 0.4 0.4 1 0.4 0.4 0.4 1 0.4 0.4 0.4 1 0.4 0.4 0.4 1 0.4 0.4 0.4 1 0.4 0.4 0.4 1 0.4 0.4 0.4 1 0.4 0.4 0.4 1 0.4 0.4 0.4 1 0.4 0.4 0.4 1 0.4 0.4 0.4 1 0.4 0.4 0.4 1 0.4 0.4 0.4 1 0.4 0.4 0.4 1 0.4 0.4 0.4 1 0.4 0.4 0.4 1 0.4 0.4 0.4 1 0.4 0.4 0.4 1 0.4 0.4 0.4 1 0.4 0.4 0.4 1 0.4 0.4 0.4 1 0.4 0.4 0.4 1 0.4 0.4 0.4 1 0.4 0.4 0.4 1 0.4 0.4 0.4 1 0.4 0.4 0.4 1 0.4 0.4 0.4 1 0.4 0.4 0.4 1 0.4 0.4 0.4 1 0.4 0.4 0.4 1 0.4 0.4 0.4 1 0.4 0.4 0.4 1 0.4 0.4 0.4 1 0.4 0.4 0.4 1 0.4 0.4 0.4 1 0.4 0.4 0.4 1 0.4 0.4 0.4 1 0.4 0.4 0.4 1 0.4 0.4 0.4 1 0.4 0.4 0.4 1 0.4 0.4 0.4 1 0.4 0.4 0.4 1 0.4 0.4 0.4 1 0.4 0.4 0.4 1 0.4 0.4 0.4 1 0.4 0.4 0.4 1 0.4 0.4 0.4 1 0.4 0.4 0.4 1 0.4 0.4 0.4 1 0.4 0.4 0.4 1 0.4 0.4 0.4 1 0.4 0.4 0.4 1 0.4 0.4 0.4 1 0.4 0.4 0.4 1 0.4 0.4 0.4 1 0.4 0.4 0.4 1 0.4 0.4 0.4 1 0.4 0.4 0.4 1 0.4 0.4 0.4 1 0.4 0.4 0.4 1 0.4 0.4 0.4 1 0.4 0.4 0.4 1 0.4 0.4 0.4 1 0.4 0.4 0.4 1 0.4 0.4 0.4 1 0.4 0.4 0.4 1 0.4 0.4 0.4 1 0.4 0.4 0.4 1 0.4 0.4 0.4 1 0.4 0.4 0.4 1 0.4 0.4 0.4 1 0.4 0.4 0.4 1 0.4 0.4 0.4 1 0.4 0.4 0.4 1 0.4 0.4 0.4 1 0.4 0.4 0.4 1</float_array>
                    <technique_common>
                        <accessor count="146" source="#colorarrayMesh0_2" stride="4">
                            <param name="R" type="float"/>
                            <param name="G" type="float"/>
                            <param name="B" type="float"/>
                            <param name="A" type="float"/>
                        </accessor>
                    </technique_common>
                </source>
                <vertices id="verticesMesh0_2">
                    <input semantic="POSITION" source="#pointsMesh0_2"/>
                </vertices>
                <polylist count="144" material="Material1">
                    <input offset="0" semantic="VERTEX" source="#verticesMesh0_2"/>
                    <input offset="1" semantic="TEXCOORD" source="#uvsMesh0_2" set="0"/>
                    <input offset="2" semantic="COLOR" source="#colorsMesh0_2" set="0"/>
                    <vcount>3 3 3 3 3 3 3 3 3 3 3 3 3 3 3 3 3 3 3 3 3 3 3 3 3 3 3 3 3 3 3 3 3 3 3 3 3 3 3 3 3 3 3 3 3 3 3 3 3 3 3 3 3 3 3 3 3 3 3 3 3 3 3 3 3 3 3 3 3 3 3 3 3 3 3 3 3 3 3 3 3 3 3 3 3 3 3 3 3 3 3 3 3 3 3 3 3 3 3 3 3 3 3 3 3 3 3 3 3 3 3 3 3 3 3 3 3 3 3 3 3 3 3 3 3 3 3 3 3 3 3 3 3 3 3 3 3 3 3 3 3 3 3 3</vcount>
                    <p>0 0 0 1 1 1 2 2 2 3 3 3 2 2 2 4 4 4 3 3 3 0 0 0 2 2 2 2 2 2 1 1 1 4 4 4 0 0 0 5 5 5 1 1 1 1 1 1 5 5 5 6 6 6 1 1 1 7 7 7 8 8 8 6 6 6 7 7 7 1 1 1 1 1 1 9 9 9 10 10 10 4 4 4 1 1 1 10 10 10 11 11 11 12 12 12 13 13 13 3 3 3 4 4 4 14 14 14 15 15 15 16 16 16 17 17 17 17 17 17 18 18 18 15 15 15 15 15 15 19 19 19 16 16 16 19 19 19 20 20 20 16 16 16 11 11 11 21 21 21 12 12 12 22 22 22 23 23 23 24 24 24 21 21 21 25 25 25 12 12 12 26 26 26 27 27 27 12 12 12 25 25 25 26 26 26 12 12 12 28 28 28 12 12 12 29 29 29 22 22 22 30 30 30 23 23 23 31 31 31 22 22 22 24 24 24 23 23 23 32 32 32 24 24 24 33 33 33 24 24 24 34 34 34 24 24 24 35 35 35 36 36 36 24 24 24 36 36 36 37 37 37 34 34 34 24 24 24 37 37 37 38 38 38 39 39 39 40 40 40 38 38 38 40 40 40 41 41 41 38 38 38 41 41 41 42 42 42 38 38 38 42 42 42 43 43 43 41 41 41 43 43 43 42 42 42 39 39 39 44 44 44 45 45 45 45 45 45 40 40 40 39 39 39 41 41 41 40 40 40 45 45 45 41 41 41 45 45 45 46 46 46 41 41 41 46 46 46 43 43 43 47 47 47 48 48 48 49 49 49 9 9 9 1 1 1 50 50 50 1 1 1 51 51 51 50 50 50 52 52 52 6 6 6 53 53 53 54 54 54 51 51 51 55 55 55 56 56 56 57 57 57 58 58 58 56 56 56 59 59 59 57 57 57 59 59 59 60 60 60 61 61 61 57 57 57 59 59 59 61 61 61 62 62 62 53 53 53 6 6 6 63 63 63 52 52 52 64 64 64 16 16 16 64 64 64 65 65 65 53 53 53 64 64 64 52 52 52 6 6 6 52 52 52 66 66 66 67 67 67 68 68 68 69 69 69 69 69 69 70 70 70 67 67 67 63 63 63 64 64 64 16 16 16 71 71 71 63 63 63 16 16 16 6 6 6 72 72 72 73 73 73 5 5 5 72 72 72 6 6 6 74 74 74 62 62 62 6 6 6 73 73 73 74 74 74 6 6 6 6 6 6 66 66 66 7 7 7 60 60 60 75 75 75 61 61 61 71 71 71 76 76 76 77 77 77 78 78 78 16 16 16 20 20 20 16 16 16 78 78 78 76 76 76 17 17 17 16 16 16 79 79 79 16 16 16 65 65 65 79 79 79 16 16 16 76 76 76 71 71 71 80 80 80 81 81 81 82 82 82 83 83 83 77 77 77 76 76 76 33 33 33 84 84 84 71 71 71 85 85 85 86 86 86 76 76 76 78 78 78 85 85 85 76 76 76 76 76 76 86 86 86 83 83 83 33 33 33 34 34 34 84 84 84 87 87 87 88 88 88 89 89 89 90 90 90 87 87 87 89 89 89 36 36 36 35 35 35 70 70 70 36 36 36 70 70 70 91 91 91 70 70 70 69 69 69 91 91 91 92 92 92 69 69 69 93 93 93 69 69 69 94 94 94 95 95 95 69 69 69 95 95 95 93 93 93 69 69 69 96 96 96 94 94 94 93 93 93 97 97 97 55 55 55 27 27 27 26 26 26 98 98 98 99 99 99 100 100 100 101 101 101 99 99 99 102 102 102 100 100 100 100 100 100 67 67 67 101 101 101 101 101 101 67 67 67 70 70 70 30 30 30 27 27 27 98 98 98 30 30 30 98 98 98 23 23 23 103 103 103 3 3 3 14 14 14 103 103 103 14 14 14 104 104 104 3 3 3 105 105 105 73 73 73 3 3 3 73 73 73 0 0 0 106 106 106 107 107 107 108 108 108 106 106 106 109 109 109 107 107 107 96 96 96 69 69 69 68 68 68 93 93 93 95 95 95 110 110 110 94 94 94 96 96 96 97 97 97 96 96 96 55 55 55 97 97 97 111 111 111 54 54 54 55 55 55 111 111 111 55 55 55 96 96 96 112 112 112 113 113 113 106 106 106 109 109 109 106 106 106 113 113 113 106 106 106 114 114 114 112 112 112 104 104 104 14 14 14 115 115 115 14 14 14 116 116 116 115 115 115 83 83 83 117 117 117 77 77 77 77 77 77 118 118 118 119 119 119 120 120 120 118 118 118 121 121 121 119 119 119 118 118 118 120 120 120 122 122 122 123 123 123 119 119 119 79 79 79 124 124 124 17 17 17 125 125 125 78 78 78 20 20 20 119 119 119 120 120 120 122 122 122 119 119 119 123 123 123 126 126 126 123 123 123 127 127 127 126 126 126 13 13 13 12 12 12 128 128 128 28 28 28 128 128 128 12 12 12 117 117 117 118 118 118 77 77 77 105 105 105 74 74 74 73 73 73 24 24 24 28 28 28 31 31 31 28 28 28 29 29 29 31 31 31 65 65 65 129 129 129 130 130 130 65 65 65 130 130 130 79 79 79 93 93 93 110 110 110 97 97 97 131 131 131 54 54 54 111 111 111 132 132 132 133 133 133 134 134 134 135 135 135 131 131 131 136 136 136 131 131 131 135 135 135 54 54 54 116 116 116 137 137 137 138 138 138 116 116 116 138 138 138 115 115 115 139 139 139 132 132 132 134 134 134 132 132 132 140 140 140 133 133 133 141 141 141 142 142 142 143 143 143 133 133 133 140 140 140 144 144 144 145 145 145 133 133 133 144 144 144 145 145 145 144 144 144 143 143 143 142 142 142 145 145 145 143 143 143 139 139 139 134 134 134 142 142 142 141 141 141 139 139 139 142 142 142</p>
                </polylist>
            </mesh>
        </geometry>
        <geometry id="meshMesh1_1">
            <mesh>
                <source id="pointsMesh1_1">
                    <float_array id="pointarrayMesh1_1" count="114">768 768 5888 1792 768 4864 768 768 5376 1792 768 5376 1792 768 5376 2304 768 4864 1792 768 4864 -1791 768 1792 -1535 768 2048 -1535 768 1536 -921 256 5375 -1535 256 5376 -1535 256 5888 -921 256 5888 -2559 179 5376 -2559 179 5888 -3583 0 5376 -4799 0 5312 -4799 0 5888 -3583 0 5888 -3583 0 5376 -3583 0 5888 1792 768 4352 1792 768 4864 2304 768 4864 2304 768 4352 -1535 768 2048 1280 768 3840 -1535 768 1536 1280 768 3328 1280 768 3840 1792 768 4352 2304 768 4352 1280 768 3328 -3071 768 512 -2815 768 256 -3097 768 -24 -3368 768 246</float_array>
                    <technique_common>
                        <accessor count="38" source="#pointarrayMesh1_1" stride="3">
                            <param name="X" type="float"/>
                            <param name="Y" type="float"/>
                            <param name="Z" type="float"/>
                        </accessor>
                    </technique_common>
                </source>
                <source id="uvsMesh1_1">
                    <float_array id="uvarrayMesh1_1" count="76">0.966796875 -0.44921875 -0.025390625 2.525390625 -0.025390625 0.044921875 0.966796875 2.029296875 0.966796875 -0.962890625 0.966796875 1 0 0.033203125 0.99609375 -0.22265625 0.99609375 0.783203125 -0.01171875 -0.22265625 0 2.2265625 0 1 0.966796875 1 0.966796875 2.2265625 0 -0.96875 0.966796875 -0.96875 0.05859375 1 -0.052734375 -1.12109375 0.966796875 -1.12109375 0.966796875 1 0 -2.984375 0.966796875 -2.984375 0.966796875 0.033203125 0.966796875 1 0 1 0 0.033203125 1.005859375 -0.28515625 1.005859375 8.708984375 0 -0.9765625 0 8.017578125 0.9765625 0.00390625 0.9765625 2.01953125 0 3.02734375 0 -1.00390625 0 0.033203125 0.966796875 0.033203125 0.966796875 1 -0.08984375 1.033203125</float_array>
                    <technique_common>
                        <accessor count="38" source="#uvarrayMesh1_1" stride="2">
                            <param name="S" type="float"/>
                            <param name="T" type="float"/>
                        </accessor>
                    </technique_common>
                </source>
                <vertices id="verticesMesh1_1">
                    <input semantic="POSITION" source="#pointsMesh1_1"/>
                </vertices>
                <polylist count="20" material="Material1">
                    <input offset="0" semantic="VERTEX" source="#verticesMesh1_1"/>
                    <input offset="1" semantic="TEXCOORD" source="#uvsMesh1_1" set="0"/>
                    <vcount>3 3 3 3 3 3 3 3 3 3 3 3 3 3 3 3 3 3 3 3</vcount>
                    <p>0 0 1 1 2 2 0 0 3 3 1 1 4 4 5 5 6 6 7 7 8 8 9 9 10 10 11 11 12 12 13 13 10 10 12 12 11 11 14 14 12 12 14 14 15 15 12 12 16 16 17 17 18 18 16 16 18 18 19 19 14 14 20 20 21 21 14 14 21 21 15 15 22 22 23 23 24 24 22 22 24 24 25 25 26 26 27 27 28 28 27 27 29 29 28 28 30 30 31 31 32 32 30 30 32 32 33 33 34 34 35 35 36 36 34 34 36 36 37 37</p>
                </polylist>
            </mesh>
        </geometry>
        <geometry id="meshMesh1_2">
            <mesh>
                <source id="pointsMesh1_2">
                    <float_array id="pointarrayMesh1_2" count="114">768 768 5888 1792 768 4864 768 768 5376 1792 768 5376 1792 768 5376 2304 768 4864 1792 768 4864 -1791 768 1792 -1535 768 2048 -1535 768 1536 -921 256 5375 -1535 256 5376 -1535 256 5888 -921 256 5888 -2559 179 5376 -2559 179 5888 -3583 0 5376 -4799 0 5312 -4799 0 5888 -3583 0 5888 -3583 0 5376 -3583 0 5888 1792 768 4352 1792 768 4864 2304 768 4864 2304 768 4352 -1535 768 2048 1280 768 3840 -1535 768 1536 1280 768 3328 1280 768 3840 1792 768 4352 2304 768 4352 1280 768 3328 -3071 768 512 -2815 768 256 -3097 768 -24 -3368 768 246</float_array>
                    <technique_common>
                        <accessor count="38" source="#pointarrayMesh1_2" stride="3">
                            <param name="X" type="float"/>
                            <param name="Y" type="float"/>
                            <param name="Z" type="float"/>
                        </accessor>
                    </technique_common>
                </source>
                <source id="uvsMesh1_2">
                    <float_array id="uvarrayMesh1_2" count="76">0.966796875 -0.44921875 -0.025390625 2.525390625 -0.025390625 0.044921875 0.966796875 2.029296875 0.966796875 -0.962890625 0.966796875 1 0 0.033203125 0.99609375 -0.22265625 0.99609375 0.783203125 -0.01171875 -0.22265625 0 2.2265625 0 1 0.966796875 1 0.966796875 2.2265625 0 -0.96875 0.966796875 -0.96875 0.05859375 1 -0.052734375 -1.12109375 0.966796875 -1.12109375 0.966796875 1 0 -2.984375 0.966796875 -2.984375 0.966796875 0.033203125 0.966796875 1 0 1 0 0.033203125 1.005859375 -0.28515625 1.005859375 8.708984375 0 -0.9765625 0 8.017578125 0.9765625 0.00390625 0.9765625 2.01953125 0 3.02734375 0 -1.00390625 0 0.033203125 0.966796875 0.033203125 0.966796875 1 -0.08984375 1.033203125</float_array>
                    <technique_common>
                        <accessor count="38" source="#uvarrayMesh1_2" stride="2">
                            <param name="S" type="float"/>
                            <param name="T" type="float"/>
                        </accessor>
                    </technique_common>
                </source>
                <source id="colorsMesh1_2">
                    <float_array id="colorarrayMesh1_2" count="152">0.4 0.4 0.4 1 0.4 0.4 0.4 1 0.4 0.4 0.4 1 0.4 0.4 0.4 1 0.4 0.4 0.4 1 0.4 0.4 0.4 1 0.4 0.4 0.4 1 0.4 0.4 0.4 1 0.4 0.4 0.4 1 0.4 0.4 0.4 1 0.4 0.4 0.4 1 0.4 0.4 0.4 1 0.4 0.4 0.4 1 0.4 0.4 0.4 1 0.4 0.4 0.4 1 0.4 0.4 0.4 1 0.4 0.4 0.4 1 0.4 0.4 0.4 1 0.4 0.4 0.4 1 0.4 0.4 0.4 1 0.4 0.4 0.4 1 0.4 0.4 0.4 1 0.4 0.4 0.4 1 0.4 0.4 0.4 1 0.4 0.4 0.4 1 0.4 0.4 0.4 1 0.4 0.4 0.4 1 0.4 0.4 0.4 1 0.4 0.4 0.4 1 0.4 0.4 0.4 1 0.4 0.4 0.4 1 0.4 0.4 0.4 1 0.4 0.4 0.4 1 0.4 0.4 0.4 1 0.4 0.4 0.4 1 0.4 0.4 0.4 1 0.4 0.4 0.4 1 0.4 0.4 0.4 1</float_array>
                    <technique_common>
                        <accessor count="38" source="#colorarrayMesh1_2" stride="4">
                            <param name="R" type="float"/>
                            <param name="G" type="float"/>
                            <param name="B" type="float"/>
                            <param name="A" type="float"/>
                        </accessor>
                    </technique_common>
                </source>
                <vertices id="verticesMesh1_2">
                    <input semantic="POSITION" source="#pointsMesh1_2"/>
                </vertices>
                <polylist count="20" material="Material1">
                    <input offset="0" semantic="VERTEX" source="#verticesMesh1_2"/>
                    <input offset="1" semantic="TEXCOORD" source="#uvsMesh1_2" set="0"/>
                    <input offset="2" semantic="COLOR" source="#colorsMesh1_2" set="0"/>
                    <vcount>3 3 3 3 3 3 3 3 3 3 3 3 3 3 3 3 3 3 3 3</vcount>
                    <p>0 0 0 1 1 1 2 2 2 0 0 0 3 3 3 1 1 1 4 4 4 5 5 5 6 6 6 7 7 7 8 8 8 9 9 9 10 10 10 11 11 11 12 12 12 13 13 13 10 10 10 12 12 12 11 11 11 14 14 14 12 12 12 14 14 14 15 15 15 12 12 12 16 16 16 17 17 17 18 18 18 16 16 16 18 18 18 19 19 19 14 14 14 20 20 20 21 21 21 14 14 14 21 21 21 15 15 15 22 22 22 23 23 23 24 24 24 22 22 22 24 24 24 25 25 25 26 26 26 27 27 27 28 28 28 27 27 27 29 29 29 28 28 28 30 30 30 31 31 31 32 32 32 30 30 30 32 32 32 33 33 33 34 34 34 35 35 35 36 36 36 34 34 34 36 36 36 37 37 37</p>
                </polylist>
            </mesh>
        </geometry>
        <geometry id="meshMesh2_1">
            <mesh>
                <source id="pointsMesh2_1">
                    <float_array id="pointarrayMesh2_1" count="96">768 717 5376 768 717 5888 -921 205 5888 -921 205 5376 -921 256 5375 768 768 5376 -921 256 5888 768 768 5888 3319 2944 -1866 3319 2970 -1866 3279 2970 -1718 3279 2944 -1718 3279 2944 -1718 3279 2970 -1718 2407 2943 -1925 2407 2917 -1925 2407 2943 -1925 2447 2943 -2073 2447 2917 -2073 3319 2970 -1866 2447 2943 -2073 2407 2943 -1925 3279 2970 -1718 2447 2917 -2073 3319 2970 -1866 3319 2944 -1866 2447 2943 -2073 3279 2944 -1718 2447 2917 -2073 3319 2944 -1866 2407 2917 -1925 2407 2917 -1925</float_array>
                    <technique_common>
                        <accessor count="32" source="#pointarrayMesh2_1" stride="3">
                            <param name="X" type="float"/>
                            <param name="Y" type="float"/>
                            <param name="Z" type="float"/>
                        </accessor>
                    </technique_common>
                </source>
                <source id="uvsMesh2_1">
                    <float_array id="uvarrayMesh2_1" count="64">5.8984375 1 5.900390625 0.017578125 -0.98046875 0.017578125 -0.982421875 1.013671875 -0.923828125 1 5.95703125 1 -0.923828125 0.017578125 5.95703125 0.017578125 0 0.017578125 0 -0.46875 0.947265625 -0.46875 0.947265625 0.017578125 0.22265625 1.01953125 0.46875 1.01953125 0.212890625 0.013671875 1.109375 0.52734375 1.109375 0.037109375 0.130859375 0.037109375 0.130859375 0.52734375 0 1 0 0.009765625 0.947265625 0.00390625 0.947265625 1.009765625 0 0.017578125 0.46875 1.025390625 0.22265625 1.025390625 0.212890625 0.017578125 0.947265625 1.009765625 0 0.0078125 0 1 0 0.013671875 0.947265625 0.00390625</float_array>
                    <technique_common>
                        <accessor count="32" source="#uvarrayMesh2_1" stride="2">
                            <param name="S" type="float"/>
                            <param name="T" type="float"/>
                        </accessor>
                    </technique_common>
                </source>
                <vertices id="verticesMesh2_1">
                    <input semantic="POSITION" source="#pointsMesh2_1"/>
                </vertices>
                <polylist count="20" material="Material1">
                    <input offset="0" semantic="VERTEX" source="#verticesMesh2_1"/>
                    <input offset="1" semantic="TEXCOORD" source="#uvsMesh2_1" set="0"/>
                    <vcount>3 3 3 3 3 3 3 3 3 3 3 3 3 3 3 3 3 3 3 3</vcount>
                    <p>0 0 1 1 2 2 3 3 0 0 2 2 0 0 3 3 4 4 0 0 4 4 5 5 6 6 5 5 4 4 6 6 7 7 5 5 2 2 1 1 7 7 2 2 7 7 6 6 8 8 9 9 10 10 8 8 10 10 11 11 12 12 13 13 14 14 15 15 16 16 17 17 15 15 17 17 18 18 19 19 20 20 21 21 19 19 21 21 22 22 23 23 24 24 25 25 23 23 26 26 24 24 27 27 28 28 29 29 12 12 14 14 30 30 27 27 31 31 28 28</p>
                </polylist>
            </mesh>
        </geometry>
        <geometry id="meshMesh2_2">
            <mesh>
                <source id="pointsMesh2_2">
                    <float_array id="pointarrayMesh2_2" count="96">768 717 5376 768 717 5888 -921 205 5888 -921 205 5376 -921 256 5375 768 768 5376 -921 256 5888 768 768 5888 3319 2944 -1866 3319 2970 -1866 3279 2970 -1718 3279 2944 -1718 3279 2944 -1718 3279 2970 -1718 2407 2943 -1925 2407 2917 -1925 2407 2943 -1925 2447 2943 -2073 2447 2917 -2073 3319 2970 -1866 2447 2943 -2073 2407 2943 -1925 3279 2970 -1718 2447 2917 -2073 3319 2970 -1866 3319 2944 -1866 2447 2943 -2073 3279 2944 -1718 2447 2917 -2073 3319 2944 -1866 2407 2917 -1925 2407 2917 -1925</float_array>
                    <technique_common>
                        <accessor count="32" source="#pointarrayMesh2_2" stride="3">
                            <param name="X" type="float"/>
                            <param name="Y" type="float"/>
                            <param name="Z" type="float"/>
                        </accessor>
                    </technique_common>
                </source>
                <source id="uvsMesh2_2">
                    <float_array id="uvarrayMesh2_2" count="64">5.8984375 1 5.900390625 0.017578125 -0.98046875 0.017578125 -0.982421875 1.013671875 -0.923828125 1 5.95703125 1 -0.923828125 0.017578125 5.95703125 0.017578125 0 0.017578125 0 -0.46875 0.947265625 -0.46875 0.947265625 0.017578125 0.22265625 1.01953125 0.46875 1.01953125 0.212890625 0.013671875 1.109375 0.52734375 1.109375 0.037109375 0.130859375 0.037109375 0.130859375 0.52734375 0 1 0 0.009765625 0.947265625 0.00390625 0.947265625 1.009765625 0 0.017578125 0.46875 1.025390625 0.22265625 1.025390625 0.212890625 0.017578125 0.947265625 1.009765625 0 0.0078125 0 1 0 0.013671875 0.947265625 0.00390625</float_array>
                    <technique_common>
                        <accessor count="32" source="#uvarrayMesh2_2" stride="2">
                            <param name="S" type="float"/>
                            <param name="T" type="float"/>
                        </accessor>
                    </technique_common>
                </source>
                <source id="colorsMesh2_2">
                    <float_array id="colorarrayMesh2_2" count="128">0.4 0.4 0.4 1 0.4 0.4 0.4 1 0.4 0.4 0.4 1 0.4 0.4 0.4 1 0.4 0.4 0.4 1 0.4 0.4 0.4 1 0.4 0.4 0.4 1 0.4 0.4 0.4 1 0.4 0.4 0.4 1 0.4 0.4 0.4 1 0.4 0.4 0.4 1 0.4 0.4 0.4 1 0.4 0.4 0.4 1 0.4 0.4 0.4 1 0.4 0.4 0.4 1 0.4 0.4 0.4 1 0.4 0.4 0.4 1 0.4 0.4 0.4 1 0.4 0.4 0.4 1 0.4 0.4 0.4 1 0.4 0.4 0.4 1 0.4 0.4 0.4 1 0.4 0.4 0.4 1 0.4 0.4 0.4 1 0.4 0.4 0.4 1 0.4 0.4 0.4 1 0.4 0.4 0.4 1 0.4 0.4 0.4 1 0.4 0.4 0.4 1 0.4 0.4 0.4 1 0.4 0.4 0.4 1 0.4 0.4 0.4 1</float_array>
                    <technique_common>
                        <accessor count="32" source="#colorarrayMesh2_2" stride="4">
                            <param name="R" type="float"/>
                            <param name="G" type="float"/>
                            <param name="B" type="float"/>
                            <param name="A" type="float"/>
                        </accessor>
                    </technique_common>
                </source>
                <vertices id="verticesMesh2_2">
                    <input semantic="POSITION" source="#pointsMesh2_2"/>
                </vertices>
                <polylist count="20" material="Material1">
                    <input offset="0" semantic="VERTEX" source="#verticesMesh2_2"/>
                    <input offset="1" semantic="TEXCOORD" source="#uvsMesh2_2" set="0"/>
                    <input offset="2" semantic="COLOR" source="#colorsMesh2_2" set="0"/>
                    <vcount>3 3 3 3 3 3 3 3 3 3 3 3 3 3 3 3 3 3 3 3</vcount>
                    <p>0 0 0 1 1 1 2 2 2 3 3 3 0 0 0 2 2 2 0 0 0 3 3 3 4 4 4 0 0 0 4 4 4 5 5 5 6 6 6 5 5 5 4 4 4 6 6 6 7 7 7 5 5 5 2 2 2 1 1 1 7 7 7 2 2 2 7 7 7 6 6 6 8 8 8 9 9 9 10 10 10 8 8 8 10 10 10 11 11 11 12 12 12 13 13 13 14 14 14 15 15 15 16 16 16 17 17 17 15 15 15 17 17 17 18 18 18 19 19 19 20 20 20 21 21 21 19 19 19 21 21 21 22 22 22 23 23 23 24 24 24 25 25 25 23 23 23 26 26 26 24 24 24 27 27 27 28 28 28 29 29 29 12 12 12 14 14 14 30 30 30 27 27 27 31 31 31 28 28 28</p>
                </polylist>
            </mesh>
        </geometry>
        <geometry id="meshMesh3_1">
            <mesh>
                <source id="pointsMesh3_1">
                    <float_array id="pointarrayMesh3_1" count="60">-6591 0 5888 -6245 128 5816 -6245 128 5384 -5842 128 6248 -5797 128 5702 -5593 128 5702 -5548 128 6248 -5375 0 6464 -6015 0 6464 -5797 128 5498 -5593 128 5498 -5145 128 5816 -4799 0 5888 -5145 128 5384 -4799 0 5312 -6591 0 5312 -5842 128 4952 -5548 128 4952 -6015 0 4736 -5375 0 4736</float_array>
                    <technique_common>
                        <accessor count="20" source="#pointarrayMesh3_1" stride="3">
                            <param name="X" type="float"/>
                            <param name="Y" type="float"/>
                            <param name="Z" type="float"/>
                        </accessor>
                    </technique_common>
                </source>
                <source id="uvsMesh3_1">
                    <float_array id="uvarrayMesh3_1" count="40">-2.94921875 -2.615234375 -1.6015625 -2.3359375 -1.6015625 -0.650390625 0 -4.01953125 0.142578125 -1.892578125 0.94140625 -1.892578125 1.1171875 -4.01953125 1.791015625 -4.861328125 -0.703125 -4.861328125 0.142578125 -1.09375 0.94140625 -1.09375 2.6875 -2.3359375 4.03515625 -2.615234375 2.6875 -0.650390625 4.03515625 -0.37109375 -2.94921875 -0.37109375 0 1 1.1171875 1 -0.703125 1.873046875 1.791015625 1.873046875</float_array>
                    <technique_common>
                        <accessor count="20" source="#uvarrayMesh3_1" stride="2">
                            <param name="S" type="float"/>
                            <param name="T" type="float"/>
                        </accessor>
                    </technique_common>
                </source>
                <vertices id="verticesMesh3_1">
                    <input semantic="POSITION" source="#pointsMesh3_1"/>
                </vertices>
                <polylist count="28" material="Material1">
                    <input offset="0" semantic="VERTEX" source="#verticesMesh3_1"/>
                    <input offset="1" semantic="TEXCOORD" source="#uvsMesh3_1" set="0"/>
                    <vcount>3 3 3 3 3 3 3 3 3 3 3 3 3 3 3 3 3 3 3 3 3 3 3 3 3 3 3 3</vcount>
                    <p>0 0 1 1 2 2 1 1 3 3 4 4 2 2 1 1 4 4 3 3 1 1 0 0 3 3 5 5 4 4 3 3 6 6 5 5 7 7 3 3 8 8 7 7 6 6 3 3 8 8 3 3 0 0 2 2 4 4 9 9 10 10 5 5 11 11 6 6 11 11 5 5 12 12 6 6 7 7 12 12 11 11 6 6 10 10 11 11 13 13 14 14 11 11 12 12 14 14 13 13 11 11 0 0 2 2 15 15 2 2 9 9 16 16 15 15 2 2 16 16 16 16 9 9 10 10 16 16 10 10 17 17 15 15 16 16 18 18 18 18 16 16 17 17 10 10 13 13 17 17 17 17 13 13 14 14 18 18 17 17 19 19 19 19 17 17 14 14</p>
                </polylist>
            </mesh>
        </geometry>
        <geometry id="meshMesh3_2">
            <mesh>
                <source id="pointsMesh3_2">
                    <float_array id="pointarrayMesh3_2" count="60">-6591 0 5888 -6245 128 5816 -6245 128 5384 -5842 128 6248 -5797 128 5702 -5593 128 5702 -5548 128 6248 -5375 0 6464 -6015 0 6464 -5797 128 5498 -5593 128 5498 -5145 128 5816 -4799 0 5888 -5145 128 5384 -4799 0 5312 -6591 0 5312 -5842 128 4952 -5548 128 4952 -6015 0 4736 -5375 0 4736</float_array>
                    <technique_common>
                        <accessor count="20" source="#pointarrayMesh3_2" stride="3">
                            <param name="X" type="float"/>
                            <param name="Y" type="float"/>
                            <param name="Z" type="float"/>
                        </accessor>
                    </technique_common>
                </source>
                <source id="uvsMesh3_2">
                    <float_array id="uvarrayMesh3_2" count="40">-2.94921875 -2.615234375 -1.6015625 -2.3359375 -1.6015625 -0.650390625 0 -4.01953125 0.142578125 -1.892578125 0.94140625 -1.892578125 1.1171875 -4.01953125 1.791015625 -4.861328125 -0.703125 -4.861328125 0.142578125 -1.09375 0.94140625 -1.09375 2.6875 -2.3359375 4.03515625 -2.615234375 2.6875 -0.650390625 4.03515625 -0.37109375 -2.94921875 -0.37109375 0 1 1.1171875 1 -0.703125 1.873046875 1.791015625 1.873046875</float_array>
                    <technique_common>
                        <accessor count="20" source="#uvarrayMesh3_2" stride="2">
                            <param name="S" type="float"/>
                            <param name="T" type="float"/>
                        </accessor>
                    </technique_common>
                </source>
                <source id="colorsMesh3_2">
                    <float_array id="colorarrayMesh3_2" count="80">0.4 0.4 0.4 1 0.4 0.4 0.4 1 0.4 0.4 0.4 1 0.4 0.4 0.4 1 0.4 0.4 0.4 1 0.4 0.4 0.4 1 0.4 0.4 0.4 1 0.4 0.4 0.4 1 0.4 0.4 0.4 1 0.4 0.4 0.4 1 0.4 0.4 0.4 1 0.4 0.4 0.4 1 0.4 0.4 0.4 1 0.4 0.4 0.4 1 0.4 0.4 0.4 1 0.4 0.4 0.4 1 0.4 0.4 0.4 1 0.4 0.4 0.4 1 0.4 0.4 0.4 1 0.4 0.4 0.4 1</float_array>
                    <technique_common>
                        <accessor count="20" source="#colorarrayMesh3_2" stride="4">
                            <param name="R" type="float"/>
                            <param name="G" type="float"/>
                            <param name="B" type="float"/>
                            <param name="A" type="float"/>
                        </accessor>
                    </technique_common>
                </source>
                <vertices id="verticesMesh3_2">
                    <input semantic="POSITION" source="#pointsMesh3_2"/>
                </vertices>
                <polylist count="28" material="Material1">
                    <input offset="0" semantic="VERTEX" source="#verticesMesh3_2"/>
                    <input offset="1" semantic="TEXCOORD" source="#uvsMesh3_2" set="0"/>
                    <input offset="2" semantic="COLOR" source="#colorsMesh3_2" set="0"/>
                    <vcount>3 3 3 3 3 3 3 3 3 3 3 3 3 3 3 3 3 3 3 3 3 3 3 3 3 3 3 3</vcount>
                    <p>0 0 0 1 1 1 2 2 2 1 1 1 3 3 3 4 4 4 2 2 2 1 1 1 4 4 4 3 3 3 1 1 1 0 0 0 3 3 3 5 5 5 4 4 4 3 3 3 6 6 6 5 5 5 7 7 7 3 3 3 8 8 8 7 7 7 6 6 6 3 3 3 8 8 8 3 3 3 0 0 0 2 2 2 4 4 4 9 9 9 10 10 10 5 5 5 11 11 11 6 6 6 11 11 11 5 5 5 12 12 12 6 6 6 7 7 7 12 12 12 11 11 11 6 6 6 10 10 10 11 11 11 13 13 13 14 14 14 11 11 11 12 12 12 14 14 14 13 13 13 11 11 11 0 0 0 2 2 2 15 15 15 2 2 2 9 9 9 16 16 16 15 15 15 2 2 2 16 16 16 16 16 16 9 9 9 10 10 10 16 16 16 10 10 10 17 17 17 15 15 15 16 16 16 18 18 18 18 18 18 16 16 16 17 17 17 10 10 10 13 13 13 17 17 17 17 17 17 13 13 13 14 14 14 18 18 18 17 17 17 19 19 19 19 19 19 17 17 17 14 14 14</p>
                </polylist>
            </mesh>
        </geometry>
        <geometry id="meshMesh4_1">
            <mesh>
                <source id="pointsMesh4_1">
                    <float_array id="pointarrayMesh4_1" count="672">-3151 1741 -6526 -2459 1741 -5155 -2413 1741 -5178 -3105 1690 -6549 -2459 1690 -5155 -3151 1690 -6526 -2413 1690 -5178 -2459 1690 -5155 -2459 1741 -5155 -3151 1741 -6526 -3151 1690 -6526 -3105 1741 -6549 -2413 1741 -5178 -3151 1075 -6526 -2458 1075 -5155 -2413 1075 -5178 -3105 1741 -6549 -2458 1024 -5155 -3151 1075 -6526 -3151 1024 -6526 -2458 1075 -5155 -3105 1024 -6549 -3105 1075 -6549 -2413 1075 -5178 -2413 1024 -5178 -3105 1075 -6549 -1016 1690 -2299 -1016 1741 -2299 -2285 1741 -4812 -3151 1024 -6526 -3151 1075 -6526 -3105 1075 -6549 -3105 1024 -6549 -2413 1024 -5178 -2413 1075 -5178 -2458 1075 -5155 -2458 1024 -5155 -2240 1690 -4835 -970 1690 -2322 -1016 1690 -2299 -2285 1690 -4812 -1016 1024 -2299 -2285 1075 -4812 -2285 1024 -4812 -2285 1690 -4812 -2285 1741 -4812 -970 1741 -2322 -2240 1741 -4835 -1016 1741 -2299 -2240 1690 -4835 -2240 1741 -4835 -970 1741 -2322 -970 1690 -2322 -1016 1075 -2299 -970 1024 -2322 -1016 1075 -2299 -1016 1024 -2299 -2285 1024 -4812 -2285 1075 -4812 -2240 1075 -4835 -2240 1024 -4835 -2240 1024 -4835 -970 1075 -2322 -970 1024 -2322 -2240 1075 -4835 -2285 1075 -4812 -970 1075 -2322 -2240 1075 -4835 -1016 1075 -2299 -2285 1741 -4812 -2458 1690 -5155 -2285 1690 -4812 -970 1075 -2322 -970 1690 -2322 -970 1741 -2322 -1016 1741 -2299 -1016 1690 -2299 -3151 1690 -6526 -3105 1741 -6549 -3105 1690 -6549 -3151 1741 -6526 -2458 1741 -5155 -5797 128 5702 -5797 -383 5498 -5797 128 5498 -2240 1741 -4835 -2413 1741 -5178 -2458 1741 -5155 -2285 1741 -4812 -2240 1690 -4835 -2413 1690 -5178 -2413 1741 -5178 -2240 1741 -4835 -2285 1690 -4812 -2458 1690 -5155 -2413 1690 -5178 -2240 1690 -4835 -5593 128 5702 -5797 -383 5702 -5797 128 5702 -5797 -383 5702 -5797 128 5498 -5593 -383 5498 -5593 128 5498 -5797 -383 5498 -5593 128 5498 -5593 -383 5702 -5593 128 5702 -5593 -383 5498 -5593 -383 5702 -5119 1331 -3429 -5119 819 -3634 -5119 1331 -3634 -5797 -383 5702 -5593 -383 5702 -5593 -383 5498 -5797 -383 5498 -4914 819 -3634 -5119 819 -3634 -5119 819 -3429 -4914 819 -3429 -5119 1331 -3634 -4914 819 -3634 -4914 1331 -3634 -5119 819 -3634 -5119 819 -3429 -4914 1331 -3429 -4914 819 -3429 -5119 819 -3429 -5119 1331 -3429 -4914 1331 -3634 -4914 819 -3429 -4914 1331 -3429 -4914 819 -3634 -2175 358 1024 -2303 358 896 -2303 717 1024 -2303 0 896 -2175 358 1024 -2175 0 1024 -2431 0 1024 -2431 358 1024 -2303 358 896 -2303 0 896 -2303 0 1152 -2431 358 1024 -2431 0 1024 -2303 358 1152 -2175 0 1024 -2303 358 1152 -2303 0 1152 -2175 358 1024 1434 0 4352 1434 0 4864 1792 0 4352 -2303 358 896 -2431 358 1024 -2303 358 1152 -2303 717 1024 -2303 358 896 -2431 358 1024 -2303 358 1152 -2175 358 1024 6246 2080 -6962 6246 1568 -7167 6246 2080 -7167 1792 0 4864 6246 2080 -7167 6246 1568 -7167 6451 1568 -7167 6451 2080 -7167 6246 1568 -7167 6246 1568 -6962 6451 1568 -6962 6451 1568 -7167 6246 1568 -6962 4147 3072 -2354 4147 2560 -2559 4147 3072 -2559 6451 2080 -6962 6451 1568 -6962 6246 1568 -6962 6246 2080 -6962 6451 2080 -7167 6451 1568 -7167 6451 1568 -6962 6451 2080 -6962 4352 2560 -2559 4147 2560 -2354 4352 2560 -2354 4147 2560 -2559 4147 3072 -2559 4147 2560 -2559 4352 2560 -2559 4147 2560 -2354 4352 3072 -2354 4352 2560 -2354 4147 2560 -2354 4147 3072 -2354 4352 3072 -2559 4352 2560 -2559 4352 2560 -2354 4352 3072 -2354 4352 3072 -2559 4250 3072 1127 4454 2560 1127 4454 3072 1127 4454 2560 1127 4250 2560 1332 4454 2560 1332 4250 2560 1127 4454 3072 1127 4454 2560 1332 4454 3072 1332 4454 2560 1127 4454 3072 1332 4454 2560 1332 4250 2560 1332 4250 3072 1332 4250 3072 1332 4250 2560 1332 4250 2560 1127 4250 2560 1127 4250 3072 1127</float_array>
                    <technique_common>
                        <accessor count="224" source="#pointarrayMesh4_1" stride="3">
                            <param name="X" type="float"/>
                            <param name="Y" type="float"/>
                            <param name="Z" type="float"/>
                        </accessor>
                    </technique_common>
                </source>
                <source id="uvsMesh4_1">
                    <float_array id="uvarrayMesh4_1" count="448">11.9453125 0.431640625 0 0.431640625 0 0.033203125 11.9453125 0.033203125 0 0.431640625 11.9453125 0.431640625 0 0.033203125 0.966796875 -0.36328125 0.966796875 0.033203125 -11.0078125 0.033203125 -11.0078125 -0.36328125 11.9453125 0.431640625 0 0.431640625 11.9453125 0.431640625 0 0.431640625 0 0.033203125 11.9453125 0.033203125 0.966796875 -0.36328125 -11.0078125 0.033203125 -11.0078125 -0.36328125 0.966796875 0.033203125 11.9453125 0.033203125 11.9453125 0.431640625 0 0.431640625 0 0.033203125 11.9453125 0.033203125 21.92578125 -0.36328125 21.92578125 0.033203125 0 0.033203125 0.966796875 -12.939453125 0.966796875 -11.94140625 0 -11.94140625 0 -12.939453125 0.3671875 0.6328125 0.3671875 1 0 1 0 0.6328125 0.966796875 21.990234375 0.966796875 0.033203125 0.568359375 0.033203125 0.568359375 21.990234375 21.92578125 -0.36328125 0 0.033203125 0 -0.36328125 0 -0.36328125 0.568359375 21.990234375 0.966796875 0.033203125 0.966796875 21.990234375 0.568359375 0.033203125 0.966796875 0.033203125 0.966796875 0.431640625 -20.98828125 0.431640625 -20.98828125 0.033203125 21.92578125 0.033203125 0.3671875 0.6328125 0 1 0 0.6328125 0.3671875 0.6328125 0.3671875 1 0 1 0 0.6328125 0.966796875 0.033203125 -20.98828125 0.431640625 -20.98828125 0.033203125 0.966796875 0.431640625 0.568359375 21.990234375 0.966796875 0.033203125 0.966796875 21.990234375 0.568359375 0.033203125 2.962890625 1 0 0.6328125 2.962890625 0.6328125 0.3671875 1 0.3671875 0.6328125 0.3671875 1 0 1 0 0.6328125 0.966796875 0.033203125 0 1 0 0.033203125 0.966796875 1 0 1 0 1 0.966796875 -1.462890625 0.966796875 1 2.962890625 1 0 1 0 0.6328125 2.962890625 0.6328125 0 0.6328125 2.962890625 0.6328125 2.962890625 1 0 1 0 0.033203125 2.962890625 0.033203125 2.962890625 0.431640625 0 0.431640625 0 1 0.966796875 -1.4609375 0.966796875 1 0 -1.462890625 0 1 0.966796875 -1.462890625 0.966796875 1 0 -1.462890625 0 1 0.966796875 -1.4609375 0.966796875 1 0 -1.4609375 0 -1.4609375 0 1 0.966796875 -1.462890625 0.966796875 1 0.966796875 0.033203125 0.966796875 1 0 1 0 0.033203125 0 1 0 0.033203125 0.966796875 0.033203125 0.966796875 1 0 1 0.966796875 -1.462890625 0.966796875 1 0 -1.462890625 0 -1.462890625 0 1 0 -1.4609375 0.966796875 -1.4609375 0.966796875 1 0 1 0.966796875 -1.4609375 0.966796875 1 0 -1.4609375 0 0.033203125 0.94921875 0.033203125 0.458984375 2.03515625 0.966796875 -0.962890625 -0.013671875 0.9765625 -0.013671875 -0.962890625 0.94921875 -0.908203125 0.94921875 1 0 1 0 -0.908203125 0.94921875 -0.908203125 0 1 0 -0.908203125 0.94921875 1 0.966796875 -0.962890625 -0.013671875 0.9765625 -0.013671875 -0.962890625 0.966796875 0.9765625 0 0.033203125 0.966796875 0.033203125 0 1 0.966796875 0.9765625 -0.013671875 0.033203125 0.966796875 0.033203125 0.4765625 2.03515625 0 0.033203125 0.94921875 0.033203125 0 0.033203125 0.94921875 0.033203125 0 1 0.966796875 -1.462890625 0.966796875 1 0.966796875 1 0 1 0 -1.462890625 0.966796875 -1.462890625 0.966796875 1 0 1 0 0.033203125 0.966796875 0.033203125 0.966796875 1 0 -1.462890625 0.966796875 1.26171875 0 -0.962890625 0 1.26171875 0 1 0 -1.462890625 0.966796875 -1.462890625 0.966796875 1 0 1 0 -1.462890625 0.966796875 -1.462890625 0.966796875 1 0.966796875 1 0 0.033203125 0.966796875 0.033203125 0 1 0.966796875 1 0.966796875 -1.193359375 0 -1.193359375 0.966796875 -0.962890625 0 1 0 -1.193359375 0.966796875 -1.193359375 0.966796875 1 0 1.26171875 0 -0.962890625 0.966796875 -0.962890625 0.966796875 1.26171875 0 1 0 1 0.966796875 -1.462890625 0.966796875 1 0 0.033203125 0.966796875 1 0 1 0.966796875 0.033203125 0 1 0.966796875 -1.462890625 0.966796875 1 0 -1.4609375 0 1 0 -1.4609375 0.966796875 -1.462890625 0.966796875 1 0 1 0 -1.4609375 0.966796875 -1.462890625 0 -1.4609375 0.966796875 1</float_array>
                    <technique_common>
                        <accessor count="224" source="#uvarrayMesh4_1" stride="2">
                            <param name="S" type="float"/>
                            <param name="T" type="float"/>
                        </accessor>
                    </technique_common>
                </source>
                <vertices id="verticesMesh4_1">
                    <input semantic="POSITION" source="#pointsMesh4_1"/>
                </vertices>
                <polylist count="112" material="Material1">
                    <input offset="0" semantic="VERTEX" source="#verticesMesh4_1"/>
                    <input offset="1" semantic="TEXCOORD" source="#uvsMesh4_1" set="0"/>
                    <vcount>3 3 3 3 3 3 3 3 3 3 3 3 3 3 3 3 3 3 3 3 3 3 3 3 3 3 3 3 3 3 3 3 3 3 3 3 3 3 3 3 3 3 3 3 3 3 3 3 3 3 3 3 3 3 3 3 3 3 3 3 3 3 3 3 3 3 3 3 3 3 3 3 3 3 3 3 3 3 3 3 3 3 3 3 3 3 3 3 3 3 3 3 3 3 3 3 3 3 3 3 3 3 3 3 3 3 3 3 3 3 3 3</vcount>
                    <p>0 0 1 1 2 2 3 3 4 4 5 5 3 3 6 6 4 4 7 7 8 8 9 9 7 7 9 9 10 10 3 3 11 11 12 12 3 3 12 12 6 6 13 13 14 14 15 15 0 0 2 2 16 16 17 17 18 18 19 19 17 17 20 20 18 18 21 21 22 22 23 23 21 21 23 23 24 24 13 13 15 15 25 25 26 26 27 27 28 28 29 29 30 30 31 31 29 29 31 31 32 32 33 33 34 34 35 35 33 33 35 35 36 36 37 37 38 38 39 39 37 37 39 39 40 40 41 41 42 42 43 43 26 26 28 28 44 44 45 45 46 46 47 47 45 45 48 48 46 46 49 49 50 50 51 51 49 49 51 51 52 52 41 41 53 53 42 42 54 54 55 55 56 56 57 57 58 58 59 59 57 57 59 59 60 60 61 61 62 62 63 63 61 61 64 64 62 62 65 65 66 66 67 67 65 65 68 68 66 66 69 69 70 70 71 71 54 54 72 72 55 55 73 73 74 74 75 75 73 73 75 75 76 76 77 77 78 78 79 79 77 77 80 80 78 78 69 69 81 81 70 70 82 82 83 83 84 84 85 85 86 86 87 87 85 85 87 87 88 88 89 89 90 90 91 91 89 89 91 91 92 92 93 93 94 94 95 95 93 93 95 95 96 96 97 97 98 98 99 99 82 82 100 100 83 83 101 101 102 102 103 103 101 101 104 104 102 102 105 105 106 106 107 107 105 105 108 108 106 106 97 97 109 109 98 98 110 110 111 111 112 112 113 113 114 114 115 115 113 113 115 115 116 116 117 117 118 118 119 119 117 117 119 119 120 120 121 121 122 122 123 123 121 121 124 124 122 122 110 110 125 125 111 111 126 126 127 127 128 128 126 126 128 128 129 129 130 130 131 131 132 132 130 130 133 133 131 131 134 134 135 135 136 136 137 137 138 138 139 139 140 140 141 141 142 142 140 140 142 142 143 143 144 144 145 145 146 146 144 144 147 147 145 145 148 148 149 149 150 150 148 148 151 151 149 149 152 152 153 153 154 154 137 137 155 155 138 138 156 156 157 157 158 158 159 159 160 160 136 136 161 161 162 162 136 136 163 163 164 164 165 165 153 153 166 166 154 154 167 167 168 168 169 169 167 167 169 169 170 170 171 171 172 172 173 173 171 171 173 173 174 174 163 163 175 175 164 164 176 176 177 177 178 178 179 179 180 180 181 181 179 179 181 181 182 182 183 183 184 184 185 185 183 183 185 185 186 186 187 187 188 188 189 189 187 187 190 190 188 188 191 191 192 192 193 193 176 176 194 194 177 177 195 195 196 196 197 197 195 195 197 197 198 198 199 199 200 200 201 201 199 199 201 201 202 202 191 191 193 193 203 203 204 204 205 205 206 206 207 207 208 208 209 209 207 207 210 210 208 208 211 211 212 212 213 213 211 211 214 214 212 212 215 215 216 216 217 217 215 215 217 217 218 218 219 219 220 220 221 221 204 204 222 222 205 205 219 219 221 221 223 223</p>
                </polylist>
            </mesh>
        </geometry>
        <geometry id="meshMesh4_2">
            <mesh>
                <source id="pointsMesh4_2">
                    <float_array id="pointarrayMesh4_2" count="672">-3151 1741 -6526 -2459 1741 -5155 -2413 1741 -5178 -3105 1690 -6549 -2459 1690 -5155 -3151 1690 -6526 -2413 1690 -5178 -2459 1690 -5155 -2459 1741 -5155 -3151 1741 -6526 -3151 1690 -6526 -3105 1741 -6549 -2413 1741 -5178 -3151 1075 -6526 -2458 1075 -5155 -2413 1075 -5178 -3105 1741 -6549 -2458 1024 -5155 -3151 1075 -6526 -3151 1024 -6526 -2458 1075 -5155 -3105 1024 -6549 -3105 1075 -6549 -2413 1075 -5178 -2413 1024 -5178 -3105 1075 -6549 -1016 1690 -2299 -1016 1741 -2299 -2285 1741 -4812 -3151 1024 -6526 -3151 1075 -6526 -3105 1075 -6549 -3105 1024 -6549 -2413 1024 -5178 -2413 1075 -5178 -2458 1075 -5155 -2458 1024 -5155 -2240 1690 -4835 -970 1690 -2322 -1016 1690 -2299 -2285 1690 -4812 -1016 1024 -2299 -2285 1075 -4812 -2285 1024 -4812 -2285 1690 -4812 -2285 1741 -4812 -970 1741 -2322 -2240 1741 -4835 -1016 1741 -2299 -2240 1690 -4835 -2240 1741 -4835 -970 1741 -2322 -970 1690 -2322 -1016 1075 -2299 -970 1024 -2322 -1016 1075 -2299 -1016 1024 -2299 -2285 1024 -4812 -2285 1075 -4812 -2240 1075 -4835 -2240 1024 -4835 -2240 1024 -4835 -970 1075 -2322 -970 1024 -2322 -2240 1075 -4835 -2285 1075 -4812 -970 1075 -2322 -2240 1075 -4835 -1016 1075 -2299 -2285 1741 -4812 -2458 1690 -5155 -2285 1690 -4812 -970 1075 -2322 -970 1690 -2322 -970 1741 -2322 -1016 1741 -2299 -1016 1690 -2299 -3151 1690 -6526 -3105 1741 -6549 -3105 1690 -6549 -3151 1741 -6526 -2458 1741 -5155 -5797 128 5702 -5797 -383 5498 -5797 128 5498 -2240 1741 -4835 -2413 1741 -5178 -2458 1741 -5155 -2285 1741 -4812 -2240 1690 -4835 -2413 1690 -5178 -2413 1741 -5178 -2240 1741 -4835 -2285 1690 -4812 -2458 1690 -5155 -2413 1690 -5178 -2240 1690 -4835 -5593 128 5702 -5797 -383 5702 -5797 128 5702 -5797 -383 5702 -5797 128 5498 -5593 -383 5498 -5593 128 5498 -5797 -383 5498 -5593 128 5498 -5593 -383 5702 -5593 128 5702 -5593 -383 5498 -5593 -383 5702 -5119 1331 -3429 -5119 819 -3634 -5119 1331 -3634 -5797 -383 5702 -5593 -383 5702 -5593 -383 5498 -5797 -383 5498 -4914 819 -3634 -5119 819 -3634 -5119 819 -3429 -4914 819 -3429 -5119 1331 -3634 -4914 819 -3634 -4914 1331 -3634 -5119 819 -3634 -5119 819 -3429 -4914 1331 -3429 -4914 819 -3429 -5119 819 -3429 -5119 1331 -3429 -4914 1331 -3634 -4914 819 -3429 -4914 1331 -3429 -4914 819 -3634 -2175 358 1024 -2303 358 896 -2303 717 1024 -2303 0 896 -2175 358 1024 -2175 0 1024 -2431 0 1024 -2431 358 1024 -2303 358 896 -2303 0 896 -2303 0 1152 -2431 358 1024 -2431 0 1024 -2303 358 1152 -2175 0 1024 -2303 358 1152 -2303 0 1152 -2175 358 1024 1434 0 4352 1434 0 4864 1792 0 4352 -2303 358 896 -2431 358 1024 -2303 358 1152 -2303 717 1024 -2303 358 896 -2431 358 1024 -2303 358 1152 -2175 358 1024 6246 2080 -6962 6246 1568 -7167 6246 2080 -7167 1792 0 4864 6246 2080 -7167 6246 1568 -7167 6451 1568 -7167 6451 2080 -7167 6246 1568 -7167 6246 1568 -6962 6451 1568 -6962 6451 1568 -7167 6246 1568 -6962 4147 3072 -2354 4147 2560 -2559 4147 3072 -2559 6451 2080 -6962 6451 1568 -6962 6246 1568 -6962 6246 2080 -6962 6451 2080 -7167 6451 1568 -7167 6451 1568 -6962 6451 2080 -6962 4352 2560 -2559 4147 2560 -2354 4352 2560 -2354 4147 2560 -2559 4147 3072 -2559 4147 2560 -2559 4352 2560 -2559 4147 2560 -2354 4352 3072 -2354 4352 2560 -2354 4147 2560 -2354 4147 3072 -2354 4352 3072 -2559 4352 2560 -2559 4352 2560 -2354 4352 3072 -2354 4352 3072 -2559 4250 3072 1127 4454 2560 1127 4454 3072 1127 4454 2560 1127 4250 2560 1332 4454 2560 1332 4250 2560 1127 4454 3072 1127 4454 2560 1332 4454 3072 1332 4454 2560 1127 4454 3072 1332 4454 2560 1332 4250 2560 1332 4250 3072 1332 4250 3072 1332 4250 2560 1332 4250 2560 1127 4250 2560 1127 4250 3072 1127</float_array>
                    <technique_common>
                        <accessor count="224" source="#pointarrayMesh4_2" stride="3">
                            <param name="X" type="float"/>
                            <param name="Y" type="float"/>
                            <param name="Z" type="float"/>
                        </accessor>
                    </technique_common>
                </source>
                <source id="uvsMesh4_2">
                    <float_array id="uvarrayMesh4_2" count="448">11.9453125 0.431640625 0 0.431640625 0 0.033203125 11.9453125 0.033203125 0 0.431640625 11.9453125 0.431640625 0 0.033203125 0.966796875 -0.36328125 0.966796875 0.033203125 -11.0078125 0.033203125 -11.0078125 -0.36328125 11.9453125 0.431640625 0 0.431640625 11.9453125 0.431640625 0 0.431640625 0 0.033203125 11.9453125 0.033203125 0.966796875 -0.36328125 -11.0078125 0.033203125 -11.0078125 -0.36328125 0.966796875 0.033203125 11.9453125 0.033203125 11.9453125 0.431640625 0 0.431640625 0 0.033203125 11.9453125 0.033203125 21.92578125 -0.36328125 21.92578125 0.033203125 0 0.033203125 0.966796875 -12.939453125 0.966796875 -11.94140625 0 -11.94140625 0 -12.939453125 0.3671875 0.6328125 0.3671875 1 0 1 0 0.6328125 0.966796875 21.990234375 0.966796875 0.033203125 0.568359375 0.033203125 0.568359375 21.990234375 21.92578125 -0.36328125 0 0.033203125 0 -0.36328125 0 -0.36328125 0.568359375 21.990234375 0.966796875 0.033203125 0.966796875 21.990234375 0.568359375 0.033203125 0.966796875 0.033203125 0.966796875 0.431640625 -20.98828125 0.431640625 -20.98828125 0.033203125 21.92578125 0.033203125 0.3671875 0.6328125 0 1 0 0.6328125 0.3671875 0.6328125 0.3671875 1 0 1 0 0.6328125 0.966796875 0.033203125 -20.98828125 0.431640625 -20.98828125 0.033203125 0.966796875 0.431640625 0.568359375 21.990234375 0.966796875 0.033203125 0.966796875 21.990234375 0.568359375 0.033203125 2.962890625 1 0 0.6328125 2.962890625 0.6328125 0.3671875 1 0.3671875 0.6328125 0.3671875 1 0 1 0 0.6328125 0.966796875 0.033203125 0 1 0 0.033203125 0.966796875 1 0 1 0 1 0.966796875 -1.462890625 0.966796875 1 2.962890625 1 0 1 0 0.6328125 2.962890625 0.6328125 0 0.6328125 2.962890625 0.6328125 2.962890625 1 0 1 0 0.033203125 2.962890625 0.033203125 2.962890625 0.431640625 0 0.431640625 0 1 0.966796875 -1.4609375 0.966796875 1 0 -1.462890625 0 1 0.966796875 -1.462890625 0.966796875 1 0 -1.462890625 0 1 0.966796875 -1.4609375 0.966796875 1 0 -1.4609375 0 -1.4609375 0 1 0.966796875 -1.462890625 0.966796875 1 0.966796875 0.033203125 0.966796875 1 0 1 0 0.033203125 0 1 0 0.033203125 0.966796875 0.033203125 0.966796875 1 0 1 0.966796875 -1.462890625 0.966796875 1 0 -1.462890625 0 -1.462890625 0 1 0 -1.4609375 0.966796875 -1.4609375 0.966796875 1 0 1 0.966796875 -1.4609375 0.966796875 1 0 -1.4609375 0 0.033203125 0.94921875 0.033203125 0.458984375 2.03515625 0.966796875 -0.962890625 -0.013671875 0.9765625 -0.013671875 -0.962890625 0.94921875 -0.908203125 0.94921875 1 0 1 0 -0.908203125 0.94921875 -0.908203125 0 1 0 -0.908203125 0.94921875 1 0.966796875 -0.962890625 -0.013671875 0.9765625 -0.013671875 -0.962890625 0.966796875 0.9765625 0 0.033203125 0.966796875 0.033203125 0 1 0.966796875 0.9765625 -0.013671875 0.033203125 0.966796875 0.033203125 0.4765625 2.03515625 0 0.033203125 0.94921875 0.033203125 0 0.033203125 0.94921875 0.033203125 0 1 0.966796875 -1.462890625 0.966796875 1 0.966796875 1 0 1 0 -1.462890625 0.966796875 -1.462890625 0.966796875 1 0 1 0 0.033203125 0.966796875 0.033203125 0.966796875 1 0 -1.462890625 0.966796875 1.26171875 0 -0.962890625 0 1.26171875 0 1 0 -1.462890625 0.966796875 -1.462890625 0.966796875 1 0 1 0 -1.462890625 0.966796875 -1.462890625 0.966796875 1 0.966796875 1 0 0.033203125 0.966796875 0.033203125 0 1 0.966796875 1 0.966796875 -1.193359375 0 -1.193359375 0.966796875 -0.962890625 0 1 0 -1.193359375 0.966796875 -1.193359375 0.966796875 1 0 1.26171875 0 -0.962890625 0.966796875 -0.962890625 0.966796875 1.26171875 0 1 0 1 0.966796875 -1.462890625 0.966796875 1 0 0.033203125 0.966796875 1 0 1 0.966796875 0.033203125 0 1 0.966796875 -1.462890625 0.966796875 1 0 -1.4609375 0 1 0 -1.4609375 0.966796875 -1.462890625 0.966796875 1 0 1 0 -1.4609375 0.966796875 -1.462890625 0 -1.4609375 0.966796875 1</float_array>
                    <technique_common>
                        <accessor count="224" source="#uvarrayMesh4_2" stride="2">
                            <param name="S" type="float"/>
                            <param name="T" type="float"/>
                        </accessor>
                    </technique_common>
                </source>
                <source id="colorsMesh4_2">
                    <float_array id="colorarrayMesh4_2" count="896">0.4 0.4 0.4 1 0.4 0.4 0.4 1 0.4 0.4 0.4 1 0.4 0.4 0.4 1 0.4 0.4 0.4 1 0.4 0.4 0.4 1 0.4 0.4 0.4 1 0.4 0.4 0.4 1 0.4 0.4 0.4 1 0.4 0.4 0.4 1 0.4 0.4 0.4 1 0.4 0.4 0.4 1 0.4 0.4 0.4 1 0.4 0.4 0.4 1 0.4 0.4 0.4 1 0.4 0.4 0.4 1 0.4 0.4 0.4 1 0.4 0.4 0.4 1 0.4 0.4 0.4 1 0.4 0.4 0.4 1 0.4 0.4 0.4 1 0.4 0.4 0.4 1 0.4 0.4 0.4 1 0.4 0.4 0.4 1 0.4 0.4 0.4 1 0.4 0.4 0.4 1 0.4 0.4 0.4 1 0.4 0.4 0.4 1 0.4 0.4 0.4 1 0.4 0.4 0.4 1 0.4 0.4 0.4 1 0.4 0.4 0.4 1 0.4 0.4 0.4 1 0.4 0.4 0.4 1 0.4 0.4 0.4 1 0.4 0.4 0.4 1 0.4 0.4 0.4 1 0.4 0.4 0.4 1 0.4 0.4 0.4 1 0.4 0.4 0.4 1 0.4 0.4 0.4 1 0.4 0.4 0.4 1 0.4 0.4 0.4 1 0.4 0.4 0.4 1 0.4 0.4 0.4 1 0.4 0.4 0.4 1 0.4 0.4 0.4 1 0.4 0.4 0.4 1 0.4 0.4 0.4 1 0.4 0.4 0.4 1 0.4 0.4 0.4 1 0.4 0.4 0.4 1 0.4 0.4 0.4 1 0.4 0.4 0.4 1 0.4 0.4 0.4 1 0.4 0.4 0.4 1 0.4 0.4 0.4 1 0.4 0.4 0.4 1 0.4 0.4 0.4 1 0.4 0.4 0.4 1 0.4 0.4 0.4 1 0.4 0.4 0.4 1 0.4 0.4 0.4 1 0.4 0.4 0.4 1 0.4 0.4 0.4 1 0.4 0.4 0.4 1 0.4 0.4 0.4 1 0.4 0.4 0.4 1 0.4 0.4 0.4 1 0.4 0.4 0.4 1 0.4 0.4 0.4 1 0.4 0.4 0.4 1 0.4 0.4 0.4 1 0.4 0.4 0.4 1 0.4 0.4 0.4 1 0.4 0.4 0.4 1 0.4 0.4 0.4 1 0.4 0.4 0.4 1 0.4 0.4 0.4 1 0.4 0.4 0.4 1 0.4 0.4 0.4 1 0.4 0.4 0.4 1 0.4 0.4 0.4 1 0.4 0.4 0.4 1 0.4 0.4 0.4 1 0.4 0.4 0.4 1 0.4 0.4 0.4 1 0.4 0.4 0.4 1 0.4 0.4 0.4 1 0.4 0.4 0.4 1 0.4 0.4 0.4 1 0.4 0.4 0.4 1 0.4 0.4 0.4 1 0.4 0.4 0.4 1 0.4 0.4 0.4 1 0.4 0.4 0.4 1 0.4 0.4 0.4 1 0.4 0.4 0.4 1 0.4 0.4 0.4 1 0.4 0.4 0.4 1 0.4 0.4 0.4 1 0.4 0.4 0.4 1 0.4 0.4 0.4 1 0.4 0.4 0.4 1 0.4 0.4 0.4 1 0.4 0.4 0.4 1 0.4 0.4 0.4 1 0.4 0.4 0.4 1 0.4 0.4 0.4 1 0.4 0.4 0.4 1 0.4 0.4 0.4 1 0.4 0.4 0.4 1 0.4 0.4 0.4 1 0.4 0.4 0.4 1 0.4 0.4 0.4 1 0.4 0.4 0.4 1 0.4 0.4 0.4 1 0.4 0.4 0.4 1 0.4 0.4 0.4 1 0.4 0.4 0.4 1 0.4 0.4 0.4 1 0.4 0.4 0.4 1 0.4 0.4 0.4 1 0.4 0.4 0.4 1 0.4 0.4 0.4 1 0.4 0.4 0.4 1 0.4 0.4 0.4 1 0.4 0.4 0.4 1 0.4 0.4 0.4 1 0.4 0.4 0.4 1 0.4 0.4 0.4 1 0.4 0.4 0.4 1 0.4 0.4 0.4 1 0.4 0.4 0.4 1 0.4 0.4 0.4 1 0.4 0.4 0.4 1 0.4 0.4 0.4 1 0.4 0.4 0.4 1 0.4 0.4 0.4 1 0.4 0.4 0.4 1 0.4 0.4 0.4 1 0.4 0.4 0.4 1 0.4 0.4 0.4 1 0.4 0.4 0.4 1 0.4 0.4 0.4 1 0.4 0.4 0.4 1 0.4 0.4 0.4 1 0.4 0.4 0.4 1 0.4 0.4 0.4 1 0.4 0.4 0.4 1 0.4 0.4 0.4 1 0.4 0.4 0.4 1 0.4 0.4 0.4 1 0.4 0.4 0.4 1 0.4 0.4 0.4 1 0.4 0.4 0.4 1 0.4 0.4 0.4 1 0.4 0.4 0.4 1 0.4 0.4 0.4 1 0.4 0.4 0.4 1 0.4 0.4 0.4 1 0.4 0.4 0.4 1 0.4 0.4 0.4 1 0.4 0.4 0.4 1 0.4 0.4 0.4 1 0.4 0.4 0.4 1 0.4 0.4 0.4 1 0.4 0.4 0.4 1 0.4 0.4 0.4 1 0.4 0.4 0.4 1 0.4 0.4 0.4 1 0.4 0.4 0.4 1 0.4 0.4 0.4 1 0.4 0.4 0.4 1 0.4 0.4 0.4 1 0.4 0.4 0.4 1 0.4 0.4 0.4 1 0.4 0.4 0.4 1 0.4 0.4 0.4 1 0.4 0.4 0.4 1 0.4 0.4 0.4 1 0.4 0.4 0.4 1 0.4 0.4 0.4 1 0.4 0.4 0.4 1 0.4 0.4 0.4 1 0.4 0.4 0.4 1 0.4 0.4 0.4 1 0.4 0.4 0.4 1 0.4 0.4 0.4 1 0.4 0.4 0.4 1 0.4 0.4 0.4 1 0.4 0.4 0.4 1 0.4 0.4 0.4 1 0.4 0.4 0.4 1 0.4 0.4 0.4 1 0.4 0.4 0.4 1 0.4 0.4 0.4 1 0.4 0.4 0.4 1 0.4 0.4 0.4 1 0.4 0.4 0.4 1 0.4 0.4 0.4 1 0.4 0.4 0.4 1 0.4 0.4 0.4 1 0.4 0.4 0.4 1 0.4 0.4 0.4 1 0.4 0.4 0.4 1 0.4 0.4 0.4 1 0.4 0.4 0.4 1 0.4 0.4 0.4 1 0.4 0.4 0.4 1 0.4 0.4 0.4 1 0.4 0.4 0.4 1 0.4 0.4 0.4 1 0.4 0.4 0.4 1 0.4 0.4 0.4 1 0.4 0.4 0.4 1 0.4 0.4 0.4 1 0.4 0.4 0.4 1 0.4 0.4 0.4 1 0.4 0.4 0.4 1 0.4 0.4 0.4 1 0.4 0.4 0.4 1 0.4 0.4 0.4 1 0.4 0.4 0.4 1</float_array>
                    <technique_common>
                        <accessor count="224" source="#colorarrayMesh4_2" stride="4">
                            <param name="R" type="float"/>
                            <param name="G" type="float"/>
                            <param name="B" type="float"/>
                            <param name="A" type="float"/>
                        </accessor>
                    </technique_common>
                </source>
                <vertices id="verticesMesh4_2">
                    <input semantic="POSITION" source="#pointsMesh4_2"/>
                </vertices>
                <polylist count="112" material="Material1">
                    <input offset="0" semantic="VERTEX" source="#verticesMesh4_2"/>
                    <input offset="1" semantic="TEXCOORD" source="#uvsMesh4_2" set="0"/>
                    <input offset="2" semantic="COLOR" source="#colorsMesh4_2" set="0"/>
                    <vcount>3 3 3 3 3 3 3 3 3 3 3 3 3 3 3 3 3 3 3 3 3 3 3 3 3 3 3 3 3 3 3 3 3 3 3 3 3 3 3 3 3 3 3 3 3 3 3 3 3 3 3 3 3 3 3 3 3 3 3 3 3 3 3 3 3 3 3 3 3 3 3 3 3 3 3 3 3 3 3 3 3 3 3 3 3 3 3 3 3 3 3 3 3 3 3 3 3 3 3 3 3 3 3 3 3 3 3 3 3 3 3 3</vcount>
                    <p>0 0 0 1 1 1 2 2 2 3 3 3 4 4 4 5 5 5 3 3 3 6 6 6 4 4 4 7 7 7 8 8 8 9 9 9 7 7 7 9 9 9 10 10 10 3 3 3 11 11 11 12 12 12 3 3 3 12 12 12 6 6 6 13 13 13 14 14 14 15 15 15 0 0 0 2 2 2 16 16 16 17 17 17 18 18 18 19 19 19 17 17 17 20 20 20 18 18 18 21 21 21 22 22 22 23 23 23 21 21 21 23 23 23 24 24 24 13 13 13 15 15 15 25 25 25 26 26 26 27 27 27 28 28 28 29 29 29 30 30 30 31 31 31 29 29 29 31 31 31 32 32 32 33 33 33 34 34 34 35 35 35 33 33 33 35 35 35 36 36 36 37 37 37 38 38 38 39 39 39 37 37 37 39 39 39 40 40 40 41 41 41 42 42 42 43 43 43 26 26 26 28 28 28 44 44 44 45 45 45 46 46 46 47 47 47 45 45 45 48 48 48 46 46 46 49 49 49 50 50 50 51 51 51 49 49 49 51 51 51 52 52 52 41 41 41 53 53 53 42 42 42 54 54 54 55 55 55 56 56 56 57 57 57 58 58 58 59 59 59 57 57 57 59 59 59 60 60 60 61 61 61 62 62 62 63 63 63 61 61 61 64 64 64 62 62 62 65 65 65 66 66 66 67 67 67 65 65 65 68 68 68 66 66 66 69 69 69 70 70 70 71 71 71 54 54 54 72 72 72 55 55 55 73 73 73 74 74 74 75 75 75 73 73 73 75 75 75 76 76 76 77 77 77 78 78 78 79 79 79 77 77 77 80 80 80 78 78 78 69 69 69 81 81 81 70 70 70 82 82 82 83 83 83 84 84 84 85 85 85 86 86 86 87 87 87 85 85 85 87 87 87 88 88 88 89 89 89 90 90 90 91 91 91 89 89 89 91 91 91 92 92 92 93 93 93 94 94 94 95 95 95 93 93 93 95 95 95 96 96 96 97 97 97 98 98 98 99 99 99 82 82 82 100 100 100 83 83 83 101 101 101 102 102 102 103 103 103 101 101 101 104 104 104 102 102 102 105 105 105 106 106 106 107 107 107 105 105 105 108 108 108 106 106 106 97 97 97 109 109 109 98 98 98 110 110 110 111 111 111 112 112 112 113 113 113 114 114 114 115 115 115 113 113 113 115 115 115 116 116 116 117 117 117 118 118 118 119 119 119 117 117 117 119 119 119 120 120 120 121 121 121 122 122 122 123 123 123 121 121 121 124 124 124 122 122 122 110 110 110 125 125 125 111 111 111 126 126 126 127 127 127 128 128 128 126 126 126 128 128 128 129 129 129 130 130 130 131 131 131 132 132 132 130 130 130 133 133 133 131 131 131 134 134 134 135 135 135 136 136 136 137 137 137 138 138 138 139 139 139 140 140 140 141 141 141 142 142 142 140 140 140 142 142 142 143 143 143 144 144 144 145 145 145 146 146 146 144 144 144 147 147 147 145 145 145 148 148 148 149 149 149 150 150 150 148 148 148 151 151 151 149 149 149 152 152 152 153 153 153 154 154 154 137 137 137 155 155 155 138 138 138 156 156 156 157 157 157 158 158 158 159 159 159 160 160 160 136 136 136 161 161 161 162 162 162 136 136 136 163 163 163 164 164 164 165 165 165 153 153 153 166 166 166 154 154 154 167 167 167 168 168 168 169 169 169 167 167 167 169 169 169 170 170 170 171 171 171 172 172 172 173 173 173 171 171 171 173 173 173 174 174 174 163 163 163 175 175 175 164 164 164 176 176 176 177 177 177 178 178 178 179 179 179 180 180 180 181 181 181 179 179 179 181 181 181 182 182 182 183 183 183 184 184 184 185 185 185 183 183 183 185 185 185 186 186 186 187 187 187 188 188 188 189 189 189 187 187 187 190 190 190 188 188 188 191 191 191 192 192 192 193 193 193 176 176 176 194 194 194 177 177 177 195 195 195 196 196 196 197 197 197 195 195 195 197 197 197 198 198 198 199 199 199 200 200 200 201 201 201 199 199 199 201 201 201 202 202 202 191 191 191 193 193 193 203 203 203 204 204 204 205 205 205 206 206 206 207 207 207 208 208 208 209 209 209 207 207 207 210 210 210 208 208 208 211 211 211 212 212 212 213 213 213 211 211 211 214 214 214 212 212 212 215 215 215 216 216 216 217 217 217 215 215 215 217 217 217 218 218 218 219 219 219 220 220 220 221 221 221 204 204 204 222 222 222 205 205 205 219 219 219 221 221 221 223 223 223</p>
                </polylist>
            </mesh>
        </geometry>
        <geometry id="meshMesh5_1">
            <mesh>
                <source id="pointsMesh5_1">
                    <float_array id="pointarrayMesh5_1" count="222">5147 923 -957 5345 966 -1188 5097 825 -1387 5314 717 -540 5812 759 -649 5669 927 -780 5842 832 -1155 4845 748 -936 5842 832 -1155 5669 927 -780 5812 759 -649 5452 857 -1485 -5322 1136 -5756 -5235 1071 -5842 -5518 849 -6024 -5198 899 -5376 -4852 799 -5458 -5070 1081 -5738 -4855 738 -5776 -5577 963 -5517 -5203 776 -6012 -5887 1024 -2943 -5460 1331 -3788 -6015 1024 -3839 -4991 1024 -2431 -4095 1024 -2943 -5017 1331 -3020 -4095 1024 -3967 -4573 1331 -3788 -4914 1331 -3429 -5119 1331 -3429 -4991 1024 -4479 -2815 1207 -537 -3199 1207 -562 -2772 1011 -268 -4914 1331 -3634 -5119 1331 -3634 -2540 1001 -436 -2815 1207 -844 -2422 993 -663 -2477 990 -835 -3058 1019 -272 -3045 1207 -895 -3339 1020 -563 -3448 1015 -908 -3217 1005 -1076 -2872 993 -1185 -2645 990 -1067 -2123 173 6244 -2316 245 6300 -2357 134 6439 -2401 235 6323 -2579 111 6491 -2242 197 5944 -2364 239 6216 -2644 115 6413 -2386 187 5931 -2542 161 6061 -2632 132 6269 -2110 189 6101 4827 1329 1183 5248 1249 675 4966 1333 645 4582 747 1241 4810 757 1414 5360 763 1257 5683 759 927 5856 754 699 5070 715 31 5471 721 -23 4378 732 943 4496 713 314 4299 721 668 5777 743 424</float_array>
                    <technique_common>
                        <accessor count="74" source="#pointarrayMesh5_1" stride="3">
                            <param name="X" type="float"/>
                            <param name="Y" type="float"/>
                            <param name="Z" type="float"/>
                        </accessor>
                    </technique_common>
                </source>
                <source id="uvsMesh5_1">
                    <float_array id="uvarrayMesh5_1" count="148">1.990234375 0.966796875 2.18359375 1.19140625 1.943359375 1.384765625 2.154296875 0.560546875 2.638671875 0.666015625 2.5 0.794921875 2.66796875 1.16015625 1.697265625 0.947265625 -1.216796875 8.392578125 -0.9765625 8.35546875 -0.962890625 8.458984375 2.2890625 1.482421875 0.552734375 0.298828125 0.361328125 0.376953125 0.16796875 0.033203125 0.966796875 0.69921875 0.568359375 1 0.435546875 0.62109375 0.16796875 0.865234375 0.966796875 0.033203125 0 0.365234375 0.140625 0.259765625 0.21875 0.533203125 -0.05078125 0.681640625 0.447265625 -0.001953125 0.8828125 0.24609375 0.43359375 0.158203125 0.8828125 0.744140625 0.650390625 0.533203125 0.484375 0.357421875 0.384765625 0.357421875 0.447265625 0.994140625 0.681640625 0.490234375 0.337890625 0.33984375 0.841796875 0.283203125 0.484375 0.45703125 0.384765625 0.45703125 0.966796875 0.53125 0.54296875 0.755859375 0.966796875 0.78125 0.841796875 0.90625 0.591796875 0.158203125 0.3203125 0.6953125 0.21875 0.283203125 0 0.53125 0.09375 0.78125 0.34375 1 0.591796875 1 0.517578125 -0.50390625 -0.0234375 -0.224609375 -0.0078125 -0.748046875 -0.353515625 -0.31640625 -0.390625 -0.607421875 0.51953125 0.49609375 -0.2109375 0.099609375 -0.66796875 -0.376953125 -0.162109375 0.669921875 -0.59765625 0.314453125 -0.736328125 -0.068359375 0.67578125 0.080078125 1.802734375 -1.140625 2.212890625 -0.646484375 1.9375 -0.615234375 1.3828125 -1.310546875 1.62890625 -1.34375 2.28125 -1.1796875 2.4375 -0.94921875 2.595703125 -0.71875 1.818359375 0.01171875 2.205078125 0.083984375 1.29296875 -1.046875 1.396484375 -0.30859375 1.220703125 -0.662109375 2.646484375 -0.349609375</float_array>
                    <technique_common>
                        <accessor count="74" source="#uvarrayMesh5_1" stride="2">
                            <param name="S" type="float"/>
                            <param name="T" type="float"/>
                        </accessor>
                    </technique_common>
                </source>
                <vertices id="verticesMesh5_1">
                    <input semantic="POSITION" source="#pointsMesh5_1"/>
                </vertices>
                <polylist count="80" material="Material1">
                    <input offset="0" semantic="VERTEX" source="#verticesMesh5_1"/>
                    <input offset="1" semantic="TEXCOORD" source="#uvsMesh5_1" set="0"/>
                    <vcount>3 3 3 3 3 3 3 3 3 3 3 3 3 3 3 3 3 3 3 3 3 3 3 3 3 3 3 3 3 3 3 3 3 3 3 3 3 3 3 3 3 3 3 3 3 3 3 3 3 3 3 3 3 3 3 3 3 3 3 3 3 3 3 3 3 3 3 3 3 3 3 3 3 3 3 3 3 3 3 3</vcount>
                    <p>0 0 1 1 2 2 3 3 4 4 5 5 3 3 5 5 0 0 5 5 6 6 1 1 3 3 0 0 7 7 8 8 9 9 10 10 11 11 2 2 1 1 2 2 7 7 0 0 11 11 1 1 6 6 1 1 0 0 5 5 12 12 13 13 14 14 15 15 16 16 17 17 15 15 17 17 12 12 17 17 18 18 13 13 15 15 12 12 19 19 18 18 17 17 16 16 20 20 14 14 13 13 14 14 19 19 12 12 20 20 13 13 18 18 13 13 12 12 17 17 21 21 22 22 23 23 24 24 25 25 26 26 25 25 27 27 28 28 24 24 26 26 21 21 26 26 28 28 29 29 26 26 29 29 30 30 22 22 26 26 30 30 28 28 26 26 25 25 31 31 23 23 22 22 31 31 22 22 28 28 22 22 21 21 26 26 31 31 28 28 27 27 32 32 33 33 34 34 28 28 35 35 29 29 22 22 30 30 36 36 28 28 36 36 35 35 28 28 22 22 36 36 32 32 34 34 37 37 38 38 39 39 40 40 34 34 33 33 41 41 42 42 32 32 38 38 41 41 33 33 43 43 33 33 42 42 44 44 42 42 45 45 44 44 45 45 42 42 46 46 43 43 33 33 44 44 46 46 42 42 47 47 42 42 33 33 32 32 38 38 47 47 42 42 38 38 40 40 47 47 38 38 32 32 39 39 37 37 39 39 32 32 48 48 49 49 50 50 50 50 51 51 52 52 50 50 49 49 51 51 49 49 53 53 54 54 52 52 51 51 55 55 56 56 54 54 53 53 51 51 57 57 58 58 51 51 54 54 57 57 57 57 54 54 56 56 55 55 51 51 58 58 54 54 51 51 49 49 53 53 49 49 59 59 49 49 48 48 59 59 60 60 61 61 62 62 60 60 63 63 64 64 65 65 60 60 64 64 60 60 66 66 67 67 68 68 62 62 69 69 62 62 70 70 60 60 62 62 61 61 69 69 70 70 63 63 60 60 61 61 60 60 67 67 62 62 71 71 72 72 69 69 61 61 73 73 73 73 61 61 67 67 71 71 62 62 68 68 70 70 62 62 72 72 66 66 60 60 65 65</p>
                </polylist>
            </mesh>
        </geometry>
        <geometry id="meshMesh5_2">
            <mesh>
                <source id="pointsMesh5_2">
                    <float_array id="pointarrayMesh5_2" count="222">5147 923 -957 5345 966 -1188 5097 825 -1387 5314 717 -540 5812 759 -649 5669 927 -780 5842 832 -1155 4845 748 -936 5842 832 -1155 5669 927 -780 5812 759 -649 5452 857 -1485 -5322 1136 -5756 -5235 1071 -5842 -5518 849 -6024 -5198 899 -5376 -4852 799 -5458 -5070 1081 -5738 -4855 738 -5776 -5577 963 -5517 -5203 776 -6012 -5887 1024 -2943 -5460 1331 -3788 -6015 1024 -3839 -4991 1024 -2431 -4095 1024 -2943 -5017 1331 -3020 -4095 1024 -3967 -4573 1331 -3788 -4914 1331 -3429 -5119 1331 -3429 -4991 1024 -4479 -2815 1207 -537 -3199 1207 -562 -2772 1011 -268 -4914 1331 -3634 -5119 1331 -3634 -2540 1001 -436 -2815 1207 -844 -2422 993 -663 -2477 990 -835 -3058 1019 -272 -3045 1207 -895 -3339 1020 -563 -3448 1015 -908 -3217 1005 -1076 -2872 993 -1185 -2645 990 -1067 -2123 173 6244 -2316 245 6300 -2357 134 6439 -2401 235 6323 -2579 111 6491 -2242 197 5944 -2364 239 6216 -2644 115 6413 -2386 187 5931 -2542 161 6061 -2632 132 6269 -2110 189 6101 4827 1329 1183 5248 1249 675 4966 1333 645 4582 747 1241 4810 757 1414 5360 763 1257 5683 759 927 5856 754 699 5070 715 31 5471 721 -23 4378 732 943 4496 713 314 4299 721 668 5777 743 424</float_array>
                    <technique_common>
                        <accessor count="74" source="#pointarrayMesh5_2" stride="3">
                            <param name="X" type="float"/>
                            <param name="Y" type="float"/>
                            <param name="Z" type="float"/>
                        </accessor>
                    </technique_common>
                </source>
                <source id="uvsMesh5_2">
                    <float_array id="uvarrayMesh5_2" count="148">1.990234375 0.966796875 2.18359375 1.19140625 1.943359375 1.384765625 2.154296875 0.560546875 2.638671875 0.666015625 2.5 0.794921875 2.66796875 1.16015625 1.697265625 0.947265625 -1.216796875 8.392578125 -0.9765625 8.35546875 -0.962890625 8.458984375 2.2890625 1.482421875 0.552734375 0.298828125 0.361328125 0.376953125 0.16796875 0.033203125 0.966796875 0.69921875 0.568359375 1 0.435546875 0.62109375 0.16796875 0.865234375 0.966796875 0.033203125 0 0.365234375 0.140625 0.259765625 0.21875 0.533203125 -0.05078125 0.681640625 0.447265625 -0.001953125 0.8828125 0.24609375 0.43359375 0.158203125 0.8828125 0.744140625 0.650390625 0.533203125 0.484375 0.357421875 0.384765625 0.357421875 0.447265625 0.994140625 0.681640625 0.490234375 0.337890625 0.33984375 0.841796875 0.283203125 0.484375 0.45703125 0.384765625 0.45703125 0.966796875 0.53125 0.54296875 0.755859375 0.966796875 0.78125 0.841796875 0.90625 0.591796875 0.158203125 0.3203125 0.6953125 0.21875 0.283203125 0 0.53125 0.09375 0.78125 0.34375 1 0.591796875 1 0.517578125 -0.50390625 -0.0234375 -0.224609375 -0.0078125 -0.748046875 -0.353515625 -0.31640625 -0.390625 -0.607421875 0.51953125 0.49609375 -0.2109375 0.099609375 -0.66796875 -0.376953125 -0.162109375 0.669921875 -0.59765625 0.314453125 -0.736328125 -0.068359375 0.67578125 0.080078125 1.802734375 -1.140625 2.212890625 -0.646484375 1.9375 -0.615234375 1.3828125 -1.310546875 1.62890625 -1.34375 2.28125 -1.1796875 2.4375 -0.94921875 2.595703125 -0.71875 1.818359375 0.01171875 2.205078125 0.083984375 1.29296875 -1.046875 1.396484375 -0.30859375 1.220703125 -0.662109375 2.646484375 -0.349609375</float_array>
                    <technique_common>
                        <accessor count="74" source="#uvarrayMesh5_2" stride="2">
                            <param name="S" type="float"/>
                            <param name="T" type="float"/>
                        </accessor>
                    </technique_common>
                </source>
                <source id="colorsMesh5_2">
                    <float_array id="colorarrayMesh5_2" count="296">0.4 0.4 0.4 1 0.4 0.4 0.4 1 0.4 0.4 0.4 1 0.4 0.4 0.4 1 0.4 0.4 0.4 1 0.4 0.4 0.4 1 0.4 0.4 0.4 1 0.4 0.4 0.4 1 0.4 0.4 0.4 1 0.4 0.4 0.4 1 0.4 0.4 0.4 1 0.4 0.4 0.4 1 0.4 0.4 0.4 1 0.4 0.4 0.4 1 0.4 0.4 0.4 1 0.4 0.4 0.4 1 0.4 0.4 0.4 1 0.4 0.4 0.4 1 0.4 0.4 0.4 1 0.4 0.4 0.4 1 0.4 0.4 0.4 1 0.4 0.4 0.4 1 0.4 0.4 0.4 1 0.4 0.4 0.4 1 0.4 0.4 0.4 1 0.4 0.4 0.4 1 0.4 0.4 0.4 1 0.4 0.4 0.4 1 0.4 0.4 0.4 1 0.4 0.4 0.4 1 0.4 0.4 0.4 1 0.4 0.4 0.4 1 0.4 0.4 0.4 1 0.4 0.4 0.4 1 0.4 0.4 0.4 1 0.4 0.4 0.4 1 0.4 0.4 0.4 1 0.4 0.4 0.4 1 0.4 0.4 0.4 1 0.4 0.4 0.4 1 0.4 0.4 0.4 1 0.4 0.4 0.4 1 0.4 0.4 0.4 1 0.4 0.4 0.4 1 0.4 0.4 0.4 1 0.4 0.4 0.4 1 0.4 0.4 0.4 1 0.4 0.4 0.4 1 0.4 0.4 0.4 1 0.4 0.4 0.4 1 0.4 0.4 0.4 1 0.4 0.4 0.4 1 0.4 0.4 0.4 1 0.4 0.4 0.4 1 0.4 0.4 0.4 1 0.4 0.4 0.4 1 0.4 0.4 0.4 1 0.4 0.4 0.4 1 0.4 0.4 0.4 1 0.4 0.4 0.4 1 0.4 0.4 0.4 1 0.4 0.4 0.4 1 0.4 0.4 0.4 1 0.4 0.4 0.4 1 0.4 0.4 0.4 1 0.4 0.4 0.4 1 0.4 0.4 0.4 1 0.4 0.4 0.4 1 0.4 0.4 0.4 1 0.4 0.4 0.4 1 0.4 0.4 0.4 1 0.4 0.4 0.4 1 0.4 0.4 0.4 1 0.4 0.4 0.4 1</float_array>
                    <technique_common>
                        <accessor count="74" source="#colorarrayMesh5_2" stride="4">
                            <param name="R" type="float"/>
                            <param name="G" type="float"/>
                            <param name="B" type="float"/>
                            <param name="A" type="float"/>
                        </accessor>
                    </technique_common>
                </source>
                <vertices id="verticesMesh5_2">
                    <input semantic="POSITION" source="#pointsMesh5_2"/>
                </vertices>
                <polylist count="80" material="Material1">
                    <input offset="0" semantic="VERTEX" source="#verticesMesh5_2"/>
                    <input offset="1" semantic="TEXCOORD" source="#uvsMesh5_2" set="0"/>
                    <input offset="2" semantic="COLOR" source="#colorsMesh5_2" set="0"/>
                    <vcount>3 3 3 3 3 3 3 3 3 3 3 3 3 3 3 3 3 3 3 3 3 3 3 3 3 3 3 3 3 3 3 3 3 3 3 3 3 3 3 3 3 3 3 3 3 3 3 3 3 3 3 3 3 3 3 3 3 3 3 3 3 3 3 3 3 3 3 3 3 3 3 3 3 3 3 3 3 3 3 3</vcount>
                    <p>0 0 0 1 1 1 2 2 2 3 3 3 4 4 4 5 5 5 3 3 3 5 5 5 0 0 0 5 5 5 6 6 6 1 1 1 3 3 3 0 0 0 7 7 7 8 8 8 9 9 9 10 10 10 11 11 11 2 2 2 1 1 1 2 2 2 7 7 7 0 0 0 11 11 11 1 1 1 6 6 6 1 1 1 0 0 0 5 5 5 12 12 12 13 13 13 14 14 14 15 15 15 16 16 16 17 17 17 15 15 15 17 17 17 12 12 12 17 17 17 18 18 18 13 13 13 15 15 15 12 12 12 19 19 19 18 18 18 17 17 17 16 16 16 20 20 20 14 14 14 13 13 13 14 14 14 19 19 19 12 12 12 20 20 20 13 13 13 18 18 18 13 13 13 12 12 12 17 17 17 21 21 21 22 22 22 23 23 23 24 24 24 25 25 25 26 26 26 25 25 25 27 27 27 28 28 28 24 24 24 26 26 26 21 21 21 26 26 26 28 28 28 29 29 29 26 26 26 29 29 29 30 30 30 22 22 22 26 26 26 30 30 30 28 28 28 26 26 26 25 25 25 31 31 31 23 23 23 22 22 22 31 31 31 22 22 22 28 28 28 22 22 22 21 21 21 26 26 26 31 31 31 28 28 28 27 27 27 32 32 32 33 33 33 34 34 34 28 28 28 35 35 35 29 29 29 22 22 22 30 30 30 36 36 36 28 28 28 36 36 36 35 35 35 28 28 28 22 22 22 36 36 36 32 32 32 34 34 34 37 37 37 38 38 38 39 39 39 40 40 40 34 34 34 33 33 33 41 41 41 42 42 42 32 32 32 38 38 38 41 41 41 33 33 33 43 43 43 33 33 33 42 42 42 44 44 44 42 42 42 45 45 45 44 44 44 45 45 45 42 42 42 46 46 46 43 43 43 33 33 33 44 44 44 46 46 46 42 42 42 47 47 47 42 42 42 33 33 33 32 32 32 38 38 38 47 47 47 42 42 42 38 38 38 40 40 40 47 47 47 38 38 38 32 32 32 39 39 39 37 37 37 39 39 39 32 32 32 48 48 48 49 49 49 50 50 50 50 50 50 51 51 51 52 52 52 50 50 50 49 49 49 51 51 51 49 49 49 53 53 53 54 54 54 52 52 52 51 51 51 55 55 55 56 56 56 54 54 54 53 53 53 51 51 51 57 57 57 58 58 58 51 51 51 54 54 54 57 57 57 57 57 57 54 54 54 56 56 56 55 55 55 51 51 51 58 58 58 54 54 54 51 51 51 49 49 49 53 53 53 49 49 49 59 59 59 49 49 49 48 48 48 59 59 59 60 60 60 61 61 61 62 62 62 60 60 60 63 63 63 64 64 64 65 65 65 60 60 60 64 64 64 60 60 60 66 66 66 67 67 67 68 68 68 62 62 62 69 69 69 62 62 62 70 70 70 60 60 60 62 62 62 61 61 61 69 69 69 70 70 70 63 63 63 60 60 60 61 61 61 60 60 60 67 67 67 62 62 62 71 71 71 72 72 72 69 69 69 61 61 61 73 73 73 73 73 73 61 61 61 67 67 67 71 71 71 62 62 62 68 68 68 70 70 70 62 62 62 72 72 72 66 66 66 60 60 60 65 65 65</p>
                </polylist>
            </mesh>
        </geometry>
        <geometry id="meshMesh6_1">
            <mesh>
                <source id="pointsMesh6_1">
                    <float_array id="pointarrayMesh6_1" count="132">-2458 1024 -5155 -2793 640 -4988 -3137 640 -4816 -2458 0 -5155 -2679 0 -5045 -2679 384 -5045 -3445 777 -4662 -3251 384 -4759 -3251 0 -4759 -3445 1 -4662 -3445 777 -4662 -2559 768 -2815 -2458 1024 -5155 -1535 1024 -3327 -1878 640 -3155 -1764 384 -3213 -1535 1024 -3327 -1764 0 -3213 -1535 0 -3327 -2222 640 -2984 -2559 768 -2815 -1764 384 -3213 -2679 384 -5045 -2679 0 -5045 -2336 384 -2926 -2559 0 -2815 -2336 0 -2926 -2336 0 -2926 -3251 384 -4759 -2336 384 -2926 -3251 0 -4759 -1764 0 -3213 -2336 384 -2926 -3251 384 -4759 -3137 640 -4816 -2222 640 -2984 -1878 640 -3155 -2679 384 -5045 -1764 384 -3213 -2793 640 -4988 -2222 640 -2984 -3137 640 -4816 -2793 640 -4988 -1878 640 -3155</float_array>
                    <technique_common>
                        <accessor count="44" source="#pointarrayMesh6_1" stride="3">
                            <param name="X" type="float"/>
                            <param name="Y" type="float"/>
                            <param name="Z" type="float"/>
                        </accessor>
                    </technique_common>
                </source>
                <source id="uvsMesh6_1">
                    <float_array id="uvarrayMesh6_1" count="88">0 4.025390625 1.427734375 2.529296875 2.92578125 2.529296875 0 0.033203125 0.9296875 0.033203125 0.9296875 1.53125 4.267578125 3.060546875 3.423828125 1.53125 3.423828125 0.033203125 4.267578125 0.06640625 -8.013671875 -3.45703125 0.966796875 -3.587890625 -7.958984375 1 0.966796875 1 -0.529296875 2.52734375 0 1.529296875 0.966796875 4.025390625 0 0.033203125 0.966796875 0.033203125 -2.025390625 2.52734375 -3.494140625 2.828125 4.458984375 1 0 1 0 -0.462890625 -2.5234375 1.529296875 -3.494140625 0.033203125 -2.5234375 0.033203125 0 -0.462890625 4.4609375 1 0 1 4.458984375 -0.462890625 4.458984375 -0.46484375 -1.02734375 0.033203125 3.4609375 0.033203125 3.462890625 1.1484375 -1.02734375 1.1484375 4.458984375 1.1484375 0 0.033203125 4.458984375 0.033203125 0 1.1484375 0.966796875 -7.94921875 0.966796875 1 -0.52734375 1 -0.529296875 -7.94921875</float_array>
                    <technique_common>
                        <accessor count="44" source="#uvarrayMesh6_1" stride="2">
                            <param name="S" type="float"/>
                            <param name="T" type="float"/>
                        </accessor>
                    </technique_common>
                </source>
                <vertices id="verticesMesh6_1">
                    <input semantic="POSITION" source="#pointsMesh6_1"/>
                </vertices>
                <polylist count="28" material="Material1">
                    <input offset="0" semantic="VERTEX" source="#verticesMesh6_1"/>
                    <input offset="1" semantic="TEXCOORD" source="#uvsMesh6_1" set="0"/>
                    <vcount>3 3 3 3 3 3 3 3 3 3 3 3 3 3 3 3 3 3 3 3 3 3 3 3 3 3 3 3</vcount>
                    <p>0 0 1 1 2 2 0 0 3 3 4 4 0 0 4 4 5 5 6 6 7 7 8 8 6 6 8 8 9 9 0 0 2 2 6 6 0 0 5 5 1 1 2 2 7 7 6 6 10 10 11 11 12 12 11 11 13 13 12 12 14 14 15 15 16 16 15 15 17 17 16 16 17 17 18 18 16 16 19 19 16 16 20 20 19 19 14 14 16 16 21 21 22 22 23 23 24 24 19 19 20 20 25 25 24 24 20 20 25 25 26 26 24 24 27 27 28 28 29 29 27 27 30 30 28 28 21 21 23 23 31 31 32 32 33 33 34 34 32 32 34 34 35 35 36 36 37 37 38 38 36 36 39 39 37 37 40 40 41 41 42 42 40 40 42 42 43 43</p>
                </polylist>
            </mesh>
        </geometry>
        <geometry id="meshMesh6_2">
            <mesh>
                <source id="pointsMesh6_2">
                    <float_array id="pointarrayMesh6_2" count="132">-2458 1024 -5155 -2793 640 -4988 -3137 640 -4816 -2458 0 -5155 -2679 0 -5045 -2679 384 -5045 -3445 777 -4662 -3251 384 -4759 -3251 0 -4759 -3445 1 -4662 -3445 777 -4662 -2559 768 -2815 -2458 1024 -5155 -1535 1024 -3327 -1878 640 -3155 -1764 384 -3213 -1535 1024 -3327 -1764 0 -3213 -1535 0 -3327 -2222 640 -2984 -2559 768 -2815 -1764 384 -3213 -2679 384 -5045 -2679 0 -5045 -2336 384 -2926 -2559 0 -2815 -2336 0 -2926 -2336 0 -2926 -3251 384 -4759 -2336 384 -2926 -3251 0 -4759 -1764 0 -3213 -2336 384 -2926 -3251 384 -4759 -3137 640 -4816 -2222 640 -2984 -1878 640 -3155 -2679 384 -5045 -1764 384 -3213 -2793 640 -4988 -2222 640 -2984 -3137 640 -4816 -2793 640 -4988 -1878 640 -3155</float_array>
                    <technique_common>
                        <accessor count="44" source="#pointarrayMesh6_2" stride="3">
                            <param name="X" type="float"/>
                            <param name="Y" type="float"/>
                            <param name="Z" type="float"/>
                        </accessor>
                    </technique_common>
                </source>
                <source id="uvsMesh6_2">
                    <float_array id="uvarrayMesh6_2" count="88">0 4.025390625 1.427734375 2.529296875 2.92578125 2.529296875 0 0.033203125 0.9296875 0.033203125 0.9296875 1.53125 4.267578125 3.060546875 3.423828125 1.53125 3.423828125 0.033203125 4.267578125 0.06640625 -8.013671875 -3.45703125 0.966796875 -3.587890625 -7.958984375 1 0.966796875 1 -0.529296875 2.52734375 0 1.529296875 0.966796875 4.025390625 0 0.033203125 0.966796875 0.033203125 -2.025390625 2.52734375 -3.494140625 2.828125 4.458984375 1 0 1 0 -0.462890625 -2.5234375 1.529296875 -3.494140625 0.033203125 -2.5234375 0.033203125 0 -0.462890625 4.4609375 1 0 1 4.458984375 -0.462890625 4.458984375 -0.46484375 -1.02734375 0.033203125 3.4609375 0.033203125 3.462890625 1.1484375 -1.02734375 1.1484375 4.458984375 1.1484375 0 0.033203125 4.458984375 0.033203125 0 1.1484375 0.966796875 -7.94921875 0.966796875 1 -0.52734375 1 -0.529296875 -7.94921875</float_array>
                    <technique_common>
                        <accessor count="44" source="#uvarrayMesh6_2" stride="2">
                            <param name="S" type="float"/>
                            <param name="T" type="float"/>
                        </accessor>
                    </technique_common>
                </source>
                <source id="colorsMesh6_2">
                    <float_array id="colorarrayMesh6_2" count="176">0.4 0.4 0.4 1 0.4 0.4 0.4 1 0.4 0.4 0.4 1 0.4 0.4 0.4 1 0.4 0.4 0.4 1 0.4 0.4 0.4 1 0.4 0.4 0.4 1 0.4 0.4 0.4 1 0.4 0.4 0.4 1 0.4 0.4 0.4 1 0.4 0.4 0.4 1 0.4 0.4 0.4 1 0.4 0.4 0.4 1 0.4 0.4 0.4 1 0.4 0.4 0.4 1 0.4 0.4 0.4 1 0.4 0.4 0.4 1 0.4 0.4 0.4 1 0.4 0.4 0.4 1 0.4 0.4 0.4 1 0.4 0.4 0.4 1 0.4 0.4 0.4 1 0.4 0.4 0.4 1 0.4 0.4 0.4 1 0.4 0.4 0.4 1 0.4 0.4 0.4 1 0.4 0.4 0.4 1 0.4 0.4 0.4 1 0.4 0.4 0.4 1 0.4 0.4 0.4 1 0.4 0.4 0.4 1 0.4 0.4 0.4 1 0.4 0.4 0.4 1 0.4 0.4 0.4 1 0.4 0.4 0.4 1 0.4 0.4 0.4 1 0.4 0.4 0.4 1 0.4 0.4 0.4 1 0.4 0.4 0.4 1 0.4 0.4 0.4 1 0.4 0.4 0.4 1 0.4 0.4 0.4 1 0.4 0.4 0.4 1 0.4 0.4 0.4 1</float_array>
                    <technique_common>
                        <accessor count="44" source="#colorarrayMesh6_2" stride="4">
                            <param name="R" type="float"/>
                            <param name="G" type="float"/>
                            <param name="B" type="float"/>
                            <param name="A" type="float"/>
                        </accessor>
                    </technique_common>
                </source>
                <vertices id="verticesMesh6_2">
                    <input semantic="POSITION" source="#pointsMesh6_2"/>
                </vertices>
                <polylist count="28" material="Material1">
                    <input offset="0" semantic="VERTEX" source="#verticesMesh6_2"/>
                    <input offset="1" semantic="TEXCOORD" source="#uvsMesh6_2" set="0"/>
                    <input offset="2" semantic="COLOR" source="#colorsMesh6_2" set="0"/>
                    <vcount>3 3 3 3 3 3 3 3 3 3 3 3 3 3 3 3 3 3 3 3 3 3 3 3 3 3 3 3</vcount>
                    <p>0 0 0 1 1 1 2 2 2 0 0 0 3 3 3 4 4 4 0 0 0 4 4 4 5 5 5 6 6 6 7 7 7 8 8 8 6 6 6 8 8 8 9 9 9 0 0 0 2 2 2 6 6 6 0 0 0 5 5 5 1 1 1 2 2 2 7 7 7 6 6 6 10 10 10 11 11 11 12 12 12 11 11 11 13 13 13 12 12 12 14 14 14 15 15 15 16 16 16 15 15 15 17 17 17 16 16 16 17 17 17 18 18 18 16 16 16 19 19 19 16 16 16 20 20 20 19 19 19 14 14 14 16 16 16 21 21 21 22 22 22 23 23 23 24 24 24 19 19 19 20 20 20 25 25 25 24 24 24 20 20 20 25 25 25 26 26 26 24 24 24 27 27 27 28 28 28 29 29 29 27 27 27 30 30 30 28 28 28 21 21 21 23 23 23 31 31 31 32 32 32 33 33 33 34 34 34 32 32 32 34 34 34 35 35 35 36 36 36 37 37 37 38 38 38 36 36 36 39 39 39 37 37 37 40 40 40 41 41 41 42 42 42 40 40 40 42 42 42 43 43 43</p>
                </polylist>
            </mesh>
        </geometry>
        <geometry id="meshMesh7_1">
            <mesh>
                <source id="pointsMesh7_1">
                    <float_array id="pointarrayMesh7_1" count="135">1024 1536 171 3097 1741 -733 1186 1408 -149 1024 1408 171 1212 1408 -123 2076 1408 425 1888 1408 720 1888 1536 720 1024 1536 171 1024 768 171 1212 1408 -123 1024 1408 171 1212 768 -123 -1535 0 1536 -1535 768 1536 3097 1741 -733 1024 1536 171 1950 2049 -82 1888 1536 720 1186 768 -149 3584 656 -767 1692 768 3192 -1535 768 1536 1024 768 171 1024 1536 171 1212 1408 -123 2076 768 425 2076 1408 425 1212 768 -123 -767 0 -767 1186 768 -149 3097 1741 -733 -1535 0 1536 2079 1368 -1535 -1016 0 -2299 1692 768 3192 1888 1536 720 1888 768 720 2076 768 425 1888 768 720 2076 1408 425 1260 2918 -2327 1521 2918 -2452 1328 2918 -2520 1452 2918 -2259</float_array>
                    <technique_common>
                        <accessor count="45" source="#pointarrayMesh7_1" stride="3">
                            <param name="X" type="float"/>
                            <param name="Y" type="float"/>
                            <param name="Z" type="float"/>
                        </accessor>
                    </technique_common>
                </source>
                <source id="uvsMesh7_1">
                    <float_array id="uvarrayMesh7_1" count="90">-0.412109375 1.5 -4.56640625 0.109375 -0.859375 1 0 1 0 0.69140625 0.966796875 0.69140625 0.966796875 1 0.966796875 1.15625 0 1.15625 0.626953125 0.033203125 0.966796875 0.78125 0.626953125 0.78125 0.966796875 0.033203125 5.95703125 1 5.353515625 2.40234375 2.46875 0.7734375 1.466796875 -0.048828125 1.927734375 0.087890625 1.88671875 -0.31640625 -0.357421875 -0.109375 2.712890625 0.408203125 1.58984375 -1.5859375 -4.6875 0.033203125 0.966796875 0.033203125 0.966796875 1.529296875 0 1 0.966796875 0.283203125 0.966796875 1 0 0.283203125 0 -0.1015625 0 2.029296875 -1.130859375 3.86328125 2.3359375 -0.13671875 -1.578125 2.62890625 -1.37890625 -0.740234375 4.958984375 1 -0.099609375 1 0.341796875 -0.396484375 0.626953125 0.283203125 0.966796875 0.283203125 0.626953125 1 0 0.033203125 0.96484375 1 0 1 0.96484375 0.033203125</float_array>
                    <technique_common>
                        <accessor count="45" source="#uvarrayMesh7_1" stride="2">
                            <param name="S" type="float"/>
                            <param name="T" type="float"/>
                        </accessor>
                    </technique_common>
                </source>
                <vertices id="verticesMesh7_1">
                    <input semantic="POSITION" source="#pointsMesh7_1"/>
                </vertices>
                <polylist count="28" material="Material1">
                    <input offset="0" semantic="VERTEX" source="#verticesMesh7_1"/>
                    <input offset="1" semantic="TEXCOORD" source="#uvsMesh7_1" set="0"/>
                    <vcount>3 3 3 3 3 3 3 3 3 3 3 3 3 3 3 3 3 3 3 3 3 3 3 3 3 3 3 3</vcount>
                    <p>0 0 1 1 2 2 3 3 4 4 5 5 3 3 5 5 6 6 7 7 3 3 6 6 7 7 8 8 3 3 9 9 10 10 11 11 9 9 12 12 10 10 13 13 14 14 2 2 14 14 0 0 2 2 15 15 16 16 17 17 18 18 15 15 17 17 16 16 18 18 17 17 13 13 2 2 19 19 19 19 2 2 1 1 20 20 15 15 18 18 20 20 18 18 21 21 22 22 23 23 24 24 25 25 26 26 27 27 25 25 28 28 26 26 29 29 30 30 31 31 29 29 32 32 30 30 33 33 29 29 31 31 29 29 33 33 34 34 35 35 36 36 37 37 6 6 38 38 39 39 6 6 40 40 38 38 41 41 42 42 43 43 41 41 44 44 42 42</p>
                </polylist>
            </mesh>
        </geometry>
        <geometry id="meshMesh7_2">
            <mesh>
                <source id="pointsMesh7_2">
                    <float_array id="pointarrayMesh7_2" count="135">1024 1536 171 3097 1741 -733 1186 1408 -149 1024 1408 171 1212 1408 -123 2076 1408 425 1888 1408 720 1888 1536 720 1024 1536 171 1024 768 171 1212 1408 -123 1024 1408 171 1212 768 -123 -1535 0 1536 -1535 768 1536 3097 1741 -733 1024 1536 171 1950 2049 -82 1888 1536 720 1186 768 -149 3584 656 -767 1692 768 3192 -1535 768 1536 1024 768 171 1024 1536 171 1212 1408 -123 2076 768 425 2076 1408 425 1212 768 -123 -767 0 -767 1186 768 -149 3097 1741 -733 -1535 0 1536 2079 1368 -1535 -1016 0 -2299 1692 768 3192 1888 1536 720 1888 768 720 2076 768 425 1888 768 720 2076 1408 425 1260 2918 -2327 1521 2918 -2452 1328 2918 -2520 1452 2918 -2259</float_array>
                    <technique_common>
                        <accessor count="45" source="#pointarrayMesh7_2" stride="3">
                            <param name="X" type="float"/>
                            <param name="Y" type="float"/>
                            <param name="Z" type="float"/>
                        </accessor>
                    </technique_common>
                </source>
                <source id="uvsMesh7_2">
                    <float_array id="uvarrayMesh7_2" count="90">-0.412109375 1.5 -4.56640625 0.109375 -0.859375 1 0 1 0 0.69140625 0.966796875 0.69140625 0.966796875 1 0.966796875 1.15625 0 1.15625 0.626953125 0.033203125 0.966796875 0.78125 0.626953125 0.78125 0.966796875 0.033203125 5.95703125 1 5.353515625 2.40234375 2.46875 0.7734375 1.466796875 -0.048828125 1.927734375 0.087890625 1.88671875 -0.31640625 -0.357421875 -0.109375 2.712890625 0.408203125 1.58984375 -1.5859375 -4.6875 0.033203125 0.966796875 0.033203125 0.966796875 1.529296875 0 1 0.966796875 0.283203125 0.966796875 1 0 0.283203125 0 -0.1015625 0 2.029296875 -1.130859375 3.86328125 2.3359375 -0.13671875 -1.578125 2.62890625 -1.37890625 -0.740234375 4.958984375 1 -0.099609375 1 0.341796875 -0.396484375 0.626953125 0.283203125 0.966796875 0.283203125 0.626953125 1 0 0.033203125 0.96484375 1 0 1 0.96484375 0.033203125</float_array>
                    <technique_common>
                        <accessor count="45" source="#uvarrayMesh7_2" stride="2">
                            <param name="S" type="float"/>
                            <param name="T" type="float"/>
                        </accessor>
                    </technique_common>
                </source>
                <source id="colorsMesh7_2">
                    <float_array id="colorarrayMesh7_2" count="180">0.4 0.4 0.4 1 0.4 0.4 0.4 1 0.4 0.4 0.4 1 0.4 0.4 0.4 1 0.4 0.4 0.4 1 0.4 0.4 0.4 1 0.4 0.4 0.4 1 0.4 0.4 0.4 1 0.4 0.4 0.4 1 0.4 0.4 0.4 1 0.4 0.4 0.4 1 0.4 0.4 0.4 1 0.4 0.4 0.4 1 0.4 0.4 0.4 1 0.4 0.4 0.4 1 0.4 0.4 0.4 1 0.4 0.4 0.4 1 0.4 0.4 0.4 1 0.4 0.4 0.4 1 0.4 0.4 0.4 1 0.4 0.4 0.4 1 0.4 0.4 0.4 1 0.4 0.4 0.4 1 0.4 0.4 0.4 1 0.4 0.4 0.4 1 0.4 0.4 0.4 1 0.4 0.4 0.4 1 0.4 0.4 0.4 1 0.4 0.4 0.4 1 0.4 0.4 0.4 1 0.4 0.4 0.4 1 0.4 0.4 0.4 1 0.4 0.4 0.4 1 0.4 0.4 0.4 1 0.4 0.4 0.4 1 0.4 0.4 0.4 1 0.4 0.4 0.4 1 0.4 0.4 0.4 1 0.4 0.4 0.4 1 0.4 0.4 0.4 1 0.4 0.4 0.4 1 0.4 0.4 0.4 1 0.4 0.4 0.4 1 0.4 0.4 0.4 1 0.4 0.4 0.4 1</float_array>
                    <technique_common>
                        <accessor count="45" source="#colorarrayMesh7_2" stride="4">
                            <param name="R" type="float"/>
                            <param name="G" type="float"/>
                            <param name="B" type="float"/>
                            <param name="A" type="float"/>
                        </accessor>
                    </technique_common>
                </source>
                <vertices id="verticesMesh7_2">
                    <input semantic="POSITION" source="#pointsMesh7_2"/>
                </vertices>
                <polylist count="28" material="Material1">
                    <input offset="0" semantic="VERTEX" source="#verticesMesh7_2"/>
                    <input offset="1" semantic="TEXCOORD" source="#uvsMesh7_2" set="0"/>
                    <input offset="2" semantic="COLOR" source="#colorsMesh7_2" set="0"/>
                    <vcount>3 3 3 3 3 3 3 3 3 3 3 3 3 3 3 3 3 3 3 3 3 3 3 3 3 3 3 3</vcount>
                    <p>0 0 0 1 1 1 2 2 2 3 3 3 4 4 4 5 5 5 3 3 3 5 5 5 6 6 6 7 7 7 3 3 3 6 6 6 7 7 7 8 8 8 3 3 3 9 9 9 10 10 10 11 11 11 9 9 9 12 12 12 10 10 10 13 13 13 14 14 14 2 2 2 14 14 14 0 0 0 2 2 2 15 15 15 16 16 16 17 17 17 18 18 18 15 15 15 17 17 17 16 16 16 18 18 18 17 17 17 13 13 13 2 2 2 19 19 19 19 19 19 2 2 2 1 1 1 20 20 20 15 15 15 18 18 18 20 20 20 18 18 18 21 21 21 22 22 22 23 23 23 24 24 24 25 25 25 26 26 26 27 27 27 25 25 25 28 28 28 26 26 26 29 29 29 30 30 30 31 31 31 29 29 29 32 32 32 30 30 30 33 33 33 29 29 29 31 31 31 29 29 29 33 33 33 34 34 34 35 35 35 36 36 36 37 37 37 6 6 6 38 38 38 39 39 39 6 6 6 40 40 40 38 38 38 41 41 41 42 42 42 43 43 43 41 41 41 44 44 44 42 42 42</p>
                </polylist>
            </mesh>
        </geometry>
        <geometry id="meshMesh8_1">
            <mesh>
                <source id="pointsMesh8_1">
                    <float_array id="pointarrayMesh8_1" count="177">5478 1536 4506 5478 1024 4506 5478 1024 4710 5478 1536 4710 5274 1536 4506 5274 1024 4506 5478 1536 4710 5478 1024 4710 5274 1024 4710 5274 1536 4710 5478 1024 4506 5274 1024 4710 5478 1024 4710 5274 1024 4506 5888 1024 5120 5632 1536 4864 5120 1536 4864 5120 1536 4864 5632 1536 4864 5478 1536 4710 5632 1536 4352 5478 1536 4506 5274 1536 4506 5274 1536 4710 5120 1536 4352 5888 1024 4096 5632 1536 4864 5888 1024 5120 5632 1536 4352 -3503 960 111 -3187 960 -115 -3231 960 -159 4864 1024 5120 4864 1024 5120 4864 1024 4096 5120 1536 4864 4864 1024 4096 5632 1536 4352 5888 1024 4096 5120 1536 4352 -3458 960 156 -3186 896 -114 -3458 896 156 -3142 832 -69 -3413 896 201 -3413 832 201 -3142 896 -69 -3368 832 246 -3097 832 -24 -3097 768 -24 -3368 768 246 -3503 768 111 -3368 768 246 -3413 832 201 -3458 896 156 -3503 960 111 -3413 896 201 -3458 960 156 -3368 832 246</float_array>
                    <technique_common>
                        <accessor count="59" source="#pointarrayMesh8_1" stride="3">
                            <param name="X" type="float"/>
                            <param name="Y" type="float"/>
                            <param name="Z" type="float"/>
                        </accessor>
                    </technique_common>
                </source>
                <source id="uvsMesh8_1">
                    <float_array id="uvarrayMesh8_1" count="118">3.462890625 0.033203125 3.462890625 1 4.4609375 1 4.4609375 0.033203125 2.46484375 0.033203125 2.462890625 1 0.466796875 0.033203125 0.46875 1 1.466796875 1 1.466796875 0.033203125 0 1 0.767578125 0.232421875 0.767578125 1 0 0.232421875 1.466796875 -0.08203125 0.966796875 1 0 1 0 0.033203125 0.966796875 0.033203125 0.66796875 0.33203125 0.966796875 1 0.66796875 0.732421875 0.267578125 0.732421875 0.267578125 0.33203125 0 1 1.470703125 -0.08203125 -0.025390625 1 -0.5234375 -0.08203125 0.97265625 1 -0.90234375 1.12890625 0.966796875 0.912109375 0.966796875 1.130859375 -0.529296875 -0.08203125 1.46484375 -0.08203125 -0.52734375 -0.08203125 0.966796875 1 1.466796875 -0.08203125 0 1 -0.529296875 -0.08203125 0.966796875 1 -0.90234375 0.912109375 0.966796875 0.69140625 -0.90234375 0.69140625 0.966796875 0.251953125 -0.90234375 0.47265625 -0.90234375 0.251953125 0.966796875 0.47265625 -0.90234375 0.033203125 0.966796875 0.033203125 0.966796875 -0.185546875 -0.90234375 -0.185546875 0 0.033203125 1 0.033203125 0.65625 0.37890625 0.310546875 0.7265625 0 1.072265625 0.65625 0.7265625 0.310546875 1.072265625 1 0.37890625</float_array>
                    <technique_common>
                        <accessor count="59" source="#uvarrayMesh8_1" stride="2">
                            <param name="S" type="float"/>
                            <param name="T" type="float"/>
                        </accessor>
                    </technique_common>
                </source>
                <vertices id="verticesMesh8_1">
                    <input semantic="POSITION" source="#pointsMesh8_1"/>
                </vertices>
                <polylist count="44" material="Material1">
                    <input offset="0" semantic="VERTEX" source="#verticesMesh8_1"/>
                    <input offset="1" semantic="TEXCOORD" source="#uvsMesh8_1" set="0"/>
                    <vcount>3 3 3 3 3 3 3 3 3 3 3 3 3 3 3 3 3 3 3 3 3 3 3 3 3 3 3 3 3 3 3 3 3 3 3 3 3 3 3 3 3 3 3 3</vcount>
                    <p>0 0 1 1 2 2 0 0 2 2 3 3 4 4 1 1 0 0 4 4 5 5 1 1 6 6 7 7 8 8 6 6 8 8 9 9 9 9 8 8 5 5 9 9 5 5 4 4 10 10 11 11 12 12 10 10 13 13 11 11 14 14 15 15 16 16 17 17 18 18 19 19 18 18 20 20 21 21 18 18 21 21 19 19 20 20 22 22 21 21 17 17 19 19 23 23 20 20 24 24 22 22 24 24 17 17 23 23 24 24 23 23 22 22 25 25 26 26 27 27 25 25 28 28 26 26 29 29 30 30 31 31 14 14 16 16 32 32 33 33 24 24 34 34 33 33 35 35 24 24 36 36 37 37 38 38 36 36 39 39 37 37 29 29 40 40 30 30 41 41 30 30 40 40 41 41 40 40 42 42 43 43 44 44 45 45 43 43 46 46 44 44 42 42 44 44 46 46 42 42 46 46 41 41 45 45 47 47 48 48 45 45 48 48 43 43 49 49 48 48 47 47 49 49 47 47 50 50 51 51 52 52 53 53 51 51 53 53 54 54 51 51 54 54 55 55 53 53 56 56 54 54 54 54 57 57 55 55 52 52 58 58 53 53</p>
                </polylist>
            </mesh>
        </geometry>
        <geometry id="meshMesh8_2">
            <mesh>
                <source id="pointsMesh8_2">
                    <float_array id="pointarrayMesh8_2" count="177">5478 1536 4506 5478 1024 4506 5478 1024 4710 5478 1536 4710 5274 1536 4506 5274 1024 4506 5478 1536 4710 5478 1024 4710 5274 1024 4710 5274 1536 4710 5478 1024 4506 5274 1024 4710 5478 1024 4710 5274 1024 4506 5888 1024 5120 5632 1536 4864 5120 1536 4864 5120 1536 4864 5632 1536 4864 5478 1536 4710 5632 1536 4352 5478 1536 4506 5274 1536 4506 5274 1536 4710 5120 1536 4352 5888 1024 4096 5632 1536 4864 5888 1024 5120 5632 1536 4352 -3503 960 111 -3187 960 -115 -3231 960 -159 4864 1024 5120 4864 1024 5120 4864 1024 4096 5120 1536 4864 4864 1024 4096 5632 1536 4352 5888 1024 4096 5120 1536 4352 -3458 960 156 -3186 896 -114 -3458 896 156 -3142 832 -69 -3413 896 201 -3413 832 201 -3142 896 -69 -3368 832 246 -3097 832 -24 -3097 768 -24 -3368 768 246 -3503 768 111 -3368 768 246 -3413 832 201 -3458 896 156 -3503 960 111 -3413 896 201 -3458 960 156 -3368 832 246</float_array>
                    <technique_common>
                        <accessor count="59" source="#pointarrayMesh8_2" stride="3">
                            <param name="X" type="float"/>
                            <param name="Y" type="float"/>
                            <param name="Z" type="float"/>
                        </accessor>
                    </technique_common>
                </source>
                <source id="uvsMesh8_2">
                    <float_array id="uvarrayMesh8_2" count="118">3.462890625 0.033203125 3.462890625 1 4.4609375 1 4.4609375 0.033203125 2.46484375 0.033203125 2.462890625 1 0.466796875 0.033203125 0.46875 1 1.466796875 1 1.466796875 0.033203125 0 1 0.767578125 0.232421875 0.767578125 1 0 0.232421875 1.466796875 -0.08203125 0.966796875 1 0 1 0 0.033203125 0.966796875 0.033203125 0.66796875 0.33203125 0.966796875 1 0.66796875 0.732421875 0.267578125 0.732421875 0.267578125 0.33203125 0 1 1.470703125 -0.08203125 -0.025390625 1 -0.5234375 -0.08203125 0.97265625 1 -0.90234375 1.12890625 0.966796875 0.912109375 0.966796875 1.130859375 -0.529296875 -0.08203125 1.46484375 -0.08203125 -0.52734375 -0.08203125 0.966796875 1 1.466796875 -0.08203125 0 1 -0.529296875 -0.08203125 0.966796875 1 -0.90234375 0.912109375 0.966796875 0.69140625 -0.90234375 0.69140625 0.966796875 0.251953125 -0.90234375 0.47265625 -0.90234375 0.251953125 0.966796875 0.47265625 -0.90234375 0.033203125 0.966796875 0.033203125 0.966796875 -0.185546875 -0.90234375 -0.185546875 0 0.033203125 1 0.033203125 0.65625 0.37890625 0.310546875 0.7265625 0 1.072265625 0.65625 0.7265625 0.310546875 1.072265625 1 0.37890625</float_array>
                    <technique_common>
                        <accessor count="59" source="#uvarrayMesh8_2" stride="2">
                            <param name="S" type="float"/>
                            <param name="T" type="float"/>
                        </accessor>
                    </technique_common>
                </source>
                <source id="colorsMesh8_2">
                    <float_array id="colorarrayMesh8_2" count="236">0.4 0.4 0.4 1 0.4 0.4 0.4 1 0.4 0.4 0.4 1 0.4 0.4 0.4 1 0.4 0.4 0.4 1 0.4 0.4 0.4 1 0.4 0.4 0.4 1 0.4 0.4 0.4 1 0.4 0.4 0.4 1 0.4 0.4 0.4 1 0.4 0.4 0.4 1 0.4 0.4 0.4 1 0.4 0.4 0.4 1 0.4 0.4 0.4 1 0.4 0.4 0.4 1 0.4 0.4 0.4 1 0.4 0.4 0.4 1 0.4 0.4 0.4 1 0.4 0.4 0.4 1 0.4 0.4 0.4 1 0.4 0.4 0.4 1 0.4 0.4 0.4 1 0.4 0.4 0.4 1 0.4 0.4 0.4 1 0.4 0.4 0.4 1 0.4 0.4 0.4 1 0.4 0.4 0.4 1 0.4 0.4 0.4 1 0.4 0.4 0.4 1 0.4 0.4 0.4 1 0.4 0.4 0.4 1 0.4 0.4 0.4 1 0.4 0.4 0.4 1 0.4 0.4 0.4 1 0.4 0.4 0.4 1 0.4 0.4 0.4 1 0.4 0.4 0.4 1 0.4 0.4 0.4 1 0.4 0.4 0.4 1 0.4 0.4 0.4 1 0.4 0.4 0.4 1 0.4 0.4 0.4 1 0.4 0.4 0.4 1 0.4 0.4 0.4 1 0.4 0.4 0.4 1 0.4 0.4 0.4 1 0.4 0.4 0.4 1 0.4 0.4 0.4 1 0.4 0.4 0.4 1 0.4 0.4 0.4 1 0.4 0.4 0.4 1 0.4 0.4 0.4 1 0.4 0.4 0.4 1 0.4 0.4 0.4 1 0.4 0.4 0.4 1 0.4 0.4 0.4 1 0.4 0.4 0.4 1 0.4 0.4 0.4 1 0.4 0.4 0.4 1</float_array>
                    <technique_common>
                        <accessor count="59" source="#colorarrayMesh8_2" stride="4">
                            <param name="R" type="float"/>
                            <param name="G" type="float"/>
                            <param name="B" type="float"/>
                            <param name="A" type="float"/>
                        </accessor>
                    </technique_common>
                </source>
                <vertices id="verticesMesh8_2">
                    <input semantic="POSITION" source="#pointsMesh8_2"/>
                </vertices>
                <polylist count="44" material="Material1">
                    <input offset="0" semantic="VERTEX" source="#verticesMesh8_2"/>
                    <input offset="1" semantic="TEXCOORD" source="#uvsMesh8_2" set="0"/>
                    <input offset="2" semantic="COLOR" source="#colorsMesh8_2" set="0"/>
                    <vcount>3 3 3 3 3 3 3 3 3 3 3 3 3 3 3 3 3 3 3 3 3 3 3 3 3 3 3 3 3 3 3 3 3 3 3 3 3 3 3 3 3 3 3 3</vcount>
                    <p>0 0 0 1 1 1 2 2 2 0 0 0 2 2 2 3 3 3 4 4 4 1 1 1 0 0 0 4 4 4 5 5 5 1 1 1 6 6 6 7 7 7 8 8 8 6 6 6 8 8 8 9 9 9 9 9 9 8 8 8 5 5 5 9 9 9 5 5 5 4 4 4 10 10 10 11 11 11 12 12 12 10 10 10 13 13 13 11 11 11 14 14 14 15 15 15 16 16 16 17 17 17 18 18 18 19 19 19 18 18 18 20 20 20 21 21 21 18 18 18 21 21 21 19 19 19 20 20 20 22 22 22 21 21 21 17 17 17 19 19 19 23 23 23 20 20 20 24 24 24 22 22 22 24 24 24 17 17 17 23 23 23 24 24 24 23 23 23 22 22 22 25 25 25 26 26 26 27 27 27 25 25 25 28 28 28 26 26 26 29 29 29 30 30 30 31 31 31 14 14 14 16 16 16 32 32 32 33 33 33 24 24 24 34 34 34 33 33 33 35 35 35 24 24 24 36 36 36 37 37 37 38 38 38 36 36 36 39 39 39 37 37 37 29 29 29 40 40 40 30 30 30 41 41 41 30 30 30 40 40 40 41 41 41 40 40 40 42 42 42 43 43 43 44 44 44 45 45 45 43 43 43 46 46 46 44 44 44 42 42 42 44 44 44 46 46 46 42 42 42 46 46 46 41 41 41 45 45 45 47 47 47 48 48 48 45 45 45 48 48 48 43 43 43 49 49 49 48 48 48 47 47 47 49 49 49 47 47 47 50 50 50 51 51 51 52 52 52 53 53 53 51 51 51 53 53 53 54 54 54 51 51 51 54 54 54 55 55 55 53 53 53 56 56 56 54 54 54 54 54 54 57 57 57 55 55 55 52 52 52 58 58 58 53 53 53</p>
                </polylist>
            </mesh>
        </geometry>
        <geometry id="meshMesh9_1">
            <mesh>
                <source id="pointsMesh9_1">
                    <float_array id="pointarrayMesh9_1" count="54">-6677 1075 -3554 -6537 1075 -3167 -6405 1075 -3324 1879 819 6421 2151 819 6650 2081 819 6456 1747 819 6579 1817 819 6772 2019 819 6807 -6133 1075 -5503 -6194 1075 -5152 -5993 1075 -5116 -5861 1075 -5273 -5931 1075 -5468 -6265 1075 -5344 -6739 1075 -3202 -6809 1075 -3395 -6475 1075 -3518</float_array>
                    <technique_common>
                        <accessor count="18" source="#pointarrayMesh9_1" stride="3">
                            <param name="X" type="float"/>
                            <param name="Y" type="float"/>
                            <param name="Z" type="float"/>
                        </accessor>
                    </technique_common>
                </source>
                <source id="uvsMesh9_1">
                    <float_array id="uvarrayMesh9_1" count="36">-1.02734375 4.5234375 2.962890625 -2.423828125 4.958984375 1 -1.02734375 4.5234375 4.958984375 1 2.962890625 4.5234375 -3.0234375 1 -1.02734375 -2.423828125 2.962890625 -2.423828125 -1.02734375 4.5234375 -1.02734375 -2.423828125 2.962890625 -2.423828125 4.958984375 1 2.962890625 4.5234375 -3.0234375 1 -1.02734375 -2.423828125 -3.0234375 1 2.962890625 4.5234375</float_array>
                    <technique_common>
                        <accessor count="18" source="#uvarrayMesh9_1" stride="2">
                            <param name="S" type="float"/>
                            <param name="T" type="float"/>
                        </accessor>
                    </technique_common>
                </source>
                <vertices id="verticesMesh9_1">
                    <input semantic="POSITION" source="#pointsMesh9_1"/>
                </vertices>
                <polylist count="12" material="Material1">
                    <input offset="0" semantic="VERTEX" source="#verticesMesh9_1"/>
                    <input offset="1" semantic="TEXCOORD" source="#uvsMesh9_1" set="0"/>
                    <vcount>3 3 3 3 3 3 3 3 3 3 3 3</vcount>
                    <p>0 0 1 1 2 2 3 3 4 4 5 5 3 3 6 6 7 7 3 3 7 7 8 8 3 3 8 8 4 4 9 9 10 10 11 11 9 9 12 12 13 13 9 9 11 11 12 12 9 9 14 14 10 10 0 0 15 15 1 1 0 0 16 16 15 15 0 0 2 2 17 17</p>
                </polylist>
            </mesh>
        </geometry>
        <geometry id="meshMesh9_2">
            <mesh>
                <source id="pointsMesh9_2">
                    <float_array id="pointarrayMesh9_2" count="54">-6677 1075 -3554 -6537 1075 -3167 -6405 1075 -3324 1879 819 6421 2151 819 6650 2081 819 6456 1747 819 6579 1817 819 6772 2019 819 6807 -6133 1075 -5503 -6194 1075 -5152 -5993 1075 -5116 -5861 1075 -5273 -5931 1075 -5468 -6265 1075 -5344 -6739 1075 -3202 -6809 1075 -3395 -6475 1075 -3518</float_array>
                    <technique_common>
                        <accessor count="18" source="#pointarrayMesh9_2" stride="3">
                            <param name="X" type="float"/>
                            <param name="Y" type="float"/>
                            <param name="Z" type="float"/>
                        </accessor>
                    </technique_common>
                </source>
                <source id="uvsMesh9_2">
                    <float_array id="uvarrayMesh9_2" count="36">-1.02734375 4.5234375 2.962890625 -2.423828125 4.958984375 1 -1.02734375 4.5234375 4.958984375 1 2.962890625 4.5234375 -3.0234375 1 -1.02734375 -2.423828125 2.962890625 -2.423828125 -1.02734375 4.5234375 -1.02734375 -2.423828125 2.962890625 -2.423828125 4.958984375 1 2.962890625 4.5234375 -3.0234375 1 -1.02734375 -2.423828125 -3.0234375 1 2.962890625 4.5234375</float_array>
                    <technique_common>
                        <accessor count="18" source="#uvarrayMesh9_2" stride="2">
                            <param name="S" type="float"/>
                            <param name="T" type="float"/>
                        </accessor>
                    </technique_common>
                </source>
                <source id="colorsMesh9_2">
                    <float_array id="colorarrayMesh9_2" count="72">0.4 0.4 0.4 1 0.4 0.4 0.4 1 0.4 0.4 0.4 1 0.4 0.4 0.4 1 0.4 0.4 0.4 1 0.4 0.4 0.4 1 0.4 0.4 0.4 1 0.4 0.4 0.4 1 0.4 0.4 0.4 1 0.4 0.4 0.4 1 0.4 0.4 0.4 1 0.4 0.4 0.4 1 0.4 0.4 0.4 1 0.4 0.4 0.4 1 0.4 0.4 0.4 1 0.4 0.4 0.4 1 0.4 0.4 0.4 1 0.4 0.4 0.4 1</float_array>
                    <technique_common>
                        <accessor count="18" source="#colorarrayMesh9_2" stride="4">
                            <param name="R" type="float"/>
                            <param name="G" type="float"/>
                            <param name="B" type="float"/>
                            <param name="A" type="float"/>
                        </accessor>
                    </technique_common>
                </source>
                <vertices id="verticesMesh9_2">
                    <input semantic="POSITION" source="#pointsMesh9_2"/>
                </vertices>
                <polylist count="12" material="Material1">
                    <input offset="0" semantic="VERTEX" source="#verticesMesh9_2"/>
                    <input offset="1" semantic="TEXCOORD" source="#uvsMesh9_2" set="0"/>
                    <input offset="2" semantic="COLOR" source="#colorsMesh9_2" set="0"/>
                    <vcount>3 3 3 3 3 3 3 3 3 3 3 3</vcount>
                    <p>0 0 0 1 1 1 2 2 2 3 3 3 4 4 4 5 5 5 3 3 3 6 6 6 7 7 7 3 3 3 7 7 7 8 8 8 3 3 3 8 8 8 4 4 4 9 9 9 10 10 10 11 11 11 9 9 9 12 12 12 13 13 13 9 9 9 11 11 11 12 12 12 9 9 9 14 14 14 10 10 10 0 0 0 15 15 15 1 1 1 0 0 0 16 16 16 15 15 15 0 0 0 2 2 2 17 17 17</p>
                </polylist>
            </mesh>
        </geometry>
        <geometry id="meshMesh10_1">
            <mesh>
                <source id="pointsMesh10_1">
                    <float_array id="pointarrayMesh10_1" count="216">2151 768 6650 2151 819 6650 2019 819 6807 1747 768 6579 1747 819 6579 1879 819 6421 1879 768 6421 1879 768 6421 1879 819 6421 2081 819 6456 2081 768 6456 2081 768 6456 2151 819 6650 2151 768 6650 2081 819 6456 -6265 1024 -5344 -6265 1075 -5344 -6133 1075 -5503 2019 768 6807 2019 768 6807 2019 819 6807 1817 819 6772 1817 768 6772 1817 768 6772 1817 819 6772 1747 819 6579 1747 768 6579 -6133 1024 -5503 -5993 1024 -5116 -6194 1075 -5152 -6194 1024 -5152 -6133 1024 -5503 -5931 1075 -5468 -5931 1024 -5468 -6133 1075 -5503 -5931 1024 -5468 -5931 1075 -5468 -5861 1075 -5273 -5861 1024 -5273 -5861 1024 -5273 -5861 1075 -5273 -5993 1075 -5116 -5993 1024 -5116 -6677 1024 -3554 -6475 1075 -3518 -6475 1024 -3518 -5993 1075 -5116 -6194 1024 -5152 -6194 1075 -5152 -6265 1075 -5344 -6265 1024 -5344 -6809 1024 -3395 -6809 1075 -3395 -6677 1075 -3554 -6677 1024 -3554 -6677 1075 -3554 -6739 1024 -3202 -6739 1075 -3202 -6809 1075 -3395 -6475 1024 -3518 -6405 1075 -3324 -6405 1024 -3324 -6475 1075 -3518 -6405 1024 -3324 -6405 1075 -3324 -6537 1075 -3167 -6537 1024 -3167 -6537 1024 -3167 -6739 1075 -3202 -6739 1024 -3202 -6537 1075 -3167 -6809 1024 -3395</float_array>
                    <technique_common>
                        <accessor count="72" source="#pointarrayMesh10_1" stride="3">
                            <param name="X" type="float"/>
                            <param name="Y" type="float"/>
                            <param name="Z" type="float"/>
                        </accessor>
                    </technique_common>
                </source>
                <source id="uvsMesh10_1">
                    <float_array id="uvarrayMesh10_1" count="144">3.9609375 0.033203125 3.9609375 1 0 1 3.4609375 0.033203125 3.4609375 1 -0.345703125 1 -0.345703125 0.033203125 3.9609375 0.033203125 3.9609375 1 -0.208984375 1 -0.208984375 0.033203125 3.9609375 0.033203125 0 1 0 0.033203125 3.9609375 1 3.4609375 0.033203125 3.4609375 1 -0.345703125 1 0 0.033203125 3.9609375 0.033203125 3.9609375 1 0 1 0 0.033203125 3.9609375 0.033203125 3.9609375 1 0 1 0 0.033203125 -0.345703125 0.033203125 3.9609375 0.033203125 0 1 0 0.033203125 3.9609375 0.033203125 -0.208984375 1 -0.208984375 0.033203125 3.9609375 1 3.9609375 0.033203125 3.9609375 1 0 1 0 0.033203125 3.9609375 0.033203125 3.9609375 1 0 1 0 0.033203125 3.9609375 0.033203125 -0.208984375 1 -0.208984375 0.033203125 3.9609375 1 3.9609375 0.033203125 3.9609375 1 0 1 0 0.033203125 3.4609375 0.033203125 3.4609375 1 -0.345703125 1 -0.345703125 0.033203125 3.9609375 1 3.9609375 0.033203125 3.9609375 1 0 1 3.9609375 0.033203125 0 1 0 0.033203125 3.9609375 1 3.9609375 0.033203125 3.9609375 1 0 1 0 0.033203125 3.9609375 0.033203125 0 1 0 0.033203125 3.9609375 1 0 0.033203125</float_array>
                    <technique_common>
                        <accessor count="72" source="#uvarrayMesh10_1" stride="2">
                            <param name="S" type="float"/>
                            <param name="T" type="float"/>
                        </accessor>
                    </technique_common>
                </source>
                <vertices id="verticesMesh10_1">
                    <input semantic="POSITION" source="#pointsMesh10_1"/>
                </vertices>
                <polylist count="36" material="Material1">
                    <input offset="0" semantic="VERTEX" source="#verticesMesh10_1"/>
                    <input offset="1" semantic="TEXCOORD" source="#uvsMesh10_1" set="0"/>
                    <vcount>3 3 3 3 3 3 3 3 3 3 3 3 3 3 3 3 3 3 3 3 3 3 3 3 3 3 3 3 3 3 3 3 3 3 3 3</vcount>
                    <p>0 0 1 1 2 2 3 3 4 4 5 5 3 3 5 5 6 6 7 7 8 8 9 9 7 7 9 9 10 10 11 11 12 12 13 13 11 11 14 14 12 12 15 15 16 16 17 17 0 0 2 2 18 18 19 19 20 20 21 21 19 19 21 21 22 22 23 23 24 24 25 25 23 23 25 25 26 26 15 15 17 17 27 27 28 28 29 29 30 30 31 31 32 32 33 33 31 31 34 34 32 32 35 35 36 36 37 37 35 35 37 37 38 38 39 39 40 40 41 41 39 39 41 41 42 42 43 43 44 44 45 45 28 28 46 46 29 29 47 47 48 48 49 49 47 47 49 49 50 50 51 51 52 52 53 53 51 51 53 53 54 54 43 43 55 55 44 44 56 56 57 57 58 58 59 59 60 60 61 61 59 59 62 62 60 60 63 63 64 64 65 65 63 63 65 65 66 66 67 67 68 68 69 69 67 67 70 70 68 68 56 56 58 58 71 71</p>
                </polylist>
            </mesh>
        </geometry>
        <geometry id="meshMesh10_2">
            <mesh>
                <source id="pointsMesh10_2">
                    <float_array id="pointarrayMesh10_2" count="216">2151 768 6650 2151 819 6650 2019 819 6807 1747 768 6579 1747 819 6579 1879 819 6421 1879 768 6421 1879 768 6421 1879 819 6421 2081 819 6456 2081 768 6456 2081 768 6456 2151 819 6650 2151 768 6650 2081 819 6456 -6265 1024 -5344 -6265 1075 -5344 -6133 1075 -5503 2019 768 6807 2019 768 6807 2019 819 6807 1817 819 6772 1817 768 6772 1817 768 6772 1817 819 6772 1747 819 6579 1747 768 6579 -6133 1024 -5503 -5993 1024 -5116 -6194 1075 -5152 -6194 1024 -5152 -6133 1024 -5503 -5931 1075 -5468 -5931 1024 -5468 -6133 1075 -5503 -5931 1024 -5468 -5931 1075 -5468 -5861 1075 -5273 -5861 1024 -5273 -5861 1024 -5273 -5861 1075 -5273 -5993 1075 -5116 -5993 1024 -5116 -6677 1024 -3554 -6475 1075 -3518 -6475 1024 -3518 -5993 1075 -5116 -6194 1024 -5152 -6194 1075 -5152 -6265 1075 -5344 -6265 1024 -5344 -6809 1024 -3395 -6809 1075 -3395 -6677 1075 -3554 -6677 1024 -3554 -6677 1075 -3554 -6739 1024 -3202 -6739 1075 -3202 -6809 1075 -3395 -6475 1024 -3518 -6405 1075 -3324 -6405 1024 -3324 -6475 1075 -3518 -6405 1024 -3324 -6405 1075 -3324 -6537 1075 -3167 -6537 1024 -3167 -6537 1024 -3167 -6739 1075 -3202 -6739 1024 -3202 -6537 1075 -3167 -6809 1024 -3395</float_array>
                    <technique_common>
                        <accessor count="72" source="#pointarrayMesh10_2" stride="3">
                            <param name="X" type="float"/>
                            <param name="Y" type="float"/>
                            <param name="Z" type="float"/>
                        </accessor>
                    </technique_common>
                </source>
                <source id="uvsMesh10_2">
                    <float_array id="uvarrayMesh10_2" count="144">3.9609375 0.033203125 3.9609375 1 0 1 3.4609375 0.033203125 3.4609375 1 -0.345703125 1 -0.345703125 0.033203125 3.9609375 0.033203125 3.9609375 1 -0.208984375 1 -0.208984375 0.033203125 3.9609375 0.033203125 0 1 0 0.033203125 3.9609375 1 3.4609375 0.033203125 3.4609375 1 -0.345703125 1 0 0.033203125 3.9609375 0.033203125 3.9609375 1 0 1 0 0.033203125 3.9609375 0.033203125 3.9609375 1 0 1 0 0.033203125 -0.345703125 0.033203125 3.9609375 0.033203125 0 1 0 0.033203125 3.9609375 0.033203125 -0.208984375 1 -0.208984375 0.033203125 3.9609375 1 3.9609375 0.033203125 3.9609375 1 0 1 0 0.033203125 3.9609375 0.033203125 3.9609375 1 0 1 0 0.033203125 3.9609375 0.033203125 -0.208984375 1 -0.208984375 0.033203125 3.9609375 1 3.9609375 0.033203125 3.9609375 1 0 1 0 0.033203125 3.4609375 0.033203125 3.4609375 1 -0.345703125 1 -0.345703125 0.033203125 3.9609375 1 3.9609375 0.033203125 3.9609375 1 0 1 3.9609375 0.033203125 0 1 0 0.033203125 3.9609375 1 3.9609375 0.033203125 3.9609375 1 0 1 0 0.033203125 3.9609375 0.033203125 0 1 0 0.033203125 3.9609375 1 0 0.033203125</float_array>
                    <technique_common>
                        <accessor count="72" source="#uvarrayMesh10_2" stride="2">
                            <param name="S" type="float"/>
                            <param name="T" type="float"/>
                        </accessor>
                    </technique_common>
                </source>
                <source id="colorsMesh10_2">
                    <float_array id="colorarrayMesh10_2" count="288">0.4 0.4 0.4 1 0.4 0.4 0.4 1 0.4 0.4 0.4 1 0.4 0.4 0.4 1 0.4 0.4 0.4 1 0.4 0.4 0.4 1 0.4 0.4 0.4 1 0.4 0.4 0.4 1 0.4 0.4 0.4 1 0.4 0.4 0.4 1 0.4 0.4 0.4 1 0.4 0.4 0.4 1 0.4 0.4 0.4 1 0.4 0.4 0.4 1 0.4 0.4 0.4 1 0.4 0.4 0.4 1 0.4 0.4 0.4 1 0.4 0.4 0.4 1 0.4 0.4 0.4 1 0.4 0.4 0.4 1 0.4 0.4 0.4 1 0.4 0.4 0.4 1 0.4 0.4 0.4 1 0.4 0.4 0.4 1 0.4 0.4 0.4 1 0.4 0.4 0.4 1 0.4 0.4 0.4 1 0.4 0.4 0.4 1 0.4 0.4 0.4 1 0.4 0.4 0.4 1 0.4 0.4 0.4 1 0.4 0.4 0.4 1 0.4 0.4 0.4 1 0.4 0.4 0.4 1 0.4 0.4 0.4 1 0.4 0.4 0.4 1 0.4 0.4 0.4 1 0.4 0.4 0.4 1 0.4 0.4 0.4 1 0.4 0.4 0.4 1 0.4 0.4 0.4 1 0.4 0.4 0.4 1 0.4 0.4 0.4 1 0.4 0.4 0.4 1 0.4 0.4 0.4 1 0.4 0.4 0.4 1 0.4 0.4 0.4 1 0.4 0.4 0.4 1 0.4 0.4 0.4 1 0.4 0.4 0.4 1 0.4 0.4 0.4 1 0.4 0.4 0.4 1 0.4 0.4 0.4 1 0.4 0.4 0.4 1 0.4 0.4 0.4 1 0.4 0.4 0.4 1 0.4 0.4 0.4 1 0.4 0.4 0.4 1 0.4 0.4 0.4 1 0.4 0.4 0.4 1 0.4 0.4 0.4 1 0.4 0.4 0.4 1 0.4 0.4 0.4 1 0.4 0.4 0.4 1 0.4 0.4 0.4 1 0.4 0.4 0.4 1 0.4 0.4 0.4 1 0.4 0.4 0.4 1 0.4 0.4 0.4 1 0.4 0.4 0.4 1 0.4 0.4 0.4 1 0.4 0.4 0.4 1</float_array>
                    <technique_common>
                        <accessor count="72" source="#colorarrayMesh10_2" stride="4">
                            <param name="R" type="float"/>
                            <param name="G" type="float"/>
                            <param name="B" type="float"/>
                            <param name="A" type="float"/>
                        </accessor>
                    </technique_common>
                </source>
                <vertices id="verticesMesh10_2">
                    <input semantic="POSITION" source="#pointsMesh10_2"/>
                </vertices>
                <polylist count="36" material="Material1">
                    <input offset="0" semantic="VERTEX" source="#verticesMesh10_2"/>
                    <input offset="1" semantic="TEXCOORD" source="#uvsMesh10_2" set="0"/>
                    <input offset="2" semantic="COLOR" source="#colorsMesh10_2" set="0"/>
                    <vcount>3 3 3 3 3 3 3 3 3 3 3 3 3 3 3 3 3 3 3 3 3 3 3 3 3 3 3 3 3 3 3 3 3 3 3 3</vcount>
                    <p>0 0 0 1 1 1 2 2 2 3 3 3 4 4 4 5 5 5 3 3 3 5 5 5 6 6 6 7 7 7 8 8 8 9 9 9 7 7 7 9 9 9 10 10 10 11 11 11 12 12 12 13 13 13 11 11 11 14 14 14 12 12 12 15 15 15 16 16 16 17 17 17 0 0 0 2 2 2 18 18 18 19 19 19 20 20 20 21 21 21 19 19 19 21 21 21 22 22 22 23 23 23 24 24 24 25 25 25 23 23 23 25 25 25 26 26 26 15 15 15 17 17 17 27 27 27 28 28 28 29 29 29 30 30 30 31 31 31 32 32 32 33 33 33 31 31 31 34 34 34 32 32 32 35 35 35 36 36 36 37 37 37 35 35 35 37 37 37 38 38 38 39 39 39 40 40 40 41 41 41 39 39 39 41 41 41 42 42 42 43 43 43 44 44 44 45 45 45 28 28 28 46 46 46 29 29 29 47 47 47 48 48 48 49 49 49 47 47 47 49 49 49 50 50 50 51 51 51 52 52 52 53 53 53 51 51 51 53 53 53 54 54 54 43 43 43 55 55 55 44 44 44 56 56 56 57 57 57 58 58 58 59 59 59 60 60 60 61 61 61 59 59 59 62 62 62 60 60 60 63 63 63 64 64 64 65 65 65 63 63 63 65 65 65 66 66 66 67 67 67 68 68 68 69 69 69 67 67 67 70 70 70 68 68 68 56 56 56 58 58 58 71 71 71</p>
                </polylist>
            </mesh>
        </geometry>
        <geometry id="meshMesh11_1">
            <mesh>
                <source id="pointsMesh11_1">
                    <float_array id="pointarrayMesh11_1" count="60">2276 802 4352 2276 802 4438 2276 888 4438 -4466 1052 -1975 -4402 1138 -2033 -4466 1138 -1975 -4401 1052 -2033 -3543 857 -4185 -3465 943 -4226 -3544 943 -4190 -3464 856 -4221 -4247 1058 -763 -4186 1058 -824 -4186 1144 -824 -4247 1144 -763 6205 907 -1524 6267 907 -1584 6267 993 -1584 2276 888 4352 6205 993 -1524</float_array>
                    <technique_common>
                        <accessor count="20" source="#pointarrayMesh11_1" stride="3">
                            <param name="X" type="float"/>
                            <param name="Y" type="float"/>
                            <param name="Z" type="float"/>
                        </accessor>
                    </technique_common>
                </source>
                <source id="uvsMesh11_1">
                    <float_array id="uvarrayMesh11_1" count="40">0.966796875 0.033203125 0 0.033203125 0 1 0 0.033203125 0.966796875 1 0 1 0.966796875 0.033203125 0 0.033203125 0.966796875 1 0 1 0.966796875 0.033203125 0 0.033203125 0.966796875 0.033203125 0.966796875 1 0 1 0.966796875 0.033203125 -0.0234375 0.033203125 -0.0234375 1.0234375 0.966796875 1 0.966796875 1.0234375</float_array>
                    <technique_common>
                        <accessor count="20" source="#uvarrayMesh11_1" stride="2">
                            <param name="S" type="float"/>
                            <param name="T" type="float"/>
                        </accessor>
                    </technique_common>
                </source>
                <vertices id="verticesMesh11_1">
                    <input semantic="POSITION" source="#pointsMesh11_1"/>
                </vertices>
                <polylist count="10" material="Material1">
                    <input offset="0" semantic="VERTEX" source="#verticesMesh11_1"/>
                    <input offset="1" semantic="TEXCOORD" source="#uvsMesh11_1" set="0"/>
                    <vcount>3 3 3 3 3 3 3 3 3 3</vcount>
                    <p>0 0 1 1 2 2 3 3 4 4 5 5 3 3 6 6 4 4 7 7 8 8 9 9 7 7 10 10 8 8 11 11 12 12 13 13 11 11 13 13 14 14 15 15 16 16 17 17 0 0 2 2 18 18 15 15 17 17 19 19</p>
                </polylist>
            </mesh>
        </geometry>
        <geometry id="meshMesh11_2">
            <mesh>
                <source id="pointsMesh11_2">
                    <float_array id="pointarrayMesh11_2" count="60">2276 802 4352 2276 802 4438 2276 888 4438 -4466 1052 -1975 -4402 1138 -2033 -4466 1138 -1975 -4401 1052 -2033 -3543 857 -4185 -3465 943 -4226 -3544 943 -4190 -3464 856 -4221 -4247 1058 -763 -4186 1058 -824 -4186 1144 -824 -4247 1144 -763 6205 907 -1524 6267 907 -1584 6267 993 -1584 2276 888 4352 6205 993 -1524</float_array>
                    <technique_common>
                        <accessor count="20" source="#pointarrayMesh11_2" stride="3">
                            <param name="X" type="float"/>
                            <param name="Y" type="float"/>
                            <param name="Z" type="float"/>
                        </accessor>
                    </technique_common>
                </source>
                <source id="uvsMesh11_2">
                    <float_array id="uvarrayMesh11_2" count="40">0.966796875 0.033203125 0 0.033203125 0 1 0 0.033203125 0.966796875 1 0 1 0.966796875 0.033203125 0 0.033203125 0.966796875 1 0 1 0.966796875 0.033203125 0 0.033203125 0.966796875 0.033203125 0.966796875 1 0 1 0.966796875 0.033203125 -0.0234375 0.033203125 -0.0234375 1.0234375 0.966796875 1 0.966796875 1.0234375</float_array>
                    <technique_common>
                        <accessor count="20" source="#uvarrayMesh11_2" stride="2">
                            <param name="S" type="float"/>
                            <param name="T" type="float"/>
                        </accessor>
                    </technique_common>
                </source>
                <source id="colorsMesh11_2">
                    <float_array id="colorarrayMesh11_2" count="80">0.4 0.4 0.4 1 0.4 0.4 0.4 1 0.4 0.4 0.4 1 0.4 0.4 0.4 1 0.4 0.4 0.4 1 0.4 0.4 0.4 1 0.4 0.4 0.4 1 0.4 0.4 0.4 1 0.4 0.4 0.4 1 0.4 0.4 0.4 1 0.4 0.4 0.4 1 0.4 0.4 0.4 1 0.4 0.4 0.4 1 0.4 0.4 0.4 1 0.4 0.4 0.4 1 0.4 0.4 0.4 1 0.4 0.4 0.4 1 0.4 0.4 0.4 1 0.4 0.4 0.4 1 0.4 0.4 0.4 1</float_array>
                    <technique_common>
                        <accessor count="20" source="#colorarrayMesh11_2" stride="4">
                            <param name="R" type="float"/>
                            <param name="G" type="float"/>
                            <param name="B" type="float"/>
                            <param name="A" type="float"/>
                        </accessor>
                    </technique_common>
                </source>
                <vertices id="verticesMesh11_2">
                    <input semantic="POSITION" source="#pointsMesh11_2"/>
                </vertices>
                <polylist count="10" material="Material1">
                    <input offset="0" semantic="VERTEX" source="#verticesMesh11_2"/>
                    <input offset="1" semantic="TEXCOORD" source="#uvsMesh11_2" set="0"/>
                    <input offset="2" semantic="COLOR" source="#colorsMesh11_2" set="0"/>
                    <vcount>3 3 3 3 3 3 3 3 3 3</vcount>
                    <p>0 0 0 1 1 1 2 2 2 3 3 3 4 4 4 5 5 5 3 3 3 6 6 6 4 4 4 7 7 7 8 8 8 9 9 9 7 7 7 10 10 10 8 8 8 11 11 11 12 12 12 13 13 13 11 11 11 13 13 13 14 14 14 15 15 15 16 16 16 17 17 17 0 0 0 2 2 2 18 18 18 15 15 15 17 17 17 19 19 19</p>
                </polylist>
            </mesh>
        </geometry>
        <geometry id="meshMesh12_1">
            <mesh>
                <source id="pointsMesh12_1">
                    <float_array id="pointarrayMesh12_1" count="510">-4442 1145 -2005 -4448 1018 -2012 -4438 1018 -2008 -4445 1145 -2016 -4441 1149 -2012 -4434 1145 -2013 -4440 1018 -2019 -4445 1145 -2016 -4440 1018 -2019 -4448 1018 -2012 -4438 1018 -2008 -4434 1145 -2013 -4442 1145 -2005 -4408 1052 -2040 -4472 1138 -1982 -4408 1138 -2040 -4441 1149 -2012 -4472 1138 -1982 -4402 1138 -2033 -4408 1138 -2040 -4466 1138 -1975 -4408 1052 -2040 -4401 1052 -2033 -4466 1052 -1975 -4472 1052 -1982 -4472 1052 -1982 -3515 822 -4213 -3513 950 -4212 -3512 949 -4223 -4401 1052 -2033 -4408 1138 -2040 -4402 1138 -2033 -4408 1052 -2040 -4472 1052 -1982 -4466 1052 -1975 -4466 1138 -1975 -4472 1138 -1982 -3505 823 -4206 -3509 953 -4218 -3548 943 -4199 -3544 943 -4190 -3465 943 -4226 -3502 950 -4217 -3504 822 -4218 -3512 949 -4223 -3504 822 -4218 -3515 822 -4213 -3505 823 -4206 -3502 950 -4217 -3513 950 -4212 -3509 953 -4218 -3464 856 -4221 -3469 942 -4235 -3465 943 -4226 -3469 942 -4235 -3468 856 -4229 -3464 856 -4221 -3543 857 -4185 -3547 857 -4194 -3468 856 -4229 -3548 943 -4199 -3469 942 -4235 -3547 857 -4194 -3468 856 -4229 -4228 1151 -804 -4224 1024 -808 -4232 1024 -800 -3547 857 -4194 -3543 857 -4185 -3544 943 -4190 -3548 943 -4199 -4232 1024 -800 -4225 1151 -794 -4228 1151 -804 -4221 1024 -797 -4224 1155 -800 -4217 1151 -802 -4224 1024 -808 -4193 1058 -830 -4254 1144 -769 -4193 1144 -830 -4221 1024 -797 -4217 1151 -802 -4225 1151 -794 -4224 1155 -800 -4254 1144 -769 -4186 1144 -824 -4193 1144 -830 -4247 1144 -763 -4193 1058 -830 -4247 1058 -763 -4254 1058 -769 -4186 1058 -824 2286 802 4352 2276 888 4352 2286 888 4352 -4254 1058 -769 -4186 1058 -824 -4193 1058 -830 -4193 1144 -830 -4186 1144 -824 -4254 1058 -769 -4247 1058 -763 -4247 1144 -763 -4254 1144 -769 2276 802 4352 2286 888 4352 2276 888 4352 2276 888 4438 2276 802 4438 2286 802 4438 2286 888 4438 2276 888 4438 2286 802 4438 2286 888 4352 2286 888 4438 2286 802 4352 2286 802 4438 2276 802 4352 2286 802 4352 2276 802 4438 2286 888 4438 2286 899 4395 2283 895 4401 2292 895 4395 2283 895 4390 2283 768 4395 2292 768 4401 2292 768 4390 2286 899 4395 2283 895 4390 2283 895 4401 2283 768 4395 2292 895 4395 2292 768 4401 2292 768 4390 6221 873 -1562 6227 1000 -1555 6225 1000 -1566 6229 1004 -1562 6232 873 -1559 6236 1000 -1563 6229 873 -1570 6260 907 -1591 6267 907 -1584 6205 907 -1524 6225 1000 -1566 6229 873 -1570 6221 873 -1562 6232 873 -1559 6236 1000 -1563 6227 1000 -1555 6229 1004 -1562 6198 993 -1531 6205 993 -1524 6267 993 -1584 6260 993 -1591 6198 907 -1531 6260 907 -1591 6198 993 -1531 6260 993 -1591 6198 907 -1531 6267 907 -1584 6260 907 -1591 6260 993 -1591 6267 993 -1584 6198 907 -1531 6205 907 -1524 6205 993 -1524 6198 993 -1531</float_array>
                    <technique_common>
                        <accessor count="170" source="#pointarrayMesh12_1" stride="3">
                            <param name="X" type="float"/>
                            <param name="Y" type="float"/>
                            <param name="Z" type="float"/>
                        </accessor>
                    </technique_common>
                </source>
                <source id="uvsMesh12_1">
                    <float_array id="uvarrayMesh12_1" count="340">0.966796875 1 0.638671875 0.0234375 0.859375 0.025390625 0.525390625 1 0.734375 1.04296875 0.74609375 1.017578125 0.41796875 0.025390625 0.189453125 1.009765625 0 0.017578125 0.41015625 0.017578125 0.189453125 0.0234375 0.41015625 1 0 1 1.83984375 1 0 0.173828125 0 1 0.189453125 1.041015625 0.966796875 0.017578125 0.591796875 0.859375 0.966796875 0.859375 0.591796875 0.017578125 0.966796875 0.859375 0.591796875 0.859375 0.591796875 0.017578125 0.966796875 0.017578125 1.83984375 0.173828125 0.638671875 0.0234375 0.966796875 1 0.525390625 1 0.34375 0.017578125 0 0.953125 0.34375 0.953125 0 0.017578125 0 0.017578125 0.34375 0.017578125 0.34375 0.953125 0 0.953125 0.859375 0.025390625 0.734375 1.04296875 0.966796875 0.017578125 0.591796875 0.017578125 0.591796875 0.859375 0.74609375 1.017578125 0.41796875 0.025390625 0.189453125 1.009765625 0 0.017578125 0.41015625 0.017578125 0.189453125 0.0234375 0.41015625 1 0 1 0.189453125 1.041015625 0.34375 0.017578125 0 0.953125 0.34375 0.953125 0.966796875 0.859375 0.966796875 0.859375 0.591796875 0.859375 0.591796875 0.017578125 0.966796875 0.017578125 1.83984375 1 0 0.173828125 0 1 1.83984375 0.173828125 0 0.017578125 0.189453125 1.009765625 0 0.017578125 0.41015625 0.017578125 0 0.017578125 0.34375 0.017578125 0.34375 0.953125 0 0.953125 0.638671875 0.0234375 0.966796875 1 0.525390625 1 0.859375 0.025390625 0.734375 1.04296875 0.74609375 1.017578125 0.41796875 0.025390625 1.83984375 1 0 0.173828125 0 1 0.189453125 0.0234375 0.41015625 1 0 1 0.189453125 1.041015625 0.966796875 0.017578125 0.591796875 0.859375 0.966796875 0.859375 0.591796875 0.017578125 0.966796875 0.859375 0.591796875 0.017578125 0.966796875 0.017578125 0.591796875 0.859375 0 0.017578125 0.34375 0.953125 0 0.953125 1.83984375 0.173828125 0.34375 0.017578125 0 0.017578125 0 0.953125 0.34375 0.953125 0 0.017578125 0.34375 0.017578125 0.34375 0.953125 0 0.953125 0.34375 0.017578125 0.966796875 0.017578125 0.591796875 0.017578125 0.591796875 0.859375 0.34375 0.017578125 0 0.017578125 0 0.953125 0.34375 0.953125 1.83984375 1 0 0.173828125 0 1 1.83984375 0.173828125 0.966796875 0.859375 0.591796875 0.017578125 0.966796875 0.017578125 0.591796875 0.859375 0.966796875 0.859375 0.734375 1.04296875 0.74609375 1.017578125 0.525390625 1 0.966796875 1 0.859375 0.025390625 0.41796875 0.025390625 0.638671875 0.0234375 0.189453125 1.041015625 0 1 0.41015625 1 0.189453125 0.0234375 0.189453125 1.009765625 0 0.017578125 0.41015625 0.017578125 0.638671875 0.0234375 0.966796875 1 0.525390625 1 0.734375 1.04296875 0.859375 0.025390625 0.74609375 1.017578125 0.41796875 0.025390625 0.966796875 0.859375 0.591796875 0.859375 0.591796875 0.017578125 0.189453125 1.009765625 0 0.017578125 0.41015625 0.017578125 0.189453125 0.0234375 0.41015625 1 0 1 0.189453125 1.041015625 0.966796875 0.017578125 0.591796875 0.017578125 0.591796875 0.859375 0.966796875 0.859375 0.966796875 0.017578125 1.83984375 1 0 0.173828125 0 1 1.83984375 0.173828125 0.34375 0.017578125 0 0.017578125 0 0.953125 0.34375 0.953125 0 0.017578125 0.34375 0.017578125 0.34375 0.953125 0 0.953125</float_array>
                    <technique_common>
                        <accessor count="170" source="#uvarrayMesh12_1" stride="2">
                            <param name="S" type="float"/>
                            <param name="T" type="float"/>
                        </accessor>
                    </technique_common>
                </source>
                <vertices id="verticesMesh12_1">
                    <input semantic="POSITION" source="#pointsMesh12_1"/>
                </vertices>
                <polylist count="95" material="Material1">
                    <input offset="0" semantic="VERTEX" source="#verticesMesh12_1"/>
                    <input offset="1" semantic="TEXCOORD" source="#uvsMesh12_1" set="0"/>
                    <vcount>3 3 3 3 3 3 3 3 3 3 3 3 3 3 3 3 3 3 3 3 3 3 3 3 3 3 3 3 3 3 3 3 3 3 3 3 3 3 3 3 3 3 3 3 3 3 3 3 3 3 3 3 3 3 3 3 3 3 3 3 3 3 3 3 3 3 3 3 3 3 3 3 3 3 3 3 3 3 3 3 3 3 3 3 3 3 3 3 3 3 3 3 3 3 3</vcount>
                    <p>0 0 1 1 2 2 3 3 0 0 4 4 1 1 0 0 3 3 5 5 2 2 6 6 6 6 3 3 5 5 4 4 5 5 3 3 7 7 8 8 9 9 10 10 11 11 12 12 13 13 14 14 15 15 16 16 12 12 11 11 17 17 18 18 19 19 17 17 20 20 18 18 21 21 22 22 23 23 21 21 23 23 24 24 13 13 25 25 14 14 26 26 27 27 28 28 29 29 30 30 31 31 29 29 32 32 30 30 33 33 34 34 35 35 33 33 35 35 36 36 27 27 26 26 37 37 28 28 27 27 38 38 39 39 40 40 41 41 42 42 37 37 43 43 38 38 42 42 28 28 43 43 28 28 42 42 44 44 45 45 46 46 47 47 48 48 49 49 50 50 49 49 48 48 51 51 52 52 53 53 39 39 41 41 54 54 55 55 56 56 57 57 55 55 57 57 58 58 59 59 60 60 61 61 59 59 62 62 60 60 51 51 63 63 52 52 64 64 65 65 66 66 67 67 68 68 69 69 67 67 69 69 70 70 71 71 72 72 73 73 72 72 71 71 74 74 73 73 72 72 75 75 76 76 74 74 77 77 75 75 76 76 73 73 77 77 73 73 76 76 78 78 79 79 80 80 81 81 82 82 83 83 84 84 83 83 82 82 85 85 86 86 87 87 85 85 88 88 86 86 89 89 90 90 91 91 89 89 92 92 90 90 93 93 94 94 95 95 78 78 96 96 79 79 97 97 98 98 99 99 97 97 99 99 100 100 101 101 102 102 103 103 101 101 103 103 104 104 93 93 105 105 94 94 106 106 107 107 108 108 109 109 110 110 111 111 109 109 111 111 112 112 113 113 114 114 115 115 113 113 116 116 114 114 117 117 118 118 119 119 117 117 120 120 118 118 106 106 108 108 121 121 122 122 123 123 124 124 124 124 125 125 122 122 123 123 126 126 127 127 127 127 124 124 123 123 128 128 125 125 124 124 129 129 130 130 131 131 125 125 128 128 126 126 132 132 131 131 130 130 133 133 134 134 135 135 136 136 137 137 138 138 138 138 137 137 139 139 137 137 136 136 140 140 141 141 140 140 142 142 139 139 141 141 138 138 142 142 138 138 141 141 143 143 144 144 145 145 146 146 147 147 148 148 149 149 150 150 151 151 152 152 151 151 150 150 153 153 154 154 155 155 153 153 155 155 156 156 143 143 145 145 157 157 158 158 159 159 160 160 158 158 161 161 159 159 162 162 163 163 164 164 162 162 164 164 165 165 166 166 167 167 168 168 166 166 168 168 169 169</p>
                </polylist>
            </mesh>
        </geometry>
        <geometry id="meshMesh12_2">
            <mesh>
                <source id="pointsMesh12_2">
                    <float_array id="pointarrayMesh12_2" count="510">-4442 1145 -2005 -4448 1018 -2012 -4438 1018 -2008 -4445 1145 -2016 -4441 1149 -2012 -4434 1145 -2013 -4440 1018 -2019 -4445 1145 -2016 -4440 1018 -2019 -4448 1018 -2012 -4438 1018 -2008 -4434 1145 -2013 -4442 1145 -2005 -4408 1052 -2040 -4472 1138 -1982 -4408 1138 -2040 -4441 1149 -2012 -4472 1138 -1982 -4402 1138 -2033 -4408 1138 -2040 -4466 1138 -1975 -4408 1052 -2040 -4401 1052 -2033 -4466 1052 -1975 -4472 1052 -1982 -4472 1052 -1982 -3515 822 -4213 -3513 950 -4212 -3512 949 -4223 -4401 1052 -2033 -4408 1138 -2040 -4402 1138 -2033 -4408 1052 -2040 -4472 1052 -1982 -4466 1052 -1975 -4466 1138 -1975 -4472 1138 -1982 -3505 823 -4206 -3509 953 -4218 -3548 943 -4199 -3544 943 -4190 -3465 943 -4226 -3502 950 -4217 -3504 822 -4218 -3512 949 -4223 -3504 822 -4218 -3515 822 -4213 -3505 823 -4206 -3502 950 -4217 -3513 950 -4212 -3509 953 -4218 -3464 856 -4221 -3469 942 -4235 -3465 943 -4226 -3469 942 -4235 -3468 856 -4229 -3464 856 -4221 -3543 857 -4185 -3547 857 -4194 -3468 856 -4229 -3548 943 -4199 -3469 942 -4235 -3547 857 -4194 -3468 856 -4229 -4228 1151 -804 -4224 1024 -808 -4232 1024 -800 -3547 857 -4194 -3543 857 -4185 -3544 943 -4190 -3548 943 -4199 -4232 1024 -800 -4225 1151 -794 -4228 1151 -804 -4221 1024 -797 -4224 1155 -800 -4217 1151 -802 -4224 1024 -808 -4193 1058 -830 -4254 1144 -769 -4193 1144 -830 -4221 1024 -797 -4217 1151 -802 -4225 1151 -794 -4224 1155 -800 -4254 1144 -769 -4186 1144 -824 -4193 1144 -830 -4247 1144 -763 -4193 1058 -830 -4247 1058 -763 -4254 1058 -769 -4186 1058 -824 2286 802 4352 2276 888 4352 2286 888 4352 -4254 1058 -769 -4186 1058 -824 -4193 1058 -830 -4193 1144 -830 -4186 1144 -824 -4254 1058 -769 -4247 1058 -763 -4247 1144 -763 -4254 1144 -769 2276 802 4352 2286 888 4352 2276 888 4352 2276 888 4438 2276 802 4438 2286 802 4438 2286 888 4438 2276 888 4438 2286 802 4438 2286 888 4352 2286 888 4438 2286 802 4352 2286 802 4438 2276 802 4352 2286 802 4352 2276 802 4438 2286 888 4438 2286 899 4395 2283 895 4401 2292 895 4395 2283 895 4390 2283 768 4395 2292 768 4401 2292 768 4390 2286 899 4395 2283 895 4390 2283 895 4401 2283 768 4395 2292 895 4395 2292 768 4401 2292 768 4390 6221 873 -1562 6227 1000 -1555 6225 1000 -1566 6229 1004 -1562 6232 873 -1559 6236 1000 -1563 6229 873 -1570 6260 907 -1591 6267 907 -1584 6205 907 -1524 6225 1000 -1566 6229 873 -1570 6221 873 -1562 6232 873 -1559 6236 1000 -1563 6227 1000 -1555 6229 1004 -1562 6198 993 -1531 6205 993 -1524 6267 993 -1584 6260 993 -1591 6198 907 -1531 6260 907 -1591 6198 993 -1531 6260 993 -1591 6198 907 -1531 6267 907 -1584 6260 907 -1591 6260 993 -1591 6267 993 -1584 6198 907 -1531 6205 907 -1524 6205 993 -1524 6198 993 -1531</float_array>
                    <technique_common>
                        <accessor count="170" source="#pointarrayMesh12_2" stride="3">
                            <param name="X" type="float"/>
                            <param name="Y" type="float"/>
                            <param name="Z" type="float"/>
                        </accessor>
                    </technique_common>
                </source>
                <source id="uvsMesh12_2">
                    <float_array id="uvarrayMesh12_2" count="340">0.966796875 1 0.638671875 0.0234375 0.859375 0.025390625 0.525390625 1 0.734375 1.04296875 0.74609375 1.017578125 0.41796875 0.025390625 0.189453125 1.009765625 0 0.017578125 0.41015625 0.017578125 0.189453125 0.0234375 0.41015625 1 0 1 1.83984375 1 0 0.173828125 0 1 0.189453125 1.041015625 0.966796875 0.017578125 0.591796875 0.859375 0.966796875 0.859375 0.591796875 0.017578125 0.966796875 0.859375 0.591796875 0.859375 0.591796875 0.017578125 0.966796875 0.017578125 1.83984375 0.173828125 0.638671875 0.0234375 0.966796875 1 0.525390625 1 0.34375 0.017578125 0 0.953125 0.34375 0.953125 0 0.017578125 0 0.017578125 0.34375 0.017578125 0.34375 0.953125 0 0.953125 0.859375 0.025390625 0.734375 1.04296875 0.966796875 0.017578125 0.591796875 0.017578125 0.591796875 0.859375 0.74609375 1.017578125 0.41796875 0.025390625 0.189453125 1.009765625 0 0.017578125 0.41015625 0.017578125 0.189453125 0.0234375 0.41015625 1 0 1 0.189453125 1.041015625 0.34375 0.017578125 0 0.953125 0.34375 0.953125 0.966796875 0.859375 0.966796875 0.859375 0.591796875 0.859375 0.591796875 0.017578125 0.966796875 0.017578125 1.83984375 1 0 0.173828125 0 1 1.83984375 0.173828125 0 0.017578125 0.189453125 1.009765625 0 0.017578125 0.41015625 0.017578125 0 0.017578125 0.34375 0.017578125 0.34375 0.953125 0 0.953125 0.638671875 0.0234375 0.966796875 1 0.525390625 1 0.859375 0.025390625 0.734375 1.04296875 0.74609375 1.017578125 0.41796875 0.025390625 1.83984375 1 0 0.173828125 0 1 0.189453125 0.0234375 0.41015625 1 0 1 0.189453125 1.041015625 0.966796875 0.017578125 0.591796875 0.859375 0.966796875 0.859375 0.591796875 0.017578125 0.966796875 0.859375 0.591796875 0.017578125 0.966796875 0.017578125 0.591796875 0.859375 0 0.017578125 0.34375 0.953125 0 0.953125 1.83984375 0.173828125 0.34375 0.017578125 0 0.017578125 0 0.953125 0.34375 0.953125 0 0.017578125 0.34375 0.017578125 0.34375 0.953125 0 0.953125 0.34375 0.017578125 0.966796875 0.017578125 0.591796875 0.017578125 0.591796875 0.859375 0.34375 0.017578125 0 0.017578125 0 0.953125 0.34375 0.953125 1.83984375 1 0 0.173828125 0 1 1.83984375 0.173828125 0.966796875 0.859375 0.591796875 0.017578125 0.966796875 0.017578125 0.591796875 0.859375 0.966796875 0.859375 0.734375 1.04296875 0.74609375 1.017578125 0.525390625 1 0.966796875 1 0.859375 0.025390625 0.41796875 0.025390625 0.638671875 0.0234375 0.189453125 1.041015625 0 1 0.41015625 1 0.189453125 0.0234375 0.189453125 1.009765625 0 0.017578125 0.41015625 0.017578125 0.638671875 0.0234375 0.966796875 1 0.525390625 1 0.734375 1.04296875 0.859375 0.025390625 0.74609375 1.017578125 0.41796875 0.025390625 0.966796875 0.859375 0.591796875 0.859375 0.591796875 0.017578125 0.189453125 1.009765625 0 0.017578125 0.41015625 0.017578125 0.189453125 0.0234375 0.41015625 1 0 1 0.189453125 1.041015625 0.966796875 0.017578125 0.591796875 0.017578125 0.591796875 0.859375 0.966796875 0.859375 0.966796875 0.017578125 1.83984375 1 0 0.173828125 0 1 1.83984375 0.173828125 0.34375 0.017578125 0 0.017578125 0 0.953125 0.34375 0.953125 0 0.017578125 0.34375 0.017578125 0.34375 0.953125 0 0.953125</float_array>
                    <technique_common>
                        <accessor count="170" source="#uvarrayMesh12_2" stride="2">
                            <param name="S" type="float"/>
                            <param name="T" type="float"/>
                        </accessor>
                    </technique_common>
                </source>
                <source id="colorsMesh12_2">
                    <float_array id="colorarrayMesh12_2" count="680">0.4 0.4 0.4 1 0.4 0.4 0.4 1 0.4 0.4 0.4 1 0.4 0.4 0.4 1 0.4 0.4 0.4 1 0.4 0.4 0.4 1 0.4 0.4 0.4 1 0.4 0.4 0.4 1 0.4 0.4 0.4 1 0.4 0.4 0.4 1 0.4 0.4 0.4 1 0.4 0.4 0.4 1 0.4 0.4 0.4 1 0.4 0.4 0.4 1 0.4 0.4 0.4 1 0.4 0.4 0.4 1 0.4 0.4 0.4 1 0.4 0.4 0.4 1 0.4 0.4 0.4 1 0.4 0.4 0.4 1 0.4 0.4 0.4 1 0.4 0.4 0.4 1 0.4 0.4 0.4 1 0.4 0.4 0.4 1 0.4 0.4 0.4 1 0.4 0.4 0.4 1 0.4 0.4 0.4 1 0.4 0.4 0.4 1 0.4 0.4 0.4 1 0.4 0.4 0.4 1 0.4 0.4 0.4 1 0.4 0.4 0.4 1 0.4 0.4 0.4 1 0.4 0.4 0.4 1 0.4 0.4 0.4 1 0.4 0.4 0.4 1 0.4 0.4 0.4 1 0.4 0.4 0.4 1 0.4 0.4 0.4 1 0.4 0.4 0.4 1 0.4 0.4 0.4 1 0.4 0.4 0.4 1 0.4 0.4 0.4 1 0.4 0.4 0.4 1 0.4 0.4 0.4 1 0.4 0.4 0.4 1 0.4 0.4 0.4 1 0.4 0.4 0.4 1 0.4 0.4 0.4 1 0.4 0.4 0.4 1 0.4 0.4 0.4 1 0.4 0.4 0.4 1 0.4 0.4 0.4 1 0.4 0.4 0.4 1 0.4 0.4 0.4 1 0.4 0.4 0.4 1 0.4 0.4 0.4 1 0.4 0.4 0.4 1 0.4 0.4 0.4 1 0.4 0.4 0.4 1 0.4 0.4 0.4 1 0.4 0.4 0.4 1 0.4 0.4 0.4 1 0.4 0.4 0.4 1 0.4 0.4 0.4 1 0.4 0.4 0.4 1 0.4 0.4 0.4 1 0.4 0.4 0.4 1 0.4 0.4 0.4 1 0.4 0.4 0.4 1 0.4 0.4 0.4 1 0.4 0.4 0.4 1 0.4 0.4 0.4 1 0.4 0.4 0.4 1 0.4 0.4 0.4 1 0.4 0.4 0.4 1 0.4 0.4 0.4 1 0.4 0.4 0.4 1 0.4 0.4 0.4 1 0.4 0.4 0.4 1 0.4 0.4 0.4 1 0.4 0.4 0.4 1 0.4 0.4 0.4 1 0.4 0.4 0.4 1 0.4 0.4 0.4 1 0.4 0.4 0.4 1 0.4 0.4 0.4 1 0.4 0.4 0.4 1 0.4 0.4 0.4 1 0.4 0.4 0.4 1 0.4 0.4 0.4 1 0.4 0.4 0.4 1 0.4 0.4 0.4 1 0.4 0.4 0.4 1 0.4 0.4 0.4 1 0.4 0.4 0.4 1 0.4 0.4 0.4 1 0.4 0.4 0.4 1 0.4 0.4 0.4 1 0.4 0.4 0.4 1 0.4 0.4 0.4 1 0.4 0.4 0.4 1 0.4 0.4 0.4 1 0.4 0.4 0.4 1 0.4 0.4 0.4 1 0.4 0.4 0.4 1 0.4 0.4 0.4 1 0.4 0.4 0.4 1 0.4 0.4 0.4 1 0.4 0.4 0.4 1 0.4 0.4 0.4 1 0.4 0.4 0.4 1 0.4 0.4 0.4 1 0.4 0.4 0.4 1 0.4 0.4 0.4 1 0.4 0.4 0.4 1 0.4 0.4 0.4 1 0.4 0.4 0.4 1 0.4 0.4 0.4 1 0.4 0.4 0.4 1 0.4 0.4 0.4 1 0.4 0.4 0.4 1 0.4 0.4 0.4 1 0.4 0.4 0.4 1 0.4 0.4 0.4 1 0.4 0.4 0.4 1 0.4 0.4 0.4 1 0.4 0.4 0.4 1 0.4 0.4 0.4 1 0.4 0.4 0.4 1 0.4 0.4 0.4 1 0.4 0.4 0.4 1 0.4 0.4 0.4 1 0.4 0.4 0.4 1 0.4 0.4 0.4 1 0.4 0.4 0.4 1 0.4 0.4 0.4 1 0.4 0.4 0.4 1 0.4 0.4 0.4 1 0.4 0.4 0.4 1 0.4 0.4 0.4 1 0.4 0.4 0.4 1 0.4 0.4 0.4 1 0.4 0.4 0.4 1 0.4 0.4 0.4 1 0.4 0.4 0.4 1 0.4 0.4 0.4 1 0.4 0.4 0.4 1 0.4 0.4 0.4 1 0.4 0.4 0.4 1 0.4 0.4 0.4 1 0.4 0.4 0.4 1 0.4 0.4 0.4 1 0.4 0.4 0.4 1 0.4 0.4 0.4 1 0.4 0.4 0.4 1 0.4 0.4 0.4 1 0.4 0.4 0.4 1 0.4 0.4 0.4 1 0.4 0.4 0.4 1 0.4 0.4 0.4 1 0.4 0.4 0.4 1 0.4 0.4 0.4 1 0.4 0.4 0.4 1 0.4 0.4 0.4 1 0.4 0.4 0.4 1 0.4 0.4 0.4 1 0.4 0.4 0.4 1 0.4 0.4 0.4 1 0.4 0.4 0.4 1</float_array>
                    <technique_common>
                        <accessor count="170" source="#colorarrayMesh12_2" stride="4">
                            <param name="R" type="float"/>
                            <param name="G" type="float"/>
                            <param name="B" type="float"/>
                            <param name="A" type="float"/>
                        </accessor>
                    </technique_common>
                </source>
                <vertices id="verticesMesh12_2">
                    <input semantic="POSITION" source="#pointsMesh12_2"/>
                </vertices>
                <polylist count="95" material="Material1">
                    <input offset="0" semantic="VERTEX" source="#verticesMesh12_2"/>
                    <input offset="1" semantic="TEXCOORD" source="#uvsMesh12_2" set="0"/>
                    <input offset="2" semantic="COLOR" source="#colorsMesh12_2" set="0"/>
                    <vcount>3 3 3 3 3 3 3 3 3 3 3 3 3 3 3 3 3 3 3 3 3 3 3 3 3 3 3 3 3 3 3 3 3 3 3 3 3 3 3 3 3 3 3 3 3 3 3 3 3 3 3 3 3 3 3 3 3 3 3 3 3 3 3 3 3 3 3 3 3 3 3 3 3 3 3 3 3 3 3 3 3 3 3 3 3 3 3 3 3 3 3 3 3 3 3</vcount>
                    <p>0 0 0 1 1 1 2 2 2 3 3 3 0 0 0 4 4 4 1 1 1 0 0 0 3 3 3 5 5 5 2 2 2 6 6 6 6 6 6 3 3 3 5 5 5 4 4 4 5 5 5 3 3 3 7 7 7 8 8 8 9 9 9 10 10 10 11 11 11 12 12 12 13 13 13 14 14 14 15 15 15 16 16 16 12 12 12 11 11 11 17 17 17 18 18 18 19 19 19 17 17 17 20 20 20 18 18 18 21 21 21 22 22 22 23 23 23 21 21 21 23 23 23 24 24 24 13 13 13 25 25 25 14 14 14 26 26 26 27 27 27 28 28 28 29 29 29 30 30 30 31 31 31 29 29 29 32 32 32 30 30 30 33 33 33 34 34 34 35 35 35 33 33 33 35 35 35 36 36 36 27 27 27 26 26 26 37 37 37 28 28 28 27 27 27 38 38 38 39 39 39 40 40 40 41 41 41 42 42 42 37 37 37 43 43 43 38 38 38 42 42 42 28 28 28 43 43 43 28 28 28 42 42 42 44 44 44 45 45 45 46 46 46 47 47 47 48 48 48 49 49 49 50 50 50 49 49 49 48 48 48 51 51 51 52 52 52 53 53 53 39 39 39 41 41 41 54 54 54 55 55 55 56 56 56 57 57 57 55 55 55 57 57 57 58 58 58 59 59 59 60 60 60 61 61 61 59 59 59 62 62 62 60 60 60 51 51 51 63 63 63 52 52 52 64 64 64 65 65 65 66 66 66 67 67 67 68 68 68 69 69 69 67 67 67 69 69 69 70 70 70 71 71 71 72 72 72 73 73 73 72 72 72 71 71 71 74 74 74 73 73 73 72 72 72 75 75 75 76 76 76 74 74 74 77 77 77 75 75 75 76 76 76 73 73 73 77 77 77 73 73 73 76 76 76 78 78 78 79 79 79 80 80 80 81 81 81 82 82 82 83 83 83 84 84 84 83 83 83 82 82 82 85 85 85 86 86 86 87 87 87 85 85 85 88 88 88 86 86 86 89 89 89 90 90 90 91 91 91 89 89 89 92 92 92 90 90 90 93 93 93 94 94 94 95 95 95 78 78 78 96 96 96 79 79 79 97 97 97 98 98 98 99 99 99 97 97 97 99 99 99 100 100 100 101 101 101 102 102 102 103 103 103 101 101 101 103 103 103 104 104 104 93 93 93 105 105 105 94 94 94 106 106 106 107 107 107 108 108 108 109 109 109 110 110 110 111 111 111 109 109 109 111 111 111 112 112 112 113 113 113 114 114 114 115 115 115 113 113 113 116 116 116 114 114 114 117 117 117 118 118 118 119 119 119 117 117 117 120 120 120 118 118 118 106 106 106 108 108 108 121 121 121 122 122 122 123 123 123 124 124 124 124 124 124 125 125 125 122 122 122 123 123 123 126 126 126 127 127 127 127 127 127 124 124 124 123 123 123 128 128 128 125 125 125 124 124 124 129 129 129 130 130 130 131 131 131 125 125 125 128 128 128 126 126 126 132 132 132 131 131 131 130 130 130 133 133 133 134 134 134 135 135 135 136 136 136 137 137 137 138 138 138 138 138 138 137 137 137 139 139 139 137 137 137 136 136 136 140 140 140 141 141 141 140 140 140 142 142 142 139 139 139 141 141 141 138 138 138 142 142 142 138 138 138 141 141 141 143 143 143 144 144 144 145 145 145 146 146 146 147 147 147 148 148 148 149 149 149 150 150 150 151 151 151 152 152 152 151 151 151 150 150 150 153 153 153 154 154 154 155 155 155 153 153 153 155 155 155 156 156 156 143 143 143 145 145 145 157 157 157 158 158 158 159 159 159 160 160 160 158 158 158 161 161 161 159 159 159 162 162 162 163 163 163 164 164 164 162 162 162 164 164 164 165 165 165 166 166 166 167 167 167 168 168 168 166 166 166 168 168 168 169 169 169</p>
                </polylist>
            </mesh>
        </geometry>
        <geometry id="meshMesh13_1">
            <mesh>
                <source id="pointsMesh13_1">
                    <float_array id="pointarrayMesh13_1" count="204">-3890 768 2867 -4300 768 2867 -4300 768 3277 4485 963 3846 3930 891 3698 4132 941 4051 4284 912 3493 3165 768 5778 2657 768 6056 3050 768 6171 2772 768 5663 -4001 0 4882 -4153 0 4501 -4534 0 4653 -4382 0 5034 -5761 1024 -4942 -5822 1024 -4366 -5504 1024 -4624 -3890 768 3277 -4914 768 1843 -5324 768 2253 -4914 768 2253 -5324 768 1843 5729 891 5972 5160 835 6061 5494 804 6296 5395 922 5737 -6080 1024 -4685 -3890 768 1331 -4300 768 1331 -4300 768 1741 -5857 821 -6563 -6199 861 -6786 -6403 979 -6450 -6061 939 -6228 -6677 1024 -5127 -7065 1024 -4993 -6931 1024 -4606 -6543 1024 -4740 6261 2213 -7837 5856 2251 -7882 5804 2175 -7483 6210 2137 -7438 -5967 1024 -635 -6377 1024 -635 -6377 1024 -225 -3890 768 1741 -6450 768 3379 -6860 768 3379 -6860 768 3789 -6450 768 3789 -3378 768 2355 -3788 768 2765 -3378 768 2765 -3788 768 2355 -5967 1024 -225 7040 1998 -5748 6559 2018 -5426 6960 1988 -5347 6639 2028 -5827 4301 3072 1434 3891 3072 1434 3891 3072 1843 4301 3072 1843 -1497 39 4825 -1797 163 5074 -1220 125 5114 -1520 250 5364</float_array>
                    <technique_common>
                        <accessor count="68" source="#pointarrayMesh13_1" stride="3">
                            <param name="X" type="float"/>
                            <param name="Y" type="float"/>
                            <param name="Z" type="float"/>
                        </accessor>
                    </technique_common>
                </source>
                <source id="uvsMesh13_1">
                    <float_array id="uvarrayMesh13_1" count="136">0.966796875 0.033203125 0.966796875 1 0 1 0.966796875 0.033203125 0 1 0 0.033203125 0.966796875 1 0.966796875 0.033203125 0 1 0 0.033203125 0.966796875 1 0.966796875 0.033203125 0.966796875 1 0 1 0 0.033203125 0.966796875 1 0 0.033203125 0.966796875 0.033203125 0 0.033203125 0.966796875 0.033203125 0 1 0 0.033203125 0.966796875 1 0.966796875 0.033203125 0 1 0 0.033203125 0.966796875 1 0 1 0.966796875 1 0 1 0 0.033203125 0.966796875 0.033203125 0.966796875 1 0 1 0 0.033203125 0.966796875 1 0 1 0 0.033203125 0.966796875 0.033203125 0.966796875 1 0 1 0 0.033203125 0.966796875 0.033203125 0.966796875 1 0 1 0 0.033203125 0.966796875 0.033203125 0.966796875 1 0 1 0 0.033203125 0.966796875 0.033203125 0.966796875 1 0 0.033203125 0.966796875 0.033203125 0 1 0.966796875 0.033203125 0.966796875 1 0 0.033203125 0.966796875 0.033203125 0 1 0.966796875 1 0 1 0 0.033203125 0.966796875 0.033203125 0 0.033203125 0.966796875 0.033203125 0 1 0.966796875 1</float_array>
                    <technique_common>
                        <accessor count="68" source="#uvarrayMesh13_1" stride="2">
                            <param name="S" type="float"/>
                            <param name="T" type="float"/>
                        </accessor>
                    </technique_common>
                </source>
                <source id="colorsMesh13_1">
                    <float_array id="colorarrayMesh13_1" count="272">1 1 1 0.7058823529411765 1 1 1 0.7058823529411765 1 1 1 0.7058823529411765 1 1 1 0.7058823529411765 1 1 1 0.7058823529411765 1 1 1 0.7058823529411765 1 1 1 0.7058823529411765 1 1 1 0.7058823529411765 1 1 1 0.7058823529411765 1 1 1 0.7058823529411765 1 1 1 0.7058823529411765 1 1 1 0.7058823529411765 1 1 1 0.7058823529411765 1 1 1 0.7058823529411765 1 1 1 0.7058823529411765 1 1 1 0.7058823529411765 1 1 1 0.7058823529411765 1 1 1 0.7058823529411765 1 1 1 0.7058823529411765 1 1 1 0.7058823529411765 1 1 1 0.7058823529411765 1 1 1 0.7058823529411765 1 1 1 0.7058823529411765 1 1 1 0.7058823529411765 1 1 1 0.7058823529411765 1 1 1 0.7058823529411765 1 1 1 0.7058823529411765 1 1 1 0.7058823529411765 1 1 1 0.7058823529411765 1 1 1 0.7058823529411765 1 1 1 0.7058823529411765 1 1 1 0.7058823529411765 1 1 1 0.7058823529411765 1 1 1 0.7058823529411765 1 1 1 0.7058823529411765 1 1 1 0.7058823529411765 1 1 1 0.7058823529411765 1 1 1 0.7058823529411765 1 1 1 0.7058823529411765 1 1 1 0.7058823529411765 1 1 1 0.7058823529411765 1 1 1 0.7058823529411765 1 1 1 0.7058823529411765 1 1 1 0.7058823529411765 1 1 1 0.7058823529411765 1 1 1 0.7058823529411765 1 1 1 0.7058823529411765 1 1 1 0.7058823529411765 1 1 1 0.7058823529411765 1 1 1 0.7058823529411765 1 1 1 0.7058823529411765 1 1 1 0.7058823529411765 1 1 1 0.7058823529411765 1 1 1 0.7058823529411765 1 1 1 0.7058823529411765 1 1 1 0.7058823529411765 1 1 1 0.7058823529411765 1 1 1 0.7058823529411765 1 1 1 0.7058823529411765 1 1 1 0.7058823529411765 1 1 1 0.7058823529411765 1 1 1 0.7058823529411765 1 1 1 0.7058823529411765 1 1 1 0.7058823529411765 1 1 1 0.7058823529411765 1 1 1 0.7058823529411765 1 1 1 0.7058823529411765 1 1 1 0.7058823529411765</float_array>
                    <technique_common>
                        <accessor count="68" source="#colorarrayMesh13_1" stride="4">
                            <param name="R" type="float"/>
                            <param name="G" type="float"/>
                            <param name="B" type="float"/>
                            <param name="A" type="float"/>
                        </accessor>
                    </technique_common>
                </source>
                <vertices id="verticesMesh13_1">
                    <input semantic="POSITION" source="#pointsMesh13_1"/>
                </vertices>
                <polylist count="34" material="Material1">
                    <input offset="0" semantic="VERTEX" source="#verticesMesh13_1"/>
                    <input offset="1" semantic="TEXCOORD" source="#uvsMesh13_1" set="0"/>
                    <input offset="2" semantic="COLOR" source="#colorsMesh13_1" set="0"/>
                    <vcount>3 3 3 3 3 3 3 3 3 3 3 3 3 3 3 3 3 3 3 3 3 3 3 3 3 3 3 3 3 3 3 3 3 3</vcount>
                    <p>0 0 0 1 1 1 2 2 2 3 3 3 4 4 4 5 5 5 3 3 3 6 6 6 4 4 4 7 7 7 8 8 8 9 9 9 7 7 7 10 10 10 8 8 8 11 11 11 12 12 12 13 13 13 11 11 11 13 13 13 14 14 14 15 15 15 16 16 16 17 17 17 0 0 0 2 2 2 18 18 18 19 19 19 20 20 20 21 21 21 19 19 19 22 22 22 20 20 20 23 23 23 24 24 24 25 25 25 23 23 23 26 26 26 24 24 24 15 15 15 27 27 27 16 16 16 28 28 28 29 29 29 30 30 30 31 31 31 32 32 32 33 33 33 31 31 31 33 33 33 34 34 34 35 35 35 36 36 36 37 37 37 35 35 35 37 37 37 38 38 38 39 39 39 40 40 40 41 41 41 39 39 39 41 41 41 42 42 42 43 43 43 44 44 44 45 45 45 28 28 28 30 30 30 46 46 46 47 47 47 48 48 48 49 49 49 47 47 47 49 49 49 50 50 50 51 51 51 52 52 52 53 53 53 51 51 51 54 54 54 52 52 52 43 43 43 45 45 45 55 55 55 56 56 56 57 57 57 58 58 58 56 56 56 59 59 59 57 57 57 60 60 60 61 61 61 62 62 62 60 60 60 62 62 62 63 63 63 64 64 64 65 65 65 66 66 66 65 65 65 67 67 67 66 66 66</p>
                </polylist>
            </mesh>
        </geometry>
        <geometry id="meshMesh14_1">
            <mesh>
                <source id="pointsMesh14_1">
                    <float_array id="pointarrayMesh14_1" count="24">-993 1690 -2310 -2262 1690 -4824 -2262 1075 -4824 -993 1075 -2310 -3128 1690 -6537 -3128 1075 -6537 -2436 1075 -5167 -2436 1690 -5167</float_array>
                    <technique_common>
                        <accessor count="8" source="#pointarrayMesh14_1" stride="3">
                            <param name="X" type="float"/>
                            <param name="Y" type="float"/>
                            <param name="Z" type="float"/>
                        </accessor>
                    </technique_common>
                </source>
                <source id="uvsMesh14_1">
                    <float_array id="uvarrayMesh14_1" count="16">22.125 1 0.16796875 1 0.16796875 0.072265625 22.125 0.072265625 -11.0078125 1 -11.0078125 0.072265625 0.966796875 0.072265625 0.966796875 1</float_array>
                    <technique_common>
                        <accessor count="8" source="#uvarrayMesh14_1" stride="2">
                            <param name="S" type="float"/>
                            <param name="T" type="float"/>
                        </accessor>
                    </technique_common>
                </source>
                <vertices id="verticesMesh14_1">
                    <input semantic="POSITION" source="#pointsMesh14_1"/>
                </vertices>
                <polylist count="4" material="Material1">
                    <input offset="0" semantic="VERTEX" source="#verticesMesh14_1"/>
                    <input offset="1" semantic="TEXCOORD" source="#uvsMesh14_1" set="0"/>
                    <vcount>3 3 3 3</vcount>
                    <p>0 0 1 1 2 2 0 0 2 2 3 3 4 4 5 5 6 6 7 7 4 4 6 6</p>
                </polylist>
            </mesh>
        </geometry>
        <geometry id="meshMesh15_1">
            <mesh>
                <source id="pointsMesh15_1">
                    <float_array id="pointarrayMesh15_1" count="120">-3071 768 1536 -3071 1024 3072 -3071 768 3072 768 870 5847 1751 768 5335 768 768 5847 1751 870 5335 1751 870 5335 2263 768 4864 1751 768 5335 2263 870 4864 2263 870 4864 2263 870 4480 2262 768 4480 2263 768 4864 3078 1741 -756 3078 1869 -756 6271 2064 -2677 -3071 1024 1536 -4095 1024 4096 -7167 1024 4096 -7167 768 4096 -4095 768 4096 -4095 768 4096 -3071 768 3072 -3071 1024 3072 -4095 1024 4096 6270 1936 -2677 6271 2064 -2677 8093 2064 -5982 6270 1936 -2677 8093 1936 -5982 -1521 891 2034 1288 768 3820 1288 891 3820 -1521 768 2034 768 768 7168 768 870 7168 768 870 5847 768 768 5847</float_array>
                    <technique_common>
                        <accessor count="40" source="#pointarrayMesh15_1" stride="3">
                            <param name="X" type="float"/>
                            <param name="Y" type="float"/>
                            <param name="Z" type="float"/>
                        </accessor>
                    </technique_common>
                </source>
                <source id="uvsMesh15_1">
                    <float_array id="uvarrayMesh15_1" count="80">5.95703125 0.033203125 0 1 0 0.033203125 0.966796875 1 -10.189453125 0.033203125 0.966796875 0.033203125 -10.189453125 1 0.7890625 1 -6.267578125 0.033203125 0.7890625 0.033203125 -6.267578125 1 3.7109375 1 0 1 0 0.033203125 3.7109375 0.033203125 0.966796875 0.033203125 0.966796875 1 -22.984375 1 5.95703125 1 0.966796875 1 -11.0078125 1 -11.009765625 0.033203125 0.96484375 0.033203125 0.310546875 0.02734375 5.95703125 0.033203125 5.95703125 1 0.310546875 1.0234375 -22.984375 0.033203125 11.6328125 1 -18.12890625 1 11.611328125 0.033203125 -18.15234375 0.033203125 -8.013671875 1 19.0234375 0.033203125 19.0234375 1 -8.013671875 0.033203125 0.966796875 0.033203125 0.966796875 1 -11.90625 1 -11.90625 0.033203125</float_array>
                    <technique_common>
                        <accessor count="40" source="#uvarrayMesh15_1" stride="2">
                            <param name="S" type="float"/>
                            <param name="T" type="float"/>
                        </accessor>
                    </technique_common>
                </source>
                <vertices id="verticesMesh15_1">
                    <input semantic="POSITION" source="#pointsMesh15_1"/>
                </vertices>
                <polylist count="20" material="Material1">
                    <input offset="0" semantic="VERTEX" source="#verticesMesh15_1"/>
                    <input offset="1" semantic="TEXCOORD" source="#uvsMesh15_1" set="0"/>
                    <vcount>3 3 3 3 3 3 3 3 3 3 3 3 3 3 3 3 3 3 3 3</vcount>
                    <p>0 0 1 1 2 2 3 3 4 4 5 5 3 3 6 6 4 4 7 7 8 8 9 9 7 7 10 10 8 8 11 11 12 12 13 13 14 14 11 11 13 13 15 15 16 16 17 17 0 0 18 18 1 1 19 19 20 20 21 21 19 19 21 21 22 22 23 23 24 24 25 25 23 23 25 25 26 26 27 27 15 15 17 17 28 28 29 29 30 30 29 29 31 31 30 30 32 32 33 33 34 34 32 32 35 35 33 33 36 36 37 37 38 38 36 36 38 38 39 39</p>
                </polylist>
            </mesh>
        </geometry>
        <geometry id="meshMesh16_1">
            <mesh>
                <source id="pointsMesh16_1">
                    <float_array id="pointarrayMesh16_1" count="942">-2815 1024 256 -3231 960 -159 -3097 768 -24 -2815 768 256 -3231 1024 -159 -3231 768 -159 -3231 960 -159 -3231 1024 -159 -3503 1024 111 -3503 960 111 -7167 768 4096 -7167 0 4096 -4095 0 4096 -4095 768 4096 768 768 7680 768 768 7168 768 0 7168 768 768 5888 768 717 5888 768 0 5888 3776 2560 2227 2816 3072 1230 3200 2560 1230 4352 2048 1230 3584 3072 -99 3776 2560 232 3584 3072 2560 5120 3072 -99 4928 2560 232 4928 2560 2227 5504 2560 1230 5888 3072 1230 5120 3072 2560 -7167 768 4096 -7167 768 512 -7167 1024 512 -7167 1024 4096 -3503 1024 111 -7167 1024 512 -3503 960 111 -7167 768 512 -3503 768 111 2851 1613 -1919 3072 2945 -2047 3072 2894 -2175 3072 2894 -2431 2802 1613 -2653 3072 2349 -2047 3328 2493 -1603 3328 2944 -1603 5289 2493 -3327 5543 2637 -2883 3328 2493 -1603 3072 2945 -2559 3072 3521 -7167 3072 3666 -7167 3072 3666 -7679 3072 3521 -7679 5289 2493 -3327 5289 3089 -3327 5543 3089 -2883 5543 2637 -2883 3072 2349 -2047 167 2709 -3757 54 2762 -3700 54 1024 -3700 3072 3521 -7167 3072 3521 -7679 5289 3088 -5887 5733 3089 -6143 5733 3089 -6143 5732 3233 -6143 5289 3233 -5887 5289 3088 -5887 419 2706 -3884 533 2755 -3942 169 1024 -3471 537 2721 -3657 652 2772 -3715 169 2775 -3471 286 2723 -3530 2560 2862 -2613 2560 2864 -2367 2560 1613 -2737 2560 2912 -2736 2560 1612 -2244 2560 2917 -2244 400 2546 -3014 228 2802 -2532 400 2802 -3014 54 1024 -3700 652 2772 -3715 533 2755 -3942 2560 2917 -2244 2388 2917 -1762 2560 2661 -2244 400 2546 -3014 2388 2917 -1762 228 2802 -2532 2560 2661 -2244 400 1024 -3014 2560 1612 -2244 2560 2917 -2244 400 2802 -3014 169 1024 -3471 169 2775 -3471 1298 3810 -5631 1343 3835 -5657 1697 3835 -5861 3072 3666 -6655 3072 4294 -6655 1697 4091 -5861 1609 4194 -5810 1298 4293 -5631 4846 3233 -5631 2560 1613 -2737 3072 2945 -2559 2560 2912 -2736 1298 4293 -3583 1431 4194 -5708 1343 4091 -5657 1298 3954 -3583 4846 3089 -3583 4846 4242 -3583 3072 4097 -2559 2802 1613 -2653 851 3818 -5894 507 3042 -5697 329 3042 -5595 868 3954 -3302 868 2801 -3302 -181 2658 -5302 -181 3818 -5302 3072 2513 -7167 596 2939 -5748 3072 3666 -7167 -181 2658 -5302 596 2683 -5748 3072 2513 -7167 5289 3088 -5887 5289 2080 -5887 3072 3521 -7167 5289 3233 -5887 5289 3089 -3327 5289 1936 -3327 5543 3089 -2883 3328 2944 -1603 3328 2493 -1603 3072 3521 -7679 3072 3666 -7679 5733 3089 -6143 5732 3233 -6143 5289 2493 -3327 3072 2349 -2047 2851 1613 -1919 5289 1936 -3327 3072 2945 -2047 5543 2637 -2883 -869 1024 -5528 54 2762 -3700 -869 2657 -5528 4846 4242 -5631 4846 3089 -3583 4846 4242 -3583 3072 4097 -3071 3072 4293 -3071 4402 4294 -3839 4402 4293 -3839 3072 2513 -7679 240 2939 -5544 240 2683 -5544 -181 3818 -5302 -7167 1024 -7167 -3151 512 -6526 -3151 1024 -6526 2079 1368 -1535 -1016 1024 -2299 -1016 0 -2299 -2458 1024 -5155 -2633 0 -5497 -2458 0 -5155 -3151 512 -6526 -3151 1024 -6526 -3445 1 -4662 -3617 1 -5005 -4132 513 -6035 -3445 777 -4662 -1791 0 -767 -2815 1024 256 -2815 0 256 -2559 0 -2815 -2559 768 -2815 -1872 0 -1441 -1872 768 -1441 -1016 0 -2299 -1535 1024 -3327 -1535 0 -3327 -1016 1024 -2299 -1791 0 -767 -1872 0 -1441 -1872 768 -1441 -1791 973 -767 1434 0 4864 -921 0 5377 768 0 5376 -1791 973 -767 -2815 1024 256 768 717 5376 768 768 5376 1792 768 4864 768 0 5376 1792 0 4864 1434 0 4352 1792 0 4864 768 0 5888 -921 0 5888 -383 0 6400 -3071 0 3072 -4095 0 4096 -921 0 4865 256 0 6400 -3071 768 512 -3071 768 3072 -3071 0 3072 -1791 0 1792 -3071 0 512 -1535 0 2048 1280 0 3840 -921 256 5888 -921 0 6400 -921 0 5888 -921 0 4865 -921 256 5375 -921 0 5377 -3071 0 512 1792 0 4352 -4095 0 4096 -3071 768 3072 -4095 768 4096 -3071 0 3072 -1791 768 1792 -1791 0 1792 -1535 0 2048 1280 0 3840 1280 768 3840 -1535 768 2048 1792 768 4352 1792 0 4352 1792 0 4864 1792 768 4864 1792 0 4352 1792 768 4352 -1535 0 1536 -767 0 -767 -2815 0 256 -1791 0 -767 -1016 0 -2299 -1872 0 -1441 -1535 0 -3327 -2559 0 -2815 -4132 513 -6035 -3617 1 -5005 -2633 0 -5497 -2679 0 -5045 -3251 0 -4759 -3151 512 -6526 -3445 1 -4662 -2458 0 -5155 -2096 922 -4764 -2240 1024 -4835 -942 922 -2479 -970 1024 -2322 -869 1024 -5528 -1552 717 -4752 -1210 717 -4925 -1867 819 -4737 -828 819 -2680 -286 717 -3097 -629 717 -2924 28 819 -3113 257 922 -3085 400 1024 -3014 -1010 819 -5170 -897 922 -5370 54 1024 -3700 169 1024 -3471 768 717 5888 768 717 5376 768 0 5376 -3071 0 512 -2815 0 256 -2815 768 256 -3071 768 512 -921 0 5888 768 0 5376 -921 0 5377 768 0 5888 -921 0 5377 -921 205 5888 -921 0 5888 -921 205 5376 -1764 0 -3213 -2679 0 -5045 -3251 0 -4759 768 0 5888 -1791 768 1792 -1535 0 1536 -1791 0 1792 -1535 768 1536 -1791 0 1792 -2815 0 256 -3071 0 512 -1535 0 1536 -2336 0 -2926</float_array>
                    <technique_common>
                        <accessor count="314" source="#pointarrayMesh16_1" stride="3">
                            <param name="X" type="float"/>
                            <param name="Y" type="float"/>
                            <param name="Z" type="float"/>
                        </accessor>
                    </technique_common>
                </source>
                <source id="uvsMesh16_1">
                    <float_array id="uvarrayMesh16_1" count="628">0.966796875 1 -1.326171875 0.78125 -0.58203125 0.033203125 0.966796875 0.033203125 -1.326171875 1 -1.32421875 0.033203125 0.966796875 0.78125 0.966796875 1 -0.529296875 1 -0.529296875 0.78125 -3.0234375 1 -3.0234375 0.033203125 0.966796875 0.033203125 0.966796875 1 1.6328125 1 0.966796875 1 0.966796875 0.033203125 -0.6953125 1 -0.6953125 0.96484375 -0.6953125 0.033203125 0.03125 0.55859375 0.966796875 1.529296875 0.591796875 1.529296875 -0.52734375 1.53125 0.21875 2.826171875 0.03125 2.501953125 0.21875 0.234375 -1.27734375 2.826171875 -1.08984375 2.501953125 -1.08984375 0.55859375 -1.650390625 1.53125 -2.025390625 1.53125 -1.27734375 0.234375 -13.00390625 0.033203125 0.966796875 0.033203125 0.966796875 1 -13.00390625 1 15.9375 1 0 1 15.9375 0.78125 0 0.033203125 15.9375 0.033203125 0.384765625 -1.078125 0.17578125 1.11328125 0 1 -0.4453125 1 -0.806640625 -1.091796875 0.17578125 0.16015625 0.8984375 0.4609375 0.896484375 1.18359375 4.966796875 0.033203125 4.978515625 1.0703125 -0.015625 1.0703125 -0.65234375 1.11328125 0.966796875 0.46875 0.966796875 1 0.06640625 1 0.06640625 0.75 0.966796875 0.283203125 0.966796875 1 -1.02734375 1 0 0.65625 0 0.033203125 0.23046875 2.3203125 0 2.423828125 0 -0.962890625 0.623046875 7.0546875 -0.265625 6.939453125 0.966796875 2.029296875 0.1328125 2.029296875 0.966796875 0.033203125 0.966796875 0.314453125 0 0.31640625 0 0.033203125 0.75390625 2.314453125 1.013671875 2.41015625 1.0546875 -2.36328125 0.232421875 0.935546875 0 1 1.021484375 1.048828125 0.759765625 0.9453125 0.70703125 1.671875 0.38671875 1.67578125 0.865234375 0.033203125 0.865234375 1.736328125 0 0.033203125 0.2265625 1.744140625 0 0.408203125 1.216796875 1 0 1 8.111328125 4.16796875 7.935546875 2.46484375 8.212890625 2.48046875 0.716796875 1 -0.529296875 1 0.716796875 0.408203125 7.40625 2.685546875 5.1171875 2.322265625 7.140625 2.435546875 5.048828125 2.572265625 7.40625 4.16796875 5.048828125 3.59375 5.048828125 2.322265625 7.40625 2.435546875 7.87890625 4.16796875 7.87890625 2.4609375 10.4609375 1.453125 10.525390625 1.427734375 11.0859375 1.427734375 13.46875 1.59375 13.46875 1 11.0859375 1.1796875 10.9375 1.078125 10.4609375 1 16.44921875 2.015625 5.197265625 3.59375 4.43359375 2.296875 5.197265625 2.328125 7.44140625 1 10.65625 1.078125 10.525390625 1.1796875 7.44140625 1.3125 1.453125 2.15625 1.453125 1 4.43359375 1.171875 4.826171875 3.59375 -1.7109375 -0.642578125 -2.130859375 0.26171875 -2.365234375 0.271484375 7.412109375 1.3125 7.412109375 2.435546875 9.556640625 2.576171875 9.556640625 1.4453125 1.27734375 0.73828125 -2.009765625 0.375 1.2265625 -0.58203125 -3.0234375 0.73828125 -1.998046875 0.66796875 13.462890625 2.716796875 16.447265625 2.15625 16.447265625 3.138671875 13.462890625 1.734375 16.447265625 2.015625 19.419921875 2.154296875 19.419921875 3.279296875 1.701171875 2.154296875 4.19921875 2.296875 4.19921875 2.736328125 13.458984375 1.734375 13.458984375 1.59375 16.4453125 2.15625 16.4453125 2.015625 1.455078125 2.736328125 4.439453125 2.876953125 4.67578125 3.59375 1.455078125 3.279296875 4.439453125 2.296875 1.701171875 2.595703125 9.611328125 4.16796875 8.111328125 2.474609375 9.611328125 2.576171875 16.44921875 1 19.41796875 2.15625 19.41796875 1 4.42578125 1.171875 4.42578125 1 1.44921875 1 1.44921875 1 13.458984375 2.716796875 -2.478515625 0.392578125 -2.466796875 0.6875 -3.07421875 -0.58984375 -4.31640625 1 0.966796875 0.365234375 0.966796875 1 3.076171875 1.3671875 0 1 0 0.033203125 0.966796875 1 0.388671875 -0.296875 0.966796875 -0.296875 -1.02734375 0.365234375 -1.02734375 1 0.38671875 0.033203125 0.966796875 0.033203125 2.384765625 0.697265625 0.38671875 1.041015625 1.369140625 0.033203125 -1.025390625 1.3359375 -1.02734375 0.033203125 0.966796875 -0.962890625 0.966796875 0.033203125 -1.263671875 -0.962890625 -1.263671875 0.033203125 0.966796875 0.033203125 -0.154296875 1 -0.154296875 0.033203125 0.966796875 1 0.30078125 0.033203125 0.966796875 0.033203125 0.966796875 1 0.30078125 1.296875 1.365234375 0.78125 -0.927734375 0.28125 0.716796875 0.283203125 1.369140625 1.296875 -1.029296875 1.390625 1.1328125 0.96484375 1.1328125 1 -0.353515625 1 1.1328125 0.033203125 -0.353515625 0.033203125 1.365234375 1.28125 1.71484375 0.78125 0.716796875 -0.21484375 -0.927734375 -0.21484375 -0.404296875 -0.712890625 -3.0234375 2.529296875 -4.021484375 1.53125 -0.927734375 0.78125 0.21875 -0.712890625 2.962890625 0.69921875 -1.02734375 0.69921875 -1.02734375 0.033203125 -1.775390625 3.775390625 -3.0234375 5.0234375 -1.52734375 3.52734375 1.216796875 1.779296875 0 1.025390625 -2.0234375 0.025390625 -0.029296875 0.029296875 3.9609375 0.0390625 1.966796875 1 1.96484375 0.033203125 2.962890625 0.033203125 1.71484375 1.28125 0.08203125 0.033203125 1.96484375 0.69921875 0.08203125 0.69921875 1.96484375 0.033203125 -4.755859375 1 -4.755859375 0.033203125 -4.291015625 0.033203125 0.0390625 0.033203125 0.0390625 1 -4.291015625 1 0.966796875 1 0 0.033203125 0.634765625 0.033203125 0.634765625 1 0.966796875 0.033203125 0 1 -1.52734375 4.025390625 -0.77734375 6.271484375 -2.7734375 5.2734375 -1.775390625 6.271484375 -1.01953125 7.763671875 -1.85546875 6.927734375 -1.52734375 8.765625 -2.525390625 8.267578125 -4.0859375 11.390625 -3.595703125 10.447265625 -2.623046875 10.935546875 -2.640625 10.439453125 -3.19921875 10.162109375 -3.1015625 11.884765625 -3.388671875 10.06640625 -2.42578125 10.546875 -0.77734375 -0.37109375 -0.861328125 -0.462890625 0.8828125 -0.37109375 0.966796875 -0.46484375 -0.861328125 1 -0.611328125 0.095703125 -0.611328125 0.470703125 -0.6953125 -0.18359375 0.80078125 -0.18359375 0.716796875 0.470703125 0.716796875 0.095703125 0.80078125 0.75 0.8828125 0.9375 0.966796875 1 -0.6953125 0.75 -0.77734375 0.9375 0.466796875 1 0.634765625 1 -0.6953125 0.96484375 -1.359375 0.96484375 -1.359375 0.033203125 0 0.033203125 0.439453125 0.033203125 0.439453125 0.685546875 -0.029296875 0.671875 -0.927734375 -0.21484375 0.716796875 0.283203125 -0.927734375 0.28125 0.716796875 -0.21484375 1.96484375 0.033203125 0 0.826171875 -0.029296875 0.029296875 1.96484375 0.83203125 -1.75 8.654296875 -2.640625 10.439453125 -3.19921875 10.162109375 -0.6953125 0.033203125 0.439453125 1 0 0.099609375 0.439453125 0.099609375 0 1 -1.775390625 3.775390625 -2.7734375 5.2734375 -3.0234375 5.0234375 -1.52734375 4.025390625 -2.306640625 8.375</float_array>
                    <technique_common>
                        <accessor count="314" source="#uvarrayMesh16_1" stride="2">
                            <param name="S" type="float"/>
                            <param name="T" type="float"/>
                        </accessor>
                    </technique_common>
                </source>
                <source id="colorsMesh16_1">
                    <float_array id="colorarrayMesh16_1" count="1256">1 1 1 1 1 1 1 1 1 1 1 1 1 1 1 1 1 1 1 1 1 1 1 1 1 1 1 1 1 1 1 1 1 1 1 1 1 1 1 1 1 1 1 1 1 1 1 1 1 1 1 1 1 1 1 1 1 1 1 1 1 1 1 1 1 1 1 1 1 1 1 1 1 1 1 1 1 1 1 1 1 1 1 1 1 1 1 1 1 1 1 1 1 1 1 1 1 1 1 1 1 1 1 1 1 1 1 1 1 1 1 1 1 1 1 1 1 1 1 1 1 1 1 1 1 1 1 1 1 1 1 1 1 1 1 1 1 1 1 1 1 1 1 1 1 1 1 1 1 1 1 1 1 1 1 1 1 1 1 1 1 1 1 1 1 1 1 1 1 1 1 1 1 1 1 1 1 1 1 1 1 1 1 1 1 1 1 1 1 1 1 1 1 1 1 1 1 1 1 1 1 1 1 1 1 1 1 1 1 1 1 1 1 1 1 1 1 1 1 1 1 1 1 1 1 1 1 1 1 1 1 1 1 1 1 1 1 1 1 1 1 1 1 1 1 1 1 1 1 1 1 1 1 1 1 1 1 1 1 1 1 1 1 1 1 1 1 1 1 1 1 1 1 1 1 1 1 1 1 1 1 1 1 1 1 1 1 1 1 1 1 1 1 1 1 1 1 1 1 1 1 1 1 1 1 1 1 1 1 1 1 1 1 1 1 1 1 1 1 1 1 1 1 1 1 1 1 1 1 1 1 1 1 1 1 1 1 1 1 1 1 1 1 1 1 1 1 1 1 1 1 1 1 1 1 1 1 1 1 1 1 1 1 1 1 1 1 1 1 1 1 1 1 1 1 1 1 1 1 1 1 1 1 1 1 1 1 1 1 1 1 1 1 1 1 1 1 1 1 1 1 1 1 1 1 1 1 1 1 1 1 1 1 1 1 1 1 1 1 1 1 1 1 1 1 1 1 1 1 1 1 1 1 1 1 1 1 1 1 1 1 1 1 1 1 1 1 1 1 1 1 1 1 1 1 1 1 1 1 1 1 1 1 1 1 1 1 1 1 1 1 1 1 1 1 1 1 1 1 1 1 1 1 1 1 1 1 1 1 1 1 1 1 1 1 1 1 1 1 1 1 1 1 1 1 1 1 1 1 1 1 1 1 1 1 1 1 1 1 1 1 1 1 1 1 1 1 1 1 1 1 1 1 1 1 1 1 1 1 1 1 1 1 1 1 1 1 1 1 1 1 1 1 1 1 1 1 1 1 1 1 1 1 1 1 1 1 1 1 1 1 1 1 1 1 1 1 1 1 1 1 1 1 1 1 1 1 1 1 1 1 1 1 1 1 1 1 1 1 1 1 1 1 1 1 1 1 1 1 1 1 1 1 1 1 1 1 1 1 1 1 1 1 1 1 1 1 1 1 1 1 1 1 1 1 1 1 1 1 1 1 1 1 1 1 1 1 1 1 1 1 1 1 1 1 1 1 1 1 1 1 1 1 1 1 1 1 1 1 1 1 1 1 1 1 1 1 1 1 1 1 1 1 1 1 1 1 1 1 1 1 1 1 1 1 1 1 1 1 1 1 1 1 1 1 1 1 1 1 1 1 1 1 1 1 1 1 1 1 1 1 1 1 1 1 1 1 1 1 1 1 1 1 1 1 1 1 1 1 1 1 1 1 1 1 1 1 1 1 1 1 1 1 1 1 1 1 1 1 1 1 1 1 1 1 1 1 1 1 1 1 1 1 1 1 1 1 1 1 1 1 1 1 1 1 1 1 1 1 1 1 1 1 1 1 1 1 1 1 1 1 1 1 1 1 1 1 1 1 1 1 1 1 1 1 1 1 1 1 1 1 1 1 1 1 1 1 1 1 1 1 1 1 1 1 1 1 1 1 1 1 1 1 1 1 1 1 1 1 1 1 1 1 1 1 1 1 1 1 1 1 1 1 1 1 1 1 1 1 1 1 1 1 1 1 1 1 1 1 1 1 1 1 1 1 1 1 1 1 1 1 1 1 1 1 1 1 1 1 1 1 1 1 1 1 1 1 1 1 1 1 1 1 1 1 1 1 1 1 1 1 1 1 1 1 1 1 1 1 1 1 1 1 1 1 1 1 1 1 1 1 1 1 1 1 1 1 1 1 1 1 1 1 1 1 1 1 1 1 1 1 1 1 1 1 1 1 1 1 1 1 1 1 1 1 1 1 1 1 1 1 1 1 1 1 1 1 1 1 1 1 1 1 1 1 1 1 1 1 1 1 1 1 1 1 1 1 1 1 1 1 1 1 1 1 1 1 1 1 1 1 1 1 1 1 1 1 1 1 1 1 1 1 1 1 1 1 1 1 1 1 1 1 1 1 1 1 1 1 1 1 1 1 1 1 1 1 1 1 1 1 1 1 1 1 1 1 1 1 1 1 1 1 1 1 1 1 1 1 1 1 1 1 1 1 1 1 1 1 1 1 1 1 1 1 1 1 1 1 1 1 1 1 1 1 1 1 1 1 1 1 1 1 1 1 1 1 1 1 1 1 1 1 1 1 1 1 1 1 1 1 1 1 1 1 1 1 1 1 1 1 1 1 1 0.39215686274509803 0.39215686274509803 0.39215686274509803 1 0.39215686274509803 0.39215686274509803 0.39215686274509803 1 0.39215686274509803 0.39215686274509803 0.39215686274509803 1 0.39215686274509803 0.39215686274509803 0.39215686274509803 1 0.39215686274509803 0.39215686274509803 0.39215686274509803 1 0.39215686274509803 0.39215686274509803 0.39215686274509803 1 0.39215686274509803 0.39215686274509803 0.39215686274509803 1 0.39215686274509803 0.39215686274509803 0.39215686274509803 1 0.39215686274509803 0.39215686274509803 0.39215686274509803 1 0.39215686274509803 0.39215686274509803 0.39215686274509803 1 0.39215686274509803 0.39215686274509803 0.39215686274509803 1 0.39215686274509803 0.39215686274509803 0.39215686274509803 1 0.39215686274509803 0.39215686274509803 0.39215686274509803 1 0.39215686274509803 0.39215686274509803 0.39215686274509803 1 0.39215686274509803 0.39215686274509803 0.39215686274509803 1 0.39215686274509803 0.39215686274509803 0.39215686274509803 1 0.39215686274509803 0.39215686274509803 0.39215686274509803 1 0.39215686274509803 0.39215686274509803 0.39215686274509803 1 0.39215686274509803 0.39215686274509803 0.39215686274509803 1 0.39215686274509803 0.39215686274509803 0.39215686274509803 1 0.39215686274509803 0.39215686274509803 0.39215686274509803 1 0.39215686274509803 0.39215686274509803 0.39215686274509803 1 0.39215686274509803 0.39215686274509803 0.39215686274509803 1 0.39215686274509803 0.39215686274509803 0.39215686274509803 1 0.39215686274509803 0.39215686274509803 0.39215686274509803 1 0.39215686274509803 0.39215686274509803 0.39215686274509803 1 0.39215686274509803 0.39215686274509803 0.39215686274509803 1 0.39215686274509803 0.39215686274509803 0.39215686274509803 1</float_array>
                    <technique_common>
                        <accessor count="314" source="#colorarrayMesh16_1" stride="4">
                            <param name="R" type="float"/>
                            <param name="G" type="float"/>
                            <param name="B" type="float"/>
                            <param name="A" type="float"/>
                        </accessor>
                    </technique_common>
                </source>
                <vertices id="verticesMesh16_1">
                    <input semantic="POSITION" source="#pointsMesh16_1"/>
                </vertices>
                <polylist count="226" material="Material1">
                    <input offset="0" semantic="VERTEX" source="#verticesMesh16_1"/>
                    <input offset="1" semantic="TEXCOORD" source="#uvsMesh16_1" set="0"/>
                    <input offset="2" semantic="COLOR" source="#colorsMesh16_1" set="0"/>
                    <vcount>3 3 3 3 3 3 3 3 3 3 3 3 3 3 3 3 3 3 3 3 3 3 3 3 3 3 3 3 3 3 3 3 3 3 3 3 3 3 3 3 3 3 3 3 3 3 3 3 3 3 3 3 3 3 3 3 3 3 3 3 3 3 3 3 3 3 3 3 3 3 3 3 3 3 3 3 3 3 3 3 3 3 3 3 3 3 3 3 3 3 3 3 3 3 3 3 3 3 3 3 3 3 3 3 3 3 3 3 3 3 3 3 3 3 3 3 3 3 3 3 3 3 3 3 3 3 3 3 3 3 3 3 3 3 3 3 3 3 3 3 3 3 3 3 3 3 3 3 3 3 3 3 3 3 3 3 3 3 3 3 3 3 3 3 3 3 3 3 3 3 3 3 3 3 3 3 3 3 3 3 3 3 3 3 3 3 3 3 3 3 3 3 3 3 3 3 3 3 3 3 3 3 3 3 3 3 3 3 3 3 3 3 3 3 3 3 3 3 3 3 3 3 3 3 3 3</vcount>
                    <p>0 0 0 1 1 1 2 2 2 3 3 3 0 0 0 2 2 2 0 0 0 4 4 4 1 1 1 1 1 1 5 5 5 2 2 2 6 6 6 7 7 7 8 8 8 6 6 6 8 8 8 9 9 9 10 10 10 11 11 11 12 12 12 12 12 12 13 13 13 10 10 10 14 14 14 15 15 15 16 16 16 15 15 15 17 17 17 16 16 16 18 18 18 19 19 19 16 16 16 16 16 16 17 17 17 18 18 18 20 20 20 21 21 21 22 22 22 23 23 23 20 20 20 22 22 22 22 22 22 21 21 21 24 24 24 22 22 22 24 24 24 25 25 25 23 23 23 22 22 22 25 25 25 20 20 20 26 26 26 21 21 21 24 24 24 27 27 27 28 28 28 25 25 25 24 24 24 28 28 28 23 23 23 25 25 25 28 28 28 23 23 23 29 29 29 20 20 20 23 23 23 28 28 28 30 30 30 23 23 23 30 30 30 29 29 29 28 28 28 27 27 27 31 31 31 28 28 28 31 31 31 30 30 30 30 30 30 31 31 31 32 32 32 30 30 30 32 32 32 29 29 29 29 29 29 32 32 32 26 26 26 29 29 29 26 26 26 20 20 20 33 33 33 34 34 34 35 35 35 35 35 35 36 36 36 33 33 33 37 37 37 38 38 38 39 39 39 38 38 38 40 40 40 39 39 39 40 40 40 41 41 41 39 39 39 42 42 42 43 43 43 44 44 44 42 42 42 44 44 44 45 45 45 42 42 42 45 45 45 46 46 46 43 43 43 47 47 47 48 48 48 49 49 49 43 43 43 48 48 48 50 50 50 51 51 51 52 52 52 45 45 45 53 53 53 46 46 46 54 54 54 55 55 55 56 56 56 54 54 54 56 56 56 57 57 57 58 58 58 59 59 59 60 60 60 58 58 58 60 60 60 61 61 61 50 50 50 52 52 52 62 62 62 63 63 63 64 64 64 65 65 65 66 66 66 67 67 67 68 68 68 67 67 67 69 69 69 68 68 68 70 70 70 71 71 71 72 72 72 73 73 73 70 70 70 72 72 72 74 74 74 63 63 63 65 65 65 74 74 74 65 65 65 75 75 75 76 76 76 77 77 77 78 78 78 76 76 76 79 79 79 80 80 80 76 76 76 80 80 80 77 77 77 81 81 81 82 82 82 83 83 83 81 81 81 83 83 83 84 84 84 82 82 82 85 85 85 83 83 83 82 82 82 86 86 86 85 85 85 87 87 87 88 88 88 89 89 89 90 90 90 91 91 91 92 92 92 93 93 93 94 94 94 95 95 95 96 96 96 97 97 97 98 98 98 96 96 96 99 99 99 97 97 97 100 100 100 101 101 101 102 102 102 100 100 100 102 102 102 103 103 103 90 90 90 104 104 104 91 91 91 104 104 104 103 103 103 105 105 105 104 104 104 100 100 100 103 103 103 106 106 106 107 107 107 108 108 108 106 106 106 108 108 108 109 109 109 109 109 109 108 108 108 110 110 110 108 108 108 111 111 111 110 110 110 111 111 111 112 112 112 110 110 110 112 112 112 113 113 113 110 110 110 109 109 109 110 110 110 114 114 114 113 113 113 107 107 107 106 106 106 115 115 115 116 116 116 117 117 117 118 118 118 113 113 113 106 106 106 113 113 113 119 119 119 120 120 120 113 113 113 112 112 112 119 119 119 113 113 113 120 120 120 107 107 107 121 121 121 118 118 118 106 106 106 122 122 122 123 123 123 124 124 124 122 122 122 124 124 124 116 116 116 115 115 115 125 125 125 116 116 116 126 126 126 127 127 127 128 128 128 116 116 116 124 124 124 117 117 117 124 124 124 129 129 129 117 117 117 129 129 129 130 130 130 117 117 117 130 130 130 129 129 129 91 91 91 131 131 131 129 129 129 132 132 132 129 129 129 92 92 92 91 91 91 129 129 129 131 131 131 92 92 92 126 126 126 133 133 133 134 134 134 126 126 126 135 135 135 133 133 133 136 136 136 137 137 137 133 133 133 137 137 137 134 134 134 133 133 133 138 138 138 139 139 139 140 140 140 138 138 138 141 141 141 139 139 139 140 140 140 142 142 142 143 143 143 140 140 140 143 143 143 144 144 144 145 145 145 146 146 146 147 147 147 148 148 148 149 149 149 150 150 150 149 149 149 151 151 151 150 150 150 152 152 152 153 153 153 154 154 154 155 155 155 152 152 152 154 154 154 154 154 154 153 153 153 156 156 156 157 157 157 145 145 145 147 147 147 158 158 158 159 159 159 160 160 160 110 110 110 161 161 161 114 114 114 114 114 114 161 161 161 162 162 162 161 161 161 163 163 163 162 162 162 164 164 164 165 165 165 118 118 118 165 165 165 164 164 164 166 166 166 164 164 164 167 167 167 166 166 166 164 164 164 118 118 118 121 121 121 158 158 158 90 90 90 159 159 159 168 168 168 158 158 158 160 160 160 136 136 136 126 126 126 128 128 128 126 126 126 134 134 134 127 127 127 169 169 169 170 170 170 136 136 136 169 169 169 136 136 136 128 128 128 136 136 136 170 170 170 137 137 137 126 126 126 136 136 136 171 171 171 172 172 172 173 173 173 174 174 174 175 175 175 176 176 176 177 177 177 178 178 178 179 179 179 180 180 180 178 178 178 181 181 181 179 179 179 178 178 178 182 182 182 181 181 181 183 183 183 184 184 184 185 185 185 183 183 183 185 185 185 186 186 186 187 187 187 188 188 188 189 189 189 190 190 190 191 191 191 192 192 192 191 191 191 193 193 193 192 192 192 194 194 194 195 195 195 196 196 196 194 194 194 197 197 197 195 195 195 198 198 198 199 199 199 200 200 200 198 198 198 200 200 200 201 201 201 202 202 202 203 203 203 204 204 204 187 187 187 205 205 205 206 206 206 207 207 207 208 208 208 209 209 209 210 210 210 207 207 207 209 209 209 211 211 211 210 210 210 209 209 209 202 202 202 212 212 212 203 203 203 204 204 204 213 213 213 202 202 202 214 214 214 215 215 215 216 216 216 212 212 212 217 217 217 218 218 218 212 212 212 219 219 219 203 203 203 219 219 219 212 212 212 218 218 218 214 214 214 216 216 216 220 220 220 221 221 221 222 222 222 223 223 223 224 224 224 225 225 225 217 217 217 226 226 226 224 224 224 217 217 217 227 227 227 226 226 226 217 217 217 228 228 228 229 229 229 230 230 230 231 231 231 232 232 232 233 233 233 221 221 221 223 223 223 234 234 234 235 235 235 227 227 227 212 212 212 236 236 236 237 237 237 238 238 238 236 236 236 239 239 239 237 237 237 240 240 240 241 241 241 242 242 242 242 242 242 243 243 243 244 244 244 242 242 242 244 244 244 245 245 245 244 244 244 243 243 243 246 246 246 247 247 247 248 248 248 249 249 249 227 227 227 217 217 217 212 212 212 243 243 243 250 250 250 246 246 246 251 251 251 247 247 247 249 249 249 242 242 242 245 245 245 240 240 240 252 252 252 253 253 253 254 254 254 254 254 254 253 253 253 255 255 255 253 253 253 256 256 256 255 255 255 256 256 256 257 257 257 255 255 255 258 258 258 259 259 259 256 256 256 256 256 256 259 259 259 257 257 257 260 260 260 261 261 261 262 262 262 261 261 261 263 263 263 262 262 262 261 261 261 264 264 264 263 263 263 265 265 265 260 260 260 262 262 262 261 261 261 266 266 266 264 264 264 263 263 263 267 267 267 262 262 262 268 268 268 269 269 269 270 270 270 269 269 269 271 271 271 270 270 270 272 272 272 269 269 269 268 268 268 272 272 272 273 273 273 274 274 274 275 275 275 268 268 268 270 270 270 275 275 275 270 270 270 276 276 276 270 270 270 277 277 277 278 278 278 270 270 270 278 278 278 276 276 276 270 270 270 279 279 279 277 277 277 270 270 270 280 280 280 279 279 279 270 270 270 281 281 281 280 280 280 270 270 270 271 271 271 281 281 281 272 272 272 268 268 268 275 275 275 275 275 275 276 276 276 278 278 278 273 273 273 275 275 275 278 278 278 272 272 272 275 275 275 273 273 273 274 274 274 278 278 278 277 277 277 274 274 274 273 273 273 278 278 278 282 282 282 274 274 274 277 277 277 272 272 272 274 274 274 282 282 282 282 282 282 277 277 277 279 279 279 272 272 272 282 282 282 283 283 283 283 283 283 282 282 282 279 279 279 283 283 283 279 279 279 280 280 280 284 284 284 272 272 272 283 283 283 284 284 284 283 283 283 280 280 280 285 285 285 284 284 284 280 280 280 285 285 285 280 280 280 281 281 281 286 286 286 287 287 287 288 288 288 289 289 289 290 290 290 291 291 291 289 289 289 291 291 291 292 292 292 293 293 293 294 294 294 295 295 295 293 293 293 296 296 296 294 294 294 297 297 297 298 298 298 299 299 299 297 297 297 300 300 300 298 298 298 301 301 301 302 302 302 303 303 303 286 286 286 288 288 288 304 304 304 305 305 305 306 306 306 307 307 307 305 305 305 308 308 308 306 306 306 309 309 309 310 310 310 311 311 311 309 309 309 312 312 312 310 310 310 301 301 301 303 303 303 313 313 313</p>
                </polylist>
            </mesh>
        </geometry>
        <geometry id="meshMesh16_2">
            <mesh>
                <source id="pointsMesh16_2">
                    <float_array id="pointarrayMesh16_2" count="942">-2815 1024 256 -3231 960 -159 -3097 768 -24 -2815 768 256 -3231 1024 -159 -3231 768 -159 -3231 960 -159 -3231 1024 -159 -3503 1024 111 -3503 960 111 -7167 768 4096 -7167 0 4096 -4095 0 4096 -4095 768 4096 768 768 7680 768 768 7168 768 0 7168 768 768 5888 768 717 5888 768 0 5888 3776 2560 2227 2816 3072 1230 3200 2560 1230 4352 2048 1230 3584 3072 -99 3776 2560 232 3584 3072 2560 5120 3072 -99 4928 2560 232 4928 2560 2227 5504 2560 1230 5888 3072 1230 5120 3072 2560 -7167 768 4096 -7167 768 512 -7167 1024 512 -7167 1024 4096 -3503 1024 111 -7167 1024 512 -3503 960 111 -7167 768 512 -3503 768 111 2851 1613 -1919 3072 2945 -2047 3072 2894 -2175 3072 2894 -2431 2802 1613 -2653 3072 2349 -2047 3328 2493 -1603 3328 2944 -1603 5289 2493 -3327 5543 2637 -2883 3328 2493 -1603 3072 2945 -2559 3072 3521 -7167 3072 3666 -7167 3072 3666 -7679 3072 3521 -7679 5289 2493 -3327 5289 3089 -3327 5543 3089 -2883 5543 2637 -2883 3072 2349 -2047 167 2709 -3757 54 2762 -3700 54 1024 -3700 3072 3521 -7167 3072 3521 -7679 5289 3088 -5887 5733 3089 -6143 5733 3089 -6143 5732 3233 -6143 5289 3233 -5887 5289 3088 -5887 419 2706 -3884 533 2755 -3942 169 1024 -3471 537 2721 -3657 652 2772 -3715 169 2775 -3471 286 2723 -3530 2560 2862 -2613 2560 2864 -2367 2560 1613 -2737 2560 2912 -2736 2560 1612 -2244 2560 2917 -2244 400 2546 -3014 228 2802 -2532 400 2802 -3014 54 1024 -3700 652 2772 -3715 533 2755 -3942 2560 2917 -2244 2388 2917 -1762 2560 2661 -2244 400 2546 -3014 2388 2917 -1762 228 2802 -2532 2560 2661 -2244 400 1024 -3014 2560 1612 -2244 2560 2917 -2244 400 2802 -3014 169 1024 -3471 169 2775 -3471 1298 3810 -5631 1343 3835 -5657 1697 3835 -5861 3072 3666 -6655 3072 4294 -6655 1697 4091 -5861 1609 4194 -5810 1298 4293 -5631 4846 3233 -5631 2560 1613 -2737 3072 2945 -2559 2560 2912 -2736 1298 4293 -3583 1431 4194 -5708 1343 4091 -5657 1298 3954 -3583 4846 3089 -3583 4846 4242 -3583 3072 4097 -2559 2802 1613 -2653 851 3818 -5894 507 3042 -5697 329 3042 -5595 868 3954 -3302 868 2801 -3302 -181 2658 -5302 -181 3818 -5302 3072 2513 -7167 596 2939 -5748 3072 3666 -7167 -181 2658 -5302 596 2683 -5748 3072 2513 -7167 5289 3088 -5887 5289 2080 -5887 3072 3521 -7167 5289 3233 -5887 5289 3089 -3327 5289 1936 -3327 5543 3089 -2883 3328 2944 -1603 3328 2493 -1603 3072 3521 -7679 3072 3666 -7679 5733 3089 -6143 5732 3233 -6143 5289 2493 -3327 3072 2349 -2047 2851 1613 -1919 5289 1936 -3327 3072 2945 -2047 5543 2637 -2883 -869 1024 -5528 54 2762 -3700 -869 2657 -5528 4846 4242 -5631 4846 3089 -3583 4846 4242 -3583 3072 4097 -3071 3072 4293 -3071 4402 4294 -3839 4402 4293 -3839 3072 2513 -7679 240 2939 -5544 240 2683 -5544 -181 3818 -5302 -7167 1024 -7167 -3151 512 -6526 -3151 1024 -6526 2079 1368 -1535 -1016 1024 -2299 -1016 0 -2299 -2458 1024 -5155 -2633 0 -5497 -2458 0 -5155 -3151 512 -6526 -3151 1024 -6526 -3445 1 -4662 -3617 1 -5005 -4132 513 -6035 -3445 777 -4662 -1791 0 -767 -2815 1024 256 -2815 0 256 -2559 0 -2815 -2559 768 -2815 -1872 0 -1441 -1872 768 -1441 -1016 0 -2299 -1535 1024 -3327 -1535 0 -3327 -1016 1024 -2299 -1791 0 -767 -1872 0 -1441 -1872 768 -1441 -1791 973 -767 1434 0 4864 -921 0 5377 768 0 5376 -1791 973 -767 -2815 1024 256 768 717 5376 768 768 5376 1792 768 4864 768 0 5376 1792 0 4864 1434 0 4352 1792 0 4864 768 0 5888 -921 0 5888 -383 0 6400 -3071 0 3072 -4095 0 4096 -921 0 4865 256 0 6400 -3071 768 512 -3071 768 3072 -3071 0 3072 -1791 0 1792 -3071 0 512 -1535 0 2048 1280 0 3840 -921 256 5888 -921 0 6400 -921 0 5888 -921 0 4865 -921 256 5375 -921 0 5377 -3071 0 512 1792 0 4352 -4095 0 4096 -3071 768 3072 -4095 768 4096 -3071 0 3072 -1791 768 1792 -1791 0 1792 -1535 0 2048 1280 0 3840 1280 768 3840 -1535 768 2048 1792 768 4352 1792 0 4352 1792 0 4864 1792 768 4864 1792 0 4352 1792 768 4352 -1535 0 1536 -767 0 -767 -2815 0 256 -1791 0 -767 -1016 0 -2299 -1872 0 -1441 -1535 0 -3327 -2559 0 -2815 -4132 513 -6035 -3617 1 -5005 -2633 0 -5497 -2679 0 -5045 -3251 0 -4759 -3151 512 -6526 -3445 1 -4662 -2458 0 -5155 -2096 922 -4764 -2240 1024 -4835 -942 922 -2479 -970 1024 -2322 -869 1024 -5528 -1552 717 -4752 -1210 717 -4925 -1867 819 -4737 -828 819 -2680 -286 717 -3097 -629 717 -2924 28 819 -3113 257 922 -3085 400 1024 -3014 -1010 819 -5170 -897 922 -5370 54 1024 -3700 169 1024 -3471 768 717 5888 768 717 5376 768 0 5376 -3071 0 512 -2815 0 256 -2815 768 256 -3071 768 512 -921 0 5888 768 0 5376 -921 0 5377 768 0 5888 -921 0 5377 -921 205 5888 -921 0 5888 -921 205 5376 -1764 0 -3213 -2679 0 -5045 -3251 0 -4759 768 0 5888 -1791 768 1792 -1535 0 1536 -1791 0 1792 -1535 768 1536 -1791 0 1792 -2815 0 256 -3071 0 512 -1535 0 1536 -2336 0 -2926</float_array>
                    <technique_common>
                        <accessor count="314" source="#pointarrayMesh16_2" stride="3">
                            <param name="X" type="float"/>
                            <param name="Y" type="float"/>
                            <param name="Z" type="float"/>
                        </accessor>
                    </technique_common>
                </source>
                <source id="uvsMesh16_2">
                    <float_array id="uvarrayMesh16_2" count="628">0.966796875 1 -1.326171875 0.78125 -0.58203125 0.033203125 0.966796875 0.033203125 -1.326171875 1 -1.32421875 0.033203125 0.966796875 0.78125 0.966796875 1 -0.529296875 1 -0.529296875 0.78125 -3.0234375 1 -3.0234375 0.033203125 0.966796875 0.033203125 0.966796875 1 1.6328125 1 0.966796875 1 0.966796875 0.033203125 -0.6953125 1 -0.6953125 0.96484375 -0.6953125 0.033203125 0.03125 0.55859375 0.966796875 1.529296875 0.591796875 1.529296875 -0.52734375 1.53125 0.21875 2.826171875 0.03125 2.501953125 0.21875 0.234375 -1.27734375 2.826171875 -1.08984375 2.501953125 -1.08984375 0.55859375 -1.650390625 1.53125 -2.025390625 1.53125 -1.27734375 0.234375 -13.00390625 0.033203125 0.966796875 0.033203125 0.966796875 1 -13.00390625 1 15.9375 1 0 1 15.9375 0.78125 0 0.033203125 15.9375 0.033203125 0.384765625 -1.078125 0.17578125 1.11328125 0 1 -0.4453125 1 -0.806640625 -1.091796875 0.17578125 0.16015625 0.8984375 0.4609375 0.896484375 1.18359375 4.966796875 0.033203125 4.978515625 1.0703125 -0.015625 1.0703125 -0.65234375 1.11328125 0.966796875 0.46875 0.966796875 1 0.06640625 1 0.06640625 0.75 0.966796875 0.283203125 0.966796875 1 -1.02734375 1 0 0.65625 0 0.033203125 0.23046875 2.3203125 0 2.423828125 0 -0.962890625 0.623046875 7.0546875 -0.265625 6.939453125 0.966796875 2.029296875 0.1328125 2.029296875 0.966796875 0.033203125 0.966796875 0.314453125 0 0.31640625 0 0.033203125 0.75390625 2.314453125 1.013671875 2.41015625 1.0546875 -2.36328125 0.232421875 0.935546875 0 1 1.021484375 1.048828125 0.759765625 0.9453125 0.70703125 1.671875 0.38671875 1.67578125 0.865234375 0.033203125 0.865234375 1.736328125 0 0.033203125 0.2265625 1.744140625 0 0.408203125 1.216796875 1 0 1 8.111328125 4.16796875 7.935546875 2.46484375 8.212890625 2.48046875 0.716796875 1 -0.529296875 1 0.716796875 0.408203125 7.40625 2.685546875 5.1171875 2.322265625 7.140625 2.435546875 5.048828125 2.572265625 7.40625 4.16796875 5.048828125 3.59375 5.048828125 2.322265625 7.40625 2.435546875 7.87890625 4.16796875 7.87890625 2.4609375 10.4609375 1.453125 10.525390625 1.427734375 11.0859375 1.427734375 13.46875 1.59375 13.46875 1 11.0859375 1.1796875 10.9375 1.078125 10.4609375 1 16.44921875 2.015625 5.197265625 3.59375 4.43359375 2.296875 5.197265625 2.328125 7.44140625 1 10.65625 1.078125 10.525390625 1.1796875 7.44140625 1.3125 1.453125 2.15625 1.453125 1 4.43359375 1.171875 4.826171875 3.59375 -1.7109375 -0.642578125 -2.130859375 0.26171875 -2.365234375 0.271484375 7.412109375 1.3125 7.412109375 2.435546875 9.556640625 2.576171875 9.556640625 1.4453125 1.27734375 0.73828125 -2.009765625 0.375 1.2265625 -0.58203125 -3.0234375 0.73828125 -1.998046875 0.66796875 13.462890625 2.716796875 16.447265625 2.15625 16.447265625 3.138671875 13.462890625 1.734375 16.447265625 2.015625 19.419921875 2.154296875 19.419921875 3.279296875 1.701171875 2.154296875 4.19921875 2.296875 4.19921875 2.736328125 13.458984375 1.734375 13.458984375 1.59375 16.4453125 2.15625 16.4453125 2.015625 1.455078125 2.736328125 4.439453125 2.876953125 4.67578125 3.59375 1.455078125 3.279296875 4.439453125 2.296875 1.701171875 2.595703125 9.611328125 4.16796875 8.111328125 2.474609375 9.611328125 2.576171875 16.44921875 1 19.41796875 2.15625 19.41796875 1 4.42578125 1.171875 4.42578125 1 1.44921875 1 1.44921875 1 13.458984375 2.716796875 -2.478515625 0.392578125 -2.466796875 0.6875 -3.07421875 -0.58984375 -4.31640625 1 0.966796875 0.365234375 0.966796875 1 3.076171875 1.3671875 0 1 0 0.033203125 0.966796875 1 0.388671875 -0.296875 0.966796875 -0.296875 -1.02734375 0.365234375 -1.02734375 1 0.38671875 0.033203125 0.966796875 0.033203125 2.384765625 0.697265625 0.38671875 1.041015625 1.369140625 0.033203125 -1.025390625 1.3359375 -1.02734375 0.033203125 0.966796875 -0.962890625 0.966796875 0.033203125 -1.263671875 -0.962890625 -1.263671875 0.033203125 0.966796875 0.033203125 -0.154296875 1 -0.154296875 0.033203125 0.966796875 1 0.30078125 0.033203125 0.966796875 0.033203125 0.966796875 1 0.30078125 1.296875 1.365234375 0.78125 -0.927734375 0.28125 0.716796875 0.283203125 1.369140625 1.296875 -1.029296875 1.390625 1.1328125 0.96484375 1.1328125 1 -0.353515625 1 1.1328125 0.033203125 -0.353515625 0.033203125 1.365234375 1.28125 1.71484375 0.78125 0.716796875 -0.21484375 -0.927734375 -0.21484375 -0.404296875 -0.712890625 -3.0234375 2.529296875 -4.021484375 1.53125 -0.927734375 0.78125 0.21875 -0.712890625 2.962890625 0.69921875 -1.02734375 0.69921875 -1.02734375 0.033203125 -1.775390625 3.775390625 -3.0234375 5.0234375 -1.52734375 3.52734375 1.216796875 1.779296875 0 1.025390625 -2.0234375 0.025390625 -0.029296875 0.029296875 3.9609375 0.0390625 1.966796875 1 1.96484375 0.033203125 2.962890625 0.033203125 1.71484375 1.28125 0.08203125 0.033203125 1.96484375 0.69921875 0.08203125 0.69921875 1.96484375 0.033203125 -4.755859375 1 -4.755859375 0.033203125 -4.291015625 0.033203125 0.0390625 0.033203125 0.0390625 1 -4.291015625 1 0.966796875 1 0 0.033203125 0.634765625 0.033203125 0.634765625 1 0.966796875 0.033203125 0 1 -1.52734375 4.025390625 -0.77734375 6.271484375 -2.7734375 5.2734375 -1.775390625 6.271484375 -1.01953125 7.763671875 -1.85546875 6.927734375 -1.52734375 8.765625 -2.525390625 8.267578125 -4.0859375 11.390625 -3.595703125 10.447265625 -2.623046875 10.935546875 -2.640625 10.439453125 -3.19921875 10.162109375 -3.1015625 11.884765625 -3.388671875 10.06640625 -2.42578125 10.546875 -0.77734375 -0.37109375 -0.861328125 -0.462890625 0.8828125 -0.37109375 0.966796875 -0.46484375 -0.861328125 1 -0.611328125 0.095703125 -0.611328125 0.470703125 -0.6953125 -0.18359375 0.80078125 -0.18359375 0.716796875 0.470703125 0.716796875 0.095703125 0.80078125 0.75 0.8828125 0.9375 0.966796875 1 -0.6953125 0.75 -0.77734375 0.9375 0.466796875 1 0.634765625 1 -0.6953125 0.96484375 -1.359375 0.96484375 -1.359375 0.033203125 0 0.033203125 0.439453125 0.033203125 0.439453125 0.685546875 -0.029296875 0.671875 -0.927734375 -0.21484375 0.716796875 0.283203125 -0.927734375 0.28125 0.716796875 -0.21484375 1.96484375 0.033203125 0 0.826171875 -0.029296875 0.029296875 1.96484375 0.83203125 -1.75 8.654296875 -2.640625 10.439453125 -3.19921875 10.162109375 -0.6953125 0.033203125 0.439453125 1 0 0.099609375 0.439453125 0.099609375 0 1 -1.775390625 3.775390625 -2.7734375 5.2734375 -3.0234375 5.0234375 -1.52734375 4.025390625 -2.306640625 8.375</float_array>
                    <technique_common>
                        <accessor count="314" source="#uvarrayMesh16_2" stride="2">
                            <param name="S" type="float"/>
                            <param name="T" type="float"/>
                        </accessor>
                    </technique_common>
                </source>
                <source id="colorsMesh16_2">
                    <float_array id="colorarrayMesh16_2" count="1256">0.2 0.2 0.2 1 0.2 0.2 0.2 1 0.2 0.2 0.2 1 0.2 0.2 0.2 1 0.2 0.2 0.2 1 0.2 0.2 0.2 1 0.2 0.2 0.2 1 0.2 0.2 0.2 1 0.2 0.2 0.2 1 0.2 0.2 0.2 1 0.2 0.2 0.2 1 0.2 0.2 0.2 1 0.2 0.2 0.2 1 0.2 0.2 0.2 1 0.2 0.2 0.2 1 0.2 0.2 0.2 1 0.2 0.2 0.2 1 0.2 0.2 0.2 1 0.2 0.2 0.2 1 0.2 0.2 0.2 1 0.2 0.2 0.2 1 0.2 0.2 0.2 1 0.2 0.2 0.2 1 0.2 0.2 0.2 1 0.2 0.2 0.2 1 0.2 0.2 0.2 1 0.2 0.2 0.2 1 0.2 0.2 0.2 1 0.2 0.2 0.2 1 0.2 0.2 0.2 1 0.2 0.2 0.2 1 0.2 0.2 0.2 1 0.2 0.2 0.2 1 0.2 0.2 0.2 1 0.2 0.2 0.2 1 0.2 0.2 0.2 1 0.2 0.2 0.2 1 0.2 0.2 0.2 1 0.2 0.2 0.2 1 0.2 0.2 0.2 1 0.2 0.2 0.2 1 0.2 0.2 0.2 1 0.2 0.2 0.2 1 0.2 0.2 0.2 1 0.2 0.2 0.2 1 0.2 0.2 0.2 1 0.2 0.2 0.2 1 0.2 0.2 0.2 1 0.2 0.2 0.2 1 0.2 0.2 0.2 1 0.2 0.2 0.2 1 0.2 0.2 0.2 1 0.2 0.2 0.2 1 0.2 0.2 0.2 1 0.2 0.2 0.2 1 0.2 0.2 0.2 1 0.2 0.2 0.2 1 0.2 0.2 0.2 1 0.2 0.2 0.2 1 0.2 0.2 0.2 1 0.2 0.2 0.2 1 0.2 0.2 0.2 1 0.2 0.2 0.2 1 0.2 0.2 0.2 1 0.2 0.2 0.2 1 0.2 0.2 0.2 1 0.2 0.2 0.2 1 0.2 0.2 0.2 1 0.2 0.2 0.2 1 0.2 0.2 0.2 1 0.2 0.2 0.2 1 0.2 0.2 0.2 1 0.2 0.2 0.2 1 0.2 0.2 0.2 1 0.2 0.2 0.2 1 0.2 0.2 0.2 1 0.2 0.2 0.2 1 0.2 0.2 0.2 1 0.2 0.2 0.2 1 0.2 0.2 0.2 1 0.2 0.2 0.2 1 0.2 0.2 0.2 1 0.2 0.2 0.2 1 0.2 0.2 0.2 1 0.2 0.2 0.2 1 0.2 0.2 0.2 1 0.2 0.2 0.2 1 0.2 0.2 0.2 1 0.2 0.2 0.2 1 0.2 0.2 0.2 1 0.2 0.2 0.2 1 0.2 0.2 0.2 1 0.2 0.2 0.2 1 0.2 0.2 0.2 1 0.2 0.2 0.2 1 0.2 0.2 0.2 1 0.2 0.2 0.2 1 0.2 0.2 0.2 1 0.2 0.2 0.2 1 0.2 0.2 0.2 1 0.2 0.2 0.2 1 0.2 0.2 0.2 1 0.2 0.2 0.2 1 0.2 0.2 0.2 1 0.2 0.2 0.2 1 0.2 0.2 0.2 1 0.2 0.2 0.2 1 0.2 0.2 0.2 1 0.2 0.2 0.2 1 0.2 0.2 0.2 1 0.2 0.2 0.2 1 0.2 0.2 0.2 1 0.2 0.2 0.2 1 0.2 0.2 0.2 1 0.2 0.2 0.2 1 0.2 0.2 0.2 1 0.2 0.2 0.2 1 0.2 0.2 0.2 1 0.2 0.2 0.2 1 0.2 0.2 0.2 1 0.2 0.2 0.2 1 0.2 0.2 0.2 1 0.2 0.2 0.2 1 0.2 0.2 0.2 1 0.2 0.2 0.2 1 0.2 0.2 0.2 1 0.2 0.2 0.2 1 0.2 0.2 0.2 1 0.2 0.2 0.2 1 0.2 0.2 0.2 1 0.2 0.2 0.2 1 0.2 0.2 0.2 1 0.2 0.2 0.2 1 0.2 0.2 0.2 1 0.2 0.2 0.2 1 0.2 0.2 0.2 1 0.2 0.2 0.2 1 0.2 0.2 0.2 1 0.2 0.2 0.2 1 0.2 0.2 0.2 1 0.2 0.2 0.2 1 0.2 0.2 0.2 1 0.2 0.2 0.2 1 0.2 0.2 0.2 1 0.2 0.2 0.2 1 0.2 0.2 0.2 1 0.2 0.2 0.2 1 0.2 0.2 0.2 1 0.2 0.2 0.2 1 0.2 0.2 0.2 1 0.2 0.2 0.2 1 0.2 0.2 0.2 1 0.2 0.2 0.2 1 0.2 0.2 0.2 1 0.2 0.2 0.2 1 0.2 0.2 0.2 1 0.2 0.2 0.2 1 0.2 0.2 0.2 1 0.2 0.2 0.2 1 0.2 0.2 0.2 1 0.2 0.2 0.2 1 0.2 0.2 0.2 1 0.2 0.2 0.2 1 0.2 0.2 0.2 1 0.2 0.2 0.2 1 0.2 0.2 0.2 1 0.2 0.2 0.2 1 0.2 0.2 0.2 1 0.2 0.2 0.2 1 0.2 0.2 0.2 1 0.2 0.2 0.2 1 0.2 0.2 0.2 1 0.2 0.2 0.2 1 0.2 0.2 0.2 1 0.2 0.2 0.2 1 0.2 0.2 0.2 1 0.2 0.2 0.2 1 0.2 0.2 0.2 1 0.2 0.2 0.2 1 0.2 0.2 0.2 1 0.2 0.2 0.2 1 0.2 0.2 0.2 1 0.2 0.2 0.2 1 0.2 0.2 0.2 1 0.2 0.2 0.2 1 0.2 0.2 0.2 1 0.2 0.2 0.2 1 0.2 0.2 0.2 1 0.2 0.2 0.2 1 0.2 0.2 0.2 1 0.2 0.2 0.2 1 0.2 0.2 0.2 1 0.2 0.2 0.2 1 0.2 0.2 0.2 1 0.2 0.2 0.2 1 0.2 0.2 0.2 1 0.2 0.2 0.2 1 0.2 0.2 0.2 1 0.2 0.2 0.2 1 0.2 0.2 0.2 1 0.2 0.2 0.2 1 0.2 0.2 0.2 1 0.2 0.2 0.2 1 0.2 0.2 0.2 1 0.2 0.2 0.2 1 0.2 0.2 0.2 1 0.2 0.2 0.2 1 0.2 0.2 0.2 1 0.2 0.2 0.2 1 0.2 0.2 0.2 1 0.2 0.2 0.2 1 0.2 0.2 0.2 1 0.2 0.2 0.2 1 0.2 0.2 0.2 1 0.2 0.2 0.2 1 0.2 0.2 0.2 1 0.2 0.2 0.2 1 0.2 0.2 0.2 1 0.2 0.2 0.2 1 0.2 0.2 0.2 1 0.2 0.2 0.2 1 0.2 0.2 0.2 1 0.2 0.2 0.2 1 0.2 0.2 0.2 1 0.2 0.2 0.2 1 0.2 0.2 0.2 1 0.2 0.2 0.2 1 0.2 0.2 0.2 1 0.2 0.2 0.2 1 0.2 0.2 0.2 1 0.2 0.2 0.2 1 0.2 0.2 0.2 1 0.2 0.2 0.2 1 0.2 0.2 0.2 1 0.2 0.2 0.2 1 0.2 0.2 0.2 1 0.2 0.2 0.2 1 0.2 0.2 0.2 1 0.2 0.2 0.2 1 0.2 0.2 0.2 1 0.2 0.2 0.2 1 0.2 0.2 0.2 1 0.2 0.2 0.2 1 0.2 0.2 0.2 1 0.2 0.2 0.2 1 0.2 0.2 0.2 1 0.2 0.2 0.2 1 0.2 0.2 0.2 1 0.2 0.2 0.2 1 0.2 0.2 0.2 1 0.2 0.2 0.2 1 0.2 0.2 0.2 1 0.2 0.2 0.2 1 0.2 0.2 0.2 1 0.2 0.2 0.2 1 0.2 0.2 0.2 1 0.2 0.2 0.2 1 0.2 0.2 0.2 1 0.2 0.2 0.2 1 0.2 0.2 0.2 1 0.2 0.2 0.2 1 0.2 0.2 0.2 1 0.2 0.2 0.2 1 0.2 0.2 0.2 1 0.2 0.2 0.2 1 0.2 0.2 0.2 1 0.2 0.2 0.2 1 0.2 0.2 0.2 1 0.2 0.2 0.2 1 0.2 0.2 0.2 1 0.2 0.2 0.2 1 0.2 0.2 0.2 1 0.2 0.2 0.2 1 0.2 0.2 0.2 1 0.2 0.2 0.2 1 0.2 0.2 0.2 1 0.2 0.2 0.2 1 0.2 0.2 0.2 1 0.2 0.2 0.2 1 0.2 0.2 0.2 1 0.2 0.2 0.2 1 0.2 0.2 0.2 1 0.2 0.2 0.2 1 0.2 0.2 0.2 1 0.2 0.2 0.2 1 0.2 0.2 0.2 1 0.0784313725490196 0.0784313725490196 0.0784313725490196 1 0.0784313725490196 0.0784313725490196 0.0784313725490196 1 0.0784313725490196 0.0784313725490196 0.0784313725490196 1 0.0784313725490196 0.0784313725490196 0.0784313725490196 1 0.0784313725490196 0.0784313725490196 0.0784313725490196 1 0.0784313725490196 0.0784313725490196 0.0784313725490196 1 0.0784313725490196 0.0784313725490196 0.0784313725490196 1 0.0784313725490196 0.0784313725490196 0.0784313725490196 1 0.0784313725490196 0.0784313725490196 0.0784313725490196 1 0.0784313725490196 0.0784313725490196 0.0784313725490196 1 0.0784313725490196 0.0784313725490196 0.0784313725490196 1 0.0784313725490196 0.0784313725490196 0.0784313725490196 1 0.0784313725490196 0.0784313725490196 0.0784313725490196 1 0.0784313725490196 0.0784313725490196 0.0784313725490196 1 0.0784313725490196 0.0784313725490196 0.0784313725490196 1 0.0784313725490196 0.0784313725490196 0.0784313725490196 1 0.0784313725490196 0.0784313725490196 0.0784313725490196 1 0.0784313725490196 0.0784313725490196 0.0784313725490196 1 0.0784313725490196 0.0784313725490196 0.0784313725490196 1 0.0784313725490196 0.0784313725490196 0.0784313725490196 1 0.0784313725490196 0.0784313725490196 0.0784313725490196 1 0.0784313725490196 0.0784313725490196 0.0784313725490196 1 0.0784313725490196 0.0784313725490196 0.0784313725490196 1 0.0784313725490196 0.0784313725490196 0.0784313725490196 1 0.0784313725490196 0.0784313725490196 0.0784313725490196 1 0.0784313725490196 0.0784313725490196 0.0784313725490196 1 0.0784313725490196 0.0784313725490196 0.0784313725490196 1 0.0784313725490196 0.0784313725490196 0.0784313725490196 1</float_array>
                    <technique_common>
                        <accessor count="314" source="#colorarrayMesh16_2" stride="4">
                            <param name="R" type="float"/>
                            <param name="G" type="float"/>
                            <param name="B" type="float"/>
                            <param name="A" type="float"/>
                        </accessor>
                    </technique_common>
                </source>
                <vertices id="verticesMesh16_2">
                    <input semantic="POSITION" source="#pointsMesh16_2"/>
                </vertices>
                <polylist count="226" material="Material1">
                    <input offset="0" semantic="VERTEX" source="#verticesMesh16_2"/>
                    <input offset="1" semantic="TEXCOORD" source="#uvsMesh16_2" set="0"/>
                    <input offset="2" semantic="COLOR" source="#colorsMesh16_2" set="0"/>
                    <vcount>3 3 3 3 3 3 3 3 3 3 3 3 3 3 3 3 3 3 3 3 3 3 3 3 3 3 3 3 3 3 3 3 3 3 3 3 3 3 3 3 3 3 3 3 3 3 3 3 3 3 3 3 3 3 3 3 3 3 3 3 3 3 3 3 3 3 3 3 3 3 3 3 3 3 3 3 3 3 3 3 3 3 3 3 3 3 3 3 3 3 3 3 3 3 3 3 3 3 3 3 3 3 3 3 3 3 3 3 3 3 3 3 3 3 3 3 3 3 3 3 3 3 3 3 3 3 3 3 3 3 3 3 3 3 3 3 3 3 3 3 3 3 3 3 3 3 3 3 3 3 3 3 3 3 3 3 3 3 3 3 3 3 3 3 3 3 3 3 3 3 3 3 3 3 3 3 3 3 3 3 3 3 3 3 3 3 3 3 3 3 3 3 3 3 3 3 3 3 3 3 3 3 3 3 3 3 3 3 3 3 3 3 3 3 3 3 3 3 3 3 3 3 3 3 3 3</vcount>
                    <p>0 0 0 1 1 1 2 2 2 3 3 3 0 0 0 2 2 2 0 0 0 4 4 4 1 1 1 1 1 1 5 5 5 2 2 2 6 6 6 7 7 7 8 8 8 6 6 6 8 8 8 9 9 9 10 10 10 11 11 11 12 12 12 12 12 12 13 13 13 10 10 10 14 14 14 15 15 15 16 16 16 15 15 15 17 17 17 16 16 16 18 18 18 19 19 19 16 16 16 16 16 16 17 17 17 18 18 18 20 20 20 21 21 21 22 22 22 23 23 23 20 20 20 22 22 22 22 22 22 21 21 21 24 24 24 22 22 22 24 24 24 25 25 25 23 23 23 22 22 22 25 25 25 20 20 20 26 26 26 21 21 21 24 24 24 27 27 27 28 28 28 25 25 25 24 24 24 28 28 28 23 23 23 25 25 25 28 28 28 23 23 23 29 29 29 20 20 20 23 23 23 28 28 28 30 30 30 23 23 23 30 30 30 29 29 29 28 28 28 27 27 27 31 31 31 28 28 28 31 31 31 30 30 30 30 30 30 31 31 31 32 32 32 30 30 30 32 32 32 29 29 29 29 29 29 32 32 32 26 26 26 29 29 29 26 26 26 20 20 20 33 33 33 34 34 34 35 35 35 35 35 35 36 36 36 33 33 33 37 37 37 38 38 38 39 39 39 38 38 38 40 40 40 39 39 39 40 40 40 41 41 41 39 39 39 42 42 42 43 43 43 44 44 44 42 42 42 44 44 44 45 45 45 42 42 42 45 45 45 46 46 46 43 43 43 47 47 47 48 48 48 49 49 49 43 43 43 48 48 48 50 50 50 51 51 51 52 52 52 45 45 45 53 53 53 46 46 46 54 54 54 55 55 55 56 56 56 54 54 54 56 56 56 57 57 57 58 58 58 59 59 59 60 60 60 58 58 58 60 60 60 61 61 61 50 50 50 52 52 52 62 62 62 63 63 63 64 64 64 65 65 65 66 66 66 67 67 67 68 68 68 67 67 67 69 69 69 68 68 68 70 70 70 71 71 71 72 72 72 73 73 73 70 70 70 72 72 72 74 74 74 63 63 63 65 65 65 74 74 74 65 65 65 75 75 75 76 76 76 77 77 77 78 78 78 76 76 76 79 79 79 80 80 80 76 76 76 80 80 80 77 77 77 81 81 81 82 82 82 83 83 83 81 81 81 83 83 83 84 84 84 82 82 82 85 85 85 83 83 83 82 82 82 86 86 86 85 85 85 87 87 87 88 88 88 89 89 89 90 90 90 91 91 91 92 92 92 93 93 93 94 94 94 95 95 95 96 96 96 97 97 97 98 98 98 96 96 96 99 99 99 97 97 97 100 100 100 101 101 101 102 102 102 100 100 100 102 102 102 103 103 103 90 90 90 104 104 104 91 91 91 104 104 104 103 103 103 105 105 105 104 104 104 100 100 100 103 103 103 106 106 106 107 107 107 108 108 108 106 106 106 108 108 108 109 109 109 109 109 109 108 108 108 110 110 110 108 108 108 111 111 111 110 110 110 111 111 111 112 112 112 110 110 110 112 112 112 113 113 113 110 110 110 109 109 109 110 110 110 114 114 114 113 113 113 107 107 107 106 106 106 115 115 115 116 116 116 117 117 117 118 118 118 113 113 113 106 106 106 113 113 113 119 119 119 120 120 120 113 113 113 112 112 112 119 119 119 113 113 113 120 120 120 107 107 107 121 121 121 118 118 118 106 106 106 122 122 122 123 123 123 124 124 124 122 122 122 124 124 124 116 116 116 115 115 115 125 125 125 116 116 116 126 126 126 127 127 127 128 128 128 116 116 116 124 124 124 117 117 117 124 124 124 129 129 129 117 117 117 129 129 129 130 130 130 117 117 117 130 130 130 129 129 129 91 91 91 131 131 131 129 129 129 132 132 132 129 129 129 92 92 92 91 91 91 129 129 129 131 131 131 92 92 92 126 126 126 133 133 133 134 134 134 126 126 126 135 135 135 133 133 133 136 136 136 137 137 137 133 133 133 137 137 137 134 134 134 133 133 133 138 138 138 139 139 139 140 140 140 138 138 138 141 141 141 139 139 139 140 140 140 142 142 142 143 143 143 140 140 140 143 143 143 144 144 144 145 145 145 146 146 146 147 147 147 148 148 148 149 149 149 150 150 150 149 149 149 151 151 151 150 150 150 152 152 152 153 153 153 154 154 154 155 155 155 152 152 152 154 154 154 154 154 154 153 153 153 156 156 156 157 157 157 145 145 145 147 147 147 158 158 158 159 159 159 160 160 160 110 110 110 161 161 161 114 114 114 114 114 114 161 161 161 162 162 162 161 161 161 163 163 163 162 162 162 164 164 164 165 165 165 118 118 118 165 165 165 164 164 164 166 166 166 164 164 164 167 167 167 166 166 166 164 164 164 118 118 118 121 121 121 158 158 158 90 90 90 159 159 159 168 168 168 158 158 158 160 160 160 136 136 136 126 126 126 128 128 128 126 126 126 134 134 134 127 127 127 169 169 169 170 170 170 136 136 136 169 169 169 136 136 136 128 128 128 136 136 136 170 170 170 137 137 137 126 126 126 136 136 136 171 171 171 172 172 172 173 173 173 174 174 174 175 175 175 176 176 176 177 177 177 178 178 178 179 179 179 180 180 180 178 178 178 181 181 181 179 179 179 178 178 178 182 182 182 181 181 181 183 183 183 184 184 184 185 185 185 183 183 183 185 185 185 186 186 186 187 187 187 188 188 188 189 189 189 190 190 190 191 191 191 192 192 192 191 191 191 193 193 193 192 192 192 194 194 194 195 195 195 196 196 196 194 194 194 197 197 197 195 195 195 198 198 198 199 199 199 200 200 200 198 198 198 200 200 200 201 201 201 202 202 202 203 203 203 204 204 204 187 187 187 205 205 205 206 206 206 207 207 207 208 208 208 209 209 209 210 210 210 207 207 207 209 209 209 211 211 211 210 210 210 209 209 209 202 202 202 212 212 212 203 203 203 204 204 204 213 213 213 202 202 202 214 214 214 215 215 215 216 216 216 212 212 212 217 217 217 218 218 218 212 212 212 219 219 219 203 203 203 219 219 219 212 212 212 218 218 218 214 214 214 216 216 216 220 220 220 221 221 221 222 222 222 223 223 223 224 224 224 225 225 225 217 217 217 226 226 226 224 224 224 217 217 217 227 227 227 226 226 226 217 217 217 228 228 228 229 229 229 230 230 230 231 231 231 232 232 232 233 233 233 221 221 221 223 223 223 234 234 234 235 235 235 227 227 227 212 212 212 236 236 236 237 237 237 238 238 238 236 236 236 239 239 239 237 237 237 240 240 240 241 241 241 242 242 242 242 242 242 243 243 243 244 244 244 242 242 242 244 244 244 245 245 245 244 244 244 243 243 243 246 246 246 247 247 247 248 248 248 249 249 249 227 227 227 217 217 217 212 212 212 243 243 243 250 250 250 246 246 246 251 251 251 247 247 247 249 249 249 242 242 242 245 245 245 240 240 240 252 252 252 253 253 253 254 254 254 254 254 254 253 253 253 255 255 255 253 253 253 256 256 256 255 255 255 256 256 256 257 257 257 255 255 255 258 258 258 259 259 259 256 256 256 256 256 256 259 259 259 257 257 257 260 260 260 261 261 261 262 262 262 261 261 261 263 263 263 262 262 262 261 261 261 264 264 264 263 263 263 265 265 265 260 260 260 262 262 262 261 261 261 266 266 266 264 264 264 263 263 263 267 267 267 262 262 262 268 268 268 269 269 269 270 270 270 269 269 269 271 271 271 270 270 270 272 272 272 269 269 269 268 268 268 272 272 272 273 273 273 274 274 274 275 275 275 268 268 268 270 270 270 275 275 275 270 270 270 276 276 276 270 270 270 277 277 277 278 278 278 270 270 270 278 278 278 276 276 276 270 270 270 279 279 279 277 277 277 270 270 270 280 280 280 279 279 279 270 270 270 281 281 281 280 280 280 270 270 270 271 271 271 281 281 281 272 272 272 268 268 268 275 275 275 275 275 275 276 276 276 278 278 278 273 273 273 275 275 275 278 278 278 272 272 272 275 275 275 273 273 273 274 274 274 278 278 278 277 277 277 274 274 274 273 273 273 278 278 278 282 282 282 274 274 274 277 277 277 272 272 272 274 274 274 282 282 282 282 282 282 277 277 277 279 279 279 272 272 272 282 282 282 283 283 283 283 283 283 282 282 282 279 279 279 283 283 283 279 279 279 280 280 280 284 284 284 272 272 272 283 283 283 284 284 284 283 283 283 280 280 280 285 285 285 284 284 284 280 280 280 285 285 285 280 280 280 281 281 281 286 286 286 287 287 287 288 288 288 289 289 289 290 290 290 291 291 291 289 289 289 291 291 291 292 292 292 293 293 293 294 294 294 295 295 295 293 293 293 296 296 296 294 294 294 297 297 297 298 298 298 299 299 299 297 297 297 300 300 300 298 298 298 301 301 301 302 302 302 303 303 303 286 286 286 288 288 288 304 304 304 305 305 305 306 306 306 307 307 307 305 305 305 308 308 308 306 306 306 309 309 309 310 310 310 311 311 311 309 309 309 312 312 312 310 310 310 301 301 301 303 303 303 313 313 313</p>
                </polylist>
            </mesh>
        </geometry>
        <geometry id="meshMesh17_1">
            <mesh>
                <source id="pointsMesh17_1">
                    <float_array id="pointarrayMesh17_1" count="120">2851 1613 -1919 2802 1613 -2653 2560 1613 -2737 2560 1612 -2244 2874 1576 -1794 400 1024 -3014 2488 1369 -2138 4147 3072 -2559 5289 3089 -3327 3072 2945 -2047 228 2802 -2532 1328 2918 -2520 400 2802 -3014 1260 2918 -2327 4352 3072 -2354 4147 3072 -2354 3328 2944 -1603 2388 2917 -1762 1452 2918 -2259 2560 2917 -2244 1521 2918 -2452 4147 3072 -2559 3072 2945 -2047 3072 4293 -6655 4402 4294 -5375 4846 4242 -5631 4352 3072 -2559 5289 3089 -3327 5543 3089 -2883 1298 4293 -5631 1298 4293 -3583 3072 4293 -3071 4402 4294 -3839 5732 3233 -6143 3072 3666 -7679 3072 3666 -7167 868 3954 -3302 851 3818 -5894 -181 3818 -5302 5289 3233 -5887</float_array>
                    <technique_common>
                        <accessor count="40" source="#pointarrayMesh17_1" stride="3">
                            <param name="X" type="float"/>
                            <param name="Y" type="float"/>
                            <param name="Z" type="float"/>
                        </accessor>
                    </technique_common>
                </source>
                <source id="uvsMesh17_1">
                    <float_array id="uvarrayMesh17_1" count="80">0.607421875 -0.837890625 0.52734375 0.3515625 0.134765625 0.48828125 0.134765625 -0.310546875 0.64453125 -1.041015625 -3.37109375 0.939453125 0.017578125 -0.482421875 2.712890625 0.19921875 4.568359375 1.447265625 0.966796875 -0.630859375 0.33984375 -4.83203125 2.126953125 -4.8515625 0.619140625 -4.048828125 2.015625 -5.1640625 7.0390625 -5.12109375 6.705078125 -5.12109375 5.375 -6.341796875 3.84765625 -6.083984375 2.328125 -5.27734375 4.126953125 -5.30078125 2.439453125 -4.962890625 6.705078125 -4.7890625 4.958984375 -5.62109375 4.958984375 1.86328125 7.119140625 -0.21484375 7.83984375 0.19921875 7.0390625 -4.7890625 8.560546875 -3.541015625 8.97265625 -4.263671875 2.078125 0.19921875 2.078125 -3.125 4.958984375 -3.95703125 7.119140625 -2.708984375 9.28125 1 4.958984375 3.525390625 4.958984375 2.6953125 1.37890625 -3.58203125 1.3515625 0.626953125 -0.32421875 -0.33203125 8.560546875 0.615234375</float_array>
                    <technique_common>
                        <accessor count="40" source="#uvarrayMesh17_1" stride="2">
                            <param name="S" type="float"/>
                            <param name="T" type="float"/>
                        </accessor>
                    </technique_common>
                </source>
                <vertices id="verticesMesh17_1">
                    <input semantic="POSITION" source="#pointsMesh17_1"/>
                </vertices>
                <polylist count="29" material="Material1">
                    <input offset="0" semantic="VERTEX" source="#verticesMesh17_1"/>
                    <input offset="1" semantic="TEXCOORD" source="#uvsMesh17_1" set="0"/>
                    <vcount>3 3 3 3 3 3 3 3 3 3 3 3 3 3 3 3 3 3 3 3 3 3 3 3 3 3 3 3 3</vcount>
                    <p>0 0 1 1 2 2 2 2 3 3 0 0 0 0 3 3 4 4 5 5 6 6 3 3 3 3 6 6 4 4 7 7 8 8 9 9 10 10 11 11 12 12 10 10 13 13 11 11 14 14 15 15 16 16 13 13 10 10 17 17 18 18 13 13 17 17 19 19 12 12 11 11 20 20 19 19 11 11 20 20 17 17 19 19 20 20 18 18 17 17 15 15 21 21 22 22 16 16 15 15 22 22 23 23 24 24 25 25 21 21 26 26 27 27 27 27 26 26 14 14 28 28 27 27 14 14 28 28 14 14 16 16 23 23 29 29 30 30 23 23 31 31 32 32 23 23 30 30 31 31 23 23 32 32 24 24 33 33 34 34 35 35 36 36 37 37 38 38 39 39 33 33 35 35</p>
                </polylist>
            </mesh>
        </geometry>
        <geometry id="meshMesh17_2">
            <mesh>
                <source id="pointsMesh17_2">
                    <float_array id="pointarrayMesh17_2" count="120">2851 1613 -1919 2802 1613 -2653 2560 1613 -2737 2560 1612 -2244 2874 1576 -1794 400 1024 -3014 2488 1369 -2138 4147 3072 -2559 5289 3089 -3327 3072 2945 -2047 228 2802 -2532 1328 2918 -2520 400 2802 -3014 1260 2918 -2327 4352 3072 -2354 4147 3072 -2354 3328 2944 -1603 2388 2917 -1762 1452 2918 -2259 2560 2917 -2244 1521 2918 -2452 4147 3072 -2559 3072 2945 -2047 3072 4293 -6655 4402 4294 -5375 4846 4242 -5631 4352 3072 -2559 5289 3089 -3327 5543 3089 -2883 1298 4293 -5631 1298 4293 -3583 3072 4293 -3071 4402 4294 -3839 5732 3233 -6143 3072 3666 -7679 3072 3666 -7167 868 3954 -3302 851 3818 -5894 -181 3818 -5302 5289 3233 -5887</float_array>
                    <technique_common>
                        <accessor count="40" source="#pointarrayMesh17_2" stride="3">
                            <param name="X" type="float"/>
                            <param name="Y" type="float"/>
                            <param name="Z" type="float"/>
                        </accessor>
                    </technique_common>
                </source>
                <source id="uvsMesh17_2">
                    <float_array id="uvarrayMesh17_2" count="80">0.607421875 -0.837890625 0.52734375 0.3515625 0.134765625 0.48828125 0.134765625 -0.310546875 0.64453125 -1.041015625 -3.37109375 0.939453125 0.017578125 -0.482421875 2.712890625 0.19921875 4.568359375 1.447265625 0.966796875 -0.630859375 0.33984375 -4.83203125 2.126953125 -4.8515625 0.619140625 -4.048828125 2.015625 -5.1640625 7.0390625 -5.12109375 6.705078125 -5.12109375 5.375 -6.341796875 3.84765625 -6.083984375 2.328125 -5.27734375 4.126953125 -5.30078125 2.439453125 -4.962890625 6.705078125 -4.7890625 4.958984375 -5.62109375 4.958984375 1.86328125 7.119140625 -0.21484375 7.83984375 0.19921875 7.0390625 -4.7890625 8.560546875 -3.541015625 8.97265625 -4.263671875 2.078125 0.19921875 2.078125 -3.125 4.958984375 -3.95703125 7.119140625 -2.708984375 9.28125 1 4.958984375 3.525390625 4.958984375 2.6953125 1.37890625 -3.58203125 1.3515625 0.626953125 -0.32421875 -0.33203125 8.560546875 0.615234375</float_array>
                    <technique_common>
                        <accessor count="40" source="#uvarrayMesh17_2" stride="2">
                            <param name="S" type="float"/>
                            <param name="T" type="float"/>
                        </accessor>
                    </technique_common>
                </source>
                <source id="colorsMesh17_2">
                    <float_array id="colorarrayMesh17_2" count="160">0.2 0.2 0.2 1 0.2 0.2 0.2 1 0.2 0.2 0.2 1 0.2 0.2 0.2 1 0.2 0.2 0.2 1 0.2 0.2 0.2 1 0.2 0.2 0.2 1 0.2 0.2 0.2 1 0.2 0.2 0.2 1 0.2 0.2 0.2 1 0.2 0.2 0.2 1 0.2 0.2 0.2 1 0.2 0.2 0.2 1 0.2 0.2 0.2 1 0.2 0.2 0.2 1 0.2 0.2 0.2 1 0.2 0.2 0.2 1 0.2 0.2 0.2 1 0.2 0.2 0.2 1 0.2 0.2 0.2 1 0.2 0.2 0.2 1 0.2 0.2 0.2 1 0.2 0.2 0.2 1 0.2 0.2 0.2 1 0.2 0.2 0.2 1 0.2 0.2 0.2 1 0.2 0.2 0.2 1 0.2 0.2 0.2 1 0.2 0.2 0.2 1 0.2 0.2 0.2 1 0.2 0.2 0.2 1 0.2 0.2 0.2 1 0.2 0.2 0.2 1 0.2 0.2 0.2 1 0.2 0.2 0.2 1 0.2 0.2 0.2 1 0.2 0.2 0.2 1 0.2 0.2 0.2 1 0.2 0.2 0.2 1 0.2 0.2 0.2 1</float_array>
                    <technique_common>
                        <accessor count="40" source="#colorarrayMesh17_2" stride="4">
                            <param name="R" type="float"/>
                            <param name="G" type="float"/>
                            <param name="B" type="float"/>
                            <param name="A" type="float"/>
                        </accessor>
                    </technique_common>
                </source>
                <vertices id="verticesMesh17_2">
                    <input semantic="POSITION" source="#pointsMesh17_2"/>
                </vertices>
                <polylist count="29" material="Material1">
                    <input offset="0" semantic="VERTEX" source="#verticesMesh17_2"/>
                    <input offset="1" semantic="TEXCOORD" source="#uvsMesh17_2" set="0"/>
                    <input offset="2" semantic="COLOR" source="#colorsMesh17_2" set="0"/>
                    <vcount>3 3 3 3 3 3 3 3 3 3 3 3 3 3 3 3 3 3 3 3 3 3 3 3 3 3 3 3 3</vcount>
                    <p>0 0 0 1 1 1 2 2 2 2 2 2 3 3 3 0 0 0 0 0 0 3 3 3 4 4 4 5 5 5 6 6 6 3 3 3 3 3 3 6 6 6 4 4 4 7 7 7 8 8 8 9 9 9 10 10 10 11 11 11 12 12 12 10 10 10 13 13 13 11 11 11 14 14 14 15 15 15 16 16 16 13 13 13 10 10 10 17 17 17 18 18 18 13 13 13 17 17 17 19 19 19 12 12 12 11 11 11 20 20 20 19 19 19 11 11 11 20 20 20 17 17 17 19 19 19 20 20 20 18 18 18 17 17 17 15 15 15 21 21 21 22 22 22 16 16 16 15 15 15 22 22 22 23 23 23 24 24 24 25 25 25 21 21 21 26 26 26 27 27 27 27 27 27 26 26 26 14 14 14 28 28 28 27 27 27 14 14 14 28 28 28 14 14 14 16 16 16 23 23 23 29 29 29 30 30 30 23 23 23 31 31 31 32 32 32 23 23 23 30 30 30 31 31 31 23 23 23 32 32 32 24 24 24 33 33 33 34 34 34 35 35 35 36 36 36 37 37 37 38 38 38 39 39 39 33 33 33 35 35 35</p>
                </polylist>
            </mesh>
        </geometry>
        <geometry id="meshMesh18_1">
            <mesh>
                <source id="pointsMesh18_1">
                    <float_array id="pointarrayMesh18_1" count="393">6131 1885 -2767 3037 1669 -904 3060 1741 -780 3072 2513 -7167 3072 2462 -7295 -353 2606 -5359 -181 2658 -5302 3072 2462 -7551 3072 2513 -7679 -697 2606 -5472 -353 2606 -5359 3072 2462 -7295 -869 2657 -5528 167 2709 -3757 -697 2606 -5472 -869 2657 -5528 2079 1368 -1535 3060 1741 -780 3037 1669 -904 2874 1576 -1794 -353 2606 -5359 533 2755 -3942 -181 2658 -5302 419 2706 -3884 517 2750 -3086 169 2775 -3471 400 2802 -3014 54 2762 -3700 751 2750 -3230 868 2801 -3302 652 2772 -3715 537 2721 -3657 286 2723 -3530 4956 3038 -3519 4846 3089 -3583 3072 2894 -2431 4402 4294 -3839 4513 4190 -3775 4402 4294 -5375 4735 4190 -3647 4846 4242 -5631 4846 4242 -3583 2079 1368 -1535 400 1024 -3014 -1016 1024 -2299 2488 1369 -2138 3072 2894 -2175 3072 2945 -2559 3072 2945 -2047 5178 3038 -3391 5289 3089 -3327 4956 3182 -5695 4846 3233 -5631 4956 3038 -3519 5178 3182 -5823 5178 3038 -3391 5289 3233 -5887 3072 3666 -7167 3072 3614 -7039 4846 3089 -3583 5289 3089 -3327 5289 3233 -5887 5178 3182 -5823 4956 3182 -5695 3072 3614 -6783 1188 3902 -3519 1298 3954 -3583 1188 3758 -5695 3072 3666 -6655 4846 3233 -5631 3072 3614 -7039 3072 3666 -7167 966 3758 -5823 1188 3758 -5695 3072 3614 -6783 851 3818 -5894 1298 3810 -5631 3072 3666 -6655 3072 4046 -2687 3072 4046 -2943 966 3902 -3391 966 3902 -3391 966 3758 -5823 1298 3810 -5631 851 3818 -5894 868 3954 -3302 1298 3954 -3583 1188 3902 -3519 3072 4097 -3071 6131 2029 -6447 6265 2080 -6527 3072 2462 -7551 868 3954 -3302 3072 4097 -2559 4513 4190 -3775 4402 4293 -3839 3072 4046 -2943 3072 4046 -2687 4735 4190 -3647 3072 4097 -3071 3072 4097 -2559 4846 4242 -3583 5400 1885 -3263 5400 2029 -5951 5289 2080 -5887 3072 2513 -7679 5400 2029 -5951 3072 2462 -7295 3072 2513 -7167 5289 2080 -5887 6265 2080 -6527 6131 2029 -6447 6252 1936 -2700 6131 1885 -2767 5289 1936 -3327 5400 1885 -3263 5289 1936 -3327 2851 1613 -1919 2874 1576 -1794 6252 1936 -2700 2079 1368 -1535 2488 1369 -2138 400 1024 -3014 2560 2912 -2736 868 2801 -3302 751 2750 -3230 2560 2862 -2613 517 2750 -3086 2560 2864 -2367 400 2802 -3014 2560 2917 -2244</float_array>
                    <technique_common>
                        <accessor count="131" source="#pointarrayMesh18_1" stride="3">
                            <param name="X" type="float"/>
                            <param name="Y" type="float"/>
                            <param name="Z" type="float"/>
                        </accessor>
                    </technique_common>
                </source>
                <source id="uvsMesh18_1">
                    <float_array id="uvarrayMesh18_1" count="262">0.72265625 6.880859375 0.71875 -0.171875 0.966796875 -0.25 0 0.033203125 0.18359375 -0.091796875 0.228515625 7.58203125 0 7.349609375 0.751953125 0.150390625 0.966796875 0.033203125 0.712890625 8.546875 0.19921875 8.0625 0.314453125 0.388671875 0.966796875 8.791015625 0.732421875 3.021484375 0.705078125 -0.724609375 0.958984375 -0.970703125 0.966796875 0.046875 0.966796875 1.529296875 0.87109375 1.404296875 0.173828125 0.634765625 0.2109375 -0.220703125 -0.044921875 3.03515625 0 0.033203125 0.19921875 3.02734375 0.724609375 3.205078125 0.9921875 2.232421875 0.994140625 3.23046875 0.998046875 3.025390625 0.189453125 3.16015625 -0.072265625 3.14453125 -0.05859375 2.232421875 0.19921875 2.228515625 0.724609375 2.2265625 0.2265625 5.171875 0 5.0234375 0.2265625 0.1171875 0 0.033203125 0.22265625 -0.111328125 0 3.556640625 0.73046875 -0.404296875 0.986328125 4.142578125 0.986328125 -0.552734375 0.966796875 2.66015625 -0.046875 0.701171875 0.966796875 -0.46484375 -0.013671875 -0.005859375 0.740234375 -0.177734375 0 0.265625 0.99609375 -0.326171875 0.740234375 5.46875 0.998046875 5.6171875 0.1953125 5.533203125 -0.060546875 5.384765625 0.1953125 0.478515625 0.708984375 5.830078125 0.708984375 0.181640625 0.966796875 0.033203125 0.966796875 6.01171875 0.708984375 5.86328125 -0.05859375 0.626953125 0.966796875 0.033203125 0.966796875 5.978515625 0.7109375 0.181640625 0.19921875 0.4765625 0.193359375 5.568359375 0.2265625 4.939453125 0 4.791015625 0.2265625 -0.11328125 -0.0625 5.421875 -0.0546875 0.623046875 0.740234375 -0.41015625 0.99609375 -0.55859375 0.740234375 5.236328125 0.2265625 4.939453125 0.2265625 -0.11328125 0.998046875 5.384765625 0 4.791015625 0 0.033203125 0.685546875 5.384765625 0.125 5.19140625 0.7421875 0.2265625 0.740234375 5.236328125 0.740234375 -0.41015625 0 0.033203125 0.99609375 -0.55859375 0.998046875 5.384765625 0.068359375 0.810546875 0.29296875 0.615234375 -0.154296875 5.09375 0.7109375 -0.814453125 0.966796875 -0.962890625 0.708984375 6.046875 0.966796875 0.033203125 0.966796875 5.482421875 0.2265625 4.173828125 0 4.025390625 0.2265625 0.306640625 0.740234375 0.01171875 0.740234375 4.470703125 0 0.453125 0.998046875 -0.13671875 0.998046875 4.619140625 0.216796875 -0.107421875 0.216796875 5.912109375 0 5.76953125 0.966796875 6.1953125 0.19921875 -0.51953125 0.193359375 5.751953125 -0.0625 5.603515625 -0.056640625 -0.37109375 0.962890625 6.341796875 0.712890625 6.19921875 0.962890625 -0.5390625 0.712890625 -0.39453125 0 0.033203125 0.80859375 -0.078125 0.966796875 0.033203125 0.96875 5.556640625 0.80859375 5.6484375 0.966796875 7.01953125 1.00390625 2.58984375 0.03125 2.84375 0 0.033203125 -0.056640625 4.158203125 0.017578125 0.201171875 0.25 0.005859375 0.193359375 4.244140625 0.724609375 -0.375 0.705078125 4.427734375 0.966796875 -0.560546875 0.966796875 4.5234375</float_array>
                    <technique_common>
                        <accessor count="131" source="#uvarrayMesh18_1" stride="2">
                            <param name="S" type="float"/>
                            <param name="T" type="float"/>
                        </accessor>
                    </technique_common>
                </source>
                <vertices id="verticesMesh18_1">
                    <input semantic="POSITION" source="#pointsMesh18_1"/>
                </vertices>
                <polylist count="87" material="Material1">
                    <input offset="0" semantic="VERTEX" source="#verticesMesh18_1"/>
                    <input offset="1" semantic="TEXCOORD" source="#uvsMesh18_1" set="0"/>
                    <vcount>3 3 3 3 3 3 3 3 3 3 3 3 3 3 3 3 3 3 3 3 3 3 3 3 3 3 3 3 3 3 3 3 3 3 3 3 3 3 3 3 3 3 3 3 3 3 3 3 3 3 3 3 3 3 3 3 3 3 3 3 3 3 3 3 3 3 3 3 3 3 3 3 3 3 3 3 3 3 3 3 3 3 3 3 3 3 3</vcount>
                    <p>0 0 1 1 2 2 3 3 4 4 5 5 6 6 3 3 5 5 7 7 8 8 9 9 7 7 9 9 10 10 11 11 7 7 10 10 8 8 12 12 9 9 13 13 14 14 15 15 16 16 17 17 18 18 16 16 18 18 19 19 20 20 21 21 22 22 20 20 23 23 21 21 23 23 20 20 14 14 23 23 14 14 13 13 24 24 25 25 26 26 13 13 15 15 27 27 28 28 29 29 30 30 31 31 28 28 30 30 28 28 31 31 32 32 28 28 32 32 24 24 24 24 32 32 25 25 33 33 34 34 35 35 36 36 37 37 38 38 38 38 39 39 40 40 38 38 37 37 39 39 41 41 40 40 39 39 42 42 43 43 44 44 16 16 19 19 45 45 33 33 35 35 46 46 34 34 47 47 35 35 48 48 49 49 46 46 49 49 33 33 46 46 48 48 50 50 49 49 51 51 52 52 53 53 54 54 51 51 55 55 51 51 53 53 55 55 56 56 57 57 58 58 52 52 59 59 53 53 60 60 54 54 55 55 60 60 61 61 54 54 62 62 56 56 58 58 63 63 62 62 64 64 62 62 58 58 64 64 65 65 66 66 67 67 63 63 64 64 68 68 69 69 63 63 68 68 70 70 71 71 72 72 70 70 72 72 73 73 74 74 70 70 73 73 71 71 75 75 72 72 76 76 74 74 73 73 76 76 77 77 74 74 78 78 79 79 80 80 81 81 65 65 82 82 66 66 83 83 67 67 65 65 67 67 82 82 81 81 82 82 84 84 85 85 81 81 84 84 79 79 86 86 87 87 79 79 88 88 86 86 79 79 87 87 80 80 89 89 90 90 91 91 92 92 78 78 80 80 92 92 93 93 78 78 94 94 95 95 96 96 94 94 96 96 97 97 98 98 94 94 97 97 95 95 99 99 96 96 100 100 98 98 97 97 100 100 101 101 98 98 102 102 103 103 104 104 90 90 105 105 91 91 106 106 107 107 108 108 109 109 106 106 108 108 110 110 111 111 112 112 111 111 113 113 112 112 114 114 102 102 104 104 115 115 116 116 117 117 115 115 117 117 118 118 0 0 2 2 119 119 120 120 121 121 122 122 123 123 124 124 125 125 123 123 125 125 126 126 126 126 125 125 127 127 126 126 127 127 128 128 129 129 130 130 128 128 129 129 128 128 127 127</p>
                </polylist>
            </mesh>
        </geometry>
        <geometry id="meshMesh18_2">
            <mesh>
                <source id="pointsMesh18_2">
                    <float_array id="pointarrayMesh18_2" count="393">6131 1885 -2767 3037 1669 -904 3060 1741 -780 3072 2513 -7167 3072 2462 -7295 -353 2606 -5359 -181 2658 -5302 3072 2462 -7551 3072 2513 -7679 -697 2606 -5472 -353 2606 -5359 3072 2462 -7295 -869 2657 -5528 167 2709 -3757 -697 2606 -5472 -869 2657 -5528 2079 1368 -1535 3060 1741 -780 3037 1669 -904 2874 1576 -1794 -353 2606 -5359 533 2755 -3942 -181 2658 -5302 419 2706 -3884 517 2750 -3086 169 2775 -3471 400 2802 -3014 54 2762 -3700 751 2750 -3230 868 2801 -3302 652 2772 -3715 537 2721 -3657 286 2723 -3530 4956 3038 -3519 4846 3089 -3583 3072 2894 -2431 4402 4294 -3839 4513 4190 -3775 4402 4294 -5375 4735 4190 -3647 4846 4242 -5631 4846 4242 -3583 2079 1368 -1535 400 1024 -3014 -1016 1024 -2299 2488 1369 -2138 3072 2894 -2175 3072 2945 -2559 3072 2945 -2047 5178 3038 -3391 5289 3089 -3327 4956 3182 -5695 4846 3233 -5631 4956 3038 -3519 5178 3182 -5823 5178 3038 -3391 5289 3233 -5887 3072 3666 -7167 3072 3614 -7039 4846 3089 -3583 5289 3089 -3327 5289 3233 -5887 5178 3182 -5823 4956 3182 -5695 3072 3614 -6783 1188 3902 -3519 1298 3954 -3583 1188 3758 -5695 3072 3666 -6655 4846 3233 -5631 3072 3614 -7039 3072 3666 -7167 966 3758 -5823 1188 3758 -5695 3072 3614 -6783 851 3818 -5894 1298 3810 -5631 3072 3666 -6655 3072 4046 -2687 3072 4046 -2943 966 3902 -3391 966 3902 -3391 966 3758 -5823 1298 3810 -5631 851 3818 -5894 868 3954 -3302 1298 3954 -3583 1188 3902 -3519 3072 4097 -3071 6131 2029 -6447 6265 2080 -6527 3072 2462 -7551 868 3954 -3302 3072 4097 -2559 4513 4190 -3775 4402 4293 -3839 3072 4046 -2943 3072 4046 -2687 4735 4190 -3647 3072 4097 -3071 3072 4097 -2559 4846 4242 -3583 5400 1885 -3263 5400 2029 -5951 5289 2080 -5887 3072 2513 -7679 5400 2029 -5951 3072 2462 -7295 3072 2513 -7167 5289 2080 -5887 6265 2080 -6527 6131 2029 -6447 6252 1936 -2700 6131 1885 -2767 5289 1936 -3327 5400 1885 -3263 5289 1936 -3327 2851 1613 -1919 2874 1576 -1794 6252 1936 -2700 2079 1368 -1535 2488 1369 -2138 400 1024 -3014 2560 2912 -2736 868 2801 -3302 751 2750 -3230 2560 2862 -2613 517 2750 -3086 2560 2864 -2367 400 2802 -3014 2560 2917 -2244</float_array>
                    <technique_common>
                        <accessor count="131" source="#pointarrayMesh18_2" stride="3">
                            <param name="X" type="float"/>
                            <param name="Y" type="float"/>
                            <param name="Z" type="float"/>
                        </accessor>
                    </technique_common>
                </source>
                <source id="uvsMesh18_2">
                    <float_array id="uvarrayMesh18_2" count="262">0.72265625 6.880859375 0.71875 -0.171875 0.966796875 -0.25 0 0.033203125 0.18359375 -0.091796875 0.228515625 7.58203125 0 7.349609375 0.751953125 0.150390625 0.966796875 0.033203125 0.712890625 8.546875 0.19921875 8.0625 0.314453125 0.388671875 0.966796875 8.791015625 0.732421875 3.021484375 0.705078125 -0.724609375 0.958984375 -0.970703125 0.966796875 0.046875 0.966796875 1.529296875 0.87109375 1.404296875 0.173828125 0.634765625 0.2109375 -0.220703125 -0.044921875 3.03515625 0 0.033203125 0.19921875 3.02734375 0.724609375 3.205078125 0.9921875 2.232421875 0.994140625 3.23046875 0.998046875 3.025390625 0.189453125 3.16015625 -0.072265625 3.14453125 -0.05859375 2.232421875 0.19921875 2.228515625 0.724609375 2.2265625 0.2265625 5.171875 0 5.0234375 0.2265625 0.1171875 0 0.033203125 0.22265625 -0.111328125 0 3.556640625 0.73046875 -0.404296875 0.986328125 4.142578125 0.986328125 -0.552734375 0.966796875 2.66015625 -0.046875 0.701171875 0.966796875 -0.46484375 -0.013671875 -0.005859375 0.740234375 -0.177734375 0 0.265625 0.99609375 -0.326171875 0.740234375 5.46875 0.998046875 5.6171875 0.1953125 5.533203125 -0.060546875 5.384765625 0.1953125 0.478515625 0.708984375 5.830078125 0.708984375 0.181640625 0.966796875 0.033203125 0.966796875 6.01171875 0.708984375 5.86328125 -0.05859375 0.626953125 0.966796875 0.033203125 0.966796875 5.978515625 0.7109375 0.181640625 0.19921875 0.4765625 0.193359375 5.568359375 0.2265625 4.939453125 0 4.791015625 0.2265625 -0.11328125 -0.0625 5.421875 -0.0546875 0.623046875 0.740234375 -0.41015625 0.99609375 -0.55859375 0.740234375 5.236328125 0.2265625 4.939453125 0.2265625 -0.11328125 0.998046875 5.384765625 0 4.791015625 0 0.033203125 0.685546875 5.384765625 0.125 5.19140625 0.7421875 0.2265625 0.740234375 5.236328125 0.740234375 -0.41015625 0 0.033203125 0.99609375 -0.55859375 0.998046875 5.384765625 0.068359375 0.810546875 0.29296875 0.615234375 -0.154296875 5.09375 0.7109375 -0.814453125 0.966796875 -0.962890625 0.708984375 6.046875 0.966796875 0.033203125 0.966796875 5.482421875 0.2265625 4.173828125 0 4.025390625 0.2265625 0.306640625 0.740234375 0.01171875 0.740234375 4.470703125 0 0.453125 0.998046875 -0.13671875 0.998046875 4.619140625 0.216796875 -0.107421875 0.216796875 5.912109375 0 5.76953125 0.966796875 6.1953125 0.19921875 -0.51953125 0.193359375 5.751953125 -0.0625 5.603515625 -0.056640625 -0.37109375 0.962890625 6.341796875 0.712890625 6.19921875 0.962890625 -0.5390625 0.712890625 -0.39453125 0 0.033203125 0.80859375 -0.078125 0.966796875 0.033203125 0.96875 5.556640625 0.80859375 5.6484375 0.966796875 7.01953125 1.00390625 2.58984375 0.03125 2.84375 0 0.033203125 -0.056640625 4.158203125 0.017578125 0.201171875 0.25 0.005859375 0.193359375 4.244140625 0.724609375 -0.375 0.705078125 4.427734375 0.966796875 -0.560546875 0.966796875 4.5234375</float_array>
                    <technique_common>
                        <accessor count="131" source="#uvarrayMesh18_2" stride="2">
                            <param name="S" type="float"/>
                            <param name="T" type="float"/>
                        </accessor>
                    </technique_common>
                </source>
                <source id="colorsMesh18_2">
                    <float_array id="colorarrayMesh18_2" count="524">0.2 0.2 0.2 1 0.2 0.2 0.2 1 0.2 0.2 0.2 1 0.2 0.2 0.2 1 0.2 0.2 0.2 1 0.2 0.2 0.2 1 0.2 0.2 0.2 1 0.2 0.2 0.2 1 0.2 0.2 0.2 1 0.2 0.2 0.2 1 0.2 0.2 0.2 1 0.2 0.2 0.2 1 0.2 0.2 0.2 1 0.2 0.2 0.2 1 0.2 0.2 0.2 1 0.2 0.2 0.2 1 0.2 0.2 0.2 1 0.2 0.2 0.2 1 0.2 0.2 0.2 1 0.2 0.2 0.2 1 0.2 0.2 0.2 1 0.2 0.2 0.2 1 0.2 0.2 0.2 1 0.2 0.2 0.2 1 0.2 0.2 0.2 1 0.2 0.2 0.2 1 0.2 0.2 0.2 1 0.2 0.2 0.2 1 0.2 0.2 0.2 1 0.2 0.2 0.2 1 0.2 0.2 0.2 1 0.2 0.2 0.2 1 0.2 0.2 0.2 1 0.2 0.2 0.2 1 0.2 0.2 0.2 1 0.2 0.2 0.2 1 0.2 0.2 0.2 1 0.2 0.2 0.2 1 0.2 0.2 0.2 1 0.2 0.2 0.2 1 0.2 0.2 0.2 1 0.2 0.2 0.2 1 0.2 0.2 0.2 1 0.2 0.2 0.2 1 0.2 0.2 0.2 1 0.2 0.2 0.2 1 0.2 0.2 0.2 1 0.2 0.2 0.2 1 0.2 0.2 0.2 1 0.2 0.2 0.2 1 0.2 0.2 0.2 1 0.2 0.2 0.2 1 0.2 0.2 0.2 1 0.2 0.2 0.2 1 0.2 0.2 0.2 1 0.2 0.2 0.2 1 0.2 0.2 0.2 1 0.2 0.2 0.2 1 0.2 0.2 0.2 1 0.2 0.2 0.2 1 0.2 0.2 0.2 1 0.2 0.2 0.2 1 0.2 0.2 0.2 1 0.2 0.2 0.2 1 0.2 0.2 0.2 1 0.2 0.2 0.2 1 0.2 0.2 0.2 1 0.2 0.2 0.2 1 0.2 0.2 0.2 1 0.2 0.2 0.2 1 0.2 0.2 0.2 1 0.2 0.2 0.2 1 0.2 0.2 0.2 1 0.2 0.2 0.2 1 0.2 0.2 0.2 1 0.2 0.2 0.2 1 0.2 0.2 0.2 1 0.2 0.2 0.2 1 0.2 0.2 0.2 1 0.2 0.2 0.2 1 0.2 0.2 0.2 1 0.2 0.2 0.2 1 0.2 0.2 0.2 1 0.2 0.2 0.2 1 0.2 0.2 0.2 1 0.2 0.2 0.2 1 0.2 0.2 0.2 1 0.2 0.2 0.2 1 0.2 0.2 0.2 1 0.2 0.2 0.2 1 0.2 0.2 0.2 1 0.2 0.2 0.2 1 0.2 0.2 0.2 1 0.2 0.2 0.2 1 0.2 0.2 0.2 1 0.2 0.2 0.2 1 0.2 0.2 0.2 1 0.2 0.2 0.2 1 0.2 0.2 0.2 1 0.2 0.2 0.2 1 0.2 0.2 0.2 1 0.2 0.2 0.2 1 0.2 0.2 0.2 1 0.2 0.2 0.2 1 0.2 0.2 0.2 1 0.2 0.2 0.2 1 0.2 0.2 0.2 1 0.2 0.2 0.2 1 0.2 0.2 0.2 1 0.2 0.2 0.2 1 0.2 0.2 0.2 1 0.2 0.2 0.2 1 0.2 0.2 0.2 1 0.2 0.2 0.2 1 0.2 0.2 0.2 1 0.2 0.2 0.2 1 0.2 0.2 0.2 1 0.2 0.2 0.2 1 0.2 0.2 0.2 1 0.2 0.2 0.2 1 0.2 0.2 0.2 1 0.2 0.2 0.2 1 0.2 0.2 0.2 1 0.2 0.2 0.2 1 0.2 0.2 0.2 1 0.2 0.2 0.2 1 0.2 0.2 0.2 1 0.2 0.2 0.2 1 0.2 0.2 0.2 1 0.2 0.2 0.2 1 0.2 0.2 0.2 1</float_array>
                    <technique_common>
                        <accessor count="131" source="#colorarrayMesh18_2" stride="4">
                            <param name="R" type="float"/>
                            <param name="G" type="float"/>
                            <param name="B" type="float"/>
                            <param name="A" type="float"/>
                        </accessor>
                    </technique_common>
                </source>
                <vertices id="verticesMesh18_2">
                    <input semantic="POSITION" source="#pointsMesh18_2"/>
                </vertices>
                <polylist count="87" material="Material1">
                    <input offset="0" semantic="VERTEX" source="#verticesMesh18_2"/>
                    <input offset="1" semantic="TEXCOORD" source="#uvsMesh18_2" set="0"/>
                    <input offset="2" semantic="COLOR" source="#colorsMesh18_2" set="0"/>
                    <vcount>3 3 3 3 3 3 3 3 3 3 3 3 3 3 3 3 3 3 3 3 3 3 3 3 3 3 3 3 3 3 3 3 3 3 3 3 3 3 3 3 3 3 3 3 3 3 3 3 3 3 3 3 3 3 3 3 3 3 3 3 3 3 3 3 3 3 3 3 3 3 3 3 3 3 3 3 3 3 3 3 3 3 3 3 3 3 3</vcount>
                    <p>0 0 0 1 1 1 2 2 2 3 3 3 4 4 4 5 5 5 6 6 6 3 3 3 5 5 5 7 7 7 8 8 8 9 9 9 7 7 7 9 9 9 10 10 10 11 11 11 7 7 7 10 10 10 8 8 8 12 12 12 9 9 9 13 13 13 14 14 14 15 15 15 16 16 16 17 17 17 18 18 18 16 16 16 18 18 18 19 19 19 20 20 20 21 21 21 22 22 22 20 20 20 23 23 23 21 21 21 23 23 23 20 20 20 14 14 14 23 23 23 14 14 14 13 13 13 24 24 24 25 25 25 26 26 26 13 13 13 15 15 15 27 27 27 28 28 28 29 29 29 30 30 30 31 31 31 28 28 28 30 30 30 28 28 28 31 31 31 32 32 32 28 28 28 32 32 32 24 24 24 24 24 24 32 32 32 25 25 25 33 33 33 34 34 34 35 35 35 36 36 36 37 37 37 38 38 38 38 38 38 39 39 39 40 40 40 38 38 38 37 37 37 39 39 39 41 41 41 40 40 40 39 39 39 42 42 42 43 43 43 44 44 44 16 16 16 19 19 19 45 45 45 33 33 33 35 35 35 46 46 46 34 34 34 47 47 47 35 35 35 48 48 48 49 49 49 46 46 46 49 49 49 33 33 33 46 46 46 48 48 48 50 50 50 49 49 49 51 51 51 52 52 52 53 53 53 54 54 54 51 51 51 55 55 55 51 51 51 53 53 53 55 55 55 56 56 56 57 57 57 58 58 58 52 52 52 59 59 59 53 53 53 60 60 60 54 54 54 55 55 55 60 60 60 61 61 61 54 54 54 62 62 62 56 56 56 58 58 58 63 63 63 62 62 62 64 64 64 62 62 62 58 58 58 64 64 64 65 65 65 66 66 66 67 67 67 63 63 63 64 64 64 68 68 68 69 69 69 63 63 63 68 68 68 70 70 70 71 71 71 72 72 72 70 70 70 72 72 72 73 73 73 74 74 74 70 70 70 73 73 73 71 71 71 75 75 75 72 72 72 76 76 76 74 74 74 73 73 73 76 76 76 77 77 77 74 74 74 78 78 78 79 79 79 80 80 80 81 81 81 65 65 65 82 82 82 66 66 66 83 83 83 67 67 67 65 65 65 67 67 67 82 82 82 81 81 81 82 82 82 84 84 84 85 85 85 81 81 81 84 84 84 79 79 79 86 86 86 87 87 87 79 79 79 88 88 88 86 86 86 79 79 79 87 87 87 80 80 80 89 89 89 90 90 90 91 91 91 92 92 92 78 78 78 80 80 80 92 92 92 93 93 93 78 78 78 94 94 94 95 95 95 96 96 96 94 94 94 96 96 96 97 97 97 98 98 98 94 94 94 97 97 97 95 95 95 99 99 99 96 96 96 100 100 100 98 98 98 97 97 97 100 100 100 101 101 101 98 98 98 102 102 102 103 103 103 104 104 104 90 90 90 105 105 105 91 91 91 106 106 106 107 107 107 108 108 108 109 109 109 106 106 106 108 108 108 110 110 110 111 111 111 112 112 112 111 111 111 113 113 113 112 112 112 114 114 114 102 102 102 104 104 104 115 115 115 116 116 116 117 117 117 115 115 115 117 117 117 118 118 118 0 0 0 2 2 2 119 119 119 120 120 120 121 121 121 122 122 122 123 123 123 124 124 124 125 125 125 123 123 123 125 125 125 126 126 126 126 126 126 125 125 125 127 127 127 126 126 126 127 127 127 128 128 128 129 129 129 130 130 130 128 128 128 129 129 129 128 128 128 127 127 127</p>
                </polylist>
            </mesh>
        </geometry>
        <geometry id="meshMesh19_1">
            <mesh>
                <source id="pointsMesh19_1">
                    <float_array id="pointarrayMesh19_1" count="24">1782 666 4659 1782 768 4557 1782 666 4557 1782 768 4659 1782 179 4557 1782 282 4659 1782 282 4557 1782 179 4659</float_array>
                    <technique_common>
                        <accessor count="8" source="#pointarrayMesh19_1" stride="3">
                            <param name="X" type="float"/>
                            <param name="Y" type="float"/>
                            <param name="Z" type="float"/>
                        </accessor>
                    </technique_common>
                </source>
                <source id="uvsMesh19_1">
                    <float_array id="uvarrayMesh19_1" count="16">0.966796875 0.033203125 0 1 0 0.033203125 0.966796875 1 0 -8.947265625 0.966796875 -7.94921875 0 -7.94921875 0.966796875 -8.947265625</float_array>
                    <technique_common>
                        <accessor count="8" source="#uvarrayMesh19_1" stride="2">
                            <param name="S" type="float"/>
                            <param name="T" type="float"/>
                        </accessor>
                    </technique_common>
                </source>
                <vertices id="verticesMesh19_1">
                    <input semantic="POSITION" source="#pointsMesh19_1"/>
                </vertices>
                <polylist count="4" material="Material1">
                    <input offset="0" semantic="VERTEX" source="#verticesMesh19_1"/>
                    <input offset="1" semantic="TEXCOORD" source="#uvsMesh19_1" set="0"/>
                    <vcount>3 3 3 3</vcount>
                    <p>0 0 1 1 2 2 0 0 3 3 1 1 4 4 5 5 6 6 4 4 7 7 5 5</p>
                </polylist>
            </mesh>
        </geometry>
        <geometry id="meshMesh19_2">
            <mesh>
                <source id="pointsMesh19_2">
                    <float_array id="pointarrayMesh19_2" count="24">1782 666 4659 1782 768 4557 1782 666 4557 1782 768 4659 1782 179 4557 1782 282 4659 1782 282 4557 1782 179 4659</float_array>
                    <technique_common>
                        <accessor count="8" source="#pointarrayMesh19_2" stride="3">
                            <param name="X" type="float"/>
                            <param name="Y" type="float"/>
                            <param name="Z" type="float"/>
                        </accessor>
                    </technique_common>
                </source>
                <source id="uvsMesh19_2">
                    <float_array id="uvarrayMesh19_2" count="16">0.966796875 0.033203125 0 1 0 0.033203125 0.966796875 1 0 -8.947265625 0.966796875 -7.94921875 0 -7.94921875 0.966796875 -8.947265625</float_array>
                    <technique_common>
                        <accessor count="8" source="#uvarrayMesh19_2" stride="2">
                            <param name="S" type="float"/>
                            <param name="T" type="float"/>
                        </accessor>
                    </technique_common>
                </source>
                <source id="colorsMesh19_2">
                    <float_array id="colorarrayMesh19_2" count="32">0.2 0.2 0.2 1 0.2 0.2 0.2 1 0.2 0.2 0.2 1 0.2 0.2 0.2 1 0.2 0.2 0.2 1 0.2 0.2 0.2 1 0.2 0.2 0.2 1 0.2 0.2 0.2 1</float_array>
                    <technique_common>
                        <accessor count="8" source="#colorarrayMesh19_2" stride="4">
                            <param name="R" type="float"/>
                            <param name="G" type="float"/>
                            <param name="B" type="float"/>
                            <param name="A" type="float"/>
                        </accessor>
                    </technique_common>
                </source>
                <vertices id="verticesMesh19_2">
                    <input semantic="POSITION" source="#pointsMesh19_2"/>
                </vertices>
                <polylist count="4" material="Material1">
                    <input offset="0" semantic="VERTEX" source="#verticesMesh19_2"/>
                    <input offset="1" semantic="TEXCOORD" source="#uvsMesh19_2" set="0"/>
                    <input offset="2" semantic="COLOR" source="#colorsMesh19_2" set="0"/>
                    <vcount>3 3 3 3</vcount>
                    <p>0 0 0 1 1 1 2 2 2 0 0 0 3 3 3 1 1 1 4 4 4 5 5 5 6 6 6 4 4 4 7 7 7 5 5 5</p>
                </polylist>
            </mesh>
        </geometry>
        <geometry id="meshMesh20_1">
            <mesh>
                <source id="pointsMesh20_1">
                    <float_array id="pointarrayMesh20_1" count="36">5400 2029 -5951 6131 2029 -6447 3072 2462 -7295 3072 2462 -7551 5400 1885 -3263 6131 1885 -2767 5400 2029 -5951 6131 2029 -6447 6131 1885 -2767 5400 1885 -3263 3037 1669 -904 2874 1576 -1794</float_array>
                    <technique_common>
                        <accessor count="12" source="#pointarrayMesh20_1" stride="3">
                            <param name="X" type="float"/>
                            <param name="Y" type="float"/>
                            <param name="Z" type="float"/>
                        </accessor>
                    </technique_common>
                </source>
                <source id="uvsMesh20_1">
                    <float_array id="uvarrayMesh20_1" count="24">-0.416015625 1.037109375 0.966796875 0.033203125 0.49609375 6.26171875 0.966796875 6.4296875 -0.455078125 1 0.966796875 0.033203125 -0.45703125 6.24609375 0.966796875 7.212890625 -0.5 6.626953125 -1.708984375 5.400390625 2.2265625 0.033203125 1.09765625 0.033203125</float_array>
                    <technique_common>
                        <accessor count="12" source="#uvarrayMesh20_1" stride="2">
                            <param name="S" type="float"/>
                            <param name="T" type="float"/>
                        </accessor>
                    </technique_common>
                </source>
                <vertices id="verticesMesh20_1">
                    <input semantic="POSITION" source="#pointsMesh20_1"/>
                </vertices>
                <polylist count="6" material="Material1">
                    <input offset="0" semantic="VERTEX" source="#verticesMesh20_1"/>
                    <input offset="1" semantic="TEXCOORD" source="#uvsMesh20_1" set="0"/>
                    <vcount>3 3 3 3 3 3</vcount>
                    <p>0 0 1 1 2 2 1 1 3 3 2 2 4 4 5 5 6 6 5 5 7 7 6 6 8 8 9 9 10 10 9 9 11 11 10 10</p>
                </polylist>
            </mesh>
        </geometry>
        <geometry id="meshMesh20_2">
            <mesh>
                <source id="pointsMesh20_2">
                    <float_array id="pointarrayMesh20_2" count="36">5400 2029 -5951 6131 2029 -6447 3072 2462 -7295 3072 2462 -7551 5400 1885 -3263 6131 1885 -2767 5400 2029 -5951 6131 2029 -6447 6131 1885 -2767 5400 1885 -3263 3037 1669 -904 2874 1576 -1794</float_array>
                    <technique_common>
                        <accessor count="12" source="#pointarrayMesh20_2" stride="3">
                            <param name="X" type="float"/>
                            <param name="Y" type="float"/>
                            <param name="Z" type="float"/>
                        </accessor>
                    </technique_common>
                </source>
                <source id="uvsMesh20_2">
                    <float_array id="uvarrayMesh20_2" count="24">-0.416015625 1.037109375 0.966796875 0.033203125 0.49609375 6.26171875 0.966796875 6.4296875 -0.455078125 1 0.966796875 0.033203125 -0.45703125 6.24609375 0.966796875 7.212890625 -0.5 6.626953125 -1.708984375 5.400390625 2.2265625 0.033203125 1.09765625 0.033203125</float_array>
                    <technique_common>
                        <accessor count="12" source="#uvarrayMesh20_2" stride="2">
                            <param name="S" type="float"/>
                            <param name="T" type="float"/>
                        </accessor>
                    </technique_common>
                </source>
                <source id="colorsMesh20_2">
                    <float_array id="colorarrayMesh20_2" count="48">0.2 0.2 0.2 1 0.2 0.2 0.2 1 0.2 0.2 0.2 1 0.2 0.2 0.2 1 0.2 0.2 0.2 1 0.2 0.2 0.2 1 0.2 0.2 0.2 1 0.2 0.2 0.2 1 0.2 0.2 0.2 1 0.2 0.2 0.2 1 0.2 0.2 0.2 1 0.2 0.2 0.2 1</float_array>
                    <technique_common>
                        <accessor count="12" source="#colorarrayMesh20_2" stride="4">
                            <param name="R" type="float"/>
                            <param name="G" type="float"/>
                            <param name="B" type="float"/>
                            <param name="A" type="float"/>
                        </accessor>
                    </technique_common>
                </source>
                <vertices id="verticesMesh20_2">
                    <input semantic="POSITION" source="#pointsMesh20_2"/>
                </vertices>
                <polylist count="6" material="Material1">
                    <input offset="0" semantic="VERTEX" source="#verticesMesh20_2"/>
                    <input offset="1" semantic="TEXCOORD" source="#uvsMesh20_2" set="0"/>
                    <input offset="2" semantic="COLOR" source="#colorsMesh20_2" set="0"/>
                    <vcount>3 3 3 3 3 3</vcount>
                    <p>0 0 0 1 1 1 2 2 2 1 1 1 3 3 3 2 2 2 4 4 4 5 5 5 6 6 6 5 5 5 7 7 7 6 6 6 8 8 8 9 9 9 10 10 10 9 9 9 11 11 11 10 10 10</p>
                </polylist>
            </mesh>
        </geometry>
        <geometry id="meshMesh21_1">
            <mesh>
                <source id="pointsMesh21_1">
                    <float_array id="pointarrayMesh21_1" count="12">1782 282 4659 1782 666 4557 1782 282 4557 1782 666 4659</float_array>
                    <technique_common>
                        <accessor count="4" source="#pointarrayMesh21_1" stride="3">
                            <param name="X" type="float"/>
                            <param name="Y" type="float"/>
                            <param name="Z" type="float"/>
                        </accessor>
                    </technique_common>
                </source>
                <source id="uvsMesh21_1">
                    <float_array id="uvarrayMesh21_1" count="8">0.966796875 0.017578125 0 1 0 0.017578125 0.966796875 1</float_array>
                    <technique_common>
                        <accessor count="4" source="#uvarrayMesh21_1" stride="2">
                            <param name="S" type="float"/>
                            <param name="T" type="float"/>
                        </accessor>
                    </technique_common>
                </source>
                <vertices id="verticesMesh21_1">
                    <input semantic="POSITION" source="#pointsMesh21_1"/>
                </vertices>
                <polylist count="2" material="Material1">
                    <input offset="0" semantic="VERTEX" source="#verticesMesh21_1"/>
                    <input offset="1" semantic="TEXCOORD" source="#uvsMesh21_1" set="0"/>
                    <vcount>3 3</vcount>
                    <p>0 0 1 1 2 2 0 0 3 3 1 1</p>
                </polylist>
            </mesh>
        </geometry>
        <geometry id="meshMesh21_2">
            <mesh>
                <source id="pointsMesh21_2">
                    <float_array id="pointarrayMesh21_2" count="12">1782 282 4659 1782 666 4557 1782 282 4557 1782 666 4659</float_array>
                    <technique_common>
                        <accessor count="4" source="#pointarrayMesh21_2" stride="3">
                            <param name="X" type="float"/>
                            <param name="Y" type="float"/>
                            <param name="Z" type="float"/>
                        </accessor>
                    </technique_common>
                </source>
                <source id="uvsMesh21_2">
                    <float_array id="uvarrayMesh21_2" count="8">0.966796875 0.017578125 0 1 0 0.017578125 0.966796875 1</float_array>
                    <technique_common>
                        <accessor count="4" source="#uvarrayMesh21_2" stride="2">
                            <param name="S" type="float"/>
                            <param name="T" type="float"/>
                        </accessor>
                    </technique_common>
                </source>
                <source id="colorsMesh21_2">
                    <float_array id="colorarrayMesh21_2" count="16">0.2 0.2 0.2 1 0.2 0.2 0.2 1 0.2 0.2 0.2 1 0.2 0.2 0.2 1</float_array>
                    <technique_common>
                        <accessor count="4" source="#colorarrayMesh21_2" stride="4">
                            <param name="R" type="float"/>
                            <param name="G" type="float"/>
                            <param name="B" type="float"/>
                            <param name="A" type="float"/>
                        </accessor>
                    </technique_common>
                </source>
                <vertices id="verticesMesh21_2">
                    <input semantic="POSITION" source="#pointsMesh21_2"/>
                </vertices>
                <polylist count="2" material="Material1">
                    <input offset="0" semantic="VERTEX" source="#verticesMesh21_2"/>
                    <input offset="1" semantic="TEXCOORD" source="#uvsMesh21_2" set="0"/>
                    <input offset="2" semantic="COLOR" source="#colorsMesh21_2" set="0"/>
                    <vcount>3 3</vcount>
                    <p>0 0 0 1 1 1 2 2 2 0 0 0 3 3 3 1 1 1</p>
                </polylist>
            </mesh>
        </geometry>
        <geometry id="meshMesh22_1">
            <mesh>
                <source id="pointsMesh22_1">
                    <float_array id="pointarrayMesh22_1" count="156">1902 3835 -5506 1814 4191 -5455 1902 4088 -5506 1697 4091 -5861 1814 4191 -5455 1609 4194 -5810 1902 4088 -5506 1636 4191 -5353 1431 4194 -5708 1548 4088 -5302 1343 4091 -5657 1343 4091 -5657 1548 4088 -5302 1548 3835 -5302 1343 3835 -5657 1697 3835 -5861 1902 3835 -5506 1902 4088 -5506 1548 4088 -5302 1636 4191 -5353 1548 3835 -5302 1343 3835 -5657 1902 3835 -5506 1697 3835 -5861 1548 3835 -5302 1697 4091 -5861 240 2683 -5544 445 2683 -5189 801 2683 -5393 596 2939 -5748 803 2940 -5394 712 3042 -5342 507 3042 -5697 534 3042 -5240 329 3042 -5595 445 2939 -5189 240 2939 -5544 240 2939 -5544 445 2683 -5189 240 2683 -5544 445 2939 -5189 801 2683 -5393 712 3042 -5342 803 2940 -5394 596 2683 -5748 596 2683 -5748 801 2683 -5393 596 2939 -5748 803 2940 -5394 445 2683 -5189 445 2939 -5189 534 3042 -5240</float_array>
                    <technique_common>
                        <accessor count="52" source="#pointarrayMesh22_1" stride="3">
                            <param name="X" type="float"/>
                            <param name="Y" type="float"/>
                            <param name="Z" type="float"/>
                        </accessor>
                    </technique_common>
                </source>
                <source id="uvsMesh22_1">
                    <float_array id="uvarrayMesh22_1" count="104">0 0.033203125 0.234375 0.95703125 0 0.69140625 0.16796875 1.029296875 0.43359375 -0.03125 0.43359375 1 0.16796875 -0.033203125 0.966796875 -0.03125 0.966796875 1 1.232421875 -0.033203125 1.232421875 1.029296875 0 1 1.56640625 1.021484375 1.56640625 0.033203125 0 0.033203125 0 0.033203125 1.56640625 0.033203125 1.56640625 1.021484375 1.033203125 0.69140625 0.767578125 0.95703125 1.033203125 0.033203125 1.033203125 -0.03125 0 1 0 -0.03125 1.033203125 1 0 1 3.66015625 -1.2109375 3.66015625 -0.146484375 2.595703125 -0.142578125 2.794921875 2.185546875 2.787109375 1.119140625 3.0625 1.123046875 3.0625 2.1875 3.59375 1.125 3.59375 2.189453125 3.861328125 1.123046875 3.861328125 2.189453125 -1.798828125 -3.45703125 -0.201171875 -4.455078125 -1.798828125 -4.455078125 -0.201171875 -3.45703125 2.595703125 -2.958984375 2.86328125 -2.02734375 2.587890625 -2.29296875 2.595703125 -1.208984375 -1.79296875 -4.455078125 -0.1953125 -4.455078125 -1.79296875 -3.45703125 -0.1953125 -3.45703125 3.66015625 -2.958984375 3.66015625 -2.29296875 3.39453125 -2.02734375</float_array>
                    <technique_common>
                        <accessor count="52" source="#uvarrayMesh22_1" stride="2">
                            <param name="S" type="float"/>
                            <param name="T" type="float"/>
                        </accessor>
                    </technique_common>
                </source>
                <vertices id="verticesMesh22_1">
                    <input semantic="POSITION" source="#pointsMesh22_1"/>
                </vertices>
                <polylist count="32" material="Material1">
                    <input offset="0" semantic="VERTEX" source="#verticesMesh22_1"/>
                    <input offset="1" semantic="TEXCOORD" source="#uvsMesh22_1" set="0"/>
                    <vcount>3 3 3 3 3 3 3 3 3 3 3 3 3 3 3 3 3 3 3 3 3 3 3 3 3 3 3 3 3 3 3 3</vcount>
                    <p>0 0 1 1 2 2 3 3 4 4 5 5 3 3 6 6 4 4 5 5 4 4 7 7 5 5 7 7 8 8 8 8 7 7 9 9 8 8 9 9 10 10 11 11 12 12 13 13 11 11 13 13 14 14 15 15 16 16 17 17 0 0 18 18 19 19 0 0 19 19 1 1 0 0 20 20 18 18 21 21 22 22 23 23 21 21 24 24 22 22 15 15 17 17 25 25 26 26 27 27 28 28 29 29 30 30 31 31 29 29 31 31 32 32 32 32 31 31 33 33 32 32 33 33 34 34 34 34 33 33 35 35 34 34 35 35 36 36 37 37 38 38 39 39 37 37 40 40 38 38 41 41 42 42 43 43 26 26 28 28 44 44 45 45 46 46 47 47 46 46 48 48 47 47 41 41 49 49 50 50 41 41 50 50 51 51 41 41 51 51 42 42</p>
                </polylist>
            </mesh>
        </geometry>
        <geometry id="meshMesh22_2">
            <mesh>
                <source id="pointsMesh22_2">
                    <float_array id="pointarrayMesh22_2" count="156">1902 3835 -5506 1814 4191 -5455 1902 4088 -5506 1697 4091 -5861 1814 4191 -5455 1609 4194 -5810 1902 4088 -5506 1636 4191 -5353 1431 4194 -5708 1548 4088 -5302 1343 4091 -5657 1343 4091 -5657 1548 4088 -5302 1548 3835 -5302 1343 3835 -5657 1697 3835 -5861 1902 3835 -5506 1902 4088 -5506 1548 4088 -5302 1636 4191 -5353 1548 3835 -5302 1343 3835 -5657 1902 3835 -5506 1697 3835 -5861 1548 3835 -5302 1697 4091 -5861 240 2683 -5544 445 2683 -5189 801 2683 -5393 596 2939 -5748 803 2940 -5394 712 3042 -5342 507 3042 -5697 534 3042 -5240 329 3042 -5595 445 2939 -5189 240 2939 -5544 240 2939 -5544 445 2683 -5189 240 2683 -5544 445 2939 -5189 801 2683 -5393 712 3042 -5342 803 2940 -5394 596 2683 -5748 596 2683 -5748 801 2683 -5393 596 2939 -5748 803 2940 -5394 445 2683 -5189 445 2939 -5189 534 3042 -5240</float_array>
                    <technique_common>
                        <accessor count="52" source="#pointarrayMesh22_2" stride="3">
                            <param name="X" type="float"/>
                            <param name="Y" type="float"/>
                            <param name="Z" type="float"/>
                        </accessor>
                    </technique_common>
                </source>
                <source id="uvsMesh22_2">
                    <float_array id="uvarrayMesh22_2" count="104">0 0.033203125 0.234375 0.95703125 0 0.69140625 0.16796875 1.029296875 0.43359375 -0.03125 0.43359375 1 0.16796875 -0.033203125 0.966796875 -0.03125 0.966796875 1 1.232421875 -0.033203125 1.232421875 1.029296875 0 1 1.56640625 1.021484375 1.56640625 0.033203125 0 0.033203125 0 0.033203125 1.56640625 0.033203125 1.56640625 1.021484375 1.033203125 0.69140625 0.767578125 0.95703125 1.033203125 0.033203125 1.033203125 -0.03125 0 1 0 -0.03125 1.033203125 1 0 1 3.66015625 -1.2109375 3.66015625 -0.146484375 2.595703125 -0.142578125 2.794921875 2.185546875 2.787109375 1.119140625 3.0625 1.123046875 3.0625 2.1875 3.59375 1.125 3.59375 2.189453125 3.861328125 1.123046875 3.861328125 2.189453125 -1.798828125 -3.45703125 -0.201171875 -4.455078125 -1.798828125 -4.455078125 -0.201171875 -3.45703125 2.595703125 -2.958984375 2.86328125 -2.02734375 2.587890625 -2.29296875 2.595703125 -1.208984375 -1.79296875 -4.455078125 -0.1953125 -4.455078125 -1.79296875 -3.45703125 -0.1953125 -3.45703125 3.66015625 -2.958984375 3.66015625 -2.29296875 3.39453125 -2.02734375</float_array>
                    <technique_common>
                        <accessor count="52" source="#uvarrayMesh22_2" stride="2">
                            <param name="S" type="float"/>
                            <param name="T" type="float"/>
                        </accessor>
                    </technique_common>
                </source>
                <source id="colorsMesh22_2">
                    <float_array id="colorarrayMesh22_2" count="208">0.2 0.2 0.2 1 0.2 0.2 0.2 1 0.2 0.2 0.2 1 0.2 0.2 0.2 1 0.2 0.2 0.2 1 0.2 0.2 0.2 1 0.2 0.2 0.2 1 0.2 0.2 0.2 1 0.2 0.2 0.2 1 0.2 0.2 0.2 1 0.2 0.2 0.2 1 0.2 0.2 0.2 1 0.2 0.2 0.2 1 0.2 0.2 0.2 1 0.2 0.2 0.2 1 0.2 0.2 0.2 1 0.2 0.2 0.2 1 0.2 0.2 0.2 1 0.2 0.2 0.2 1 0.2 0.2 0.2 1 0.2 0.2 0.2 1 0.2 0.2 0.2 1 0.2 0.2 0.2 1 0.2 0.2 0.2 1 0.2 0.2 0.2 1 0.2 0.2 0.2 1 0.2 0.2 0.2 1 0.2 0.2 0.2 1 0.2 0.2 0.2 1 0.2 0.2 0.2 1 0.2 0.2 0.2 1 0.2 0.2 0.2 1 0.2 0.2 0.2 1 0.2 0.2 0.2 1 0.2 0.2 0.2 1 0.2 0.2 0.2 1 0.2 0.2 0.2 1 0.2 0.2 0.2 1 0.2 0.2 0.2 1 0.2 0.2 0.2 1 0.2 0.2 0.2 1 0.2 0.2 0.2 1 0.2 0.2 0.2 1 0.2 0.2 0.2 1 0.2 0.2 0.2 1 0.2 0.2 0.2 1 0.2 0.2 0.2 1 0.2 0.2 0.2 1 0.2 0.2 0.2 1 0.2 0.2 0.2 1 0.2 0.2 0.2 1 0.2 0.2 0.2 1</float_array>
                    <technique_common>
                        <accessor count="52" source="#colorarrayMesh22_2" stride="4">
                            <param name="R" type="float"/>
                            <param name="G" type="float"/>
                            <param name="B" type="float"/>
                            <param name="A" type="float"/>
                        </accessor>
                    </technique_common>
                </source>
                <vertices id="verticesMesh22_2">
                    <input semantic="POSITION" source="#pointsMesh22_2"/>
                </vertices>
                <polylist count="32" material="Material1">
                    <input offset="0" semantic="VERTEX" source="#verticesMesh22_2"/>
                    <input offset="1" semantic="TEXCOORD" source="#uvsMesh22_2" set="0"/>
                    <input offset="2" semantic="COLOR" source="#colorsMesh22_2" set="0"/>
                    <vcount>3 3 3 3 3 3 3 3 3 3 3 3 3 3 3 3 3 3 3 3 3 3 3 3 3 3 3 3 3 3 3 3</vcount>
                    <p>0 0 0 1 1 1 2 2 2 3 3 3 4 4 4 5 5 5 3 3 3 6 6 6 4 4 4 5 5 5 4 4 4 7 7 7 5 5 5 7 7 7 8 8 8 8 8 8 7 7 7 9 9 9 8 8 8 9 9 9 10 10 10 11 11 11 12 12 12 13 13 13 11 11 11 13 13 13 14 14 14 15 15 15 16 16 16 17 17 17 0 0 0 18 18 18 19 19 19 0 0 0 19 19 19 1 1 1 0 0 0 20 20 20 18 18 18 21 21 21 22 22 22 23 23 23 21 21 21 24 24 24 22 22 22 15 15 15 17 17 17 25 25 25 26 26 26 27 27 27 28 28 28 29 29 29 30 30 30 31 31 31 29 29 29 31 31 31 32 32 32 32 32 32 31 31 31 33 33 33 32 32 32 33 33 33 34 34 34 34 34 34 33 33 33 35 35 35 34 34 34 35 35 35 36 36 36 37 37 37 38 38 38 39 39 39 37 37 37 40 40 40 38 38 38 41 41 41 42 42 42 43 43 43 26 26 26 28 28 28 44 44 44 45 45 45 46 46 46 47 47 47 46 46 46 48 48 48 47 47 47 41 41 41 49 49 49 50 50 50 41 41 41 50 50 50 51 51 51 41 41 41 51 51 51 42 42 42</p>
                </polylist>
            </mesh>
        </geometry>
    </library_geometries>
    <library_visual_scenes>
        <visual_scene id="VisualSceneNode">
            <node id="node_Node0" name="Node0_root">
                <node id="node_Node1" name="Node1_master_list">
                    <node id="node_Node2" name="Node2_BG">
                    </node>
                </node>
                <node id="node_Node3" name="Node3_master_list">
                    <node id="node_Node4" name="Node4_perspective">
                        <node id="node_Node5" name="Node5_camera">
                            <node id="node_Node6" name="Node6_display">
                                <node id="node_Node7" name="Node7_display">
                                    <node id="node_Mesh0_1" name="Mesh0_light">
                                        <instance_geometry url="#meshMesh0_1">
                                            <bind_material>
                                                <technique_common>
                                                    <instance_material symbol="Material1" target="#mat0">
                                                        <bind_vertex_input semantic="UVSET0" input_semantic="TEXCOORD" input_set="0"/>
                                                    </instance_material>
                                                </technique_common>
                                            </bind_material>
                                        </instance_geometry>
                                    </node>
                                    <node id="node_Mesh0_2" name="Mesh0_dark">
                                        <instance_geometry url="#meshMesh0_2">
                                            <bind_material>
                                                <technique_common>
                                                    <instance_material symbol="Material1" target="#mat0">
                                                        <bind_vertex_input semantic="UVSET0" input_semantic="TEXCOORD" input_set="0"/>
                                                    </instance_material>
                                                </technique_common>
                                            </bind_material>
                                        </instance_geometry>
                                    </node>
                                    <node id="node_Mesh1_1" name="Mesh1_light">
                                        <instance_geometry url="#meshMesh1_1">
                                            <bind_material>
                                                <technique_common>
                                                    <instance_material symbol="Material1" target="#mat1">
                                                        <bind_vertex_input semantic="UVSET0" input_semantic="TEXCOORD" input_set="0"/>
                                                    </instance_material>
                                                </technique_common>
                                            </bind_material>
                                        </instance_geometry>
                                    </node>
                                    <node id="node_Mesh1_2" name="Mesh1_dark">
                                        <instance_geometry url="#meshMesh1_2">
                                            <bind_material>
                                                <technique_common>
                                                    <instance_material symbol="Material1" target="#mat1">
                                                        <bind_vertex_input semantic="UVSET0" input_semantic="TEXCOORD" input_set="0"/>
                                                    </instance_material>
                                                </technique_common>
                                            </bind_material>
                                        </instance_geometry>
                                    </node>
                                    <node id="node_Mesh2_1" name="Mesh2_light">
                                        <instance_geometry url="#meshMesh2_1">
                                            <bind_material>
                                                <technique_common>
                                                    <instance_material symbol="Material1" target="#mat2">
                                                        <bind_vertex_input semantic="UVSET0" input_semantic="TEXCOORD" input_set="0"/>
                                                    </instance_material>
                                                </technique_common>
                                            </bind_material>
                                        </instance_geometry>
                                    </node>
                                    <node id="node_Mesh2_2" name="Mesh2_dark">
                                        <instance_geometry url="#meshMesh2_2">
                                            <bind_material>
                                                <technique_common>
                                                    <instance_material symbol="Material1" target="#mat2">
                                                        <bind_vertex_input semantic="UVSET0" input_semantic="TEXCOORD" input_set="0"/>
                                                    </instance_material>
                                                </technique_common>
                                            </bind_material>
                                        </instance_geometry>
                                    </node>
                                </node>
                                <node id="node_Node8" name="Node8_display">
                                    <node id="node_Mesh3_1" name="Mesh3_light">
                                        <instance_geometry url="#meshMesh3_1">
                                            <bind_material>
                                                <technique_common>
                                                    <instance_material symbol="Material1" target="#mat3">
                                                        <bind_vertex_input semantic="UVSET0" input_semantic="TEXCOORD" input_set="0"/>
                                                    </instance_material>
                                                </technique_common>
                                            </bind_material>
                                        </instance_geometry>
                                    </node>
                                    <node id="node_Mesh3_2" name="Mesh3_dark">
                                        <instance_geometry url="#meshMesh3_2">
                                            <bind_material>
                                                <technique_common>
                                                    <instance_material symbol="Material1" target="#mat3">
                                                        <bind_vertex_input semantic="UVSET0" input_semantic="TEXCOORD" input_set="0"/>
                                                    </instance_material>
                                                </technique_common>
                                            </bind_material>
                                        </instance_geometry>
                                    </node>
                                    <node id="node_Mesh4_1" name="Mesh4_light">
                                        <instance_geometry url="#meshMesh4_1">
                                            <bind_material>
                                                <technique_common>
                                                    <instance_material symbol="Material1" target="#mat4">
                                                        <bind_vertex_input semantic="UVSET0" input_semantic="TEXCOORD" input_set="0"/>
                                                    </instance_material>
                                                </technique_common>
                                            </bind_material>
                                        </instance_geometry>
                                    </node>
                                    <node id="node_Mesh4_2" name="Mesh4_dark">
                                        <instance_geometry url="#meshMesh4_2">
                                            <bind_material>
                                                <technique_common>
                                                    <instance_material symbol="Material1" target="#mat4">
                                                        <bind_vertex_input semantic="UVSET0" input_semantic="TEXCOORD" input_set="0"/>
                                                    </instance_material>
                                                </technique_common>
                                            </bind_material>
                                        </instance_geometry>
                                    </node>
                                    <node id="node_Mesh5_1" name="Mesh5_light">
                                        <instance_geometry url="#meshMesh5_1">
                                            <bind_material>
                                                <technique_common>
                                                    <instance_material symbol="Material1" target="#mat5">
                                                        <bind_vertex_input semantic="UVSET0" input_semantic="TEXCOORD" input_set="0"/>
                                                    </instance_material>
                                                </technique_common>
                                            </bind_material>
                                        </instance_geometry>
                                    </node>
                                    <node id="node_Mesh5_2" name="Mesh5_dark">
                                        <instance_geometry url="#meshMesh5_2">
                                            <bind_material>
                                                <technique_common>
                                                    <instance_material symbol="Material1" target="#mat5">
                                                        <bind_vertex_input semantic="UVSET0" input_semantic="TEXCOORD" input_set="0"/>
                                                    </instance_material>
                                                </technique_common>
                                            </bind_material>
                                        </instance_geometry>
                                    </node>
                                    <node id="node_Mesh6_1" name="Mesh6_light">
                                        <instance_geometry url="#meshMesh6_1">
                                            <bind_material>
                                                <technique_common>
                                                    <instance_material symbol="Material1" target="#mat6">
                                                        <bind_vertex_input semantic="UVSET0" input_semantic="TEXCOORD" input_set="0"/>
                                                    </instance_material>
                                                </technique_common>
                                            </bind_material>
                                        </instance_geometry>
                                    </node>
                                    <node id="node_Mesh6_2" name="Mesh6_dark">
                                        <instance_geometry url="#meshMesh6_2">
                                            <bind_material>
                                                <technique_common>
                                                    <instance_material symbol="Material1" target="#mat6">
                                                        <bind_vertex_input semantic="UVSET0" input_semantic="TEXCOORD" input_set="0"/>
                                                    </instance_material>
                                                </technique_common>
                                            </bind_material>
                                        </instance_geometry>
                                    </node>
                                    <node id="node_Mesh7_1" name="Mesh7_light">
                                        <instance_geometry url="#meshMesh7_1">
                                            <bind_material>
                                                <technique_common>
                                                    <instance_material symbol="Material1" target="#mat7">
                                                        <bind_vertex_input semantic="UVSET0" input_semantic="TEXCOORD" input_set="0"/>
                                                    </instance_material>
                                                </technique_common>
                                            </bind_material>
                                        </instance_geometry>
                                    </node>
                                    <node id="node_Mesh7_2" name="Mesh7_dark">
                                        <instance_geometry url="#meshMesh7_2">
                                            <bind_material>
                                                <technique_common>
                                                    <instance_material symbol="Material1" target="#mat7">
                                                        <bind_vertex_input semantic="UVSET0" input_semantic="TEXCOORD" input_set="0"/>
                                                    </instance_material>
                                                </technique_common>
                                            </bind_material>
                                        </instance_geometry>
                                    </node>
                                    <node id="node_Mesh8_1" name="Mesh8_light">
                                        <instance_geometry url="#meshMesh8_1">
                                            <bind_material>
                                                <technique_common>
                                                    <instance_material symbol="Material1" target="#mat8">
                                                        <bind_vertex_input semantic="UVSET0" input_semantic="TEXCOORD" input_set="0"/>
                                                    </instance_material>
                                                </technique_common>
                                            </bind_material>
                                        </instance_geometry>
                                    </node>
                                    <node id="node_Mesh8_2" name="Mesh8_dark">
                                        <instance_geometry url="#meshMesh8_2">
                                            <bind_material>
                                                <technique_common>
                                                    <instance_material symbol="Material1" target="#mat8">
                                                        <bind_vertex_input semantic="UVSET0" input_semantic="TEXCOORD" input_set="0"/>
                                                    </instance_material>
                                                </technique_common>
                                            </bind_material>
                                        </instance_geometry>
                                    </node>
                                    <node id="node_Mesh9_1" name="Mesh9_light">
                                        <instance_geometry url="#meshMesh9_1">
                                            <bind_material>
                                                <technique_common>
                                                    <instance_material symbol="Material1" target="#mat9">
                                                        <bind_vertex_input semantic="UVSET0" input_semantic="TEXCOORD" input_set="0"/>
                                                    </instance_material>
                                                </technique_common>
                                            </bind_material>
                                        </instance_geometry>
                                    </node>
                                    <node id="node_Mesh9_2" name="Mesh9_dark">
                                        <instance_geometry url="#meshMesh9_2">
                                            <bind_material>
                                                <technique_common>
                                                    <instance_material symbol="Material1" target="#mat9">
                                                        <bind_vertex_input semantic="UVSET0" input_semantic="TEXCOORD" input_set="0"/>
                                                    </instance_material>
                                                </technique_common>
                                            </bind_material>
                                        </instance_geometry>
                                    </node>
                                    <node id="node_Mesh10_1" name="Mesh10_light">
                                        <instance_geometry url="#meshMesh10_1">
                                            <bind_material>
                                                <technique_common>
                                                    <instance_material symbol="Material1" target="#mat10">
                                                        <bind_vertex_input semantic="UVSET0" input_semantic="TEXCOORD" input_set="0"/>
                                                    </instance_material>
                                                </technique_common>
                                            </bind_material>
                                        </instance_geometry>
                                    </node>
                                    <node id="node_Mesh10_2" name="Mesh10_dark">
                                        <instance_geometry url="#meshMesh10_2">
                                            <bind_material>
                                                <technique_common>
                                                    <instance_material symbol="Material1" target="#mat10">
                                                        <bind_vertex_input semantic="UVSET0" input_semantic="TEXCOORD" input_set="0"/>
                                                    </instance_material>
                                                </technique_common>
                                            </bind_material>
                                        </instance_geometry>
                                    </node>
                                    <node id="node_Mesh11_1" name="Mesh11_light">
                                        <instance_geometry url="#meshMesh11_1">
                                            <bind_material>
                                                <technique_common>
                                                    <instance_material symbol="Material1" target="#mat11">
                                                        <bind_vertex_input semantic="UVSET0" input_semantic="TEXCOORD" input_set="0"/>
                                                    </instance_material>
                                                </technique_common>
                                            </bind_material>
                                        </instance_geometry>
                                    </node>
                                    <node id="node_Mesh11_2" name="Mesh11_dark">
                                        <instance_geometry url="#meshMesh11_2">
                                            <bind_material>
                                                <technique_common>
                                                    <instance_material symbol="Material1" target="#mat11">
                                                        <bind_vertex_input semantic="UVSET0" input_semantic="TEXCOORD" input_set="0"/>
                                                    </instance_material>
                                                </technique_common>
                                            </bind_material>
                                        </instance_geometry>
                                    </node>
                                    <node id="node_Mesh12_1" name="Mesh12_light">
                                        <instance_geometry url="#meshMesh12_1">
                                            <bind_material>
                                                <technique_common>
                                                    <instance_material symbol="Material1" target="#mat2">
                                                        <bind_vertex_input semantic="UVSET0" input_semantic="TEXCOORD" input_set="0"/>
                                                    </instance_material>
                                                </technique_common>
                                            </bind_material>
                                        </instance_geometry>
                                    </node>
                                    <node id="node_Mesh12_2" name="Mesh12_dark">
                                        <instance_geometry url="#meshMesh12_2">
                                            <bind_material>
                                                <technique_common>
                                                    <instance_material symbol="Material1" target="#mat2">
                                                        <bind_vertex_input semantic="UVSET0" input_semantic="TEXCOORD" input_set="0"/>
                                                    </instance_material>
                                                </technique_common>
                                            </bind_material>
                                        </instance_geometry>
                                    </node>
                                </node>
                                <node id="node_Node9" name="Node9_display">
                                    <node id="node_Mesh13_1" name="Mesh13">
                                        <instance_geometry url="#meshMesh13_1">
                                            <bind_material>
                                                <technique_common>
                                                    <instance_material symbol="Material1" target="#mat12">
                                                        <bind_vertex_input semantic="UVSET0" input_semantic="TEXCOORD" input_set="0"/>
                                                    </instance_material>
                                                </technique_common>
                                            </bind_material>
                                        </instance_geometry>
                                    </node>
                                </node>
                                <node id="node_Node10" name="Node10_display">
                                    <node id="node_Mesh14_1" name="Mesh14">
                                        <instance_geometry url="#meshMesh14_1">
                                            <bind_material>
                                                <technique_common>
                                                    <instance_material symbol="Material1" target="#mat13">
                                                        <bind_vertex_input semantic="UVSET0" input_semantic="TEXCOORD" input_set="0"/>
                                                    </instance_material>
                                                </technique_common>
                                            </bind_material>
                                        </instance_geometry>
                                    </node>
                                    <node id="node_Mesh15_1" name="Mesh15">
                                        <instance_geometry url="#meshMesh15_1">
                                            <bind_material>
                                                <technique_common>
                                                    <instance_material symbol="Material1" target="#mat14">
                                                        <bind_vertex_input semantic="UVSET0" input_semantic="TEXCOORD" input_set="0"/>
                                                    </instance_material>
                                                </technique_common>
                                            </bind_material>
                                        </instance_geometry>
                                    </node>
                                </node>
                                <node id="node_Node11" name="Node11_display">
                                    <node id="node_Mesh16_1" name="Mesh16_light">
                                        <instance_geometry url="#meshMesh16_1">
                                            <bind_material>
                                                <technique_common>
                                                    <instance_material symbol="Material1" target="#mat15">
                                                        <bind_vertex_input semantic="UVSET0" input_semantic="TEXCOORD" input_set="0"/>
                                                    </instance_material>
                                                </technique_common>
                                            </bind_material>
                                        </instance_geometry>
                                    </node>
                                    <node id="node_Mesh16_2" name="Mesh16_dark">
                                        <instance_geometry url="#meshMesh16_2">
                                            <bind_material>
                                                <technique_common>
                                                    <instance_material symbol="Material1" target="#mat15">
                                                        <bind_vertex_input semantic="UVSET0" input_semantic="TEXCOORD" input_set="0"/>
                                                    </instance_material>
                                                </technique_common>
                                            </bind_material>
                                        </instance_geometry>
                                    </node>
                                    <node id="node_Mesh17_1" name="Mesh17_light">
                                        <instance_geometry url="#meshMesh17_1">
                                            <bind_material>
                                                <technique_common>
                                                    <instance_material symbol="Material1" target="#mat0">
                                                        <bind_vertex_input semantic="UVSET0" input_semantic="TEXCOORD" input_set="0"/>
                                                    </instance_material>
                                                </technique_common>
                                            </bind_material>
                                        </instance_geometry>
                                    </node>
                                    <node id="node_Mesh17_2" name="Mesh17_dark">
                                        <instance_geometry url="#meshMesh17_2">
                                            <bind_material>
                                                <technique_common>
                                                    <instance_material symbol="Material1" target="#mat0">
                                                        <bind_vertex_input semantic="UVSET0" input_semantic="TEXCOORD" input_set="0"/>
                                                    </instance_material>
                                                </technique_common>
                                            </bind_material>
                                        </instance_geometry>
                                    </node>
                                    <node id="node_Mesh18_1" name="Mesh18_light">
                                        <instance_geometry url="#meshMesh18_1">
                                            <bind_material>
                                                <technique_common>
                                                    <instance_material symbol="Material1" target="#mat1">
                                                        <bind_vertex_input semantic="UVSET0" input_semantic="TEXCOORD" input_set="0"/>
                                                    </instance_material>
                                                </technique_common>
                                            </bind_material>
                                        </instance_geometry>
                                    </node>
                                    <node id="node_Mesh18_2" name="Mesh18_dark">
                                        <instance_geometry url="#meshMesh18_2">
                                            <bind_material>
                                                <technique_common>
                                                    <instance_material symbol="Material1" target="#mat1">
                                                        <bind_vertex_input semantic="UVSET0" input_semantic="TEXCOORD" input_set="0"/>
                                                    </instance_material>
                                                </technique_common>
                                            </bind_material>
                                        </instance_geometry>
                                    </node>
                                    <node id="node_Mesh19_1" name="Mesh19_light">
                                        <instance_geometry url="#meshMesh19_1">
                                            <bind_material>
                                                <technique_common>
                                                    <instance_material symbol="Material1" target="#mat16">
                                                        <bind_vertex_input semantic="UVSET0" input_semantic="TEXCOORD" input_set="0"/>
                                                    </instance_material>
                                                </technique_common>
                                            </bind_material>
                                        </instance_geometry>
                                    </node>
                                    <node id="node_Mesh19_2" name="Mesh19_dark">
                                        <instance_geometry url="#meshMesh19_2">
                                            <bind_material>
                                                <technique_common>
                                                    <instance_material symbol="Material1" target="#mat16">
                                                        <bind_vertex_input semantic="UVSET0" input_semantic="TEXCOORD" input_set="0"/>
                                                    </instance_material>
                                                </technique_common>
                                            </bind_material>
                                        </instance_geometry>
                                    </node>
                                    <node id="node_Mesh20_1" name="Mesh20_light">
                                        <instance_geometry url="#meshMesh20_1">
                                            <bind_material>
                                                <technique_common>
                                                    <instance_material symbol="Material1" target="#mat17">
                                                        <bind_vertex_input semantic="UVSET0" input_semantic="TEXCOORD" input_set="0"/>
                                                    </instance_material>
                                                </technique_common>
                                            </bind_material>
                                        </instance_geometry>
                                    </node>
                                    <node id="node_Mesh20_2" name="Mesh20_dark">
                                        <instance_geometry url="#meshMesh20_2">
                                            <bind_material>
                                                <technique_common>
                                                    <instance_material symbol="Material1" target="#mat17">
                                                        <bind_vertex_input semantic="UVSET0" input_semantic="TEXCOORD" input_set="0"/>
                                                    </instance_material>
                                                </technique_common>
                                            </bind_material>
                                        </instance_geometry>
                                    </node>
                                    <node id="node_Mesh21_1" name="Mesh21_light">
                                        <instance_geometry url="#meshMesh21_1">
                                            <bind_material>
                                                <technique_common>
                                                    <instance_material symbol="Material1" target="#mat2">
                                                        <bind_vertex_input semantic="UVSET0" input_semantic="TEXCOORD" input_set="0"/>
                                                    </instance_material>
                                                </technique_common>
                                            </bind_material>
                                        </instance_geometry>
                                    </node>
                                    <node id="node_Mesh21_2" name="Mesh21_dark">
                                        <instance_geometry url="#meshMesh21_2">
                                            <bind_material>
                                                <technique_common>
                                                    <instance_material symbol="Material1" target="#mat2">
                                                        <bind_vertex_input semantic="UVSET0" input_semantic="TEXCOORD" input_set="0"/>
                                                    </instance_material>
                                                </technique_common>
                                            </bind_material>
                                        </instance_geometry>
                                    </node>
                                </node>
                                <node id="node_Node12" name="Node12_display">
                                    <node id="node_Mesh22_1" name="Mesh22_light">
                                        <instance_geometry url="#meshMesh22_1">
                                            <bind_material>
                                                <technique_common>
                                                    <instance_material symbol="Material1" target="#mat15">
                                                        <bind_vertex_input semantic="UVSET0" input_semantic="TEXCOORD" input_set="0"/>
                                                    </instance_material>
                                                </technique_common>
                                            </bind_material>
                                        </instance_geometry>
                                    </node>
                                    <node id="node_Mesh22_2" name="Mesh22_dark">
                                        <instance_geometry url="#meshMesh22_2">
                                            <bind_material>
                                                <technique_common>
                                                    <instance_material symbol="Material1" target="#mat15">
                                                        <bind_vertex_input semantic="UVSET0" input_semantic="TEXCOORD" input_set="0"/>
                                                    </instance_material>
                                                </technique_common>
                                            </bind_material>
                                        </instance_geometry>
                                    </node>
                                </node>
                            </node>
                            <node id="node_Node13" name="Node13_parent">
                            </node>
                            <node id="node_Node14" name="Node14_list">
                            </node>
                        </node>
                    </node>
                </node>
                <node id="node_Node15" name="Node15_master_list">
                    <node id="node_Node16" name="Node16_list">
                    </node>
                </node>
            </node>
            <node id="obj_group" name="Objects">
                <node id="obj_0" name="0x36_Star_Cage_Bars_(Exploding)">
                    <translate sid="translate">1456 768 446</translate>
                    <rotate sid="rotateZ">0 0 1 0</rotate>
                    <rotate sid="rotateY">0 1 0 326</rotate>
                    <rotate sid="rotateX">1 0 0 0</rotate>
                </node>
                <node id="obj_1" name="0x37_Tilting_Bridge">
                    <translate sid="translate">-2303 717 1024</translate>
                    <rotate sid="rotateZ">0 0 1 0</rotate>
                    <rotate sid="rotateY">0 1 0 45</rotate>
                    <rotate sid="rotateX">1 0 0 0</rotate>
                </node>
                <node id="obj_2" name="0x0_Openable_Grills">
                    <translate sid="translate">-2050 0 -3069</translate>
                    <rotate sid="rotateZ">0 0 1 0</rotate>
                    <rotate sid="rotateY">0 1 0 25</rotate>
                    <rotate sid="rotateX">1 0 0 0</rotate>
                </node>
                <node id="obj_3" name="0xCF_Purple_Switch_(for_Grills)">
                    <translate sid="translate">-2283 0 -3682</translate>
                    <rotate sid="rotateZ">0 0 1 0</rotate>
                    <rotate sid="rotateY">0 1 0 27</rotate>
                    <rotate sid="rotateX">1 0 0 0</rotate>
                </node>
                <node id="obj_4" name="0xCA_Checkerboard_Elevators">
                    <translate sid="translate">1612 300 4611</translate>
                </node>
                <node id="obj_5" name="0x0_Metal_Ball_Generator">
                    <translate sid="translate">1535 3840 -5561</translate>
                </node>
                <node id="obj_6" name="0x0_Metal_Ball_Generator_2">
                    <translate sid="translate">1535 3840 -5561</translate>
                </node>
                <node id="obj_7" name="0x0_Metal_Ball_Generator">
                    <translate sid="translate">524 2825 -5400</translate>
                </node>
                <node id="obj_8" name="0x0_Metal_Ball_Generator_2">
                    <translate sid="translate">524 2825 -5400</translate>
                </node>
                <node id="obj_9" name="0xB4_Metal_Ball">
                    <translate sid="translate">-993 886 -3565</translate>
                </node>
                <node id="obj_10" name="0xB4_Metal_Ball">
                    <translate sid="translate">-785 886 -4301</translate>
                </node>
                <node id="obj_11" name="0xB4_Metal_Ball">
                    <translate sid="translate">-93 886 -3414</translate>
                </node>
                <node id="obj_12" name="0xC3_Pink_Bob-omb_(Message)">
                    <translate sid="translate">-5723 140 6017</translate>
                </node>
                <node id="obj_13" name="0xC3_Pink_Bob-omb_(Message)">
                    <translate sid="translate">-6250 0 6680</translate>
                </node>
                <node id="obj_14" name="0xC3_Pink_Bob-omb_(Open_Cannons)">
                    <translate sid="translate">-5723 140 6017</translate>
                </node>
                <node id="obj_15" name="0xC3_Pink_Bob-omb_(Message)">
                    <translate sid="translate">-6250 0 6680</translate>
                </node>
                <node id="obj_16" name="0x80_Cannon">
                    <translate sid="translate">-5694 128 5600</translate>
                    <rotate sid="rotateZ">0 0 1 0</rotate>
                    <rotate sid="rotateY">0 1 0 135</rotate>
                    <rotate sid="rotateX">1 0 0 0</rotate>
                </node>
                <node id="obj_17" name="0xC9_Cannon_(Closed)">
                    <translate sid="translate">-5694 128 5600</translate>
                    <rotate sid="rotateZ">0 0 1 0</rotate>
                    <rotate sid="rotateY">0 1 0 180</rotate>
                    <rotate sid="rotateX">1 0 0 0</rotate>
                </node>
                <node id="obj_18" name="0x0_Koopa_Flag">
                    <translate sid="translate">3304 4242 -4603</translate>
                </node>
                <node id="obj_19" name="0x68_Koopa">
                    <translate sid="translate">3400 770 6500</translate>
                </node>
                <node id="obj_20" name="0x56_King_Bob-omb">
                    <translate sid="translate">1636 4242 -5567</translate>
                    <rotate sid="rotateZ">0 0 1 0</rotate>
                    <rotate sid="rotateY">0 1 0 65389</rotate>
                    <rotate sid="rotateX">1 0 0 0</rotate>
                </node>
                <node id="obj_21" name="0x68_Koopa">
                    <translate sid="translate">-4004 0 5221</translate>
                </node>
                <node id="obj_22" name="0x0_Star_for_Red_Coins_(Hidden)">
                    <translate sid="translate">-6000 1000 2400</translate>
                </node>
                <node id="obj_23" name="0x0_Star_(Hidden)">
                    <translate sid="translate">-6600 1000 1250</translate>
                </node>
                <node id="obj_24" name="0x7A_Star">
                    <translate sid="translate">1550 1200 300</translate>
                </node>
                <node id="obj_25" name="0x0_Warp_(Mario_Start_1)">
                    <translate sid="translate">-6558 1000 6464</translate>
                    <rotate sid="rotateZ">0 0 1 0</rotate>
                    <rotate sid="rotateY">0 1 0 135</rotate>
                    <rotate sid="rotateX">1 0 0 0</rotate>
                </node>
                <node id="obj_26" name="0x0_Warp_(Fading)">
                    <translate sid="translate">583 2683 -5387</translate>
                    <rotate sid="rotateZ">0 0 1 0</rotate>
                    <rotate sid="rotateY">0 1 0 65382</rotate>
                    <rotate sid="rotateX">1 0 0 0</rotate>
                </node>
                <node id="obj_27" name="0x0_Warp_(Fading)">
                    <translate sid="translate">1680 3835 -5523</translate>
                    <rotate sid="rotateZ">0 0 1 0</rotate>
                    <rotate sid="rotateY">0 1 0 65383</rotate>
                    <rotate sid="rotateX">1 0 0 0</rotate>
                </node>
                <node id="obj_28" name="0x0_Warp_(Fading)">
                    <translate sid="translate">-6612 1024 -3351</translate>
                    <rotate sid="rotateZ">0 0 1 0</rotate>
                    <rotate sid="rotateY">0 1 0 107</rotate>
                    <rotate sid="rotateX">1 0 0 0</rotate>
                </node>
                <node id="obj_29" name="0x0_Warp_(Fading)">
                    <translate sid="translate">1980 768 6618</translate>
                    <rotate sid="rotateZ">0 0 1 0</rotate>
                    <rotate sid="rotateY">0 1 0 65385</rotate>
                    <rotate sid="rotateX">1 0 0 0</rotate>
                </node>
                <node id="obj_30" name="0x66_Chain_Chomp">
                    <translate sid="translate">260 735 1920</translate>
                </node>
                <node id="obj_31" name="0x81_Breakable_Box_(Big)">
                    <translate sid="translate">-3979 0 6827</translate>
                </node>
                <node id="obj_32" name="0xC0_Goomba">
                    <translate sid="translate">-2713 152 5778</translate>
                </node>
                <node id="obj_33" name="0xC0_Goomba">
                    <translate sid="translate">-342 400 5433</translate>
                </node>
                <node id="obj_34" name="0x0_Water_Bubble_Drop">
                    <translate sid="translate">3620 4000 4800</translate>
                </node>
                <node id="obj_35" name="0x0_Water_Bubble_Drop">
                    <translate sid="translate">-5141 3764 -743</translate>
                </node>
                <node id="obj_36" name="0x0_Water_Bubble_Drop">
                    <translate sid="translate">-4208 3769 -2036</translate>
                </node>
                <node id="obj_37" name="0x80_Cannon">
                    <translate sid="translate">1388 2918 -2383</translate>
                    <rotate sid="rotateZ">0 0 1 0</rotate>
                    <rotate sid="rotateY">0 1 0 315</rotate>
                    <rotate sid="rotateX">1 0 0 0</rotate>
                </node>
                <node id="obj_38" name="0x6B_Poundable_Wooden_Log">
                    <translate sid="translate">-6500 768 1800</translate>
                </node>
                <node id="obj_39" name="0x6B_Poundable_Wooden_Log">
                    <translate sid="translate">-5500 768 1800</translate>
                </node>
                <node id="obj_40" name="0x6B_Poundable_Wooden_Log">
                    <translate sid="translate">-6500 768 3000</translate>
                </node>
                <node id="obj_41" name="0x6B_Poundable_Wooden_Log">
                    <translate sid="translate">-5500 768 3000</translate>
                </node>
                <node id="obj_42" name="0x7C_Wooden_Signpost">
                    <translate sid="translate">-4000 0 6050</translate>
                    <rotate sid="rotateZ">0 0 1 0</rotate>
                    <rotate sid="rotateY">0 1 0 270</rotate>
                    <rotate sid="rotateX">1 0 0 0</rotate>
                </node>
                <node id="obj_43" name="0x7C_Wooden_Signpost">
                    <translate sid="translate">1230 768 3258</translate>
                </node>
                <node id="obj_44" name="0xC9_Cannon_(Closed)">
                    <translate sid="translate">-5018 1332 -3533</translate>
                </node>
                <node id="obj_45" name="0xC9_Cannon_(Closed)">
                    <translate sid="translate">6349 2080 -7066</translate>
                </node>
                <node id="obj_46" name="0xC9_Cannon_(Closed)">
                    <translate sid="translate">4243 3071 -2451</translate>
                </node>
                <node id="obj_47" name="0xC9_Cannon_(Closed)">
                    <translate sid="translate">4352 3072 1229</translate>
                </node>
                <node id="obj_48" name="0xC9_Cannon_(Closed)">
                    <translate sid="translate">5376 1537 4610</translate>
                </node>
                <node id="obj_49" name="0xBC_Bob-omb">
                    <translate sid="translate">-3080 0 -5200</translate>
                </node>
                <node id="obj_50" name="0xBC_Bob-omb">
                    <translate sid="translate">-3688 885 -3813</translate>
                </node>
                <node id="obj_51" name="0xBC_Bob-omb">
                    <translate sid="translate">-4629 1024 -1772</translate>
                </node>
                <node id="obj_52" name="0xBC_Bob-omb">
                    <translate sid="translate">-3480 891 -2120</translate>
                </node>
                <node id="obj_53" name="0xBC_Bob-omb">
                    <translate sid="translate">-3800 1024 -460</translate>
                </node>
                <node id="obj_54" name="0xBC_Bob-omb">
                    <translate sid="translate">6888 2002 -5608</translate>
                </node>
                <node id="obj_55" name="0x78_Recovery_Heart">
                    <translate sid="translate">3603 3659 -7070</translate>
                </node>
                <node id="obj_56" name="0x0_Coin_Formation">
                    <translate sid="translate">-6060 1060 -5340</translate>
                </node>
                <node id="obj_57" name="0x0_Coin_Formation">
                    <translate sid="translate">-129 0 5668</translate>
                    <rotate sid="rotateZ">0 0 1 0</rotate>
                    <rotate sid="rotateY">0 1 0 90</rotate>
                    <rotate sid="rotateX">1 0 0 0</rotate>
                </node>
                <node id="obj_58" name="0x0_Coin_Formation">
                    <translate sid="translate">1851 2917 -2234</translate>
                    <rotate sid="rotateZ">0 0 1 0</rotate>
                    <rotate sid="rotateY">0 1 0 73.125</rotate>
                    <rotate sid="rotateX">1 0 0 0</rotate>
                </node>
                <node id="obj_59" name="0xD7_Red_Coin">
                    <translate sid="translate">-5500 768 2400</translate>
                </node>
                <node id="obj_60" name="0xD7_Red_Coin">
                    <translate sid="translate">-6500 768 2400</translate>
                </node>
                <node id="obj_61" name="0xD7_Red_Coin">
                    <translate sid="translate">1135 1920 -7161</translate>
                </node>
                <node id="obj_62" name="0xD7_Red_Coin">
                    <translate sid="translate">250 1000 1920</translate>
                </node>
                <node id="obj_63" name="0xD7_Red_Coin">
                    <translate sid="translate">1600 980 4440</translate>
                </node>
                <node id="obj_64" name="0xD7_Red_Coin">
                    <translate sid="translate">-2755 0 -4083</translate>
                </node>
                <node id="obj_65" name="0xD7_Red_Coin">
                    <translate sid="translate">4934 1352 861</translate>
                </node>
                <node id="obj_66" name="0xD7_Red_Coin">
                    <translate sid="translate">4100 3672 1629</translate>
                </node>
                <node id="obj_67" name="0x89_[!]_Box">
                    <translate sid="translate">-6710 1300 -2170</translate>
                </node>
                <node id="obj_68" name="0x82_Breakable_Box_(Small)">
                    <translate sid="translate">-3740 0 6180</translate>
                </node>
                <node id="obj_69" name="0x7C_Wooden_Signpost">
                    <translate sid="translate">-4000 0 6300</translate>
                    <rotate sid="rotateZ">0 0 1 0</rotate>
                    <rotate sid="rotateY">0 1 0 270</rotate>
                    <rotate sid="rotateX">1 0 0 0</rotate>
                </node>
                <node id="obj_70" name="0xD4_1-up_Mushroom_(hidden)">
                    <translate sid="translate">-6060 1060 -5340</translate>
                </node>
                <node id="obj_71" name="0x0_Hidden_1-up_Trigger">
                    <translate sid="translate">-5760 1060 -5340</translate>
                </node>
                <node id="obj_72" name="0x0_Hidden_1-up_Trigger">
                    <translate sid="translate">-6360 1060 -5340</translate>
                </node>
                <node id="obj_73" name="0x0_Hidden_1-up_Trigger">
                    <translate sid="translate">-6060 1060 -5640</translate>
                </node>
                <node id="obj_74" name="0x0_Hidden_1-up_Trigger">
                    <translate sid="translate">-6060 1040 -5040</translate>
                </node>
                <node id="obj_75" name="0x89_[!]_Box">
                    <translate sid="translate">3789 3340 1818</translate>
                </node>
                <node id="obj_76" name="0xBC_Bob-omb">
                    <translate sid="translate">2350 757 3700</translate>
                </node>
                <node id="obj_77" name="0xBC_Bob-omb">
                    <translate sid="translate">-1750 0 -2800</translate>
                </node>
                <node id="obj_78" name="0xBC_Bob-omb">
                    <translate sid="translate">-1400 0 -950</translate>
                </node>
                <node id="obj_79" name="0xBC_Bob-omb">
                    <translate sid="translate">-2650 0 1750</translate>
                </node>
                <node id="obj_80" name="0xBC_Bob-omb">
                    <translate sid="translate">-1900 0 3450</translate>
                </node>
                <node id="obj_81" name="0xD4_1-up_Mushroom">
                    <translate sid="translate">-2531 0 -4201</translate>
                </node>
                <node id="obj_82" name="0x0_1-up_Mushroom_(Hidden_in_tree_or_pole)">
                    <translate sid="translate">5444 1400 6016</translate>
                </node>
                <node id="obj_83" name="0x0_Three_Goombas">
                    <translate sid="translate">3640 768 6280</translate>
                </node>
                <node id="obj_84" name="0x0_Three_Goombas">
                    <translate sid="translate">6060 877 2000</translate>
                </node>
                <node id="obj_85" name="0x0_Three_Goombas">
                    <translate sid="translate">-6050 768 1250</translate>
                </node>
                <node id="obj_86" name="0x89_[!]_Box">
                    <translate sid="translate">400 350 6500</translate>
                </node>
                <node id="obj_87" name="0x7C_Wooden_Signpost">
                    <translate sid="translate">66 0 6977</translate>
                    <rotate sid="rotateZ">0 0 1 0</rotate>
                    <rotate sid="rotateY">0 1 0 270</rotate>
                    <rotate sid="rotateX">1 0 0 0</rotate>
                </node>
                <node id="obj_88" name="0x7C_Wooden_Signpost">
                    <translate sid="translate">3394 3072 1846</translate>
                </node>
                <node id="obj_89" name="0x7C_Wooden_Signpost">
                    <translate sid="translate">-3110 104 5064</translate>
                    <rotate sid="rotateZ">0 0 1 0</rotate>
                    <rotate sid="rotateY">0 1 0 270</rotate>
                    <rotate sid="rotateX">1 0 0 0</rotate>
                </node>
                <node id="obj_90" name="0x7C_Wooden_Signpost">
                    <translate sid="translate">6860 2041 -6640</translate>
                </node>
                <node id="obj_91" name="0x7C_Wooden_Signpost">
                    <translate sid="translate">-6020 768 2957</translate>
                </node>
                <node id="obj_92" name="0x0_Coin_Formation">
                    <translate sid="translate">-1506 5317 1250</translate>
                    <rotate sid="rotateZ">0 0 1 0</rotate>
                    <rotate sid="rotateY">0 1 0 90</rotate>
                    <rotate sid="rotateX">1 0 0 0</rotate>
                </node>
                <node id="obj_93" name="0x0_Hidden_Star_Trigger_(Secrets)">
                    <translate sid="translate">-1506 5517 1250</translate>
                </node>
                <node id="obj_94" name="0x81_Breakable_Box_(Big)">
                    <translate sid="translate">7157 2027 -6714</translate>
                </node>
                <node id="obj_95" name="0x0_Coin_Formation">
                    <translate sid="translate">1000 3400 1250</translate>
                    <rotate sid="rotateZ">0 0 1 0</rotate>
                    <rotate sid="rotateY">0 1 0 90</rotate>
                    <rotate sid="rotateX">1 0 0 0</rotate>
                </node>
                <node id="obj_96" name="0x0_Coin_Formation">
                    <translate sid="translate">2000 3400 1250</translate>
                    <rotate sid="rotateZ">0 0 1 0</rotate>
                    <rotate sid="rotateY">0 1 0 90</rotate>
                    <rotate sid="rotateX">1 0 0 0</rotate>
                </node>
                <node id="obj_97" name="0x0_Coin_Formation">
                    <translate sid="translate">3000 3400 1250</translate>
                    <rotate sid="rotateZ">0 0 1 0</rotate>
                    <rotate sid="rotateY">0 1 0 90</rotate>
                    <rotate sid="rotateX">1 0 0 0</rotate>
                </node>
                <node id="obj_98" name="0x0_Hidden_Star_Trigger_(Secrets)">
                    <translate sid="translate">1000 3600 1250</translate>
                </node>
                <node id="obj_99" name="0x0_Hidden_Star_Trigger_(Secrets)">
                    <translate sid="translate">2000 3600 1250</translate>
                </node>
                <node id="obj_100" name="0x0_Hidden_Star_Trigger_(Secrets)">
                    <translate sid="translate">3000 3600 1250</translate>
                </node>
                <node id="obj_101" name="0xBC_Bob-omb">
                    <translate sid="translate">1127 2897 -2495</translate>
                </node>
                <node id="obj_102" name="0x0_Coin_Formation">
                    <translate sid="translate">4836 3079 -2707</translate>
                    <rotate sid="rotateZ">0 0 1 0</rotate>
                    <rotate sid="rotateY">0 1 0 118.125</rotate>
                    <rotate sid="rotateX">1 0 0 0</rotate>
                </node>
                <node id="obj_103" name="0x7C_Wooden_Signpost">
                    <translate sid="translate">-3530 1415 430</translate>
                    <rotate sid="rotateZ">0 0 1 0</rotate>
                    <rotate sid="rotateY">0 1 0 45</rotate>
                    <rotate sid="rotateX">1 0 0 0</rotate>
                </node>
                <node id="obj_104" name="0x7C_Wooden_Signpost">
                    <translate sid="translate">5053 3073 2180</translate>
                </node>
                <node id="obj_105" name="0x74_Yellow_Coin_(for_triggers?)">
                    <translate sid="translate">-1506 5517 1250</translate>
                </node>
                <node id="obj_106" name="0x74_Yellow_Coin_(for_triggers?)">
                    <translate sid="translate">1000 3600 1250</translate>
                </node>
                <node id="obj_107" name="0x74_Yellow_Coin_(for_triggers?)">
                    <translate sid="translate">2000 3600 1250</translate>
                </node>
                <node id="obj_108" name="0x74_Yellow_Coin_(for_triggers?)">
                    <translate sid="translate">3000 3600 1250</translate>
                </node>
                <node id="obj_109" name="0x0_Hidden_Star_Trigger_(Secrets)">
                    <translate sid="translate">-300 4200 1250</translate>
                </node>
                <node id="obj_110" name="0x7C_Wooden_Signpost">
                    <translate sid="translate">-2224 990 -4359</translate>
                    <rotate sid="rotateZ">0 0 1 0</rotate>
                    <rotate sid="rotateY">0 1 0 270</rotate>
                    <rotate sid="rotateX">1 0 0 0</rotate>
                </node>
                <node id="obj_111" name="0x7C_Wooden_Signpost">
                    <translate sid="translate">3911 3529 -7081</translate>
                    <rotate sid="rotateZ">0 0 1 0</rotate>
                    <rotate sid="rotateY">0 1 0 59.0625</rotate>
                    <rotate sid="rotateX">1 0 0 0</rotate>
                </node>
                <node id="obj_112" name="0x7C_Wooden_Signpost">
                    <translate sid="translate">-7000 1024 -2099</translate>
                </node>
                <node id="obj_113" name="0x81_Breakable_Box_(Big)">
                    <translate sid="translate">-3979 0 6627</translate>
                </node>
                <node id="obj_114" name="0x89_[!]_Box">
                    <translate sid="translate">5540 3350 1200</translate>
                </node>
                <node id="obj_115" name="0x0_Coin_Formation">
                    <translate sid="translate">-300 4000 1250</translate>
                    <rotate sid="rotateZ">0 0 1 0</rotate>
                    <rotate sid="rotateY">0 1 0 90</rotate>
                    <rotate sid="rotateX">1 0 0 0</rotate>
                </node>
                <node id="obj_116" name="0x74_Yellow_Coin_(for_triggers?)">
                    <translate sid="translate">-300 4200 1250</translate>
                </node>
                <node id="obj_117" name="0x82_Breakable_Box_(Small)">
                    <translate sid="translate">-6800 1024 40</translate>
                </node>
                <node id="obj_118" name="0x17_Bubbly_Tree">
                    <translate sid="translate">-5792 1024 -4654</translate>
                </node>
                <node id="obj_119" name="0x17_Bubbly_Tree">
                    <translate sid="translate">-1509 144 5094</translate>
                </node>
                <node id="obj_120" name="0x17_Bubbly_Tree">
                    <translate sid="translate">-4095 768 3072</translate>
                </node>
                <node id="obj_121" name="0x17_Bubbly_Tree">
                    <translate sid="translate">-5119 768 2048</translate>
                </node>
                <node id="obj_122" name="0x17_Bubbly_Tree">
                    <translate sid="translate">5444 863 6016</translate>
                </node>
                <node id="obj_123" name="0x17_Bubbly_Tree">
                    <translate sid="translate">-6655 768 3584</translate>
                </node>
                <node id="obj_124" name="0x17_Bubbly_Tree">
                    <translate sid="translate">-6130 900 -6507</translate>
                </node>
                <node id="obj_125" name="0x17_Bubbly_Tree">
                    <translate sid="translate">-6804 1024 -4866</translate>
                </node>
                <node id="obj_126" name="0x17_Bubbly_Tree">
                    <translate sid="translate">6033 2194 -7660</translate>
                </node>
                <node id="obj_127" name="0x17_Bubbly_Tree">
                    <translate sid="translate">-4095 768 1536</translate>
                </node>
                <node id="obj_128" name="0x17_Bubbly_Tree">
                    <translate sid="translate">-4268 0 4768</translate>
                </node>
                <node id="obj_129" name="0x17_Bubbly_Tree">
                    <translate sid="translate">-3583 768 2560</translate>
                </node>
                <node id="obj_130" name="0x17_Bubbly_Tree">
                    <translate sid="translate">-6172 1024 -430</translate>
                </node>
                <node id="obj_131" name="0x17_Bubbly_Tree">
                    <translate sid="translate">4096 3072 1638</translate>
                </node>
                <node id="obj_132" name="0x17_Bubbly_Tree">
                    <translate sid="translate">6799 2008 -5587</translate>
                </node>
                <node id="obj_133" name="0x17_Bubbly_Tree">
                    <translate sid="translate">2911 768 5917</translate>
                </node>
                <node id="obj_134" name="0x17_Bubbly_Tree">
                    <translate sid="translate">4208 927 3772</translate>
                </node>
            </node>
        </visual_scene>
    </library_visual_scenes>
    <scene>
        <instance_visual_scene url="#VisualSceneNode"/>
    </scene>
</COLLADA>
