<?xml version="1.0" encoding="UTF-8" standalone="no" ?>
<COLLADA xmlns="http://www.collada.org/2005/11/COLLADASchema" version="1.4.1">
  <asset>
    <contributor>
      <author>Assimp</author>
      <authoring_tool>Sketchfab-16.60.0</authoring_tool>
    </contributor>
    <created>2026-09-14T16:26:09</created>
    <modified>2026-09-14T16:26:09</modified>
    <unit name="meter" meter="1" />
    <up_axis>Y_UP</up_axis>
  </asset>
  <library_images>
    <image id="BodyMT-diffuse-image">
      <init_from>mario-idle_texture_0001.png</init_from>
    </image>
    <image id="HairMT-diffuse-image">
      <init_from>mario-idle_texture_0002.png</init_from>
    </image>
    <image id="EyeMT-diffuse-image">
      <init_from>mario-idle_texture_0003.png</init_from>
    </image>
    <image id="HandMT-diffuse-image">
      <init_from>mario-idle_texture_0004.png</init_from>
    </image>
    <image id="FaceMT-diffuse-image">
      <init_from>mario-idle_texture_0005.png</init_from>
    </image>
    <image id="HairMT.001-diffuse-image">
      <init_from>mario-idle_texture_0002.png</init_from>
    </image>
    <image id="CapMT-diffuse-image">
      <init_from>mario-idle_texture_0002.png</init_from>
    </image>
  </library_images>
  <library_effects>
    <effect id="BodyMT-fx" name="BodyMT">
      <profile_COMMON>
        <newparam sid="BodyMT-diffuse-surface">
          <surface type="2D">
            <init_from>BodyMT-diffuse-image</init_from>
          </surface>
        </newparam>
        <newparam sid="BodyMT-diffuse-sampler">
          <sampler2D>
            <source>BodyMT-diffuse-surface</source>
          </sampler2D>
        </newparam>
        <technique sid="standard">
          <phong>
            <emission>
              <color sid="emission">0   0   0   1</color>
            </emission>
            <diffuse>
              <texture texture="BodyMT-diffuse-sampler" texcoord="CHANNEL0" />
            </diffuse>
            <shininess>
              <float sid="shininess">4.88955736</float>
            </shininess>
            <transparency>
              <float sid="transparency">1</float>
            </transparency>
          </phong>
        </technique>
      </profile_COMMON>
    </effect>
    <effect id="HairMT-fx" name="HairMT">
      <profile_COMMON>
        <newparam sid="HairMT-diffuse-surface">
          <surface type="2D">
            <init_from>HairMT-diffuse-image</init_from>
          </surface>
        </newparam>
        <newparam sid="HairMT-diffuse-sampler">
          <sampler2D>
            <source>HairMT-diffuse-surface</source>
          </sampler2D>
        </newparam>
        <technique sid="standard">
          <phong>
            <emission>
              <color sid="emission">0   0   0   1</color>
            </emission>
            <diffuse>
              <texture texture="HairMT-diffuse-sampler" texcoord="CHANNEL0" />
            </diffuse>
            <shininess>
              <float sid="shininess">4.88955736</float>
            </shininess>
            <transparency>
              <float sid="transparency">1</float>
            </transparency>
          </phong>
        </technique>
      </profile_COMMON>
    </effect>
    <effect id="EyeMT-fx" name="EyeMT">
      <profile_COMMON>
        <newparam sid="EyeMT-diffuse-surface">
          <surface type="2D">
            <init_from>EyeMT-diffuse-image</init_from>
          </surface>
        </newparam>
        <newparam sid="EyeMT-diffuse-sampler">
          <sampler2D>
            <source>EyeMT-diffuse-surface</source>
          </sampler2D>
        </newparam>
        <technique sid="standard">
          <phong>
            <emission>
              <color sid="emission">0   0   0   1</color>
            </emission>
            <diffuse>
              <texture texture="EyeMT-diffuse-sampler" texcoord="CHANNEL0" />
            </diffuse>
            <shininess>
              <float sid="shininess">4.88955736</float>
            </shininess>
            <transparency>
              <float sid="transparency">1</float>
            </transparency>
          </phong>
        </technique>
      </profile_COMMON>
    </effect>
    <effect id="HandMT-fx" name="HandMT">
      <profile_COMMON>
        <newparam sid="HandMT-diffuse-surface">
          <surface type="2D">
            <init_from>HandMT-diffuse-image</init_from>
          </surface>
        </newparam>
        <newparam sid="HandMT-diffuse-sampler">
          <sampler2D>
            <source>HandMT-diffuse-surface</source>
          </sampler2D>
        </newparam>
        <technique sid="standard">
          <phong>
            <emission>
              <color sid="emission">0   0   0   1</color>
            </emission>
            <diffuse>
              <texture texture="HandMT-diffuse-sampler" texcoord="CHANNEL0" />
            </diffuse>
            <shininess>
              <float sid="shininess">4.88955736</float>
            </shininess>
            <transparency>
              <float sid="transparency">1</float>
            </transparency>
          </phong>
        </technique>
      </profile_COMMON>
    </effect>
    <effect id="FaceMT-fx" name="FaceMT">
      <profile_COMMON>
        <newparam sid="FaceMT-diffuse-surface">
          <surface type="2D">
            <init_from>FaceMT-diffuse-image</init_from>
          </surface>
        </newparam>
        <newparam sid="FaceMT-diffuse-sampler">
          <sampler2D>
            <source>FaceMT-diffuse-surface</source>
          </sampler2D>
        </newparam>
        <technique sid="standard">
          <phong>
            <emission>
              <color sid="emission">0   0   0   1</color>
            </emission>
            <diffuse>
              <texture texture="FaceMT-diffuse-sampler" texcoord="CHANNEL0" />
            </diffuse>
            <shininess>
              <float sid="shininess">4.88955736</float>
            </shininess>
            <transparency>
              <float sid="transparency">1</float>
            </transparency>
          </phong>
        </technique>
      </profile_COMMON>
    </effect>
    <effect id="HairMT.001-fx" name="HairMT.001">
      <profile_COMMON>
        <newparam sid="HairMT.001-diffuse-surface">
          <surface type="2D">
            <init_from>HairMT.001-diffuse-image</init_from>
          </surface>
        </newparam>
        <newparam sid="HairMT.001-diffuse-sampler">
          <sampler2D>
            <source>HairMT.001-diffuse-surface</source>
          </sampler2D>
        </newparam>
        <technique sid="standard">
          <phong>
            <emission>
              <color sid="emission">0   0   0   1</color>
            </emission>
            <diffuse>
              <texture texture="HairMT.001-diffuse-sampler" texcoord="CHANNEL0" />
            </diffuse>
            <shininess>
              <float sid="shininess">4.88955736</float>
            </shininess>
            <transparency>
              <float sid="transparency">1</float>
            </transparency>
          </phong>
        </technique>
      </profile_COMMON>
    </effect>
    <effect id="CapMT-fx" name="CapMT">
      <profile_COMMON>
        <newparam sid="CapMT-diffuse-surface">
          <surface type="2D">
            <init_from>CapMT-diffuse-image</init_from>
          </surface>
        </newparam>
        <newparam sid="CapMT-diffuse-sampler">
          <sampler2D>
            <source>CapMT-diffuse-surface</source>
          </sampler2D>
        </newparam>
        <technique sid="standard">
          <phong>
            <emission>
              <color sid="emission">0   0   0   1</color>
            </emission>
            <diffuse>
              <texture texture="CapMT-diffuse-sampler" texcoord="CHANNEL0" />
            </diffuse>
            <shininess>
              <float sid="shininess">4.88955736</float>
            </shininess>
            <transparency>
              <float sid="transparency">1</float>
            </transparency>
          </phong>
        </technique>
      </profile_COMMON>
    </effect>
    <effect id="material_7-fx" name="">
      <profile_COMMON>
        <technique sid="standard">
          <phong>
            <emission>
              <color sid="emission">0   0   0   1</color>
            </emission>
            <diffuse>
              <color sid="diffuse">1   1   1   1</color>
            </diffuse>
            <shininess>
              <float sid="shininess">0</float>
            </shininess>
            <transparency>
              <float sid="transparency">1</float>
            </transparency>
          </phong>
        </technique>
      </profile_COMMON>
    </effect>
  </library_effects>
  <library_materials>
    <material id="BodyMT" name="BodyMT">
      <instance_effect url="#BodyMT-fx"/>
    </material>
    <material id="HairMT" name="HairMT">
      <instance_effect url="#HairMT-fx"/>
    </material>
    <material id="EyeMT" name="EyeMT">
      <instance_effect url="#EyeMT-fx"/>
    </material>
    <material id="HandMT" name="HandMT">
      <instance_effect url="#HandMT-fx"/>
    </material>
    <material id="FaceMT" name="FaceMT">
      <instance_effect url="#FaceMT-fx"/>
    </material>
    <material id="HairMT.001" name="HairMT.001">
      <instance_effect url="#HairMT.001-fx"/>
    </material>
    <material id="CapMT" name="CapMT">
      <instance_effect url="#CapMT-fx"/>
    </material>
    <material id="material_7" name="">
      <instance_effect url="#material_7-fx"/>
    </material>
  </library_materials>
  <library_geometries>
    <geometry id="Mario__BodyMT_BodyMT_0" name="Mario__BodyMT_BodyMT_0" >
      <mesh>
        <source id="Mario__BodyMT_BodyMT_0-positions" name="Mario__BodyMT_BodyMT_0-positions">
          <float_array id="Mario__BodyMT_BodyMT_0-positions-array" count="1023"> -0.357065827 1.81675947 0.491081089 -0.499160916 1.82745945 0.379419208 -0.588708401 1.72220469 0.341209233 -0.604415715 1.62307215 0.351669163 -0.526009679 1.53142107 0.443224669 -0.407210708 1.56373215 0.537991464 -0.336248249 1.69283342 0.550639093 0.388739228 1.72220337 0.548971951 0.291392297 1.82745838 0.547456324 0.11616499 1.81675887 0.591669321 0.398833811 1.62307084 0.564916193 0.289967179 1.53141999 0.616665721 0.142893866 1.56373155 0.654919684 0.0729225054 1.69283295 0.637610912 -0.253697574 2.06308699 0.263317555 -0.357065827 1.81675947 0.491081089 -0.120167054 1.8166678 0.540042162 0.114373624 2.06308699 0.34155345 0.11616499 1.81675887 0.591669321 -0.0696600899 2.06293678 0.302426755 -0.187758133 2.16432118 0.0171066262 0.1542781 2.16432071 0.0898085982 -0.0163688995 2.17222714 0.0517118126 0.0310773514 2.1610074 -0.171505541 -0.141909048 2.14238286 -0.209408626 0.204524785 2.14238238 -0.135771915 0.0706711262 1.89283621 -0.35778141 -0.362366706 2.08697844 -0.1797757 -0.29059127 1.98279846 -0.348073989 -0.57141161 1.84160435 -0.0460614935 -0.45114857 2.04369378 0.067643404 -0.381990731 1.69437981 -0.430572301 -0.582704782 1.80685329 0.270026892 -0.616922498 1.58707321 -0.122950628 -0.668030798 1.60451221 0.117495261 0.393869996 2.08697748 -0.0190327931 0.374341905 2.04369283 0.243106648 0.530455112 1.84160304 0.188147277 0.396752685 1.9827975 -0.20197466 0.412207246 1.80685198 0.481501758 0.513804555 1.69437885 -0.240165308 0.552196085 1.60451043 0.376862198 0.603304327 1.58707154 0.136416331 -0.499160916 1.82745945 0.379419208 -0.357065827 1.81675947 0.491081089 -0.253697574 2.06308699 0.263317555 -0.45114857 2.04369378 0.067643404 -0.187758133 2.16432118 0.0171066262 -0.582704782 1.80685329 0.270026892 -0.362366706 2.08697844 -0.1797757 -0.588708401 1.72220469 0.341209233 -0.141909048 2.14238286 -0.209408626 -0.668030798 1.60451221 0.117495261 -0.29059127 1.98279846 -0.348073989 -0.604415715 1.62307215 0.351669163 0.0706711262 1.89283621 -0.35778141 -0.63079083 1.48657739 0.290859789 -0.381990731 1.69437981 -0.430572301 -0.526009679 1.53142107 0.443224669 -0.632382035 1.39041197 0.0717982948 -0.616922498 1.58707321 -0.122950628 -0.574719071 1.35198319 0.337189794 -0.456164092 1.30941594 0.459100664 -0.606685817 1.40355027 -0.120423697 -0.374746621 1.4437288 0.52494508 -0.407210708 1.56373215 0.537991464 -0.458075583 1.41083229 -0.446407914 -0.13475439 1.56271076 0.608668685 -0.336248249 1.69283342 0.550639093 -0.120167054 1.8166678 0.540042162 -0.357065827 1.81675947 0.491081089 -0.13166444 1.69296014 0.594132364 0.0729225054 1.69283295 0.637610912 0.11616499 1.81675887 0.591669321 0.142893866 1.56373155 0.654919684 0.291392297 1.82745838 0.547456324 0.114373624 2.06308699 0.34155345 0.11616499 1.81675887 0.591669321 0.118542582 1.44372821 0.629796863 0.374341905 2.04369283 0.243106648 0.1542781 2.16432071 0.0898085982 0.412207246 1.80685198 0.481501758 0.393869996 2.08697748 -0.0190327931 0.388739228 1.72220337 0.548971951 0.204524785 2.14238238 -0.135771915 0.552196085 1.60451043 0.376862198 0.396752685 1.9827975 -0.20197466 0.398833811 1.62307084 0.564916193 0.513804555 1.69437885 -0.240165308 0.447661787 1.48657584 0.520091712 0.289967179 1.53141999 0.616665721 0.538215399 1.39041054 0.320616186 0.603304327 1.58707154 0.136416331 0.377593219 1.35198212 0.539609849 0.219702214 1.30941498 0.602760315 0.0507057272 1.27050579 0.590236604 0.245014697 1.13215601 0.469609171 0.381420523 1.18379796 0.420263767 -0.133291349 1.44451642 0.601784945 0.0564367771 1.10397279 0.49228245 -0.296684355 1.27050626 0.516396642 -0.120534725 1.26645601 0.54176861 -0.425131291 1.13215685 0.327165395 -0.262078851 1.10397315 0.424579948 -0.10057044 1.10026014 0.447842956 -0.529673517 1.18379927 0.226604968 -0.0272818226 1.07274187 0.103046596 -0.578566253 1.21142352 0.0578347519 -0.555006146 1.22346914 -0.118409857 -0.418748558 1.23014569 -0.417298347 -0.303542495 1.39516354 -0.496541977 -0.277059495 1.21577978 -0.4632653 0.0814562216 1.62061512 -0.408522964 0.0828347653 1.3767724 -0.415009946 0.0772019029 1.19891739 -0.388510466 0.46897009 1.39516258 -0.332339525 0.431241393 1.21577883 -0.312711447 0.58975178 1.41083097 -0.223685548 0.541984439 1.23014462 -0.213088453 0.592924416 1.40354872 0.134561077 0.544893086 1.22346759 0.115380697 0.494731247 1.21142209 0.285970926 0.393780738 2.00410938 0.160077199 0.323376447 1.92561603 0.115429237 0.284644872 1.95775104 0.220040262 0.228168711 1.86859787 0.13931033 0.276307046 1.94494557 0.359201252 0.420894533 1.94562125 0.0251157787 0.30240038 1.85985637 0.0294533204 0.15448457 1.75263691 0.18506211 0.314605981 1.73378098 -0.0519053079 0.51171881 2.04494286 0.229857713 0.523723781 1.9133476 -0.0111794528 0.479367346 1.52567399 0.0901388749 0.329234362 1.54335368 0.312324166 0.664184093 1.81742537 0.354325324 0.443457395 1.72366583 0.475600392 0.686377585 1.69505954 0.116096981 0.442544043 1.54554915 0.321752369 0.53081888 1.53515375 0.191112354 0.652536154 1.6347487 0.206375256 0.639486849 1.70669699 0.346448094 0.555017948 1.61474323 0.296688557 0.50970453 1.65156853 0.417755067 0.627015948 1.42969787 0.511704504 0.517914534 1.57973099 0.58136642 0.437704295 1.4138999 0.467146963 0.727138579 1.60194361 0.529291809 0.448245376 1.74406242 0.40539211 0.597355723 1.33362317 0.344480932 0.787837982 1.44656503 0.376156092 0.725246012 1.60384369 0.191763714 0.3609173 1.56351531 0.281036764 0.534736156 1.47611487 0.147485226 0.676035941 1.76824605 0.348696232 0.527289808 1.57429206 0.159445226 0.425088108 1.6256814 0.237970516 0.476434946 1.73183882 0.311088473 0.610370636 1.74605823 0.277752608 0.535873532 1.66589296 0.234663129 0.639171958 1.64963293 0.185729325 0.342689097 0.73900187 -0.4482072 0.486666232 0.947139859 -0.596603394 0.625267565 0.738338888 -0.366249442 0.372449666 0.581415892 -0.200933218 0.67693615 1.12663209 0.000465657708 0.148188919 0.919262946 -0.573653817 0.0775991902 0.693233073 -0.329116166 0.0139688747 1.07203031 0.0454165041 0.370893568 0.936672628 0.200585261 0.486375004 1.34969532 -0.246551886 0.333474606 1.20196795 -0.0290460549 0.130082414 1.32035112 -0.222394407 0.340773821 0.820036411 -0.376469523 0.486666232 0.947139859 -0.596603394 0.148188919 0.919262946 -0.573653817 0.0775991902 0.693233073 -0.329116166 0.117106862 0.755003989 -0.880911887 0.625267565 0.738338888 -0.366249442 0.372449666 0.581415892 -0.200933218 0.369002849 0.29673788 -0.550793827 0.037905056 0.453529239 -0.659737289 0.497154444 0.784534216 -0.908661783 0.334138662 0.528681457 -0.781452596 0.652834475 0.50131005 -0.704637587 -0.350400269 0.66180867 0.349895686 -0.630019724 0.75138855 0.368775398 -0.50287956 0.549992979 0.125575393 -0.369104743 0.88411051 0.542497635 -0.676144719 1.17245841 0.0393911153 -0.163388327 0.558245599 0.148991555 -0.0807109252 0.7647416 0.406663775 -0.497889012 0.955088019 -0.221498504 -0.360300273 1.33312178 0.249686435 -0.0111915944 1.18862259 0.0852559507 -0.335232168 1.14381516 -0.0470405668 -0.140529111 0.963774979 -0.196849778 -0.34796986 0.74122268 0.286666989 -0.163388327 0.558245599 0.148991555 -0.50287956 0.549992979 0.125575393 -0.0807109252 0.7647416 0.406663775 -0.150406986 0.229722276 0.37641418 -0.630019724 0.75138855 0.368775398 -0.369104743 0.88411051 0.542497635 -0.531590998 0.220453441 0.350124359 -0.381390899 0.595492899 0.818337083 -0.0575784072 0.461509466 0.665785611 -0.360293955 0.351811886 0.598356664 -0.674346626 0.446512073 0.623247802 -0.451799899 2.0050745 -0.0825885385 -0.395582616 1.92970014 0.0112922611 -0.352823049 1.94883537 -0.0949231833 -0.282385707 1.88048255 -0.0378937274 -0.471830636 1.85738969 0.103794813 -0.375411898 2.0128293 -0.210944816 -0.268643379 1.92543888 -0.162173226 -0.227658227 1.75122452 -0.00230215886 -0.198015124 1.84819746 -0.270379603 -0.59309423 2.01997614 -0.098711051 -0.422848701 2.00684476 -0.314127803 -0.360129774 1.6114316 -0.361440927 -0.387923717 1.52050781 -0.110086307 -0.73056376 1.77249479 -0.200481161 -0.616864443 1.62005031 -0.010607712 -0.571892798 1.76716793 -0.417308033 -0.479501903 1.52646577 -0.177248389 -0.463159591 1.57992685 -0.325039297 -0.587671459 1.67149627 -0.357887775 -0.680966318 1.67462826 -0.230398536 -0.56508261 1.60750234 -0.241866231 -0.614113688 1.58499444 -0.118757211 -0.721085548 1.34796286 -0.319588512 -0.565508604 1.30492389 -0.209965244 -0.746886134 1.39053023 -0.127785966 -0.847162127 1.49955535 -0.28602019 -0.624504387 1.59596574 -0.0526559316 -0.553687096 1.36104167 -0.418988943 -0.729223788 1.48612094 -0.478860766 -0.603143215 1.69307125 -0.416169226 -0.427031219 1.50276279 -0.142127842 -0.414160669 1.5638603 -0.369700372 -0.446929216 1.62994814 -0.303399026 -0.454496741 1.59402406 -0.169591472 -0.733678758 1.71466601 -0.224931881 -0.570606291 1.64882529 -0.116984099 -0.533442616 1.65967631 -0.227545187 -0.634798348 1.71861815 -0.218278468 -0.558213115 1.70592237 -0.330390722 0.454825819 1.50426626 0.363955617 0.294966549 1.42542493 0.505974293 0.571061194 1.40884399 0.373694301 0.510481477 1.48301935 0.118473418 -0.0164703876 1.50580645 0.114207685 0.35107699 1.3043493 0.615652978 0.607201934 1.40884399 0.116537616 0.0970238671 1.38381743 0.542641819 0.591246307 1.17474341 0.308890671 0.0873353481 1.27136219 0.628191531 0.650591493 1.18620884 0.121763349 0.420176834 1.10341406 0.467977256 0.639496565 1.40884423 -0.113252714 0.534820199 0.970752478 0.213339701 0.494587094 1.50312424 -0.134628981 0.669621885 1.17700803 -0.128507748 0.580034494 1.38528323 -0.288769722 0.570313931 0.970752597 -0.0213731974 0.306838453 1.46340072 -0.312788755 0.477554351 0.955903709 -0.172297984 0.628012538 1.1581645 -0.288814157 0.369605124 1.34206688 -0.395820469 0.417954147 1.09960234 -0.393613875 0.435457587 0.947280467 0.332405895 0.246595725 0.920119405 0.355557829 0.330233455 0.941132367 -0.249060914 0.0602820814 1.06031132 -0.431918472 0.158629432 1.06589139 0.533799887 -0.0446372069 0.915671051 0.314627975 -0.0709059462 1.06277466 0.501541018 -0.084596172 1.26578879 0.598952532 0.0404256769 0.910041511 -0.290631294 -0.0715738013 1.37688744 0.506292462 -0.243659496 1.3838172 0.494762212 -0.257926732 1.27136219 0.579668343 -0.300441384 1.06589127 0.46928218 -0.507995605 1.30434895 0.494919062 -0.423827529 1.4254247 0.404955059 -0.335870177 0.920119166 0.273698121 -0.249613941 0.941132128 -0.330552578 -0.533713937 1.1034137 0.333917648 -0.412386447 0.955903411 -0.297370106 -0.511034489 0.94727999 0.199386105 -0.573729157 0.97075206 0.0575443953 -0.654306829 1.17474294 0.133840919 -0.65276587 1.4088434 0.201697901 -0.659774244 1.18620825 -0.0623951852 -0.538348973 1.5042659 0.224375039 -0.61662519 1.40884352 -0.0554587916 -0.524185121 1.48301888 -0.0269384217 -0.584330559 1.40884352 -0.285249114 -0.439142615 1.50312376 -0.265855163 -0.543152988 0.97075206 -0.177859604 -0.60908401 1.17700744 -0.30821681 -0.478793383 1.38528287 -0.437577248 -0.524900496 1.15816379 -0.450844318 -0.294092715 1.09960222 -0.493684828 -0.247008562 1.34206653 -0.482479185 0.0602820143 1.33379591 -0.431918412 -0.209559813 1.46340036 -0.385363251 0.0498109385 1.45183516 -0.357412428 -0.0815331489 0.0713784397 0.683599949 -0.0862715021 0.670558095 0.793930471 -0.0411621295 0.512368798 1.12442982 -0.183255345 0.668718457 1.2894299 -0.375932723 0.493891746 1.12450242 -0.157630503 0.26575166 0.43853578 -0.228236675 -0.0884325802 0.531199813 -0.367543131 0.826000333 0.974079609 -0.342488885 0.183443755 0.302772224 -0.378718674 0.715533614 0.630273521 -0.447944671 -0.100559056 0.531247377 -0.591375113 0.249404758 0.409606755 -0.682349503 0.637658477 0.794059575 -0.642277181 0.038931936 0.68221724 -0.710703731 0.475414544 1.1245749 -0.552317023 0.648348689 1.28950989 0.0162255913 -0.00414423784 -0.674106002 0.164776966 -0.189110443 -0.549283385 0.0751340911 0.302513689 -0.477181792 0.0372444391 0.490320653 -1.05554497 0.349327028 -0.00399323041 -0.712264419 0.362347066 0.101735316 -0.363487601 0.531998575 -0.188943908 -0.591350436 0.12796551 0.707342148 -0.835773647 0.371998966 0.456958413 -0.428707749 0.668240011 0.302782565 -0.545125067 0.176594526 0.661355197 -1.20256853 0.309657902 0.851492941 -0.910522103 0.560401142 0.73531723 -0.873919129 0.395207137 0.66145426 -1.22761178 0.595127285 0.492260724 -1.12074661 0.682428896 -0.0038422225 -0.750422895 </float_array>
          <technique_common>
            <accessor count="341" offset="0" source="#Mario__BodyMT_BodyMT_0-positions-array" stride="3">
              <param name="X" type="float" />
              <param name="Y" type="float" />
              <param name="Z" type="float" />
            </accessor>
          </technique_common>
        </source>
        <source id="Mario__BodyMT_BodyMT_0-normals" name="Mario__BodyMT_BodyMT_0-normals">
          <float_array id="Mario__BodyMT_BodyMT_0-normals-array" count="1023"> -0.280691862 0.60347259 0.746346354 -0.546336114 0.633965433 0.547361553 -0.816078901 0.242064282 0.52480489 -0.809878707 0.138658062 0.569974065 -0.67454505 0.0450212471 0.73685956 -0.420906126 0.0321855024 0.906533003 -0.268714726 0.234291613 0.934291065 0.531980813 0.242090091 0.811411619 0.276525557 0.633916736 0.72227639 -0.0472179241 0.603469849 0.795986533 0.507912159 0.13869366 0.850170135 0.316550672 0.0442983508 0.947540641 0.0157030132 0.0322216339 0.999357402 -0.134620994 0.234280586 0.962803066 -0.248162463 0.812273204 0.52785188 -0.280709654 0.603488028 0.746327221 -0.162360907 0.624611914 0.763871014 0.0120613817 0.811796129 0.583816409 -0.0472065546 0.603477478 0.795981467 -0.122508973 0.807957411 0.576364756 -0.191009462 0.97201407 0.136762694 0.118871346 0.972013831 0.202629387 -0.0374523997 0.983641088 0.176203221 0.0848851874 0.912875772 -0.399314791 -0.0371237397 0.86394465 -0.502216578 0.238353819 0.86392796 -0.443639368 0.19647105 0.326844245 -0.924430609 -0.604468346 0.711743057 -0.357826591 -0.331764609 0.462381542 -0.822274625 -0.865513802 0.40596661 -0.293388695 -0.646374464 0.751372099 0.132815778 -0.418630749 0.309680223 -0.853725016 -0.85221982 0.492814898 0.175655544 -0.898130596 0.165479705 -0.407403797 -0.991259515 0.126093388 -0.0387954228 0.697713077 0.711775362 -0.081069462 0.537236273 0.750639379 0.384600788 0.909963608 0.406105906 0.0839300007 0.63782382 0.461205184 -0.616822958 0.707017422 0.49289909 0.507126093 0.729849875 0.308980852 -0.609795034 0.921258211 0.126771256 0.367712289 0.986070395 0.166187882 -0.00683967676 -0.546331704 0.633961439 0.547370613 -0.280707359 0.603494227 0.746323049 -0.248192444 0.812266648 0.527847886 -0.646373153 0.751372933 0.132817402 -0.191011727 0.972014427 0.136756808 -0.852217555 0.492814511 0.175667644 -0.604465723 0.711737096 -0.357842952 -0.816098154 0.242062733 0.524775624 -0.0371192619 0.863947272 -0.502212405 -0.991261125 0.126085207 -0.0387798734 -0.331774235 0.46240744 -0.822256207 -0.809855163 0.138679788 0.570002258 0.196496144 0.326800495 -0.924440742 -0.942932725 -0.15495941 0.294729531 -0.418615848 0.309696645 -0.853726387 -0.67454809 0.0450541228 0.736854792 -0.967447877 -0.25306946 -0.000693851674 -0.898136497 0.16546151 -0.407398194 -0.841938972 -0.363062799 0.399154305 -0.587718189 -0.42549625 0.688142598 -0.928431928 -0.193236873 -0.3172912 -0.327631414 -0.173590899 0.928721607 -0.420904398 0.0321902707 0.906533659 -0.761101365 -0.0562286191 -0.64619118 -0.207851291 -0.0243511833 0.977857292 -0.268691987 0.234288856 0.934298337 -0.162350222 0.624637604 0.763852239 -0.280721903 0.603478611 0.746330202 -0.201885551 0.238767475 0.949859083 -0.134603336 0.234297708 0.962801397 -0.0471995622 0.60348022 0.795979798 0.0157088321 0.0322101563 0.999357641 0.276553005 0.633934498 0.722250342 0.012086207 0.811794221 0.583818555 -0.0472341701 0.603484929 0.795974195 -0.0784558728 -0.173971355 0.981620431 0.537233233 0.750644147 0.384595633 0.118876815 0.97201407 0.202625066 0.707023442 0.492895722 0.507120907 0.697717369 0.711773098 -0.0810527503 0.531957865 0.242074803 0.81143117 0.238351539 0.863924265 -0.443647802 0.921257854 0.126764134 0.367715746 0.637822032 0.46122241 -0.616811931 0.507904112 0.138681039 0.85017705 0.729826868 0.30900225 -0.609811723 0.741584778 -0.154208198 0.652894974 0.316554248 0.0442663394 0.947540998 0.884089053 -0.253071308 0.392863214 0.98606348 0.16622895 -0.00684072124 0.606723189 -0.363387823 0.706991017 0.256961614 -0.425190657 0.867861509 -0.0791877359 -0.409185886 0.909008384 0.310979068 -0.838382185 0.447668791 0.545895696 -0.741691828 0.389732093 -0.204221532 -0.187582195 0.960784316 0.0240417514 -0.837597847 0.545758069 -0.29742682 -0.409191251 0.862612188 -0.193222836 -0.369192123 0.909044623 -0.466350377 -0.838272572 0.282517999 -0.244041175 -0.837580562 0.488776743 -0.113150708 -0.838943243 0.532326102 -0.657029212 -0.741871417 0.133938015 0.0237230472 -0.993468881 -0.111610226 -0.672475517 -0.739347637 -0.0337895602 -0.596736968 -0.768257558 -0.231700838 -0.52987498 -0.734578133 -0.423824817 0.0245651603 0.00119278778 -0.999697506 -0.00178824109 -0.707725406 -0.706485331 0.20534499 0.156631559 -0.966074526 0.207248494 -0.079722546 -0.975034535 0.136438265 -0.754536152 -0.641918838 0.384091884 0.00157128775 -0.923293531 0.289065868 -0.707535148 -0.644852638 0.958077192 -0.0562662818 -0.280930996 0.656447053 -0.734580338 -0.171665221 0.977289259 -0.19286038 0.0878095627 0.639607787 -0.768072903 0.0310784206 0.628134012 -0.739276648 0.24272956 -0.234569699 0.947492778 -0.217335105 -0.54126209 0.726396203 -0.423537403 -0.630697489 0.775885403 -0.0149180992 -0.832098722 0.461421072 -0.30773741 -0.414126843 0.37858361 0.827751994 -0.171542943 0.717844069 -0.674739122 -0.577244699 0.419751376 -0.700426519 -0.907318652 -0.404515266 0.114631109 -0.250937939 -0.478339851 -0.841558754 0.546530366 0.782811821 0.297506571 0.631822586 0.26070857 -0.729952931 -0.0725764781 -0.713503361 -0.696882784 -0.721895874 -0.638969481 0.265677214 0.713126421 0.547070444 0.438365906 -0.235329926 0.140159532 0.961756289 0.807329535 0.0235244725 -0.589631796 0.0744267181 -0.88421607 0.461110234 0.388867438 -0.921282768 -0.00449651619 0.822712302 -0.566271365 0.0498118475 0.776196957 -0.309793949 0.549132049 0.541261852 -0.726396263 0.423537552 0.314134806 -0.505841911 0.803394854 0.24910152 -0.629378259 0.736092031 -0.428971291 0.394956023 0.812399745 -0.8505072 -0.478185713 0.219034076 0.666123688 0.512176394 0.54217577 -0.533974886 0.633711934 0.559714198 -0.0163494796 -0.90466696 -0.425805539 0.929047406 -0.285975933 -0.23470971 0.856074452 -0.0590850599 -0.513464153 -0.962465525 -0.266434073 -0.0517004952 -0.106742471 -0.6953457 -0.710704207 0.593517601 0.756854296 0.273694038 -0.252890527 0.191202655 -0.948413372 -0.664203644 0.395932496 -0.634090662 -0.459025919 0.819729924 -0.342546433 0.0777501985 0.876188815 -0.475655437 -0.250058413 0.628336608 -0.736657262 0.208207577 0.485627562 -0.84900856 0.0147873927 -0.73638916 -0.676396608 0.473835289 0.31559816 -0.822117925 0.911497772 -0.398537964 -0.101682067 0.102841698 -0.888814569 0.446578413 0.932900429 0.103364319 0.344982028 -0.620768905 0.231626496 -0.748996079 -0.839722216 -0.542739153 0.0173434503 -0.881693304 -0.0454916917 0.469624758 0.0966077521 -0.436746567 0.894382119 0.454029411 0.794297218 -0.403669655 -0.0147245862 0.73639667 0.676389754 -0.623901665 0.706365228 -0.334357321 0.0132072819 0.589094162 0.807956457 0.429644614 0.855727732 -0.288332373 -0.610044837 0.766083956 -0.202387527 -0.835344076 0.0464601591 0.547760606 -0.624006748 0.336466789 -0.705269933 0.882404089 0.187601879 0.43147257 0.0888038501 -0.290745616 0.952670395 0.0919533744 -0.969709516 0.22629191 -0.854860425 -0.514924049 -0.0637719333 0.443028629 0.436373919 -0.783136904 -0.0132051921 -0.589216471 -0.807867289 0.906039894 -0.376239359 -0.193741277 -0.0247573592 -0.776269019 0.629915476 -0.907211661 -0.131388962 0.399629742 -0.506576478 -0.752027452 -0.421704829 -0.0723937228 0.314425439 0.946517706 -0.922522485 0.384678632 -0.0312178489 0.591266811 -0.725744784 -0.351707309 0.849087238 -0.0880258828 0.520866871 -0.481096894 -0.268821061 -0.834434569 -0.0591450147 0.823051035 0.564879537 0.897585213 0.430706233 0.0939836651 0.0245820675 0.776242137 -0.629955471 0.599909365 -0.246156603 -0.761259258 0.0245591272 0.776488602 -0.6296525 0.589529097 -0.106589094 -0.800683618 -0.453767627 -0.146374732 -0.879016161 0.852230668 0.522937357 0.0154706407 0.583856046 -0.753224909 -0.302926242 -0.870598435 0.481084168 -0.103035726 -0.0515371896 0.902043045 0.42855832 -0.486424893 -0.780050397 -0.393588871 -0.0737344697 0.279866695 0.95720315 0.854681909 -0.0828290358 0.512501895 -0.024922017 -0.776409984 0.629735172 -0.912190557 -0.126582101 0.389724731 0.0861767605 0.928895295 0.360176563 0.300368249 0.65890187 0.689657331 0.495973349 0.797571063 0.343352318 0.706290126 0.488675535 0.512201607 -0.286578417 -0.0472008288 0.956893325 0.374220163 0.924881101 -0.0674845949 0.765740633 0.639211416 0.0710639358 0.707860827 -0.477723539 0.520301104 0.819214046 -0.0836491436 -0.5673545 -0.779160261 0.6137321 0.127444997 -0.0883108303 0.595089197 -0.798792839 0.650255978 -0.343053371 -0.677850664 0.531051219 -0.740462363 0.411946714 -0.935444057 0.352647156 0.024174314 -0.44822225 -0.306192786 0.839846849 -0.250000149 0.333448738 -0.909016967 -0.131012276 -0.988831818 -0.0710448995 -0.0721041486 -0.798383832 -0.597816288 -0.516490161 -0.471664518 -0.714682102 -0.848429203 -0.460771769 -0.260494262 -0.495973319 -0.797571063 -0.343352407 -0.610118032 -0.780292153 0.137477875 -0.502382576 -0.827536941 -0.250588089 0.517004907 -0.743644416 0.423909009 -0.432539254 -0.289130062 0.853998601 -0.9593485 0.280904055 0.0272656083 -0.2559717 0.00752117857 0.966655016 0.583151102 -0.454287708 -0.673466742 -0.329555184 0.19243288 -0.924317539 -0.148348302 0.502474666 -0.851769924 0.719707549 -0.46066469 0.519431531 0.783744514 -0.157985508 -0.600653887 0.786482275 0.612260878 -0.0811312199 0.757416427 0.467130035 0.456190586 -0.792242289 0.599434137 0.114152946 0.294504285 0.686119795 0.665211856 0.50369823 0.826776683 0.250456423 0.0370129496 0.965118647 0.259183496 0.339006275 0.918170691 -0.205030143 0.195184052 0.93796581 0.286571741 0.0274022892 0.835330069 0.549065351 0.774394751 0.409288794 0.482488811 0.27019152 0.9623366 0.0300802216 -0.0081562968 0.998281181 0.0580353364 0.369942099 0.178124249 0.911819398 0.818127155 0.562604845 0.118927337 -0.106942832 0.828137577 0.550228477 0.863469601 -0.194943473 0.465206683 -0.0788235068 0.0175728984 0.996733665 0.967011333 -0.195287764 0.163559586 0.508990526 -0.466100574 0.723656654 0.809025347 0.562952518 -0.169004306 0.630739093 -0.757200778 0.169750333 0.210256472 0.966639221 -0.146290123 0.959972143 -0.244923189 -0.135890007 0.621660948 0.423246503 -0.65909034 0.701489806 -0.712541401 -0.014028986 0.0598635785 0.909064353 -0.412332833 0.35025546 -0.911910534 -0.213869825 0.725108027 -0.240692645 -0.645201862 0.219698012 0.183459893 -0.958162427 0.296606988 -0.316630006 -0.900982678 0.230454698 -0.960041344 0.158780605 0.0758633912 -0.98378551 0.162514001 0.150478929 -0.958649933 -0.241550058 0.129924268 -0.358451962 -0.924463034 0.0147569552 -0.64168942 0.766822636 -0.0217695311 -0.987677693 0.154980153 -0.1046324 -0.659365475 0.744506061 -0.138612583 -0.0896183923 0.986283481 0.0297181197 -0.976952672 -0.211377069 -0.0722448453 0.854796946 0.5139094 -0.0487775728 0.828314126 0.558136642 -0.199007303 0.0175711438 0.979840457 -0.225282341 -0.641947269 0.732906222 -0.606941283 0.178123951 0.774528325 -0.177870303 0.835313261 0.520205617 -0.117798239 -0.98372227 0.135698602 -0.0780356452 -0.958667517 -0.27361837 -0.688738167 -0.466100961 0.555328369 -0.277635306 -0.911981881 -0.302006125 -0.265012264 -0.960118175 0.0891157612 -0.652942121 -0.757332325 -0.0106951082 -0.958110809 -0.195692927 0.209112361 -0.877258003 0.409602433 0.250288397 -0.9745574 -0.195688903 -0.109287597 -0.266606748 0.937962711 0.221690729 -0.819591641 0.562048912 -0.111222759 -0.268015563 0.962336183 -0.0455718003 -0.730494201 0.563883483 -0.385244846 -0.161789685 0.966639102 -0.198577166 -0.67053473 -0.712430716 -0.206943706 -0.885328233 -0.244923368 -0.395229578 -0.416280031 0.422404468 -0.805161715 -0.519178629 -0.240693286 -0.820073307 -0.0369200557 -0.317424983 -0.947564423 0.0529119782 0.183846846 -0.981529772 0.136523902 0.194144934 -0.971426249 0.0559902936 0.909115076 -0.412764877 0.0621692315 0.894691527 -0.442337066 0.450056732 -0.6991027 0.55561167 0.82152307 0.490082353 -0.291408926 0.622284114 -0.476959437 0.620702982 0.428037047 0.521418989 0.738177836 0.0392422192 -0.708228171 0.704892159 0.749035656 0.20077379 -0.631375849 0.237021357 -0.886071742 0.398368835 -0.0431456827 0.996535301 0.0711042657 0.043148037 0.0674361587 -0.996790171 -0.0374279357 0.744897485 -0.666128278 -0.127773836 -0.914868474 0.383000731 -0.714993298 0.137840971 -0.685408294 -0.850086808 0.455644339 -0.264084518 -0.387895495 -0.74221009 0.546499133 -0.543773293 -0.522864878 0.656447172 -0.467178643 0.511399686 0.721258938 -0.657710254 -0.548863292 -0.515913069 -0.407645583 -0.797196448 0.445312172 -0.787429571 0.230036721 0.571872175 -0.497707039 -0.456564814 -0.737452567 -0.0902469158 -0.606162965 -0.790203691 0.0999037698 -0.201323539 0.974416792 0.485315949 -0.7851879 0.384640574 -0.726936996 0.60467881 0.325462937 0.0899459347 0.562704444 0.821750224 0.878737092 0.196398646 0.435027272 -0.29360798 -0.277509093 -0.914758444 -0.025080502 0.979702175 0.19888328 0.731533825 0.656674862 0.183402419 0.0687211305 -0.260526508 -0.963017821 0.336395591 -0.44701165 -0.828865826 0.503212035 -0.585900247 -0.635215342 </float_array>
          <technique_common>
            <accessor count="341" offset="0" source="#Mario__BodyMT_BodyMT_0-normals-array" stride="3">
              <param name="X" type="float" />
              <param name="Y" type="float" />
              <param name="Z" type="float" />
            </accessor>
          </technique_common>
        </source>
        <source id="Mario__BodyMT_BodyMT_0-tex0" name="Mario__BodyMT_BodyMT_0-tex0">
          <float_array id="Mario__BodyMT_BodyMT_0-tex0-array" count="682"> 0.0509643555 0.0429077148 0.341308594 0.0172729492 0.498046875 0.186889648 0.512207031 0.348876953 0.326660156 0.506835938 0.0696411133 0.470703125 -0.0297393799 0.251708984 0.498046875 0.186889648 0.341308594 0.0172729492 0.0509643555 0.0429077148 0.512207031 0.348876953 0.326660156 0.506835938 0.0696411133 0.470703125 -0.0297393799 0.251708984 0.756835938 0.87890625 0.759765625 0.892089844 0.74609375 0.892089844 0.756835938 0.87890625 0.759765625 0.892089844 0.74609375 0.87890625 0.755859375 0.874511719 0.755859375 0.874511719 0.74609375 0.874023438 0.74609375 0.875488281 0.755859375 0.876464844 0.755859375 0.876464844 0.74609375 0.890625 0.772949219 0.640136719 0.771484375 0.645996094 0.782226562 0.65234375 0.774902344 0.641601562 0.776855469 0.661132812 0.779296875 0.653320312 0.78515625 0.665527344 0.78515625 0.6640625 0.772949219 0.640136719 0.774902344 0.641601562 0.782226562 0.65234375 0.771484375 0.645996094 0.779296875 0.653320312 0.776855469 0.661132812 0.78515625 0.6640625 0.78515625 0.665527344 0.12512207 -1.265625 0.0892944336 -1.26464844 0.0774536133 -1.31542969 0.12902832 -1.30957031 0.0744628906 -1.33496094 0.148193359 -1.25976562 0.121276855 -1.31542969 0.146240234 -1.2421875 0.075012207 -1.32714844 0.173583984 -1.21386719 0.113464355 -1.29003906 0.149169922 -1.22070312 0.0358886719 -1.26953125 0.160766602 -1.18945312 0.136962891 -1.22558594 0.127929688 -1.20117188 0.16796875 -1.15820312 0.173583984 -1.20703125 0.148071289 -1.15234375 0.118408203 -1.14257812 0.171264648 -1.15820312 0.0915527344 -1.17480469 0.0979614258 -1.20996094 0.154174805 -1.15527344 0.0358886719 -1.20898438 0.0820922852 -1.23828125 0.0358886719 -1.26464844 0.0892944336 -1.26464844 0.0358886719 -1.23828125 0.0820922852 -1.23828125 0.0892944336 -1.26464844 0.0979614258 -1.20996094 0.12512207 -1.265625 0.0774536133 -1.31542969 0.0892944336 -1.26464844 0.0915527344 -1.17480469 0.12902832 -1.30957031 0.0744628906 -1.33496094 0.148193359 -1.25976562 0.121276855 -1.31542969 0.146240234 -1.2421875 0.075012207 -1.32714844 0.173583984 -1.21386719 0.113464355 -1.29003906 0.149169922 -1.22070312 0.136962891 -1.22558594 0.160766602 -1.18945312 0.127929688 -1.20117188 0.16796875 -1.15820312 0.173583984 -1.20703125 0.148071289 -1.15234375 0.118408203 -1.14257812 0.0750732422 -1.13671875 0.11151123 -1.10351562 0.138671875 -1.11425781 0.0358886719 -1.17578125 0.0718383789 -1.09863281 0.0750732422 -1.13671875 0.0358886719 -1.13476562 0.11151123 -1.10351562 0.0718383789 -1.09863281 0.0358886719 -1.09765625 0.138671875 -1.11425781 0.0358886719 -1.08691406 0.156982422 -1.11816406 0.16003418 -1.11816406 0.144287109 -1.11621094 0.12310791 -1.15039062 0.115844727 -1.11132812 0.0358886719 -1.20898438 0.0358886719 -1.14648438 0.0358886719 -1.10742188 0.12310791 -1.15039062 0.115844727 -1.11132812 0.154174805 -1.15527344 0.144287109 -1.11621094 0.171264648 -1.15820312 0.16003418 -1.11816406 0.156982422 -1.11816406 0.639648438 0.8125 0.639648438 0.814941406 0.639648438 0.813964844 0.639648438 0.816894531 0.641113281 0.813476562 0.639648438 0.813964844 0.639648438 0.816894531 0.641113281 0.819335938 0.641113281 0.819335938 0.641113281 0.809570312 0.641113281 0.813476562 0.648925781 0.818847656 0.648925781 0.818847656 0.648925781 0.810058594 0.648925781 0.813476562 0.648925781 0.813476562 0.649902344 0.817382812 0.649902344 0.817382812 0.649902344 0.813964844 0.649902344 0.812011719 0.649902344 0.814941406 0.649902344 0.813964844 0.658691406 0.814941406 0.657226562 0.813476562 0.657226562 0.817871094 0.657226562 0.811035156 0.650390625 0.813476562 0.657226562 0.817871094 0.657226562 0.813476562 0.650390625 0.813476562 0.650390625 0.818359375 0.650390625 0.818359375 0.650390625 0.810546875 0.649414062 0.816894531 0.649414062 0.816894531 0.649414062 0.813964844 0.649414062 0.8125 0.649414062 0.814941406 0.649414062 0.813964844 0.836425781 0.314453125 0.866210938 0.306152344 0.881835938 0.306152344 0.834960938 0.306152344 0.891113281 0.217773438 0.809570312 0.306152344 0.790527344 0.306152344 0.780761719 0.217773438 0.834472656 0.217773438 0.867675781 0.217773438 0.836425781 0.21105957 0.808105469 0.217773438 0.836425781 0.297851562 0.866210938 0.306152344 0.809570312 0.306152344 0.790527344 0.306152344 0.806640625 0.372070312 0.881835938 0.306152344 0.834960938 0.306152344 0.834960938 0.372070312 0.784667969 0.372070312 0.869628906 0.372070312 0.836425781 0.380371094 0.887207031 0.372070312 0.836425781 0.314453125 0.881835938 0.306152344 0.866210938 0.306152344 0.834960938 0.306152344 0.891113281 0.217773438 0.809570312 0.306152344 0.790527344 0.306152344 0.867675781 0.217773438 0.834472656 0.217773438 0.780761719 0.217773438 0.836425781 0.21105957 0.808105469 0.217773438 0.836425781 0.297851562 0.809570312 0.306152344 0.866210938 0.306152344 0.790527344 0.306152344 0.806640625 0.372070312 0.881835938 0.306152344 0.834960938 0.306152344 0.869628906 0.372070312 0.834960938 0.372070312 0.784667969 0.372070312 0.836425781 0.380371094 0.887207031 0.372070312 0.639648438 0.8125 0.639648438 0.813964844 0.639648438 0.814941406 0.639648438 0.816894531 0.641113281 0.813476562 0.639648438 0.813964844 0.639648438 0.816894531 0.641113281 0.819335938 0.641113281 0.819335938 0.641113281 0.809570312 0.641113281 0.813476562 0.648925781 0.818847656 0.648925781 0.818847656 0.648925781 0.810058594 0.648925781 0.813476562 0.648925781 0.813476562 0.649902344 0.817382812 0.649902344 0.817382812 0.649902344 0.813964844 0.649902344 0.812011719 0.649902344 0.814941406 0.649902344 0.813964844 0.658691406 0.814941406 0.657226562 0.817871094 0.657226562 0.813476562 0.657226562 0.811035156 0.650390625 0.813476562 0.657226562 0.817871094 0.657226562 0.813476562 0.650390625 0.813476562 0.650390625 0.818359375 0.650390625 0.818359375 0.649414062 0.816894531 0.649414062 0.816894531 0.650390625 0.810546875 0.649414062 0.813964844 0.649414062 0.814941406 0.649414062 0.8125 0.649414062 0.813964844 0.86328125 0.153808594 0.840332031 0.166870117 0.882324219 0.169555664 0.866699219 0.151367188 0.780273438 0.147583008 0.852050781 0.186889648 0.882324219 0.169555664 0.80859375 0.173706055 0.884277344 0.208374023 0.809082031 0.192382812 0.889648438 0.206542969 0.859863281 0.220214844 0.882324219 0.169555664 0.873046875 0.2421875 0.858398438 0.153930664 0.887207031 0.208007812 0.868652344 0.173461914 0.873535156 0.2421875 0.823242188 0.160522461 0.854492188 0.244628906 0.876464844 0.211181641 0.831542969 0.180664062 0.83984375 0.220825195 0.859375 0.24609375 0.828613281 0.250488281 0.828613281 0.247192383 0.780273438 0.227416992 0.818359375 0.22644043 0.780273438 0.251220703 0.780273438 0.226928711 0.780273438 0.193359375 0.780273438 0.252197266 0.780273438 0.174926758 0.80859375 0.173706055 0.809082031 0.192382812 0.818359375 0.22644043 0.852050781 0.186889648 0.840332031 0.166870117 0.828613281 0.250488281 0.828613281 0.247192383 0.859863281 0.220214844 0.854492188 0.244628906 0.859375 0.24609375 0.873046875 0.2421875 0.884277344 0.208374023 0.882324219 0.169555664 0.889648438 0.206542969 0.86328125 0.153808594 0.882324219 0.169555664 0.866699219 0.151367188 0.882324219 0.169555664 0.858398438 0.153930664 0.873535156 0.2421875 0.887207031 0.208007812 0.868652344 0.173461914 0.876464844 0.211181641 0.83984375 0.220825195 0.831542969 0.180664062 0.780273438 0.182006836 0.823242188 0.160522461 0.780273438 0.162475586 0.920898438 0.948242188 0.920410156 0.937011719 0.918945312 0.948242188 0.923339844 0.948242188 0.9296875 0.948242188 0.923339844 0.937988281 0.926269531 0.948242188 0.929199219 0.9375 0.929199219 0.936523438 0.9296875 0.932128906 0.933105469 0.948242188 0.9375 0.9375 0.939453125 0.937011719 0.939453125 0.948242188 0.940917969 0.948242188 0.935546875 0.948242188 0.918945312 0.948242188 0.923339844 0.948242188 0.920410156 0.937011719 0.920898438 0.948242188 0.9296875 0.948242188 0.929199219 0.9375 0.935546875 0.948242188 0.923339844 0.937988281 0.9296875 0.932128906 0.939453125 0.937011719 0.926269531 0.948242188 0.929199219 0.936523438 0.9375 0.9375 0.933105469 0.948242188 0.939453125 0.948242188 0.940917969 0.948242188 </float_array>
          <technique_common>
            <accessor count="341" offset="0" source="#Mario__BodyMT_BodyMT_0-tex0-array" stride="2">
              <param name="S" type="float" />
              <param name="T" type="float" />
            </accessor>
          </technique_common>
        </source>
        <source id="Mario__BodyMT_BodyMT_0-color0" name="Mario__BodyMT_BodyMT_0-color0">
          <float_array id="Mario__BodyMT_BodyMT_0-color0-array" count="1023"> 0.996078432 0.996078432 0.996078432 0.996078432 0.996078432 0.996078432 0.996078432 0.996078432 0.996078432 0.996078432 0.996078432 0.996078432 0.996078432 0.996078432 0.996078432 0.996078432 0.996078432 0.996078432 0.996078432 0.996078432 0.996078432 0.996078432 0.996078432 0.996078432 0.996078432 0.996078432 0.996078432 0.996078432 0.996078432 0.996078432 0.996078432 0.996078432 0.996078432 0.996078432 0.996078432 0.996078432 0.996078432 0.996078432 0.996078432 0.996078432 0.996078432 0.996078432 0.996078432 0.996078432 0.996078432 0.996078432 0.996078432 0.996078432 0.996078432 0.996078432 0.996078432 0.996078432 0.996078432 0.996078432 0.996078432 0.996078432 0.996078432 0.996078432 0.996078432 0.996078432 0.996078432 0.996078432 0.996078432 0.996078432 0.996078432 0.996078432 0.996078432 0.996078432 0.996078432 0.996078432 0.996078432 0.996078432 0.996078432 0.996078432 0.996078432 0.996078432 0.996078432 0.996078432 0.996078432 0.996078432 0.996078432 0.996078432 0.996078432 0.996078432 0.996078432 0.996078432 0.996078432 0.996078432 0.996078432 0.996078432 0.996078432 0.996078432 0.996078432 0.996078432 0.996078432 0.996078432 0.996078432 0.996078432 0.996078432 0.996078432 0.996078432 0.996078432 0.996078432 0.996078432 0.996078432 0.996078432 0.996078432 0.996078432 0.996078432 0.996078432 0.996078432 0.996078432 0.996078432 0.996078432 0.996078432 0.996078432 0.996078432 0.996078432 0.996078432 0.996078432 0.996078432 0.996078432 0.996078432 0.996078432 0.996078432 0.996078432 0.996078432 0.996078432 0.996078432 0.996078432 0.996078432 0.996078432 0.996078432 0.996078432 0.996078432 0.996078432 0.996078432 0.996078432 0.996078432 0.996078432 0.996078432 0.996078432 0.996078432 0.996078432 0.996078432 0.996078432 0.996078432 0.996078432 0.996078432 0.996078432 0.996078432 0.996078432 0.996078432 0.996078432 0.996078432 0.996078432 0.996078432 0.996078432 0.996078432 0.996078432 0.996078432 0.996078432 0.996078432 0.996078432 0.996078432 0.996078432 0.996078432 0.996078432 0.996078432 0.996078432 0.996078432 0.996078432 0.996078432 0.996078432 0.996078432 0.996078432 0.996078432 0.996078432 0.996078432 0.996078432 0.996078432 0.996078432 0.996078432 0.996078432 0.996078432 0.996078432 0.996078432 0.996078432 0.996078432 0.996078432 0.996078432 0.996078432 0.996078432 0.996078432 0.996078432 0.996078432 0.996078432 0.996078432 0.996078432 0.996078432 0.996078432 0.996078432 0.996078432 0.996078432 0.996078432 0.996078432 0.996078432 0.996078432 0.996078432 0.996078432 0.996078432 0.996078432 0.996078432 0.996078432 0.996078432 0.996078432 0.996078432 0.996078432 0.996078432 0.996078432 0.996078432 0.996078432 0.996078432 0.996078432 0.996078432 0.996078432 0.996078432 0.996078432 0.996078432 0.996078432 0.996078432 0.996078432 0.996078432 0.996078432 0.996078432 0.996078432 0.996078432 0.996078432 0.996078432 0.996078432 0.996078432 0.996078432 0.996078432 0.996078432 0.996078432 0.996078432 0.996078432 0.996078432 0.996078432 0.996078432 0.996078432 0.996078432 0.996078432 0.996078432 0.996078432 0.996078432 0.996078432 0.996078432 0.996078432 0.996078432 0.996078432 0.996078432 0.996078432 0.996078432 0.996078432 0.996078432 0.996078432 0.996078432 0.996078432 0.996078432 0.996078432 0.996078432 0.996078432 0.996078432 0.996078432 0.996078432 0.996078432 0.996078432 0.996078432 0.996078432 0.996078432 0.996078432 0.996078432 0.996078432 0.996078432 0.996078432 0.996078432 0.996078432 0.996078432 0.996078432 0.996078432 0.996078432 0.996078432 0.996078432 0.996078432 0.996078432 0.996078432 0.996078432 0.996078432 0.996078432 0.996078432 0.996078432 0.996078432 0.996078432 0.996078432 0.996078432 0.996078432 0.996078432 0.996078432 0.996078432 0.996078432 0.996078432 0.996078432 0.996078432 0.996078432 0.996078432 0.996078432 0.996078432 0.996078432 0.996078432 0.996078432 0.996078432 0.996078432 0.996078432 0.996078432 0.996078432 0.996078432 0.996078432 0.996078432 0.996078432 0.996078432 0.996078432 0.996078432 0.996078432 0.996078432 0.996078432 0.996078432 0.996078432 0.996078432 0.996078432 0.996078432 0.996078432 0.996078432 0.996078432 0.996078432 0.996078432 0.996078432 0.996078432 0.996078432 0.996078432 0.996078432 0.996078432 0.996078432 0.996078432 0.996078432 0.996078432 0.996078432 0.996078432 0.996078432 0.996078432 0.996078432 0.996078432 0.996078432 0.996078432 0.996078432 0.996078432 0.996078432 0.996078432 0.996078432 0.996078432 0.996078432 0.996078432 0.996078432 0.996078432 0.996078432 0.996078432 0.996078432 0.996078432 0.996078432 0.996078432 0.996078432 0.996078432 0.996078432 0.996078432 0.996078432 0.996078432 0.996078432 0.996078432 0.996078432 0.996078432 0.996078432 0.996078432 0.996078432 0.996078432 0.996078432 0.996078432 0.996078432 0.996078432 0.996078432 0.996078432 0.996078432 0.996078432 0.996078432 0.996078432 0.996078432 0.996078432 0.996078432 0.996078432 0.996078432 0.996078432 0.996078432 0.996078432 0.996078432 0.996078432 0.996078432 0.996078432 0.996078432 0.996078432 0.996078432 0.996078432 0.996078432 0.996078432 0.996078432 0.996078432 0.996078432 0.996078432 0.996078432 0.996078432 0.996078432 0.996078432 0.996078432 0.996078432 0.996078432 0.996078432 0.996078432 0.996078432 0.996078432 0.996078432 0.996078432 0.996078432 0.996078432 0.996078432 0.996078432 0.996078432 0.996078432 0.996078432 0.996078432 0.996078432 0.996078432 0.996078432 0.996078432 0.996078432 0.996078432 0.996078432 0.996078432 0.996078432 0.996078432 0.996078432 0.996078432 0.996078432 0.996078432 0.996078432 0.996078432 0.996078432 0.996078432 0.996078432 0.996078432 0.996078432 0.996078432 0.996078432 0.996078432 0.996078432 0.996078432 0.996078432 0.996078432 0.996078432 0.996078432 0.996078432 0.996078432 0.996078432 0.996078432 0.996078432 0.996078432 0.996078432 0.996078432 0.996078432 0.996078432 0.996078432 0.996078432 0.996078432 0.996078432 0.996078432 0.996078432 0.996078432 0.996078432 0.996078432 0.996078432 0.996078432 0.996078432 0.996078432 0.996078432 0.996078432 0.996078432 0.996078432 0.996078432 0.996078432 0.996078432 0.996078432 0.996078432 0.996078432 0.996078432 0.996078432 0.996078432 0.996078432 0.996078432 0.996078432 0.996078432 0.996078432 0.996078432 0.996078432 0.996078432 0.996078432 0.996078432 0.996078432 0.996078432 0.996078432 0.996078432 0.996078432 0.996078432 0.996078432 0.996078432 0.996078432 0.996078432 0.996078432 0.996078432 0.996078432 0.996078432 0.996078432 0.996078432 0.996078432 0.996078432 0.996078432 0.996078432 0.996078432 0.996078432 0.996078432 0.996078432 0.996078432 0.996078432 0.996078432 0.996078432 0.996078432 0.996078432 0.996078432 0.996078432 0.996078432 0.996078432 0.996078432 0.996078432 0.996078432 0.996078432 0.996078432 0.996078432 0.996078432 0.996078432 0.996078432 0.996078432 0.996078432 0.996078432 0.996078432 0.996078432 0.996078432 0.996078432 0.996078432 0.996078432 0.996078432 0.996078432 0.996078432 0.996078432 0.996078432 0.996078432 0.996078432 0.996078432 0.996078432 0.996078432 0.996078432 0.996078432 0.996078432 0.996078432 0.996078432 0.996078432 0.996078432 0.996078432 0.996078432 0.996078432 0.996078432 0.996078432 0.996078432 0.996078432 0.996078432 0.996078432 0.996078432 0.996078432 0.996078432 0.996078432 0.996078432 0.996078432 0.996078432 0.996078432 0.996078432 0.996078432 0.996078432 0.996078432 0.996078432 0.996078432 0.996078432 0.996078432 0.996078432 0.996078432 0.996078432 0.996078432 0.996078432 0.996078432 0.996078432 0.996078432 0.996078432 0.996078432 0.996078432 0.996078432 0.996078432 0.996078432 0.996078432 0.996078432 0.996078432 0.996078432 0.996078432 0.996078432 0.996078432 0.996078432 0.996078432 0.996078432 0.996078432 0.996078432 0.996078432 0.996078432 0.996078432 0.996078432 0.996078432 0.996078432 0.996078432 0.996078432 0.996078432 0.996078432 0.996078432 0.996078432 0.996078432 0.996078432 0.996078432 0.996078432 0.996078432 0.996078432 0.996078432 0.996078432 0.996078432 0.996078432 0.996078432 0.996078432 0.996078432 0.996078432 0.996078432 0.996078432 0.996078432 0.996078432 0.996078432 0.996078432 0.996078432 0.996078432 0.996078432 0.996078432 0.996078432 0.996078432 0.996078432 0.996078432 0.996078432 0.996078432 0.996078432 0.996078432 0.996078432 0.996078432 0.996078432 0.996078432 0.996078432 0.996078432 0.996078432 0.996078432 0.996078432 0.996078432 0.996078432 0.996078432 0.996078432 0.996078432 0.996078432 0.996078432 0.996078432 0.996078432 0.996078432 0.996078432 0.996078432 0.996078432 0.996078432 0.996078432 0.996078432 0.996078432 0.996078432 0.996078432 0.996078432 0.996078432 0.996078432 0.996078432 0.996078432 0.996078432 0.996078432 0.996078432 0.996078432 0.996078432 0.996078432 0.996078432 0.996078432 0.996078432 0.996078432 0.996078432 0.996078432 0.996078432 0.996078432 0.996078432 0.996078432 0.996078432 0.996078432 0.996078432 0.996078432 0.996078432 0.996078432 0.996078432 0.996078432 0.996078432 0.996078432 0.996078432 0.996078432 0.996078432 0.996078432 0.996078432 0.996078432 0.996078432 0.996078432 0.996078432 0.996078432 0.996078432 0.996078432 0.996078432 0.996078432 0.996078432 0.996078432 0.996078432 0.996078432 0.996078432 0.996078432 0.996078432 0.996078432 0.996078432 0.996078432 0.996078432 0.996078432 0.996078432 0.996078432 0.996078432 0.996078432 0.996078432 0.996078432 0.996078432 0.996078432 0.996078432 0.996078432 0.996078432 0.996078432 0.996078432 0.996078432 0.996078432 0.996078432 0.996078432 0.996078432 0.996078432 0.996078432 0.996078432 0.996078432 0.996078432 0.996078432 0.996078432 0.996078432 0.996078432 0.996078432 0.996078432 0.996078432 0.996078432 0.996078432 0.996078432 0.996078432 0.996078432 0.996078432 0.996078432 0.996078432 0.996078432 0.996078432 0.996078432 0.996078432 0.996078432 0.996078432 0.996078432 0.996078432 0.996078432 0.996078432 0.996078432 0.996078432 0.996078432 0.996078432 0.996078432 0.996078432 0.996078432 0.996078432 0.996078432 0.996078432 0.996078432 0.996078432 0.996078432 0.996078432 0.996078432 0.996078432 0.996078432 0.996078432 0.996078432 0.996078432 0.996078432 0.996078432 0.996078432 0.996078432 0.996078432 0.996078432 0.996078432 0.996078432 0.996078432 0.996078432 0.996078432 0.996078432 0.996078432 0.996078432 0.996078432 0.996078432 0.996078432 0.996078432 0.996078432 0.996078432 0.996078432 0.996078432 0.996078432 0.996078432 0.996078432 0.996078432 0.996078432 0.996078432 0.996078432 0.996078432 0.996078432 0.996078432 0.996078432 0.996078432 0.996078432 0.996078432 0.996078432 0.996078432 0.996078432 0.996078432 0.996078432 0.996078432 0.996078432 0.996078432 0.996078432 0.996078432 0.996078432 0.996078432 0.996078432 0.996078432 0.996078432 0.996078432 0.996078432 0.996078432 0.996078432 0.996078432 0.996078432 0.996078432 0.996078432 0.996078432 0.996078432 0.996078432 0.996078432 0.996078432 0.996078432 0.996078432 0.996078432 0.996078432 0.996078432 0.996078432 0.996078432 0.996078432 0.996078432 0.996078432 0.996078432 0.996078432 0.996078432 0.996078432 0.996078432 0.996078432 0.996078432 0.996078432 0.996078432 0.996078432 0.996078432 0.996078432 0.996078432 0.996078432 0.996078432 0.996078432 0.996078432 0.996078432 0.996078432 0.996078432 0.996078432 0.996078432 0.996078432 0.996078432 0.996078432 0.996078432 0.996078432 0.996078432 0.996078432 0.996078432 0.996078432 0.996078432 0.996078432 0.996078432 0.996078432 0.996078432 0.996078432 0.996078432 0.996078432 0.996078432 0.996078432 0.996078432 0.996078432 0.996078432 0.996078432 0.996078432 0.996078432 0.996078432 0.996078432 0.996078432 0.996078432 0.996078432 0.996078432 0.996078432 0.996078432 0.996078432 0.996078432 0.996078432 0.996078432 0.996078432 0.996078432 0.996078432 0.996078432 0.996078432 0.996078432 0.996078432 0.996078432 0.996078432 0.996078432 0.996078432 0.996078432 0.996078432 0.996078432 0.996078432 0.996078432 0.996078432 0.996078432 0.996078432 0.996078432 0.996078432 0.996078432 0.996078432 0.996078432 0.996078432 0.996078432 0.996078432 0.996078432 0.996078432 0.996078432 0.996078432 0.996078432 0.996078432 0.996078432 0.996078432 0.996078432 0.996078432 0.996078432 0.996078432 0.996078432 0.996078432 0.996078432 0.996078432 0.996078432 0.996078432 0.996078432 0.996078432 0.996078432 0.996078432 0.996078432 </float_array>
          <technique_common>
            <accessor count="341" offset="0" source="#Mario__BodyMT_BodyMT_0-color0-array" stride="3">
              <param name="R" type="float" />
              <param name="G" type="float" />
              <param name="B" type="float" />
            </accessor>
          </technique_common>
        </source>
        <vertices id="Mario__BodyMT_BodyMT_0-vertices">
          <input semantic="POSITION" source="#Mario__BodyMT_BodyMT_0-positions" />
        </vertices>
        <polylist count="554" material="defaultMaterial">
          <input offset="0" semantic="VERTEX" source="#Mario__BodyMT_BodyMT_0-vertices" />
          <input offset="0" semantic="NORMAL" source="#Mario__BodyMT_BodyMT_0-normals" />
          <input offset="0" semantic="TEXCOORD" source="#Mario__BodyMT_BodyMT_0-tex0" set="0" />
          <input offset="0" semantic="COLOR" source="#Mario__BodyMT_BodyMT_0-color0" set="0" />
          <vcount>3 3 3 3 3 3 3 3 3 3 3 3 3 3 3 3 3 3 3 3 3 3 3 3 3 3 3 3 3 3 3 3 3 3 3 3 3 3 3 3 3 3 3 3 3 3 3 3 3 3 3 3 3 3 3 3 3 3 3 3 3 3 3 3 3 3 3 3 3 3 3 3 3 3 3 3 3 3 3 3 3 3 3 3 3 3 3 3 3 3 3 3 3 3 3 3 3 3 3 3 3 3 3 3 3 3 3 3 3 3 3 3 3 3 3 3 3 3 3 3 3 3 3 3 3 3 3 3 3 3 3 3 3 3 3 3 3 3 3 3 3 3 3 3 3 3 3 3 3 3 3 3 3 3 3 3 3 3 3 3 3 3 3 3 3 3 3 3 3 3 3 3 3 3 3 3 3 3 3 3 3 3 3 3 3 3 3 3 3 3 3 3 3 3 3 3 3 3 3 3 3 3 3 3 3 3 3 3 3 3 3 3 3 3 3 3 3 3 3 3 3 3 3 3 3 3 3 3 3 3 3 3 3 3 3 3 3 3 3 3 3 3 3 3 3 3 3 3 3 3 3 3 3 3 3 3 3 3 3 3 3 3 3 3 3 3 3 3 3 3 3 3 3 3 3 3 3 3 3 3 3 3 3 3 3 3 3 3 3 3 3 3 3 3 3 3 3 3 3 3 3 3 3 3 3 3 3 3 3 3 3 3 3 3 3 3 3 3 3 3 3 3 3 3 3 3 3 3 3 3 3 3 3 3 3 3 3 3 3 3 3 3 3 3 3 3 3 3 3 3 3 3 3 3 3 3 3 3 3 3 3 3 3 3 3 3 3 3 3 3 3 3 3 3 3 3 3 3 3 3 3 3 3 3 3 3 3 3 3 3 3 3 3 3 3 3 3 3 3 3 3 3 3 3 3 3 3 3 3 3 3 3 3 3 3 3 3 3 3 3 3 3 3 3 3 3 3 3 3 3 3 3 3 3 3 3 3 3 3 3 3 3 3 3 3 3 3 3 3 3 3 3 3 3 3 3 3 3 3 3 3 3 3 3 3 3 3 3 3 3 3 3 3 3 3 3 3 3 3 3 3 3 3 3 3 3 3 3 3 3 3 3 3 3 3 3 3 3 3 3 3 3 3 3 3 3 3 3 3 3 3 3 3 3 3 3 3 3 3 3 3 3 3 3 3 3 3 3 3 3 3 3 3 3 3 3 3 3 3 3 3 3 3 3 3 3 3 3 3 3 3 3 3 3 </vcount>
          <p>0 1 2 3 0 2 3 4 0 0 4 5 0 5 6 7 8 9 10 7 9 10 9 11 9 12 11 9 13 12 14 15 16 17 16 18 19 14 16 19 16 17 20 14 19 21 19 17 20 19 22 22 19 21 23 20 22 23 22 21 24 20 23 23 21 25 24 23 26 23 25 26 27 28 29 27 29 30 29 28 31 29 32 30 29 31 33 29 34 32 29 33 34 35 36 37 35 37 38 36 39 37 37 40 38 37 39 41 37 42 40 37 41 42 43 44 45 43 45 46 46 45 47 48 43 46 46 47 49 50 43 48 47 51 49 50 48 52 49 51 53 54 50 52 51 55 53 54 52 56 53 55 57 58 54 56 56 52 59 52 60 59 58 56 61 56 59 61 62 58 61 60 63 59 62 64 58 64 65 58 66 63 60 57 66 60 64 67 65 65 67 68 68 69 70 71 69 68 67 71 68 71 72 69 67 72 71 72 73 69 74 72 67 75 76 77 78 74 67 75 79 76 79 80 76 81 79 75 79 82 80 83 81 75 80 82 84 85 81 83 86 84 82 87 85 83 55 84 86 88 55 86 89 85 87 90 89 87 78 90 74 89 91 85 91 92 85 90 93 89 93 91 89 78 94 90 94 93 90 95 94 78 94 96 93 95 96 94 93 97 91 96 97 93 98 95 78 98 78 67 98 67 64 95 99 96 100 98 64 100 64 62 101 95 98 100 101 98 101 99 95 102 100 62 102 62 61 103 101 100 102 103 100 101 104 99 103 104 101 102 61 105 61 59 105 102 106 103 103 106 104 102 105 106 104 106 99 99 106 96 96 106 97 105 59 107 105 107 106 107 59 63 108 107 63 106 107 108 66 108 63 66 109 108 106 108 109 110 109 66 57 110 66 110 111 109 106 109 111 112 110 57 55 112 57 88 112 55 113 111 110 112 113 110 113 114 111 114 106 111 115 113 112 88 115 112 116 114 113 115 116 113 116 106 114 117 115 88 92 117 88 118 116 115 117 118 115 118 106 116 92 119 117 91 119 92 120 118 117 119 120 117 120 106 118 91 121 119 121 120 119 121 106 120 97 121 91 97 106 121 122 123 124 123 125 124 122 124 126 124 125 126 122 127 123 123 128 125 123 127 128 128 129 125 126 125 129 127 130 128 128 130 129 122 131 127 122 126 131 127 132 130 127 131 132 130 133 129 132 133 130 126 129 134 134 129 133 126 135 131 131 135 132 126 134 136 126 136 135 132 137 133 132 135 137 134 133 138 137 139 133 133 139 138 135 140 137 137 140 139 135 141 140 136 141 135 140 142 139 141 142 140 138 139 142 136 143 141 143 142 141 138 142 143 134 143 136 134 138 143 144 145 146 144 147 145 146 145 148 145 147 148 144 146 149 144 150 147 144 149 150 150 151 147 149 151 150 149 146 152 146 148 152 149 153 151 149 152 153 147 154 148 147 151 154 153 152 155 151 153 155 152 148 156 152 156 155 148 154 157 148 157 156 151 158 154 154 158 157 156 157 159 158 159 157 155 156 159 151 160 158 151 155 160 160 159 158 155 159 160 161 162 163 161 163 164 162 165 163 164 163 165 161 166 162 161 164 167 161 167 166 167 164 168 166 167 168 164 165 169 164 169 168 162 170 165 166 170 162 165 171 169 170 171 165 168 169 171 166 172 170 166 168 172 170 172 171 168 171 172 173 174 175 173 175 176 174 177 175 176 175 177 173 178 174 179 173 176 179 178 173 179 176 180 179 180 178 176 177 181 176 181 180 174 182 177 178 182 174 177 183 181 177 182 183 180 181 183 178 184 182 178 180 184 184 183 182 180 183 184 185 186 187 185 188 186 187 186 189 188 189 186 185 187 190 185 191 188 185 190 191 187 189 192 187 192 190 188 193 189 191 194 188 188 194 193 190 194 191 189 193 195 194 195 193 192 189 195 190 196 194 190 192 196 196 195 194 192 195 196 197 198 199 200 198 197 201 199 198 200 201 198 197 199 202 203 200 197 203 197 202 201 204 199 202 199 204 203 205 200 203 202 205 200 206 201 200 205 206 201 206 207 205 207 206 201 207 204 202 208 205 205 208 207 202 204 208 208 204 207 209 210 211 210 212 211 209 213 210 210 213 212 209 211 214 211 212 215 211 215 214 212 216 215 213 216 212 214 215 217 215 216 217 209 214 218 209 218 213 214 217 219 214 219 218 217 216 220 217 220 219 213 221 216 221 220 216 213 218 222 218 219 222 213 223 221 213 222 223 219 220 224 219 224 222 221 225 220 220 226 224 220 225 226 222 224 227 224 226 227 222 227 228 223 222 228 227 226 229 228 227 229 225 229 226 223 228 230 230 228 229 225 230 229 221 223 230 221 230 225 231 232 233 231 233 234 232 235 233 233 235 234 231 236 232 231 234 237 231 237 236 237 234 238 237 238 236 236 239 232 232 239 235 236 240 239 236 238 240 240 241 239 238 241 240 239 242 235 239 241 242 234 235 243 234 243 238 235 242 244 235 244 243 241 245 242 242 245 244 243 244 246 246 244 245 238 243 246 247 245 241 238 247 241 247 246 245 238 246 247 248 249 250 251 248 250 248 252 249 251 252 248 250 249 253 251 250 254 249 255 253 249 252 255 250 253 256 250 256 254 253 255 257 254 256 258 256 253 259 260 254 258 251 254 260 258 256 261 256 259 261 262 251 260 262 252 251 260 258 263 262 260 264 264 260 263 263 258 265 258 261 265 266 262 264 266 252 262 265 261 267 263 265 267 264 263 268 263 267 268 264 268 269 266 264 269 268 267 270 269 268 270 267 261 271 261 259 271 267 271 272 271 259 272 270 267 273 267 272 273 269 270 274 270 273 274 272 259 275 253 275 259 253 257 275 273 272 276 272 275 276 257 277 275 276 275 277 257 278 277 255 278 257 273 276 279 273 279 274 255 280 278 255 252 280 278 280 281 280 252 281 277 278 282 278 281 282 277 282 283 276 277 283 282 281 284 283 282 284 284 281 285 281 252 285 276 283 286 279 276 287 276 286 287 279 287 274 283 288 286 283 284 288 287 286 289 286 288 290 286 290 289 288 291 290 289 290 291 288 284 292 288 292 291 284 293 292 284 285 293 291 292 294 285 295 293 285 252 295 292 293 296 292 296 294 293 295 297 293 297 296 252 297 295 298 296 297 298 294 296 299 297 252 298 297 299 300 291 294 289 291 300 300 294 301 301 294 298 289 300 301 302 298 299 302 301 298 289 301 303 303 301 302 304 289 303 287 289 304 274 287 304 304 303 305 274 304 305 305 303 302 306 274 305 269 274 306 266 269 306 307 305 302 306 305 307 307 302 299 307 299 252 266 306 308 306 307 308 266 308 252 308 307 252 309 310 311 311 310 312 313 309 311 313 311 312 309 314 310 313 315 309 315 314 309 312 310 316 315 317 314 314 318 310 317 318 314 310 318 316 319 317 315 313 319 315 317 320 318 319 320 317 316 318 321 320 321 318 319 322 320 322 321 320 313 322 319 323 321 322 313 323 322 324 316 321 324 321 323 313 324 323 312 316 324 313 312 324 325 326 327 325 327 328 329 326 325 329 325 328 326 330 327 329 331 326 326 331 330 328 327 332 327 330 333 332 327 333 331 334 330 330 334 333 335 328 332 329 328 335 336 332 333 335 332 336 336 333 337 337 333 334 335 336 338 338 336 337 329 335 338 338 337 339 329 338 339 339 337 334 329 339 340 340 339 334 329 340 331 331 340 334 </p>
        </polylist>
      </mesh>
    </geometry>
    <geometry id="CapHair__HairMT_HairMT_0" name="CapHair__HairMT_HairMT_0" >
      <mesh>
        <source id="CapHair__HairMT_HairMT_0-positions" name="CapHair__HairMT_HairMT_0-positions">
          <float_array id="CapHair__HairMT_HairMT_0-positions-array" count="165"> -0.0518407896 3.25039983 0.707867265 -0.0926764607 3.37018657 0.723695457 -0.283740312 3.19365644 0.646427333 0.22749196 3.19723082 0.620151162 -0.406346679 3.4879775 0.566295862 -0.513609886 3.1958971 0.453993231 0.3654553 3.47009897 0.574431717 0.440052152 3.19746614 0.518413782 -0.554750562 3.34015131 0.35409838 -0.656051278 3.06107473 0.291486144 0.493780881 3.34187651 0.424927384 0.603495479 3.06314707 0.37656939 -0.717388272 3.24673438 0.00141218014 -0.754682541 2.85774541 -0.00913486257 0.702677965 3.24907088 0.0973386094 0.742325842 2.86020851 0.0919890627 0.47979337 3.55062127 0.409714311 0.216612339 3.55205464 0.584364533 0.568293631 2.96958685 -0.337061197 0.597176015 2.6810801 -0.204413891 0.0972319394 3.55762672 0.682624757 -0.0239946693 3.60935068 0.286898494 -0.178611442 3.61700439 0.672415137 -0.241230458 3.61555147 0.484339088 -0.539527953 3.54894423 0.340858459 -0.401797116 3.55818033 0.0397766605 0.38377583 3.5594728 0.0928426459 5.98117185e-05 3.56517816 -0.0681212693 0.490140229 3.3376956 -0.231537342 -0.46284318 3.33612752 -0.295911998 0.0236438438 3.19881964 -0.408329338 0.345504612 2.87011957 -0.55463475 -0.524888754 2.96778822 -0.410906404 -0.57040292 2.67915916 -0.283284634 -0.274538279 2.86909938 -0.596519053 -0.319238722 2.51361132 -0.607473969 -0.504475176 2.44928885 -0.239389896 0.0373792946 2.89061022 -0.604158103 0.0365988761 2.51419687 -0.583436906 0.392436475 2.51478219 -0.559399843 0.526697278 2.45098543 -0.169733495 0.0446821488 2.29080534 -0.6976583 0.443295926 2.47428513 -0.633864582 0.297944129 2.3311305 -0.685435236 0.618804157 2.29098535 -0.440359831 0.394537121 2.18989944 -0.221273556 0.489233643 2.33163071 -0.656364143 0.411343455 2.15245891 -0.469157904 0.0144036971 2.18927407 -0.246951818 -0.348923415 2.15120816 -0.520514429 -0.365729749 2.18864846 -0.272630095 -0.208053604 2.33029795 -0.719615757 -0.558824956 2.28904772 -0.519909441 -0.359488666 2.47296429 -0.688093245 -0.401515573 2.33016515 -0.716534853 </float_array>
          <technique_common>
            <accessor count="55" offset="0" source="#CapHair__HairMT_HairMT_0-positions-array" stride="3">
              <param name="X" type="float" />
              <param name="Y" type="float" />
              <param name="Z" type="float" />
            </accessor>
          </technique_common>
        </source>
        <source id="CapHair__HairMT_HairMT_0-normals" name="CapHair__HairMT_HairMT_0-normals">
          <float_array id="CapHair__HairMT_HairMT_0-normals-array" count="165"> 0.0940907001 -0.0983992517 0.99068892 -0.0732646212 0.0281250123 0.996915877 -0.510969758 -0.00432166131 0.859587848 0.340801954 -0.0163782332 0.939992428 -0.618444681 0.300793916 0.725981534 -0.758730233 0.0563953854 0.64895916 0.490940452 0.156763211 0.856973052 0.63058871 0.0552046895 0.774151385 -0.884056211 0.143201441 0.444902152 -0.927922547 0.167056233 0.333244681 0.824447036 0.144312099 0.547230363 0.874123037 0.170024291 0.454973251 -0.902046204 0.367610216 -0.226219714 -0.948773861 0.0597041659 -0.310263693 0.923063993 0.370618314 -0.102931514 0.981680393 0.0628803521 -0.179860219 0.530261278 0.837478995 0.132105753 0.16356416 0.966759801 0.196525514 0.815775752 0.143810332 -0.560203969 0.89740777 -0.156564996 -0.412488371 0.288258433 0.644527912 0.708160222 0.0268452819 0.998637199 -0.0447562113 -0.143330768 0.768351495 0.623772621 -0.204070762 0.978924394 0.00788671337 -0.605281413 0.792963922 0.0695894212 -0.334471077 0.89479208 -0.29576388 0.368252307 0.895944118 -0.248343229 0.0328851864 0.860890925 -0.507725716 0.450045407 0.624907374 -0.637926221 -0.362208664 0.623570979 -0.692794442 0.0530116595 0.598525882 -0.799347579 0.290280879 0.220026672 -0.931302965 -0.733491361 0.141261235 -0.664857686 -0.83326304 -0.159412473 -0.529396236 -0.163114697 0.219280735 -0.961930096 -0.285538346 0.145286992 -0.947290659 -0.97652936 -0.14156422 -0.162326768 0.0660907999 0.173425898 -0.982626796 0.066769287 0.113818653 -0.991255343 0.409831733 0.146438122 -0.900329828 0.9899472 -0.138328791 -0.0294899214 0.036189165 -0.856734633 -0.514486253 0.57626152 0.681444824 -0.451171428 0.0772725791 -0.256724209 -0.963390708 0.998143911 -0.0580875054 -0.0182916429 0.0663162172 -0.997364044 0.0294461437 0.546200871 -0.353041857 -0.759622335 0.0148657653 -0.985998034 -0.166092843 0.00773058552 -0.995895386 -0.0901811495 0.0108249187 -0.986009002 -0.166340172 -0.0664065406 -0.997582436 0.0204805415 0.0538343452 -0.256762683 -0.964973986 -0.98641789 -0.0613453202 -0.152369604 -0.512565553 0.679682076 -0.524698794 -0.437898755 -0.354664177 -0.826110184 </float_array>
          <technique_common>
            <accessor count="55" offset="0" source="#CapHair__HairMT_HairMT_0-normals-array" stride="3">
              <param name="X" type="float" />
              <param name="Y" type="float" />
              <param name="Z" type="float" />
            </accessor>
          </technique_common>
        </source>
        <source id="CapHair__HairMT_HairMT_0-tex0" name="CapHair__HairMT_HairMT_0-tex0">
          <float_array id="CapHair__HairMT_HairMT_0-tex0-array" count="110"> 0.271179527 0.269241631 0.271179527 0.269241631 0.271179527 0.269241631 0.271179527 0.269241631 0.271179527 0.269241631 0.271179527 0.269241631 0.271179527 0.269241631 0.271179527 0.269241631 0.271179527 0.269241631 0.271179527 0.269241631 0.271179527 0.269241631 0.271179527 0.269241631 0.271179527 0.269241631 0.271179527 0.269241631 0.271179527 0.269241631 0.271179527 0.269241631 0.271179527 0.269241631 0.271179527 0.269241631 0.271179527 0.269241631 0.271179527 0.269241631 0.271179527 0.269241631 0.271179527 0.269241631 0.271179527 0.269241631 0.271179527 0.269241631 0.271179527 0.269241631 0.271179527 0.269241631 0.271179527 0.269241631 0.271179527 0.269241631 0.271179527 0.269241631 0.271179527 0.269241631 0.271179527 0.269241631 0.271179527 0.269241631 0.271179527 0.269241631 0.271179527 0.269241631 0.271179527 0.269241631 0.271179527 0.269241631 0.271179527 0.269241631 0.271179527 0.269241631 0.271179527 0.269241631 0.271179527 0.269241631 0.271179527 0.269241631 0.271179527 0.269241631 0.271179527 0.269241631 0.271179527 0.269241631 0.271179527 0.269241631 0.271179527 0.269241631 0.271179527 0.269241631 0.271179527 0.269241631 0.271179527 0.269241631 0.271179527 0.269241631 0.271179527 0.269241631 0.271179527 0.269241631 0.271179527 0.269241631 0.271179527 0.269241631 0.271179527 0.269241631 </float_array>
          <technique_common>
            <accessor count="55" offset="0" source="#CapHair__HairMT_HairMT_0-tex0-array" stride="2">
              <param name="S" type="float" />
              <param name="T" type="float" />
            </accessor>
          </technique_common>
        </source>
        <source id="CapHair__HairMT_HairMT_0-color0" name="CapHair__HairMT_HairMT_0-color0">
          <float_array id="CapHair__HairMT_HairMT_0-color0-array" count="165"> 0.996078432 0.996078432 0.996078432 0.996078432 0.996078432 0.996078432 0.996078432 0.996078432 0.996078432 0.996078432 0.996078432 0.996078432 0.996078432 0.996078432 0.996078432 0.996078432 0.996078432 0.996078432 0.996078432 0.996078432 0.996078432 0.996078432 0.996078432 0.996078432 0.996078432 0.996078432 0.996078432 0.996078432 0.996078432 0.996078432 0.996078432 0.996078432 0.996078432 0.996078432 0.996078432 0.996078432 0.996078432 0.996078432 0.996078432 0.996078432 0.996078432 0.996078432 0.996078432 0.996078432 0.996078432 0.996078432 0.996078432 0.996078432 0.996078432 0.996078432 0.996078432 0.996078432 0.996078432 0.996078432 0.996078432 0.996078432 0.996078432 0.996078432 0.996078432 0.996078432 0.996078432 0.996078432 0.996078432 0.996078432 0.996078432 0.996078432 0.996078432 0.996078432 0.996078432 0.996078432 0.996078432 0.996078432 0.996078432 0.996078432 0.996078432 0.996078432 0.996078432 0.996078432 0.996078432 0.996078432 0.996078432 0.996078432 0.996078432 0.996078432 0.996078432 0.996078432 0.996078432 0.996078432 0.996078432 0.996078432 0.996078432 0.996078432 0.996078432 0.996078432 0.996078432 0.996078432 0.996078432 0.996078432 0.996078432 0.996078432 0.996078432 0.996078432 0.996078432 0.996078432 0.996078432 0.996078432 0.996078432 0.996078432 0.996078432 0.996078432 0.996078432 0.996078432 0.996078432 0.996078432 0.996078432 0.996078432 0.996078432 0.996078432 0.996078432 0.996078432 0.996078432 0.996078432 0.996078432 0.996078432 0.996078432 0.996078432 0.996078432 0.996078432 0.996078432 0.996078432 0.996078432 0.996078432 0.996078432 0.996078432 0.996078432 0.996078432 0.996078432 0.996078432 0.996078432 0.996078432 0.996078432 0.996078432 0.996078432 0.996078432 0.996078432 0.996078432 0.996078432 0.996078432 0.996078432 0.996078432 0.996078432 0.996078432 0.996078432 0.996078432 0.996078432 0.996078432 0.996078432 0.996078432 0.996078432 0.996078432 0.996078432 0.996078432 0.996078432 0.996078432 0.996078432 </float_array>
          <technique_common>
            <accessor count="55" offset="0" source="#CapHair__HairMT_HairMT_0-color0-array" stride="3">
              <param name="R" type="float" />
              <param name="G" type="float" />
              <param name="B" type="float" />
            </accessor>
          </technique_common>
        </source>
        <vertices id="CapHair__HairMT_HairMT_0-vertices">
          <input semantic="POSITION" source="#CapHair__HairMT_HairMT_0-positions" />
        </vertices>
        <polylist count="92" material="defaultMaterial">
          <input offset="0" semantic="VERTEX" source="#CapHair__HairMT_HairMT_0-vertices" />
          <input offset="0" semantic="NORMAL" source="#CapHair__HairMT_HairMT_0-normals" />
          <input offset="0" semantic="TEXCOORD" source="#CapHair__HairMT_HairMT_0-tex0" set="0" />
          <input offset="0" semantic="COLOR" source="#CapHair__HairMT_HairMT_0-color0" set="0" />
          <vcount>3 3 3 3 3 3 3 3 3 3 3 3 3 3 3 3 3 3 3 3 3 3 3 3 3 3 3 3 3 3 3 3 3 3 3 3 3 3 3 3 3 3 3 3 3 3 3 3 3 3 3 3 3 3 3 3 3 3 3 3 3 3 3 3 3 3 3 3 3 3 3 3 3 3 3 3 3 3 3 3 3 3 3 3 3 3 3 3 3 3 3 3 </vcount>
          <p>0 1 2 0 3 1 2 1 4 2 4 5 3 6 1 3 7 6 5 4 8 5 8 9 7 10 6 7 11 10 8 12 9 9 12 13 11 14 10 11 15 14 6 10 16 10 14 16 6 16 17 15 18 14 15 19 18 6 17 20 6 20 1 16 21 17 20 17 21 20 22 1 20 21 22 1 22 4 22 23 4 22 21 23 24 4 23 24 23 21 8 4 24 8 24 12 24 21 25 24 25 12 16 26 21 16 14 26 21 27 25 21 26 27 26 14 28 26 28 27 28 14 18 25 27 29 25 29 12 27 28 30 27 30 29 28 18 31 28 31 30 32 12 29 13 12 32 13 32 33 29 30 34 32 29 34 32 35 33 32 34 35 33 35 36 34 30 37 30 31 37 34 37 38 31 38 37 34 38 35 18 39 31 31 39 38 19 39 18 19 40 39 38 41 35 38 39 41 40 42 39 41 39 43 42 43 39 40 44 42 40 45 44 42 46 43 44 46 42 47 43 46 44 47 46 44 45 47 41 43 47 45 48 47 41 47 48 49 41 48 50 49 48 51 41 49 35 41 51 52 49 50 36 52 50 36 35 53 36 53 52 53 35 51 52 54 49 53 54 52 51 49 54 53 51 54 </p>
        </polylist>
      </mesh>
    </geometry>
    <geometry id="MarioEye__EyeMT_EyeMT_0" name="MarioEye__EyeMT_EyeMT_0" >
      <mesh>
        <source id="MarioEye__EyeMT_EyeMT_0-positions" name="MarioEye__EyeMT_EyeMT_0-positions">
          <float_array id="MarioEye__EyeMT_EyeMT_0-positions-array" count="123"> -0.504189909 3.00085425 0.624454916 -0.324542999 3.19766736 0.700004935 -0.640797257 3.05652261 0.282543927 -0.65554595 2.68165755 0.370018601 -0.521739781 2.73398304 0.637019455 -0.607687831 2.65567636 0.633716404 -0.228844032 2.68166232 0.772593617 -0.25349915 2.54402757 0.79193759 -0.368937939 2.53626704 0.947281301 -0.34214437 2.71065521 0.946200371 -0.0684052855 2.80748701 0.963870049 -0.0568582527 2.7605927 0.794073284 0.116711438 2.68223071 0.795936108 0.205538988 2.71155643 0.983196735 0.232514873 2.53725672 0.987909853 0.138991788 2.54467344 0.81845063 0.510873854 2.65751672 0.709276021 0.4250063 2.73554063 0.700972795 0.593675792 2.68371296 0.454404354 0.40843159 3.00235558 0.686103106 0.589597464 3.05854678 0.365657926 0.219612494 3.19856286 0.736763 -0.640797257 3.05652261 0.282543927 -0.324542999 3.19766736 0.700004935 -0.315357208 3.30493212 0.561408341 -0.0453217551 3.30400944 0.610054553 -0.054507561 3.19674492 0.748651147 0.219612494 3.19856286 0.736763 0.2287983 3.30582738 0.598166406 0.589597464 3.05854678 0.365657926 0.116711438 2.68223071 0.795936108 0.4250063 2.73554063 0.700972795 0.40843159 3.00235558 0.686103106 0.219612494 3.19856286 0.736763 -0.055848252 3.00856781 0.77308172 -0.0568582527 2.7605927 0.794073284 -0.054507561 3.19674492 0.748651147 -0.228844032 2.68166232 0.772593617 -0.324542999 3.19766736 0.700004935 -0.504189909 3.00085425 0.624454916 -0.521739781 2.73398304 0.637019455 </float_array>
          <technique_common>
            <accessor count="41" offset="0" source="#MarioEye__EyeMT_EyeMT_0-positions-array" stride="3">
              <param name="X" type="float" />
              <param name="Y" type="float" />
              <param name="Z" type="float" />
            </accessor>
          </technique_common>
        </source>
        <source id="MarioEye__EyeMT_EyeMT_0-normals" name="MarioEye__EyeMT_EyeMT_0-normals">
          <float_array id="MarioEye__EyeMT_EyeMT_0-normals-array" count="123"> -0.70259124 0.217747778 0.677459598 -0.422925621 0.176154315 0.88887769 -0.918946445 0.162033051 0.359559059 -0.965960801 0.0394644551 0.255660474 -0.627396703 0.223894045 0.745818257 -0.788064063 0.144283101 0.598445833 -0.632899463 0.408336848 0.657798827 -0.933136821 0.127407357 0.336188972 -0.955781877 0.00494941929 -0.294034928 -0.693286479 0.679186344 -0.240956098 0.00508324057 0.99504149 -0.0993309766 -0.052581612 0.643731177 0.763443053 0.537343264 0.410262376 0.736849368 0.717165053 0.681506991 -0.145679206 0.986621439 0.00814533606 -0.162824243 0.879023969 0.130389139 0.458601683 0.699944437 0.146731332 0.698961854 0.520657182 0.225782946 0.823370039 0.922667742 0.0425718091 0.383238703 0.60438168 0.219898224 0.765746415 0.861706257 0.164962739 0.479843318 0.298961461 0.177342087 0.937641621 -0.918941021 0.162024722 0.359576732 -0.422945708 0.176132143 0.888872564 -0.470421404 0.168197721 0.866263926 -0.0665011406 0.18518427 0.980451107 -0.0670110062 0.128758967 0.989409268 0.298982352 0.177319899 0.937639177 0.349091411 0.169546604 0.921623111 0.861698389 0.164954305 0.479860365 0.537345052 0.410232902 0.736864507 0.520654082 0.225801632 0.823366821 0.604368687 0.219915256 0.765751779 0.298977792 0.177334189 0.937637925 -0.0671951398 0.105238937 0.992174149 -0.0525940917 0.643748045 0.763428032 -0.0670456886 0.128927693 0.989384949 -0.632903159 0.408307642 0.65781337 -0.422941238 0.176146448 0.888871849 -0.702579141 0.217764974 0.677466571 -0.627393186 0.22391288 0.745815575 </float_array>
          <technique_common>
            <accessor count="41" offset="0" source="#MarioEye__EyeMT_EyeMT_0-normals-array" stride="3">
              <param name="X" type="float" />
              <param name="Y" type="float" />
              <param name="Z" type="float" />
            </accessor>
          </technique_common>
        </source>
        <source id="MarioEye__EyeMT_EyeMT_0-tex0" name="MarioEye__EyeMT_EyeMT_0-tex0">
          <float_array id="MarioEye__EyeMT_EyeMT_0-tex0-array" count="82"> 0.749992371 0.550004601 0.749992371 0.550004601 0.749992371 0.550004601 0.749992371 0.550004601 0.749992371 0.550004601 0.749992371 0.550004601 0.749992371 0.550004601 0.749992371 0.550004601 0.749992371 0.550004601 0.749992371 0.550004601 0.749992371 0.550004601 0.749992371 0.550004601 0.749992371 0.550004601 0.749992371 0.550004601 0.749992371 0.550004601 0.749992371 0.550004601 0.749992371 0.550004601 0.749992371 0.550004601 0.749992371 0.550004601 0.749992371 0.550004601 0.749992371 0.550004601 0.749992371 0.550004601 0.749992371 0.550004601 0.749992371 0.550004601 0.749992371 0.550004601 0.749992371 0.550004601 0.749992371 0.550004601 0.749992371 0.550004601 0.749992371 0.550004601 0.749992371 0.550004601 0.223487049 0.942869365 0.645191789 0.862636209 0.62544632 0.378917813 0.367748052 0.0975371599 -0.00054933317 0.364909828 -0.00054933317 0.829493105 0 0.0975371599 0.223487049 0.942869365 0.367748052 0.0975371599 0.62544632 0.378917813 0.645191789 0.862636209 </float_array>
          <technique_common>
            <accessor count="41" offset="0" source="#MarioEye__EyeMT_EyeMT_0-tex0-array" stride="2">
              <param name="S" type="float" />
              <param name="T" type="float" />
            </accessor>
          </technique_common>
        </source>
        <source id="MarioEye__EyeMT_EyeMT_0-color0" name="MarioEye__EyeMT_EyeMT_0-color0">
          <float_array id="MarioEye__EyeMT_EyeMT_0-color0-array" count="123"> 0.996078432 0.996078432 0.996078432 0.996078432 0.996078432 0.996078432 0.996078432 0.996078432 0.996078432 0.996078432 0.996078432 0.996078432 0.996078432 0.996078432 0.996078432 0.996078432 0.996078432 0.996078432 0.996078432 0.996078432 0.996078432 0.996078432 0.996078432 0.996078432 0.996078432 0.996078432 0.996078432 0.996078432 0.996078432 0.996078432 0.996078432 0.996078432 0.996078432 0.996078432 0.996078432 0.996078432 0.996078432 0.996078432 0.996078432 0.996078432 0.996078432 0.996078432 0.996078432 0.996078432 0.996078432 0.996078432 0.996078432 0.996078432 0.996078432 0.996078432 0.996078432 0.996078432 0.996078432 0.996078432 0.996078432 0.996078432 0.996078432 0.996078432 0.996078432 0.996078432 0.996078432 0.996078432 0.996078432 0.996078432 0.996078432 0.996078432 0 0 0 0 0 0 0 0 0 0 0 0 0 0 0 0 0 0 0 0 0 0 0 0 0.996078432 0.996078432 0.996078432 0.996078432 0.996078432 0.996078432 0.996078432 0.996078432 0.996078432 0.996078432 0.996078432 0.996078432 0.996078432 0.996078432 0.996078432 0.996078432 0.996078432 0.996078432 0.996078432 0.996078432 0.996078432 0.996078432 0.996078432 0.996078432 0.996078432 0.996078432 0.996078432 0.996078432 0.996078432 0.996078432 0.996078432 0.996078432 0.996078432 </float_array>
          <technique_common>
            <accessor count="41" offset="0" source="#MarioEye__EyeMT_EyeMT_0-color0-array" stride="3">
              <param name="R" type="float" />
              <param name="G" type="float" />
              <param name="B" type="float" />
            </accessor>
          </technique_common>
        </source>
        <vertices id="MarioEye__EyeMT_EyeMT_0-vertices">
          <input semantic="POSITION" source="#MarioEye__EyeMT_EyeMT_0-positions" />
        </vertices>
        <polylist count="36" material="defaultMaterial">
          <input offset="0" semantic="VERTEX" source="#MarioEye__EyeMT_EyeMT_0-vertices" />
          <input offset="0" semantic="NORMAL" source="#MarioEye__EyeMT_EyeMT_0-normals" />
          <input offset="0" semantic="TEXCOORD" source="#MarioEye__EyeMT_EyeMT_0-tex0" set="0" />
          <input offset="0" semantic="COLOR" source="#MarioEye__EyeMT_EyeMT_0-color0" set="0" />
          <vcount>3 3 3 3 3 3 3 3 3 3 3 3 3 3 3 3 3 3 3 3 3 3 3 3 3 3 3 3 3 3 3 3 3 3 3 3 </vcount>
          <p>0 1 2 3 0 2 4 0 3 5 4 3 4 5 6 7 6 5 8 9 7 9 6 7 6 9 10 6 10 11 12 11 10 12 10 13 13 14 15 12 13 15 15 16 12 17 12 16 16 18 17 17 18 19 18 20 19 19 20 21 22 23 24 25 24 23 26 25 23 26 27 25 27 28 25 27 29 28 30 31 32 30 32 33 34 30 33 35 30 34 36 34 33 35 34 37 36 38 34 34 38 37 37 38 39 37 39 40 </p>
        </polylist>
      </mesh>
    </geometry>
    <geometry id="Mario64HandL__BodyMT_HandMT_0" name="Mario64HandL__BodyMT_HandMT_0" >
      <mesh>
        <source id="Mario64HandL__BodyMT_HandMT_0-positions" name="Mario64HandL__BodyMT_HandMT_0-positions">
          <float_array id="Mario64HandL__BodyMT_HandMT_0-positions-array" count="81"> 0.421107531 1.42702448 0.705666423 0.411190748 1.42844415 0.721384943 0.418779939 1.43369651 0.707240582 0.48242116 1.25126493 0.664196968 0.424642593 1.42440164 0.698960423 0.597285688 1.61702466 0.943418622 0.252243221 1.31186152 1.03405201 0.350208521 1.50000751 0.658402622 0.571836352 1.63036978 0.799117148 0.631544769 1.44902635 1.24644947 0.551562369 1.72486556 0.753269613 0.394462436 1.19911957 1.15892255 0.62456578 1.50399578 0.443138063 0.488223881 1.22959352 0.747376621 0.546019137 1.18823707 0.392616361 0.566454053 1.19956899 0.498672634 0.850566208 1.08715105 0.503567636 0.832204819 1.18731892 0.477686256 0.840207398 1.19826436 0.350217462 0.879340827 1.54013419 0.572385669 0.844240904 1.48320997 0.649371564 0.953541696 1.46335256 0.768546283 0.965708435 0.9261567 0.810171783 1.01708937 1.27461386 1.07224429 0.715533972 1.02296937 1.11941981 0.616304815 0.929118514 0.817501009 0.463357836 1.08789754 1.05769801 </float_array>
          <technique_common>
            <accessor count="27" offset="0" source="#Mario64HandL__BodyMT_HandMT_0-positions-array" stride="3">
              <param name="X" type="float" />
              <param name="Y" type="float" />
              <param name="Z" type="float" />
            </accessor>
          </technique_common>
        </source>
        <source id="Mario64HandL__BodyMT_HandMT_0-normals" name="Mario64HandL__BodyMT_HandMT_0-normals">
          <float_array id="Mario64HandL__BodyMT_HandMT_0-normals-array" count="81"> -0.85637778 -0.186418623 -0.481523871 -0.834992588 0.493808597 -0.242776543 -0.915587902 0.356160522 0.186677456 -0.763410926 -0.554875791 -0.33063063 -0.859306395 -0.51059556 -0.029744165 -0.068324022 0.944885671 0.320192039 -0.950084567 0.228562921 0.212363735 -0.806540251 0.375600994 -0.456526816 -0.0171958096 0.86327672 0.504437923 0.0926764831 0.493882537 0.864575684 -0.165137962 0.953516483 -0.252062976 -0.517993748 -0.390163511 0.761219382 -0.157234862 0.556850791 -0.815594494 -0.687316477 -0.604593098 -0.402570814 -0.47632876 -0.081670925 -0.875466049 -0.466416121 -0.881917953 0.0683869272 0.499481887 -0.499725431 -0.707666814 0.82654798 -0.364831299 -0.42862168 0.382720441 -0.0135017419 -0.92376554 0.557504296 0.667419374 -0.493700594 0.81832695 0.566636741 -0.0962488428 0.859406114 0.509337664 -0.0446801595 0.750640392 -0.65605998 -0.078257829 0.843828022 0.130931437 0.520395279 0.193660006 -0.605117202 0.772223413 -0.451488733 -0.851493299 -0.266677916 -0.725980937 -0.680520892 0.0992119163 </float_array>
          <technique_common>
            <accessor count="27" offset="0" source="#Mario64HandL__BodyMT_HandMT_0-normals-array" stride="3">
              <param name="X" type="float" />
              <param name="Y" type="float" />
              <param name="Z" type="float" />
            </accessor>
          </technique_common>
        </source>
        <source id="Mario64HandL__BodyMT_HandMT_0-tex0" name="Mario64HandL__BodyMT_HandMT_0-tex0">
          <float_array id="Mario64HandL__BodyMT_HandMT_0-tex0-array" count="54"> 0.139038086 -1.015625 0.139282227 -1.01464844 0.138916016 -1.015625 0.141235352 -1.01367188 0.138916016 -1.015625 0.142700195 -1.02441406 0.148925781 -1.01074219 0.136108398 -1.01367188 0.138549805 -1.02246094 0.153808594 -1.02441406 0.135620117 -1.0234375 0.154907227 -1.01367188 0.131591797 -1.02050781 0.143798828 -1.01464844 0.135498047 -1.01367188 0.138183594 -1.01464844 0.141479492 -1.02148438 0.138916016 -1.02148438 0.135375977 -1.02148438 0.135498047 -1.02929688 0.138427734 -1.02734375 0.142333984 -1.03125 0.152954102 -1.0234375 0.153930664 -1.03125 0.158325195 -1.01953125 0.151489258 -1.01367188 0.154418945 -1.01269531 </float_array>
          <technique_common>
            <accessor count="27" offset="0" source="#Mario64HandL__BodyMT_HandMT_0-tex0-array" stride="2">
              <param name="S" type="float" />
              <param name="T" type="float" />
            </accessor>
          </technique_common>
        </source>
        <source id="Mario64HandL__BodyMT_HandMT_0-color0" name="Mario64HandL__BodyMT_HandMT_0-color0">
          <float_array id="Mario64HandL__BodyMT_HandMT_0-color0-array" count="81"> 1 1 1 1 1 1 1 1 1 1 1 1 1 1 1 1 1 1 1 1 1 1 1 1 1 1 1 1 1 1 1 1 1 1 1 1 1 1 1 1 1 1 1 1 1 1 1 1 1 1 1 1 1 1 1 1 1 1 1 1 1 1 1 1 1 1 1 1 1 1 1 1 1 1 1 1 1 1 1 1 1 </float_array>
          <technique_common>
            <accessor count="27" offset="0" source="#Mario64HandL__BodyMT_HandMT_0-color0-array" stride="3">
              <param name="R" type="float" />
              <param name="G" type="float" />
              <param name="B" type="float" />
            </accessor>
          </technique_common>
        </source>
        <vertices id="Mario64HandL__BodyMT_HandMT_0-vertices">
          <input semantic="POSITION" source="#Mario64HandL__BodyMT_HandMT_0-positions" />
        </vertices>
        <polylist count="50" material="defaultMaterial">
          <input offset="0" semantic="VERTEX" source="#Mario64HandL__BodyMT_HandMT_0-vertices" />
          <input offset="0" semantic="NORMAL" source="#Mario64HandL__BodyMT_HandMT_0-normals" />
          <input offset="0" semantic="TEXCOORD" source="#Mario64HandL__BodyMT_HandMT_0-tex0" set="0" />
          <input offset="0" semantic="COLOR" source="#Mario64HandL__BodyMT_HandMT_0-color0" set="0" />
          <vcount>3 3 3 3 3 3 3 3 3 3 3 3 3 3 3 3 3 3 3 3 3 3 3 3 3 3 3 3 3 3 3 3 3 3 3 3 3 3 3 3 3 3 3 3 3 3 3 3 3 3 </vcount>
          <p>0 1 2 0 3 1 0 2 4 0 4 3 1 5 2 3 6 1 1 6 5 2 7 4 2 5 8 2 8 7 6 9 5 7 8 10 6 11 9 7 10 12 6 13 11 3 13 6 7 12 14 4 7 14 3 4 15 4 14 15 3 15 16 3 16 13 15 14 17 15 17 16 14 12 18 14 18 17 12 19 18 18 19 17 12 10 19 10 8 19 17 19 20 19 8 20 17 20 21 21 20 8 16 17 21 5 21 8 5 9 21 16 21 22 9 23 21 23 22 21 9 24 23 24 22 23 11 24 9 25 16 22 25 22 24 13 16 25 11 26 24 13 26 11 25 24 26 13 25 26 </p>
        </polylist>
      </mesh>
    </geometry>
    <geometry id="Face__FaceMT_FaceMT_0" name="Face__FaceMT_FaceMT_0" >
      <mesh>
        <source id="Face__FaceMT_FaceMT_0-positions" name="Face__FaceMT_FaceMT_0-positions">
          <float_array id="Face__FaceMT_FaceMT_0-positions-array" count="309"> -0.261966377 2.54629254 0.792876005 -0.564786255 2.36462522 0.678831875 -0.266395837 2.38433933 0.799193621 -0.615220606 2.66571069 0.640034914 -0.262386858 2.23172593 0.716614425 -0.0561910756 2.31730151 0.794992149 -0.0527518578 2.22623181 0.746297061 0.158951417 2.23241878 0.74507618 0.151318192 2.38502669 0.82741046 -0.401707143 2.08601785 0.412673593 -0.035505496 2.00898528 0.496279001 0.338358819 2.08723545 0.462665647 0.463247985 2.36631632 0.748276353 0.147248149 2.54696584 0.820518672 -0.675677419 2.34923291 0.337343067 -0.521739721 2.7339828 0.637019277 -0.668828905 2.68715191 0.376814157 0.619107485 2.35136318 0.424806833 0.517455339 2.66757441 0.716548026 0.60590595 2.68924928 0.462923557 0.425006121 2.73554087 0.700972676 -0.521739721 2.7339828 0.637019277 -0.504189849 3.00085425 0.624454737 -0.668828905 2.68715191 0.376814157 -0.324543059 3.19766736 0.700004756 -0.656051397 3.06107521 0.291485846 -0.261966377 2.54629254 0.792876005 -0.228844061 2.68166232 0.772593439 -0.615220606 2.66571069 0.640034914 -0.521739721 2.7339828 0.637019277 -0.261966377 2.54629254 0.792876005 -0.374070227 2.53686571 0.943425417 -0.34670952 2.71391225 0.9423666 -0.228844061 2.68166232 0.772593439 -0.266395837 2.38433933 0.799193621 -0.389586717 2.54706812 1.15104055 -0.344817728 2.35406756 0.933304012 -0.358010709 2.37807584 1.15373695 -0.0682258606 2.81558418 0.961015224 -0.362141937 2.71421623 1.14990544 -0.0568583347 2.7605927 0.794073045 -0.0561910756 2.31730151 0.794992149 -0.0675172657 2.25687814 0.964133561 -0.0897106379 2.42927241 1.28847754 -0.0900668055 2.69789624 1.28720737 -0.0819503516 2.25901055 1.17774487 -0.0823131502 2.82119823 1.16942263 0.116711304 2.68223071 0.795935929 0.210567296 2.71482897 0.980011046 0.1979471 2.71513772 1.18773985 0.151318192 2.38502669 0.82741046 0.194439217 2.37898493 1.19105542 0.211090207 2.35498214 0.970855951 0.225537255 2.54808021 1.19259262 0.147248149 2.54696584 0.820518672 0.238116816 2.53787279 0.98477906 -0.754682422 2.85774517 -0.00913518015 -0.885486901 2.74599075 -0.170733213 -0.743150651 2.63318086 -0.100735098 -0.570402861 2.67915916 -0.283284843 -0.883108199 2.49319243 -0.128374666 -0.691874802 2.34727097 0.0481758937 -0.504475176 2.44928885 -0.23939015 -0.504475176 2.44928885 -0.23939015 -0.365729719 2.1886487 -0.272630334 -0.691874802 2.34727097 0.0481758937 0.0144036645 2.18927407 -0.246952072 -0.401707143 2.08601785 0.412673593 -0.675677419 2.34923291 0.337343067 -0.668828905 2.68715191 0.376814157 0.394537032 2.18989968 -0.221273705 0.338358819 2.08723545 0.462665647 -0.035505496 2.00898528 0.496279001 0.526697099 2.45098591 -0.169733658 0.67405349 2.3495183 0.140445441 0.619107485 2.35136318 0.424806833 0.60590595 2.68924928 0.462923557 -0.656051397 3.06107521 0.291485846 -0.754682422 2.85774517 -0.00913518015 -0.668828905 2.68715191 0.376814157 -0.743150651 2.63318086 -0.100735098 -0.691874802 2.34727097 0.0481758937 0.425006121 2.73554087 0.700972676 0.60590595 2.68924928 0.462923557 0.408431381 3.00235558 0.686103106 0.6034953 3.06314707 0.376569182 0.21961236 3.19856286 0.736762881 0.147248149 2.54696584 0.820518672 0.517455339 2.66757441 0.716548026 0.116711304 2.68223071 0.795935929 0.425006121 2.73554087 0.700972676 0.742325664 2.86020827 0.091988869 0.743953288 2.63562751 -0.00028004084 0.894039929 2.74891877 -0.0505247489 0.597175896 2.68108034 -0.204413965 0.886814296 2.49610448 -0.00881498493 0.67405349 2.3495183 0.140445441 0.526697099 2.45098591 -0.169733658 0.6034953 3.06314707 0.376569182 0.60590595 2.68924928 0.462923557 0.742325664 2.86020827 0.091988869 0.67405349 2.3495183 0.140445441 0.743953288 2.63562751 -0.00028004084 </float_array>
          <technique_common>
            <accessor count="103" offset="0" source="#Face__FaceMT_FaceMT_0-positions-array" stride="3">
              <param name="X" type="float" />
              <param name="Y" type="float" />
              <param name="Z" type="float" />
            </accessor>
          </technique_common>
        </source>
        <source id="Face__FaceMT_FaceMT_0-normals" name="Face__FaceMT_FaceMT_0-normals">
          <float_array id="Face__FaceMT_FaceMT_0-normals-array" count="309"> -0.933172882 0.128217831 0.335780442 -0.691134691 -0.381106913 0.614076853 -0.671937943 -0.710267544 0.209807917 -0.787972987 0.145067245 0.598376215 -0.287134826 -0.71131146 0.641552448 0.000789728074 -0.999909818 0.0134084895 -0.0473439172 -0.694753587 0.717687905 0.200979024 -0.709739566 0.675186813 0.640108705 -0.707971334 0.298391432 -0.260629624 -0.964441538 -0.0438717753 0.00571165886 -0.998142064 -0.0606617928 0.26719889 -0.963606358 -0.00821992848 0.60398078 -0.377616227 0.701864064 0.879161656 0.13116245 0.458117008 -0.899498463 -0.408102542 0.156060368 -0.627423644 0.224613219 0.745579302 -0.965940118 0.0394726098 0.255737424 0.871712387 -0.405115485 0.275679111 0.699789464 0.148242027 0.698798239 0.922664762 0.0426082388 0.383241743 0.520975351 0.22442174 0.823540866 -0.627416551 0.224607006 0.745587111 -0.702697635 0.21773009 0.677354872 -0.965939462 0.0395059176 0.255734742 -0.422910392 0.176183045 0.88887924 -0.919160843 0.160560176 0.359671682 -0.933185935 0.128207177 0.335748315 -0.633450031 0.406063974 0.658675313 -0.787971556 0.14506951 0.598377585 -0.627404332 0.22460708 0.745597363 -0.933182716 0.128183827 0.335766166 -0.955691099 0.0034137445 -0.294351697 -0.69298327 0.679547548 -0.240809649 -0.633438051 0.406116098 0.65865469 -0.67194134 -0.710277319 0.209764183 -0.905924559 -0.00355345057 0.423424214 -0.728763819 -0.636894584 -0.251532614 -0.766091764 -0.521132648 0.376196951 0.00507726101 0.995043397 -0.0993119851 -0.687639713 0.685506046 0.239234433 -0.0526557937 0.644163191 0.763073504 0.000757716072 -0.999910295 0.0133711435 0.0128605813 -0.985973239 -0.166407272 -0.0656228811 -0.205533445 0.976447463 -0.0654414892 0.263600469 0.962409556 -0.0265235156 -0.909517705 0.414818048 -0.014145636 0.982547104 0.185475409 0.537195086 0.410110742 0.737041831 0.716844976 0.681866467 -0.145572513 0.647627354 0.686913252 0.329740763 0.640085042 -0.708007395 0.298356682 0.710236073 -0.518713534 0.475921184 0.758053422 -0.634448349 -0.151097 0.84085536 -0.00068355765 0.541259468 0.879169047 0.131165087 0.458102018 0.986570239 0.00661679031 -0.163203567 -0.978072941 0.171363369 0.118354902 -0.591159344 0.397256434 -0.701938748 -0.890054405 -0.0367272347 0.454372406 -0.757683218 -0.314702541 -0.571732819 -0.706978559 -0.505231559 -0.494896352 -0.770344317 -0.627792716 -0.111561224 -0.531960368 -0.452183396 -0.715924859 -0.531943142 -0.452205092 -0.715923905 -0.224413782 -0.946888924 -0.230303839 -0.77033323 -0.627800763 -0.111592926 0.0146971196 -0.980957389 -0.193666324 -0.260606706 -0.964448273 -0.0438599735 -0.899505854 -0.408091694 0.156046018 -0.965940475 0.0394866541 0.255733818 0.256454229 -0.946099579 -0.197804958 0.26721096 -0.963603079 -0.00820719358 0.00574917486 -0.998141944 -0.0606594831 0.624472797 -0.451504499 -0.637320459 0.780395031 -0.625249386 -0.00684020529 0.871723294 -0.4051072 0.275656849 0.92265588 0.0425879098 0.383265436 -0.919164777 0.160561845 0.359660894 -0.978071511 0.171393812 0.118322745 -0.965940535 0.0394903943 0.255733043 -0.890057564 -0.0367585942 0.454363614 -0.770330429 -0.627814531 -0.111534417 0.520998776 0.224386841 0.823535562 0.92265445 0.0425979905 0.38326776 0.604645967 0.220725819 0.765299499 0.861631691 0.164222136 0.480231047 0.299114823 0.177377105 0.937586069 0.879152238 0.13117981 0.458130151 0.699775517 0.148229852 0.698814809 0.537184715 0.410117537 0.737045586 0.521026909 0.224416286 0.823509753 0.952768803 0.173868284 0.249000847 0.820999563 -0.0339186713 0.569920421 0.67913866 0.399201334 -0.61596185 0.82897085 -0.311346173 -0.46461913 0.768763483 -0.502806008 -0.395207316 0.780402005 -0.625241041 -0.00680796104 0.624476492 -0.451505065 -0.637316465 0.861641347 0.164202407 0.480220556 0.922662079 0.0425874293 0.383250505 0.952768803 0.173865691 0.249002576 0.780384481 -0.625263214 -0.00678197294 0.821007252 -0.033954151 0.569907188 </float_array>
          <technique_common>
            <accessor count="103" offset="0" source="#Face__FaceMT_FaceMT_0-normals-array" stride="3">
              <param name="X" type="float" />
              <param name="Y" type="float" />
              <param name="Z" type="float" />
            </accessor>
          </technique_common>
        </source>
        <source id="Face__FaceMT_FaceMT_0-tex0" name="Face__FaceMT_FaceMT_0-tex0">
          <float_array id="Face__FaceMT_FaceMT_0-tex0-array" count="206"> 0.33782959 0.600585938 0.482299805 0.637939453 0.346191406 0.660644531 0.485839844 0.481689453 0.377563477 0.729980469 0.286315918 0.720214844 0.27671814 0.764648438 0.377563477 0.729980469 0.346191406 0.660644531 0.495849609 0.823242188 0.308349609 0.893066406 0.495849609 0.823242188 0.482299805 0.637939453 0.33782959 0.600585938 0.596435547 0.665039062 0.474121094 0.434936523 0.602050781 0.500732422 0.596435547 0.665039062 0.485839844 0.481689453 0.602050781 0.500732422 0.474121094 0.434936523 0.280105591 0.455810547 0.304656982 0.385253906 0.355834961 0.494873047 0.284362793 0.311035156 0.407348633 0.399902344 0.638671875 0.554931641 0.638671875 0.554931641 0.638671875 0.554931641 0.638671875 0.554931641 0.607421875 -0.356933594 0.588867188 -0.350097656 0.580322266 -0.370605469 0.591064453 -0.388183594 0.594970703 -0.316894531 0.571533203 -0.3515625 0.581298828 -0.328613281 0.568847656 -0.340332031 0.546142578 -0.38671875 0.568359375 -0.362304688 0.546142578 -0.405273438 0.546142578 -0.291992188 0.546142578 -0.3125 0.546142578 -0.345214844 0.546142578 -0.359375 0.546142578 -0.331054688 0.546142578 -0.37109375 0.591064453 -0.388183594 0.580322266 -0.370605469 0.568359375 -0.362304688 0.594970703 -0.316894531 0.568847656 -0.340332031 0.581298828 -0.328613281 0.571533203 -0.3515625 0.607421875 -0.356933594 0.588867188 -0.350097656 0.817382812 -0.460449219 0.857421875 -0.4296875 0.815917969 -0.397949219 0.771484375 -0.411132812 0.855957031 -0.358886719 0.799316406 -0.317382812 0.751953125 -0.346679688 1.69628906 0.625244141 1.67480469 0.630615234 1.69433594 0.602050781 1.64550781 0.630126953 1.66992188 0.594726562 1.6875 0.585449219 1.69628906 0.559570312 1.67480469 0.630615234 1.66992188 0.594726562 1.64550781 0.599853516 1.69628906 0.625244141 1.69433594 0.602050781 1.6875 0.585449219 1.69628906 0.559570312 0.495727539 0.244678497 0.733398438 0.288421631 0.477539062 0.427490234 0.755859375 0.443115234 0.655273438 0.557373047 0.280105591 0.455810547 0.355834961 0.494873047 0.304656982 0.385253906 0.407348633 0.399902344 0.284362793 0.311035156 0.638671875 0.554931641 0.638671875 0.554931641 0.638671875 0.554931641 0.638671875 0.554931641 0.817382812 -0.460449219 0.815917969 -0.397949219 0.857421875 -0.4296875 0.771484375 -0.411132812 0.855957031 -0.358886719 0.799316406 -0.317382812 0.751953125 -0.346679688 0.495727539 0.244678497 0.477539062 0.427490234 0.733398438 0.288421631 0.655273438 0.557373047 0.755859375 0.443115234 </float_array>
          <technique_common>
            <accessor count="103" offset="0" source="#Face__FaceMT_FaceMT_0-tex0-array" stride="2">
              <param name="S" type="float" />
              <param name="T" type="float" />
            </accessor>
          </technique_common>
        </source>
        <source id="Face__FaceMT_FaceMT_0-color0" name="Face__FaceMT_FaceMT_0-color0">
          <float_array id="Face__FaceMT_FaceMT_0-color0-array" count="309"> 0.996078432 0.996078432 0.996078432 0.996078432 0.996078432 0.996078432 0.996078432 0.996078432 0.996078432 0.996078432 0.996078432 0.996078432 0.996078432 0.996078432 0.996078432 0.996078432 0.996078432 0.996078432 0.996078432 0.996078432 0.996078432 0.996078432 0.996078432 0.996078432 0.996078432 0.996078432 0.996078432 0.996078432 0.996078432 0.996078432 0.996078432 0.996078432 0.996078432 0.996078432 0.996078432 0.996078432 0.996078432 0.996078432 0.996078432 0.996078432 0.996078432 0.996078432 0.996078432 0.996078432 0.996078432 0.996078432 0.996078432 0.996078432 0.996078432 0.996078432 0.996078432 0.996078432 0.996078432 0.996078432 0.996078432 0.996078432 0.996078432 0.996078432 0.996078432 0.996078432 0.996078432 0.996078432 0.996078432 0.996078432 0.996078432 0.996078432 0.996078432 0.996078432 0.996078432 0.996078432 0.996078432 0.996078432 0.996078432 0.996078432 0.996078432 0.996078432 0.996078432 0.996078432 0.996078432 0.996078432 0.996078432 0.996078432 0.996078432 0.996078432 0.996078432 0.996078432 0.996078432 0.996078432 0.996078432 0.996078432 0.996078432 0.996078432 0.996078432 0.996078432 0.996078432 0.996078432 0.996078432 0.996078432 0.996078432 0.996078432 0.996078432 0.996078432 0.996078432 0.996078432 0.996078432 0.996078432 0.996078432 0.996078432 0.996078432 0.996078432 0.996078432 0.996078432 0.996078432 0.996078432 0.996078432 0.996078432 0.996078432 0.996078432 0.996078432 0.996078432 0.996078432 0.996078432 0.996078432 0.996078432 0.996078432 0.996078432 0.996078432 0.996078432 0.996078432 0.996078432 0.996078432 0.996078432 0.996078432 0.996078432 0.996078432 0.996078432 0.996078432 0.996078432 0.996078432 0.996078432 0.996078432 0.996078432 0.996078432 0.996078432 0.996078432 0.996078432 0.996078432 0.996078432 0.996078432 0.996078432 0.996078432 0.996078432 0.996078432 0.996078432 0.996078432 0.996078432 0.996078432 0.996078432 0.996078432 0.996078432 0.996078432 0.996078432 0.996078432 0.996078432 0.996078432 0.996078432 0.996078432 0.996078432 0.996078432 0.996078432 0.996078432 0.996078432 0.996078432 0.996078432 0.996078432 0.996078432 0.996078432 0.996078432 0.996078432 0.996078432 0.996078432 0.996078432 0.996078432 0.996078432 0.996078432 0.996078432 0.996078432 0.996078432 0.996078432 0.996078432 0.996078432 0.996078432 0.996078432 0.996078432 0.996078432 0.996078432 0.996078432 0.996078432 0.996078432 0.996078432 0.996078432 0.996078432 0.996078432 0.996078432 0.996078432 0.996078432 0.996078432 0.996078432 0.996078432 0.996078432 0.996078432 0.996078432 0.996078432 0.996078432 0.996078432 0.996078432 0.996078432 0.996078432 0.996078432 0.996078432 0.996078432 0.996078432 0.996078432 0.996078432 0.996078432 0.996078432 0.996078432 0.996078432 0.996078432 0.996078432 0.996078432 0.996078432 0.996078432 0.996078432 0.996078432 0.996078432 0.996078432 0.996078432 0.996078432 0.996078432 0.996078432 0.996078432 0.996078432 0.996078432 0.996078432 0.996078432 0.996078432 0.996078432 0.996078432 0.996078432 0.996078432 0.996078432 0.996078432 0.996078432 0.996078432 0.996078432 0.996078432 0.996078432 0.996078432 0.996078432 0.996078432 0.996078432 0.996078432 0.996078432 0.996078432 0.996078432 0.996078432 0.996078432 0.996078432 0.996078432 0.996078432 0.996078432 0.996078432 0.996078432 0.996078432 0.996078432 0.996078432 0.996078432 0.996078432 0.996078432 0.996078432 0.996078432 0.996078432 0.996078432 0.996078432 0.996078432 0.996078432 0.996078432 0.996078432 0.996078432 0.996078432 0.996078432 0.996078432 0.996078432 0.996078432 0.996078432 0.996078432 0.996078432 0.996078432 0.996078432 0.996078432 0.996078432 0.996078432 0.996078432 0.996078432 0.996078432 0.996078432 0.996078432 0.996078432 </float_array>
          <technique_common>
            <accessor count="103" offset="0" source="#Face__FaceMT_FaceMT_0-color0-array" stride="3">
              <param name="R" type="float" />
              <param name="G" type="float" />
              <param name="B" type="float" />
            </accessor>
          </technique_common>
        </source>
        <vertices id="Face__FaceMT_FaceMT_0-vertices">
          <input semantic="POSITION" source="#Face__FaceMT_FaceMT_0-positions" />
        </vertices>
        <polylist count="108" material="defaultMaterial">
          <input offset="0" semantic="VERTEX" source="#Face__FaceMT_FaceMT_0-vertices" />
          <input offset="0" semantic="NORMAL" source="#Face__FaceMT_FaceMT_0-normals" />
          <input offset="0" semantic="TEXCOORD" source="#Face__FaceMT_FaceMT_0-tex0" set="0" />
          <input offset="0" semantic="COLOR" source="#Face__FaceMT_FaceMT_0-color0" set="0" />
          <vcount>3 3 3 3 3 3 3 3 3 3 3 3 3 3 3 3 3 3 3 3 3 3 3 3 3 3 3 3 3 3 3 3 3 3 3 3 3 3 3 3 3 3 3 3 3 3 3 3 3 3 3 3 3 3 3 3 3 3 3 3 3 3 3 3 3 3 3 3 3 3 3 3 3 3 3 3 3 3 3 3 3 3 3 3 3 3 3 3 3 3 3 3 3 3 3 3 3 3 3 3 3 3 3 3 3 3 3 3 </vcount>
          <p>0 1 2 0 3 1 2 1 4 2 4 5 5 6 7 5 7 8 5 4 6 4 9 10 4 10 6 4 1 9 6 10 7 7 10 11 7 12 8 7 11 12 8 12 13 9 1 14 1 3 14 3 15 16 3 16 14 11 17 12 12 18 13 12 17 18 17 19 18 18 19 20 21 22 23 22 24 25 22 25 23 26 27 28 27 29 28 30 31 32 30 32 33 30 34 31 31 35 32 31 36 37 31 37 35 31 34 36 32 38 33 32 39 38 32 35 39 33 38 40 34 41 42 34 42 36 35 37 43 35 44 39 35 43 44 36 42 37 37 42 45 37 45 43 39 46 38 39 44 46 40 38 47 38 48 47 38 49 48 38 46 49 41 50 42 42 51 45 42 52 51 42 50 52 43 51 53 43 45 51 43 53 44 44 49 46 44 53 49 47 48 54 48 53 55 48 49 53 48 55 54 50 54 55 50 55 52 51 52 55 51 55 53 56 57 58 56 59 57 57 60 58 57 59 60 58 60 61 59 62 60 60 62 61 63 64 65 64 66 67 64 67 65 65 67 68 65 68 69 66 70 71 66 71 72 66 72 67 70 73 74 70 74 71 71 74 75 74 76 75 77 78 79 78 80 79 79 80 81 82 83 84 83 85 84 84 85 86 87 88 89 88 90 89 91 92 93 91 93 94 92 95 93 92 96 95 93 95 94 94 95 97 95 96 97 98 99 100 99 101 102 99 102 100 </p>
        </polylist>
      </mesh>
    </geometry>
    <geometry id="Hair__HairMT_HairMT.001_0" name="Hair__HairMT_HairMT.001_0" >
      <mesh>
        <source id="Hair__HairMT_HairMT.001_0-positions" name="Hair__HairMT_HairMT.001_0-positions">
          <float_array id="Hair__HairMT_HairMT.001_0-positions-array" count="132"> -0.656051278 3.06107473 0.291486144 -0.777653992 3.25662518 0.0193414409 -0.754682541 2.85774541 -0.00913486257 -0.539527953 3.54894423 0.340858459 -0.401797116 3.55818033 0.0397766605 -0.777653992 3.25662518 0.0193414409 -0.0434737764 3.61264348 0.575181425 -0.269322485 3.52064347 0.60198611 0.0972319394 3.55762672 0.682624757 0.216612339 3.55205464 0.584364533 -0.0434737764 3.61264348 0.575181425 0.47979337 3.55062127 0.409714311 0.38377583 3.5594728 0.0928426459 0.759952247 3.25915504 0.123207778 0.597176015 2.6810801 -0.204413891 0.526697278 2.45098543 -0.169733495 0.392436475 2.51478219 -0.559399843 -0.57040292 2.67915916 -0.283284634 -0.319238722 2.51361132 -0.607473969 -0.504475176 2.44928885 -0.239389896 -0.359488666 2.47296429 -0.688093245 0.0365988761 2.51419687 -0.583436906 0.0446821488 2.29080534 -0.6976583 -0.558824956 2.28904772 -0.519909441 -0.365729749 2.18864846 -0.272630095 -0.208053604 2.33029795 -0.719615757 -0.401515573 2.33016515 -0.716534853 -0.348923415 2.15120816 -0.520514429 0.0144036971 2.18927407 -0.246951818 0.411343455 2.15245891 -0.469157904 0.394537121 2.18989944 -0.221273556 0.297944129 2.3311305 -0.685435236 0.618804157 2.29098535 -0.440359831 0.489233643 2.33163071 -0.656364143 0.443295926 2.47428513 -0.633864582 -0.754682541 2.85774541 -0.00913486257 -0.57040292 2.67915916 -0.283284634 0.000382136495 3.40048504 -0.0344841145 -0.504475176 2.44928885 -0.239389896 -0.365729749 2.18864846 -0.272630095 0.597176015 2.6810801 -0.204413891 0.526697278 2.45098543 -0.169733495 0.0144036971 2.18927407 -0.246951818 0.394537121 2.18989944 -0.221273556 </float_array>
          <technique_common>
            <accessor count="44" offset="0" source="#Hair__HairMT_HairMT.001_0-positions-array" stride="3">
              <param name="X" type="float" />
              <param name="Y" type="float" />
              <param name="Z" type="float" />
            </accessor>
          </technique_common>
        </source>
        <source id="Hair__HairMT_HairMT.001_0-normals" name="Hair__HairMT_HairMT.001_0-normals">
          <float_array id="Hair__HairMT_HairMT.001_0-normals-array" count="132"> -0.926472664 -0.161655128 0.339876503 -0.902282238 0.416183382 -0.112597495 -0.980085135 -0.15715234 -0.121392958 -0.507191181 0.861228824 0.0322796404 -0.400069833 0.900015056 -0.172965452 -0.902270794 0.416202813 -0.112617195 0.00880591199 0.998785913 0.0484679043 -0.375258982 0.926881433 -0.00845835824 0.32512334 0.894764364 0.306090683 0.268499464 0.892780602 0.361733049 0.00878110528 0.998785734 0.0484763309 0.508951783 0.855072141 0.0990945995 0.416759968 0.901360333 -0.117731541 0.907851279 0.419181079 0.00965786073 0.878163934 -0.385544896 -0.283166558 0.9899472 -0.138328791 -0.0294899214 0.412426382 -0.253056318 -0.875138283 -0.830836117 -0.388356715 -0.398610651 -0.290153563 -0.254211754 -0.922598124 -0.97652936 -0.14156419 -0.162326768 -0.512565196 0.679682374 -0.524698734 0.0663404688 -0.204272106 -0.976663649 0.0357561633 -0.85673517 -0.514515638 -0.986417711 -0.0613447577 -0.152370945 -0.0664065406 -0.997582436 0.0204805415 0.0538437143 -0.25676477 -0.964972913 -0.437898815 -0.354664177 -0.826110125 0.0108424276 -0.986002445 -0.166377902 0.00773058552 -0.995895386 -0.0901811495 0.0148734488 -0.986002088 -0.166068226 0.0663162172 -0.997364044 0.0294461437 0.0772752538 -0.256723672 -0.963390648 0.998143971 -0.0580838881 -0.0183010995 0.546181083 -0.353045076 -0.759635091 0.576251388 0.681462586 -0.45115754 0.497223407 -0.666755855 0.555162549 0.0194217637 -0.338725626 0.940684736 -0.0234654956 -0.820950031 0.570517659 -0.165877372 -0.121676832 0.978610992 -0.0706585869 -0.172217503 0.982521474 -0.144665316 -0.338989198 0.929601133 0.0331963189 -0.122879371 0.991866231 -0.0699467584 -0.172684312 0.98249048 -0.0699829087 -0.172673896 0.982489765 </float_array>
          <technique_common>
            <accessor count="44" offset="0" source="#Hair__HairMT_HairMT.001_0-normals-array" stride="3">
              <param name="X" type="float" />
              <param name="Y" type="float" />
              <param name="Z" type="float" />
            </accessor>
          </technique_common>
        </source>
        <source id="Hair__HairMT_HairMT.001_0-tex0" name="Hair__HairMT_HairMT.001_0-tex0">
          <float_array id="Hair__HairMT_HairMT.001_0-tex0-array" count="88"> 0.267212182 0.267212152 0.267212182 0.267212152 0.267212182 0.267212152 0.267212182 0.267212152 0.267212182 0.267212152 0.267212182 0.267212152 0.267212182 0.267212152 0.267212182 0.267212152 0.267212182 0.267212152 0.267212182 0.267212152 0.267212182 0.267212152 0.267212182 0.267212152 0.267212182 0.267212152 0.267212182 0.267212152 0.267212182 0.267212152 0.267212182 0.267212152 0.267212182 0.267212152 0.267212182 0.267212152 0.267212182 0.267212152 0.267212182 0.267212152 0.267212182 0.267212152 0.267212182 0.267212152 0.267212182 0.267212152 0.267212182 0.267212152 0.267212182 0.267212152 0.267212182 0.267212152 0.267212182 0.267212152 0.267212182 0.267212152 0.267212182 0.267212152 0.267212182 0.267212152 0.267212182 0.267212152 0.267212182 0.267212152 0.267212182 0.267212152 0.267212182 0.267212152 0.267212182 0.267212152 0.255577177 0.253875792 0.255577177 0.253875792 0.255577177 0.253875792 0.255577177 0.253875792 0.255577177 0.253875792 0.255577177 0.253875792 0.255577177 0.253875792 0.255577177 0.253875792 0.255577177 0.253875792 </float_array>
          <technique_common>
            <accessor count="44" offset="0" source="#Hair__HairMT_HairMT.001_0-tex0-array" stride="2">
              <param name="S" type="float" />
              <param name="T" type="float" />
            </accessor>
          </technique_common>
        </source>
        <source id="Hair__HairMT_HairMT.001_0-color0" name="Hair__HairMT_HairMT.001_0-color0">
          <float_array id="Hair__HairMT_HairMT.001_0-color0-array" count="132"> 0.996078432 0.996078432 0.996078432 0.996078432 0.996078432 0.996078432 0.996078432 0.996078432 0.996078432 0.996078432 0.996078432 0.996078432 0.996078432 0.996078432 0.996078432 0.996078432 0.996078432 0.996078432 0.996078432 0.996078432 0.996078432 0.996078432 0.996078432 0.996078432 0.996078432 0.996078432 0.996078432 0.996078432 0.996078432 0.996078432 0.996078432 0.996078432 0.996078432 0.996078432 0.996078432 0.996078432 0.996078432 0.996078432 0.996078432 0.996078432 0.996078432 0.996078432 0.996078432 0.996078432 0.996078432 0.996078432 0.996078432 0.996078432 0.996078432 0.996078432 0.996078432 0.996078432 0.996078432 0.996078432 0.996078432 0.996078432 0.996078432 0.996078432 0.996078432 0.996078432 0.996078432 0.996078432 0.996078432 0.996078432 0.996078432 0.996078432 0.996078432 0.996078432 0.996078432 0.996078432 0.996078432 0.996078432 0.996078432 0.996078432 0.996078432 0.996078432 0.996078432 0.996078432 0.996078432 0.996078432 0.996078432 0.996078432 0.996078432 0.996078432 0.996078432 0.996078432 0.996078432 0.996078432 0.996078432 0.996078432 0.996078432 0.996078432 0.996078432 0.996078432 0.996078432 0.996078432 0.996078432 0.996078432 0.996078432 0.996078432 0.996078432 0.996078432 0.996078432 0.996078432 0.996078432 0.996078432 0.996078432 0.996078432 0.996078432 0.996078432 0.996078432 0.996078432 0.996078432 0.996078432 0.996078432 0.996078432 0.996078432 0.996078432 0.996078432 0.996078432 0.996078432 0.996078432 0.996078432 0.996078432 0.996078432 0.996078432 0.996078432 0.996078432 0.996078432 0.996078432 0.996078432 0.996078432 </float_array>
          <technique_common>
            <accessor count="44" offset="0" source="#Hair__HairMT_HairMT.001_0-color0-array" stride="3">
              <param name="R" type="float" />
              <param name="G" type="float" />
              <param name="B" type="float" />
            </accessor>
          </technique_common>
        </source>
        <vertices id="Hair__HairMT_HairMT.001_0-vertices">
          <input semantic="POSITION" source="#Hair__HairMT_HairMT.001_0-positions" />
        </vertices>
        <polylist count="45" material="defaultMaterial">
          <input offset="0" semantic="VERTEX" source="#Hair__HairMT_HairMT.001_0-vertices" />
          <input offset="0" semantic="NORMAL" source="#Hair__HairMT_HairMT.001_0-normals" />
          <input offset="0" semantic="TEXCOORD" source="#Hair__HairMT_HairMT.001_0-tex0" set="0" />
          <input offset="0" semantic="COLOR" source="#Hair__HairMT_HairMT.001_0-color0" set="0" />
          <vcount>3 3 3 3 3 3 3 3 3 3 3 3 3 3 3 3 3 3 3 3 3 3 3 3 3 3 3 3 3 3 3 3 3 3 3 3 3 3 3 3 3 3 3 3 3 </vcount>
          <p>0 1 2 3 4 5 6 4 3 6 3 7 8 9 10 11 10 9 11 12 10 11 13 12 14 15 16 17 18 19 18 20 19 21 16 22 18 21 22 19 20 23 19 23 24 18 25 20 18 22 25 20 26 23 20 25 26 23 27 24 23 26 27 25 27 26 22 27 25 24 27 28 22 28 27 22 29 28 28 29 30 22 31 29 22 16 31 29 32 30 15 30 32 29 31 33 29 33 32 31 16 34 31 34 33 15 34 16 32 33 34 15 32 34 35 36 37 36 38 37 38 39 37 40 37 41 39 42 37 41 37 43 43 37 42 </p>
        </polylist>
      </mesh>
    </geometry>
    <geometry id="Cap__CapMT_CapMT_0" name="Cap__CapMT_CapMT_0" >
      <mesh>
        <source id="Cap__CapMT_CapMT_0-positions" name="Cap__CapMT_CapMT_0-positions">
          <float_array id="Cap__CapMT_CapMT_0-positions-array" count="165"> 0.603495419 3.06314683 0.376569152 0.427864879 3.72133303 0.588870764 0.147367671 3.34752822 0.764862895 -0.0531142876 3.84194374 0.712311447 -0.257221699 3.34686255 0.737532675 -0.512724876 3.71978545 0.525333405 -0.656051159 3.0610745 0.291486114 0.603495419 3.06314683 0.376569152 0.352920592 3.18951893 1.02937472 0.219612762 3.19856262 0.736762941 -0.0814694092 3.23720574 1.14680278 -0.291619718 3.19498777 0.763039172 -0.495961875 3.18812227 0.972032249 -0.656051159 3.0610745 0.291486114 0.603495419 3.06314683 0.376569152 0.147367671 3.34752822 0.764862895 0.352920592 3.18951893 1.02937472 -0.0814694092 3.23720574 1.14680278 -0.257221699 3.34686255 0.737532675 -0.495961875 3.18812227 0.972032249 -0.656051159 3.0610745 0.291486114 0.873467922 3.30054927 0.151661202 0.603495419 3.06314683 0.376569152 0.742325723 2.86020756 0.0919888765 0.427864879 3.72133303 0.588870764 0.82673955 2.94580054 -0.192737445 0.597175837 2.68107963 -0.204413995 0.272082001 3.86293554 0.176860392 0.392436355 2.51478171 -0.559399843 -0.0531142876 3.84194374 0.712311447 0.50129509 3.1699059 -0.436661541 -0.30341205 3.86198878 0.137985453 -0.512724876 3.71978545 0.525333405 0.3837744 2.89973164 -0.776090145 -0.89410013 3.29764104 0.0322610438 -0.656051159 3.0610745 0.291486114 -0.754682541 2.85774469 -0.00913482625 -0.445760697 3.16834784 -0.500635684 -0.800317347 2.94312358 -0.302646011 -0.57040292 2.67915869 -0.283284545 -0.319238931 2.51361084 -0.60747385 -0.282774568 2.89863515 -0.821115911 -0.286243618 2.60067725 -0.818126261 0.387785763 2.60178614 -0.772595227 -0.319238931 2.51361084 -0.60747385 -0.00882999506 3.24466014 0.0842821971 -0.57040292 2.67915869 -0.283284545 -0.754682541 2.85774469 -0.00913482625 0.392436355 2.51478171 -0.559399843 -0.656051159 3.0610745 0.291486114 0.597175837 2.68107963 -0.204413995 -0.291619718 3.19498777 0.763039172 0.742325723 2.86020756 0.0919888765 0.219612762 3.19856262 0.736762941 0.603495419 3.06314683 0.376569152 </float_array>
          <technique_common>
            <accessor count="55" offset="0" source="#Cap__CapMT_CapMT_0-positions-array" stride="3">
              <param name="X" type="float" />
              <param name="Y" type="float" />
              <param name="Z" type="float" />
            </accessor>
          </technique_common>
        </source>
        <source id="Cap__CapMT_CapMT_0-normals" name="Cap__CapMT_CapMT_0-normals">
          <float_array id="Cap__CapMT_CapMT_0-normals-array" count="165"> 0.723539114 0.00854300056 0.690230489 0.647908926 0.525674164 0.551253736 0.428314358 0.524820626 0.735601842 -0.0448981225 0.76236105 0.64559257 -0.525069118 0.523251891 0.671200335 -0.717877805 0.52342701 0.45899412 -0.809817135 0.00602029217 0.586651444 -0.257309318 -0.962328672 0.0878374502 -0.166330323 -0.985037804 0.0451085046 -0.146753803 -0.986228108 0.0762719363 0.000563109701 -0.997249424 0.0741162226 0.104145139 -0.988612115 0.108627401 0.139849976 -0.98484695 0.102559395 0.176368594 -0.974191308 0.140873834 0.723544419 0.00855530053 0.690224826 0.428313881 0.524803519 0.735614359 0.434786052 0.880785227 0.187559262 -0.0242219511 0.94167912 0.335639209 -0.525069952 0.523234844 0.671212971 -0.458943367 0.879314721 0.127187401 -0.809821844 0.00603237282 0.586644888 0.870870113 0.48207292 -0.0958697051 0.72355485 0.0085361274 0.690214097 0.865643084 -0.401907682 0.298550278 0.647931337 0.525658488 0.551242411 0.920606554 0.029910231 -0.389344335 0.754478097 -0.649769723 -0.0925317407 0.20012857 0.794241309 -0.573697925 0.372441173 -0.859610498 -0.349796116 -0.0448354632 0.762347817 0.645612597 0.225925252 0.687110841 -0.690533459 -0.12376263 0.793679357 -0.595613837 -0.71789825 0.523411334 0.458980054 0.224077612 0.506835401 -0.832410395 -0.851634622 0.479258686 -0.212201789 -0.809830248 0.00601341296 0.586633444 -0.896609008 -0.404807091 0.179509193 -0.133266419 0.686505854 -0.71480751 -0.859970808 0.0269763321 -0.509629726 -0.733046949 -0.652217329 -0.193014801 -0.319208205 -0.860744536 -0.396516025 -0.111776248 0.506263494 -0.855104268 -0.196010083 -0.478142977 -0.856130421 0.311668068 -0.475747257 -0.822512984 0.0627616346 -0.699660957 0.711713076 -0.0189724453 -0.90771246 0.419163674 0.307707042 -0.713857889 0.629065454 0.317302078 -0.752386451 0.57726419 -0.155616552 -0.70002085 0.696960747 0.335793674 -0.910009265 0.243157893 -0.387705505 -0.714117348 0.582855761 0.155134872 -0.987866223 -0.00731747271 -0.391345799 -0.752932489 0.529094577 -0.14625667 -0.989087939 -0.017720934 -0.372647136 -0.900817871 0.222847983 </float_array>
          <technique_common>
            <accessor count="55" offset="0" source="#Cap__CapMT_CapMT_0-normals-array" stride="3">
              <param name="X" type="float" />
              <param name="Y" type="float" />
              <param name="Z" type="float" />
            </accessor>
          </technique_common>
        </source>
        <source id="Cap__CapMT_CapMT_0-tex0" name="Cap__CapMT_CapMT_0-tex0">
          <float_array id="Cap__CapMT_CapMT_0-tex0-array" count="110"> 1.00488281 0.787109375 0.808105469 0.33026123 0.624511719 0.616699219 0.49987793 0.261260986 0.375244141 0.616699219 0.191436768 0.33026123 -0.00512695312 0.787109375 0.713867188 0.298461914 0.706054688 0.293914795 0.700195312 0.293457031 0.689941406 0.292144775 0.680908203 0.293579102 0.673828125 0.293914795 0.666015625 0.298461914 0.713867188 0.298461914 0.697509766 0.287811279 0.706054688 0.293914795 0.689941406 0.292144775 0.682128906 0.287811279 0.673828125 0.293914795 0.666015625 0.298461914 0.723388672 0.289337158 0.713867188 0.298461914 0.718261719 0.306030273 0.707763672 0.27355957 0.720947266 0.30267334 0.712158203 0.312683105 0.700927734 0.268005371 0.703369141 0.318847656 0.689941406 0.26902771 0.708007812 0.294036865 0.678955078 0.268005371 0.672119141 0.27355957 0.702636719 0.304138184 0.65625 0.289337158 0.666015625 0.298461914 0.661376953 0.306030273 0.671875 0.294036865 0.658935547 0.30267334 0.667724609 0.312683105 0.676269531 0.318847656 0.677246094 0.304138184 0.677001953 0.315429688 0.702636719 0.315429688 0.697998047 0.695068359 0.704833984 0.708007812 0.693603516 0.701660156 0.690429688 0.70703125 0.711669922 0.695068359 0.692871094 0.712646484 0.715820312 0.701660156 0.700195312 0.721191406 0.718994141 0.70703125 0.709960938 0.720214844 0.716796875 0.712646484 </float_array>
          <technique_common>
            <accessor count="55" offset="0" source="#Cap__CapMT_CapMT_0-tex0-array" stride="2">
              <param name="S" type="float" />
              <param name="T" type="float" />
            </accessor>
          </technique_common>
        </source>
        <source id="Cap__CapMT_CapMT_0-color0" name="Cap__CapMT_CapMT_0-color0">
          <float_array id="Cap__CapMT_CapMT_0-color0-array" count="165"> 0.996078432 0.996078432 0.996078432 0.996078432 0.996078432 0.996078432 0.996078432 0.996078432 0.996078432 0.996078432 0.996078432 0.996078432 0.996078432 0.996078432 0.996078432 0.996078432 0.996078432 0.996078432 0.996078432 0.996078432 0.996078432 0.996078432 0.996078432 0.996078432 0.996078432 0.996078432 0.996078432 0.996078432 0.996078432 0.996078432 0.996078432 0.996078432 0.996078432 0.996078432 0.996078432 0.996078432 0.996078432 0.996078432 0.996078432 0.996078432 0.996078432 0.996078432 0.996078432 0.996078432 0.996078432 0.996078432 0.996078432 0.996078432 0.996078432 0.996078432 0.996078432 0.996078432 0.996078432 0.996078432 0.996078432 0.996078432 0.996078432 0.996078432 0.996078432 0.996078432 0.996078432 0.996078432 0.996078432 0.996078432 0.996078432 0.996078432 0.996078432 0.996078432 0.996078432 0.996078432 0.996078432 0.996078432 0.996078432 0.996078432 0.996078432 0.996078432 0.996078432 0.996078432 0.996078432 0.996078432 0.996078432 0.996078432 0.996078432 0.996078432 0.996078432 0.996078432 0.996078432 0.996078432 0.996078432 0.996078432 0.996078432 0.996078432 0.996078432 0.996078432 0.996078432 0.996078432 0.996078432 0.996078432 0.996078432 0.996078432 0.996078432 0.996078432 0.996078432 0.996078432 0.996078432 0.996078432 0.996078432 0.996078432 0.996078432 0.996078432 0.996078432 0.996078432 0.996078432 0.996078432 0.996078432 0.996078432 0.996078432 0.996078432 0.996078432 0.996078432 0.996078432 0.996078432 0.996078432 0.996078432 0.996078432 0.996078432 0.996078432 0.996078432 0.996078432 0.996078432 0.996078432 0.996078432 0.996078432 0.996078432 0.996078432 0.996078432 0.996078432 0.996078432 0.996078432 0.996078432 0.996078432 0.996078432 0.996078432 0.996078432 0.996078432 0.996078432 0.996078432 0.996078432 0.996078432 0.996078432 0.996078432 0.996078432 0.996078432 0.996078432 0.996078432 0.996078432 0.996078432 0.996078432 0.996078432 0.996078432 0.996078432 0.996078432 0.996078432 0.996078432 0.996078432 </float_array>
          <technique_common>
            <accessor count="55" offset="0" source="#Cap__CapMT_CapMT_0-color0-array" stride="3">
              <param name="R" type="float" />
              <param name="G" type="float" />
              <param name="B" type="float" />
            </accessor>
          </technique_common>
        </source>
        <vertices id="Cap__CapMT_CapMT_0-vertices">
          <input semantic="POSITION" source="#Cap__CapMT_CapMT_0-positions" />
        </vertices>
        <polylist count="58" material="defaultMaterial">
          <input offset="0" semantic="VERTEX" source="#Cap__CapMT_CapMT_0-vertices" />
          <input offset="0" semantic="NORMAL" source="#Cap__CapMT_CapMT_0-normals" />
          <input offset="0" semantic="TEXCOORD" source="#Cap__CapMT_CapMT_0-tex0" set="0" />
          <input offset="0" semantic="COLOR" source="#Cap__CapMT_CapMT_0-color0" set="0" />
          <vcount>3 3 3 3 3 3 3 3 3 3 3 3 3 3 3 3 3 3 3 3 3 3 3 3 3 3 3 3 3 3 3 3 3 3 3 3 3 3 3 3 3 3 3 3 3 3 3 3 3 3 3 3 3 3 3 3 3 3 </vcount>
          <p>0 1 2 1 3 2 2 3 4 3 5 4 4 5 6 7 8 9 8 10 9 9 10 11 10 12 11 11 12 13 14 15 16 15 17 16 18 17 15 19 17 18 20 19 18 21 22 23 21 24 22 25 21 23 25 23 26 21 27 24 28 25 26 27 29 24 25 30 21 21 30 27 31 29 27 30 31 27 31 32 29 25 33 30 34 32 31 34 35 32 36 35 34 37 31 30 37 34 31 33 37 30 38 36 34 38 34 37 38 39 36 38 40 39 41 37 33 41 38 37 42 40 38 42 38 41 42 28 40 43 41 33 42 41 43 42 43 28 43 33 25 43 25 28 44 45 46 46 45 47 44 48 45 47 45 49 48 50 45 49 45 51 50 52 45 51 45 53 52 54 45 45 54 53 </p>
        </polylist>
      </mesh>
    </geometry>
    <geometry id="Mario64HandR__BodyMT_HandMT_0" name="Mario64HandR__BodyMT_HandMT_0" >
      <mesh>
        <source id="Mario64HandR__BodyMT_HandMT_0-positions" name="Mario64HandR__BodyMT_HandMT_0-positions">
          <float_array id="Mario64HandR__BodyMT_HandMT_0-positions-array" count="81"> -1.01839495 0.911572993 -0.74724412 -0.963858724 0.673263907 -0.418871164 -1.26186407 0.930849195 -0.382421672 -1.04822528 0.810467064 0.00394395972 -1.11520016 1.26138783 -0.348849595 -0.72095269 0.825277805 -0.585297942 -0.819414556 1.21559858 -0.713211 -0.733877242 0.699850559 -0.284633517 -0.74588263 0.672403157 -0.121950187 -0.649487555 1.02823865 -0.32974562 -0.593669951 0.801899254 -0.0292584971 -0.922264278 1.13502049 0.00881041214 -0.6122877 1.10358036 -0.348771214 -0.618009508 1.14872754 -0.154694766 -0.619449496 1.16449845 -0.160564139 -0.619187653 1.16227055 -0.167447448 -0.618617177 1.16667962 -0.174124286 -0.598483384 1.21944034 -0.502127707 -0.81546253 1.29092097 -0.640056968 -0.530670822 1.28916085 -0.550443828 -0.553956807 1.22535658 -0.101476483 -0.838773072 1.24761403 -0.0359174311 -0.695106328 1.45750928 -0.320128173 -0.972159803 1.33882117 -0.339517862 -0.822894216 1.33440566 0.0245606601 -0.981286883 1.44011593 -0.346950322 -0.767809987 1.39707005 -0.693850517 </float_array>
          <technique_common>
            <accessor count="27" offset="0" source="#Mario64HandR__BodyMT_HandMT_0-positions-array" stride="3">
              <param name="X" type="float" />
              <param name="Y" type="float" />
              <param name="Z" type="float" />
            </accessor>
          </technique_common>
        </source>
        <source id="Mario64HandR__BodyMT_HandMT_0-normals" name="Mario64HandR__BodyMT_HandMT_0-normals">
          <float_array id="Mario64HandR__BodyMT_HandMT_0-normals-array" count="81"> -0.458663166 -0.154632375 -0.875052512 -0.371256471 -0.90764451 -0.195831776 -0.991936922 -0.121000066 -0.0376841836 -0.584363222 -0.345362306 0.734332681 -0.840764821 0.541214883 -0.0141750798 0.708701313 -0.410640508 -0.573687017 0.00340510602 0.361999243 -0.932172179 0.741384804 -0.653719246 -0.151656434 0.19788976 -0.938703895 0.282267004 0.915097833 -0.214573503 -0.341400325 0.670365155 -0.250764251 0.698375106 -0.306715339 0.30278194 0.90235734 0.936945677 -0.257576436 -0.236192986 0.713750422 0.283288598 0.640552819 0.622684121 -0.146495089 0.768637538 0.998267412 0.0557959042 0.0186815634 0.874348581 -0.484845728 -0.0209560823 0.578166127 -0.689239144 -0.436661601 -0.435421973 0.305786818 -0.846700728 0.822396755 0.510014534 -0.252088845 0.812378943 0.383709788 0.439098239 -0.414158076 0.124902762 0.901594341 0.37057057 0.920690954 0.122497469 -0.795676649 0.605234265 0.0242936369 0.0332042053 0.723404408 0.68962568 -0.415945083 0.908692777 0.0355969779 0.0853870735 0.790636837 -0.606302261 </float_array>
          <technique_common>
            <accessor count="27" offset="0" source="#Mario64HandR__BodyMT_HandMT_0-normals-array" stride="3">
              <param name="X" type="float" />
              <param name="Y" type="float" />
              <param name="Z" type="float" />
            </accessor>
          </technique_common>
        </source>
        <source id="Mario64HandR__BodyMT_HandMT_0-tex0" name="Mario64HandR__BodyMT_HandMT_0-tex0">
          <float_array id="Mario64HandR__BodyMT_HandMT_0-tex0-array" count="54"> 0.152954102 -1.0234375 0.158325195 -1.01953125 0.153930664 -1.03125 0.153808594 -1.02441406 0.142333984 -1.03125 0.151489258 -1.01367188 0.141479492 -1.02148438 0.154418945 -1.01269531 0.154907227 -1.01367188 0.143798828 -1.01464844 0.148925781 -1.01074219 0.142700195 -1.02441406 0.141235352 -1.01367188 0.139282227 -1.01464844 0.138916016 -1.015625 0.139038086 -1.015625 0.138916016 -1.015625 0.138183594 -1.01464844 0.138916016 -1.02148438 0.135498047 -1.01367188 0.136108398 -1.01367188 0.138549805 -1.02246094 0.131591797 -1.02050781 0.138427734 -1.02734375 0.135620117 -1.0234375 0.135498047 -1.02929688 0.135375977 -1.02148438 </float_array>
          <technique_common>
            <accessor count="27" offset="0" source="#Mario64HandR__BodyMT_HandMT_0-tex0-array" stride="2">
              <param name="S" type="float" />
              <param name="T" type="float" />
            </accessor>
          </technique_common>
        </source>
        <source id="Mario64HandR__BodyMT_HandMT_0-color0" name="Mario64HandR__BodyMT_HandMT_0-color0">
          <float_array id="Mario64HandR__BodyMT_HandMT_0-color0-array" count="81"> 1 1 1 1 1 1 1 1 1 1 1 1 1 1 1 1 1 1 1 1 1 1 1 1 1 1 1 1 1 1 1 1 1 1 1 1 1 1 1 1 1 1 1 1 1 1 1 1 1 1 1 1 1 1 1 1 1 1 1 1 1 1 1 1 1 1 1 1 1 1 1 1 1 1 1 1 1 1 1 1 1 </float_array>
          <technique_common>
            <accessor count="27" offset="0" source="#Mario64HandR__BodyMT_HandMT_0-color0-array" stride="3">
              <param name="R" type="float" />
              <param name="G" type="float" />
              <param name="B" type="float" />
            </accessor>
          </technique_common>
        </source>
        <vertices id="Mario64HandR__BodyMT_HandMT_0-vertices">
          <input semantic="POSITION" source="#Mario64HandR__BodyMT_HandMT_0-positions" />
        </vertices>
        <polylist count="50" material="defaultMaterial">
          <input offset="0" semantic="VERTEX" source="#Mario64HandR__BodyMT_HandMT_0-vertices" />
          <input offset="0" semantic="NORMAL" source="#Mario64HandR__BodyMT_HandMT_0-normals" />
          <input offset="0" semantic="TEXCOORD" source="#Mario64HandR__BodyMT_HandMT_0-tex0" set="0" />
          <input offset="0" semantic="COLOR" source="#Mario64HandR__BodyMT_HandMT_0-color0" set="0" />
          <vcount>3 3 3 3 3 3 3 3 3 3 3 3 3 3 3 3 3 3 3 3 3 3 3 3 3 3 3 3 3 3 3 3 3 3 3 3 3 3 3 3 3 3 3 3 3 3 3 3 3 3 </vcount>
          <p>0 1 2 2 1 3 4 0 2 4 2 3 0 5 1 4 6 0 0 6 5 1 5 7 1 7 8 3 1 8 5 9 7 8 7 9 6 9 5 3 8 10 8 9 10 3 10 11 4 3 11 10 9 12 6 12 9 11 10 13 10 12 13 11 13 14 13 12 15 14 13 15 12 16 15 14 15 16 6 17 12 17 16 12 6 18 17 4 18 6 17 19 16 17 18 19 14 16 20 20 16 19 11 14 21 14 20 21 4 11 21 20 19 22 4 21 23 4 23 18 20 24 21 20 22 24 23 21 25 21 24 25 23 25 18 22 25 24 18 26 19 19 26 22 18 25 26 22 26 25 </p>
        </polylist>
      </mesh>
    </geometry>
  </library_geometries>
  <library_controllers>
  </library_controllers>
  <library_visual_scenes>
    <visual_scene id="ROOT" name="ROOT">
      <node id="Object_46" name="Object_46" type="NODE">
        <matrix sid="matrix">1 0 0 0 0 1 0 0 0 0 1 0 0 0 0 1</matrix>
        <instance_geometry url="#Mario__BodyMT_BodyMT_0">
          <bind_material>
            <technique_common>
              <instance_material symbol="defaultMaterial" target="#BodyMT">
                <bind_vertex_input semantic="CHANNEL0" input_semantic="TEXCOORD" input_set="0"/>
              </instance_material>
            </technique_common>
          </bind_material>
        </instance_geometry>
      </node>
      <node id="Object_48" name="Object_48" type="NODE">
        <matrix sid="matrix">1 0 0 0 0 1 0 0 0 0 1 0 0 0 0 1</matrix>
        <instance_geometry url="#CapHair__HairMT_HairMT_0">
          <bind_material>
            <technique_common>
              <instance_material symbol="defaultMaterial" target="#HairMT">
                <bind_vertex_input semantic="CHANNEL0" input_semantic="TEXCOORD" input_set="0"/>
              </instance_material>
            </technique_common>
          </bind_material>
        </instance_geometry>
      </node>
      <node id="Object_50" name="Object_50" type="NODE">
        <matrix sid="matrix">1 0 0 0 0 1 0 0 0 0 1 0 0 0 0 1</matrix>
        <instance_geometry url="#MarioEye__EyeMT_EyeMT_0">
          <bind_material>
            <technique_common>
              <instance_material symbol="defaultMaterial" target="#EyeMT">
                <bind_vertex_input semantic="CHANNEL0" input_semantic="TEXCOORD" input_set="0"/>
              </instance_material>
            </technique_common>
          </bind_material>
        </instance_geometry>
      </node>
      <node id="Object_52" name="Object_52" type="NODE">
        <matrix sid="matrix">1 0 0 0 0 1 0 0 0 0 1 0 0 0 0 1</matrix>
        <instance_geometry url="#Mario64HandL__BodyMT_HandMT_0">
          <bind_material>
            <technique_common>
              <instance_material symbol="defaultMaterial" target="#HandMT">
                <bind_vertex_input semantic="CHANNEL0" input_semantic="TEXCOORD" input_set="0"/>
              </instance_material>
            </technique_common>
          </bind_material>
        </instance_geometry>
      </node>
      <node id="Object_54" name="Object_54" type="NODE">
        <matrix sid="matrix">1 0 0 0 0 1 0 0 0 0 1 0 0 0 0 1</matrix>
        <instance_geometry url="#Face__FaceMT_FaceMT_0">
          <bind_material>
            <technique_common>
              <instance_material symbol="defaultMaterial" target="#FaceMT">
                <bind_vertex_input semantic="CHANNEL0" input_semantic="TEXCOORD" input_set="0"/>
              </instance_material>
            </technique_common>
          </bind_material>
        </instance_geometry>
      </node>
      <node id="Object_56" name="Object_56" type="NODE">
        <matrix sid="matrix">1 0 0 0 0 1 0 0 0 0 1 0 0 0 0 1</matrix>
        <instance_geometry url="#Hair__HairMT_HairMT.001_0">
          <bind_material>
            <technique_common>
              <instance_material symbol="defaultMaterial" target="#HairMT.001">
                <bind_vertex_input semantic="CHANNEL0" input_semantic="TEXCOORD" input_set="0"/>
              </instance_material>
            </technique_common>
          </bind_material>
        </instance_geometry>
      </node>
      <node id="Object_58" name="Object_58" type="NODE">
        <matrix sid="matrix">1 0 0 0 0 1 0 0 0 0 1 0 0 0 0 1</matrix>
        <instance_geometry url="#Cap__CapMT_CapMT_0">
          <bind_material>
            <technique_common>
              <instance_material symbol="defaultMaterial" target="#CapMT">
                <bind_vertex_input semantic="CHANNEL0" input_semantic="TEXCOORD" input_set="0"/>
              </instance_material>
            </technique_common>
          </bind_material>
        </instance_geometry>
      </node>
      <node id="Object_60" name="Object_60" type="NODE">
        <matrix sid="matrix">1 0 0 0 0 1 0 0 0 0 1 0 0 0 0 1</matrix>
        <instance_geometry url="#Mario64HandR__BodyMT_HandMT_0">
          <bind_material>
            <technique_common>
              <instance_material symbol="defaultMaterial" target="#HandMT">
                <bind_vertex_input semantic="CHANNEL0" input_semantic="TEXCOORD" input_set="0"/>
              </instance_material>
            </technique_common>
          </bind_material>
        </instance_geometry>
      </node>
    </visual_scene>
  </library_visual_scenes>
  <scene>
    <instance_visual_scene url="#ROOT" />
  </scene>
</COLLADA>
