<?xml version="1.0" encoding="UTF-8" standalone="no" ?>
<COLLADA xmlns="http://www.collada.org/2005/11/COLLADASchema" version="1.4.1">
  <asset>
    <contributor>
      <author>Assimp</author>
      <authoring_tool>Sketchfab-16.60.0</authoring_tool>
    </contributor>
    <created>2026-09-14T16:26:09</created>
    <modified>2026-09-14T16:26:09</modified>
    <unit name="meter" meter="1" />
    <up_axis>Y_UP</up_axis>
  </asset>
  <library_images>
    <image id="BodyMT-diffuse-image">
      <init_from>mario-idle_texture_0001.png</init_from>
    </image>
    <image id="HairMT-diffuse-image">
      <init_from>mario-idle_texture_0002.png</init_from>
    </image>
    <image id="EyeMT-diffuse-image">
      <init_from>mario-idle_texture_0003.png</init_from>
    </image>
    <image id="HandMT-diffuse-image">
      <init_from>mario-idle_texture_0004.png</init_from>
    </image>
    <image id="FaceMT-diffuse-image">
      <init_from>mario-idle_texture_0005.png</init_from>
    </image>
    <image id="HairMT.001-diffuse-image">
      <init_from>mario-idle_texture_0002.png</init_from>
    </image>
    <image id="CapMT-diffuse-image">
      <init_from>mario-idle_texture_0002.png</init_from>
    </image>
  </library_images>
  <library_effects>
    <effect id="BodyMT-fx" name="BodyMT">
      <profile_COMMON>
        <newparam sid="BodyMT-diffuse-surface">
          <surface type="2D">
            <init_from>BodyMT-diffuse-image</init_from>
          </surface>
        </newparam>
        <newparam sid="BodyMT-diffuse-sampler">
          <sampler2D>
            <source>BodyMT-diffuse-surface</source>
          </sampler2D>
        </newparam>
        <technique sid="standard">
          <phong>
            <emission>
              <color sid="emission">0   0   0   1</color>
            </emission>
            <diffuse>
              <texture texture="BodyMT-diffuse-sampler" texcoord="CHANNEL0" />
            </diffuse>
            <shininess>
              <float sid="shininess">4.88955736</float>
            </shininess>
            <transparency>
              <float sid="transparency">1</float>
            </transparency>
          </phong>
        </technique>
      </profile_COMMON>
    </effect>
    <effect id="HairMT-fx" name="HairMT">
      <profile_COMMON>
        <newparam sid="HairMT-diffuse-surface">
          <surface type="2D">
            <init_from>HairMT-diffuse-image</init_from>
          </surface>
        </newparam>
        <newparam sid="HairMT-diffuse-sampler">
          <sampler2D>
            <source>HairMT-diffuse-surface</source>
          </sampler2D>
        </newparam>
        <technique sid="standard">
          <phong>
            <emission>
              <color sid="emission">0   0   0   1</color>
            </emission>
            <diffuse>
              <texture texture="HairMT-diffuse-sampler" texcoord="CHANNEL0" />
            </diffuse>
            <shininess>
              <float sid="shininess">4.88955736</float>
            </shininess>
            <transparency>
              <float sid="transparency">1</float>
            </transparency>
          </phong>
        </technique>
      </profile_COMMON>
    </effect>
    <effect id="EyeMT-fx" name="EyeMT">
      <profile_COMMON>
        <newparam sid="EyeMT-diffuse-surface">
          <surface type="2D">
            <init_from>EyeMT-diffuse-image</init_from>
          </surface>
        </newparam>
        <newparam sid="EyeMT-diffuse-sampler">
          <sampler2D>
            <source>EyeMT-diffuse-surface</source>
          </sampler2D>
        </newparam>
        <technique sid="standard">
          <phong>
            <emission>
              <color sid="emission">0   0   0   1</color>
            </emission>
            <diffuse>
              <texture texture="EyeMT-diffuse-sampler" texcoord="CHANNEL0" />
            </diffuse>
            <shininess>
              <float sid="shininess">4.88955736</float>
            </shininess>
            <transparency>
              <float sid="transparency">1</float>
            </transparency>
          </phong>
        </technique>
      </profile_COMMON>
    </effect>
    <effect id="HandMT-fx" name="HandMT">
      <profile_COMMON>
        <newparam sid="HandMT-diffuse-surface">
          <surface type="2D">
            <init_from>HandMT-diffuse-image</init_from>
          </surface>
        </newparam>
        <newparam sid="HandMT-diffuse-sampler">
          <sampler2D>
            <source>HandMT-diffuse-surface</source>
          </sampler2D>
        </newparam>
        <technique sid="standard">
          <phong>
            <emission>
              <color sid="emission">0   0   0   1</color>
            </emission>
            <diffuse>
              <texture texture="HandMT-diffuse-sampler" texcoord="CHANNEL0" />
            </diffuse>
            <shininess>
              <float sid="shininess">4.88955736</float>
            </shininess>
            <transparency>
              <float sid="transparency">1</float>
            </transparency>
          </phong>
        </technique>
      </profile_COMMON>
    </effect>
    <effect id="FaceMT-fx" name="FaceMT">
      <profile_COMMON>
        <newparam sid="FaceMT-diffuse-surface">
          <surface type="2D">
            <init_from>FaceMT-diffuse-image</init_from>
          </surface>
        </newparam>
        <newparam sid="FaceMT-diffuse-sampler">
          <sampler2D>
            <source>FaceMT-diffuse-surface</source>
          </sampler2D>
        </newparam>
        <technique sid="standard">
          <phong>
            <emission>
              <color sid="emission">0   0   0   1</color>
            </emission>
            <diffuse>
              <texture texture="FaceMT-diffuse-sampler" texcoord="CHANNEL0" />
            </diffuse>
            <shininess>
              <float sid="shininess">4.88955736</float>
            </shininess>
            <transparency>
              <float sid="transparency">1</float>
            </transparency>
          </phong>
        </technique>
      </profile_COMMON>
    </effect>
    <effect id="HairMT.001-fx" name="HairMT.001">
      <profile_COMMON>
        <newparam sid="HairMT.001-diffuse-surface">
          <surface type="2D">
            <init_from>HairMT.001-diffuse-image</init_from>
          </surface>
        </newparam>
        <newparam sid="HairMT.001-diffuse-sampler">
          <sampler2D>
            <source>HairMT.001-diffuse-surface</source>
          </sampler2D>
        </newparam>
        <technique sid="standard">
          <phong>
            <emission>
              <color sid="emission">0   0   0   1</color>
            </emission>
            <diffuse>
              <texture texture="HairMT.001-diffuse-sampler" texcoord="CHANNEL0" />
            </diffuse>
            <shininess>
              <float sid="shininess">4.88955736</float>
            </shininess>
            <transparency>
              <float sid="transparency">1</float>
            </transparency>
          </phong>
        </technique>
      </profile_COMMON>
    </effect>
    <effect id="CapMT-fx" name="CapMT">
      <profile_COMMON>
        <newparam sid="CapMT-diffuse-surface">
          <surface type="2D">
            <init_from>CapMT-diffuse-image</init_from>
          </surface>
        </newparam>
        <newparam sid="CapMT-diffuse-sampler">
          <sampler2D>
            <source>CapMT-diffuse-surface</source>
          </sampler2D>
        </newparam>
        <technique sid="standard">
          <phong>
            <emission>
              <color sid="emission">0   0   0   1</color>
            </emission>
            <diffuse>
              <texture texture="CapMT-diffuse-sampler" texcoord="CHANNEL0" />
            </diffuse>
            <shininess>
              <float sid="shininess">4.88955736</float>
            </shininess>
            <transparency>
              <float sid="transparency">1</float>
            </transparency>
          </phong>
        </technique>
      </profile_COMMON>
    </effect>
    <effect id="material_7-fx" name="">
      <profile_COMMON>
        <technique sid="standard">
          <phong>
            <emission>
              <color sid="emission">0   0   0   1</color>
            </emission>
            <diffuse>
              <color sid="diffuse">1   1   1   1</color>
            </diffuse>
            <shininess>
              <float sid="shininess">0</float>
            </shininess>
            <transparency>
              <float sid="transparency">1</float>
            </transparency>
          </phong>
        </technique>
      </profile_COMMON>
    </effect>
  </library_effects>
  <library_materials>
    <material id="BodyMT" name="BodyMT">
      <instance_effect url="#BodyMT-fx"/>
    </material>
    <material id="HairMT" name="HairMT">
      <instance_effect url="#HairMT-fx"/>
    </material>
    <material id="EyeMT" name="EyeMT">
      <instance_effect url="#EyeMT-fx"/>
    </material>
    <material id="HandMT" name="HandMT">
      <instance_effect url="#HandMT-fx"/>
    </material>
    <material id="FaceMT" name="FaceMT">
      <instance_effect url="#FaceMT-fx"/>
    </material>
    <material id="HairMT.001" name="HairMT.001">
      <instance_effect url="#HairMT.001-fx"/>
    </material>
    <material id="CapMT" name="CapMT">
      <instance_effect url="#CapMT-fx"/>
    </material>
    <material id="material_7" name="">
      <instance_effect url="#material_7-fx"/>
    </material>
  </library_materials>
  <library_geometries>
    <geometry id="Mario__BodyMT_BodyMT_0" name="Mario__BodyMT_BodyMT_0" >
      <mesh>
        <source id="Mario__BodyMT_BodyMT_0-positions" name="Mario__BodyMT_BodyMT_0-positions">
          <float_array id="Mario__BodyMT_BodyMT_0-positions-array" count="1023"> -0.128908351 1.82767606 0.593354881 -0.303776592 1.83792651 0.54763931 -0.400938898 1.73249495 0.548628986 -0.410984993 1.63338828 0.564763844 -0.302389473 1.5420841 0.617682755 -0.155703172 1.57477558 0.657082736 -0.0858262554 1.70395875 0.640003741 0.578221679 1.73374212 0.349099249 0.488162041 1.83893526 0.386260986 0.345151782 1.82827997 0.49675265 0.594022691 1.63466835 0.359967083 0.51501739 1.54312527 0.451114565 0.395365447 1.57547748 0.544788003 0.324061573 1.70448077 0.556478322 -0.125464484 2.07331276 0.342577636 -0.128908351 1.82767606 0.593354881 0.107849777 1.82788241 0.543718636 0.243251756 2.07378292 0.267442018 0.345151782 1.82827997 0.49675265 0.0588921569 2.07339764 0.305001497 -0.163434133 2.17377472 0.0902248994 0.179201499 2.17421103 0.0204038713 0.00751277944 2.18189359 0.0535434969 -0.0380316377 2.16996694 -0.170033082 -0.211739257 2.1511178 -0.135708451 0.135301694 2.15155983 -0.206427172 -0.0755620748 1.90120757 -0.355887711 -0.401958376 2.09568381 -0.020412825 -0.403108895 1.99099231 -0.203081548 -0.539831221 1.85063016 0.186293364 -0.384558469 2.0531621 0.242001221 -0.519304156 1.70225108 -0.241452157 -0.423993766 1.81691241 0.480728149 -0.611773849 1.59582126 0.134660557 -0.562724054 1.61402142 0.375478476 0.355603606 2.09664893 -0.174786016 0.44237867 2.05421543 0.0734910294 0.563966513 1.85203612 -0.0386344641 0.28543964 1.99186933 -0.343391418 0.572661817 1.81818187 0.277633339 0.378061026 1.70339429 -0.424313903 0.659641266 1.61557817 0.126389384 0.610591471 1.59737802 -0.114428535 -0.303776592 1.83792651 0.54763931 -0.128908351 1.82767606 0.593354881 -0.125464484 2.07331276 0.342577636 -0.384558469 2.0531621 0.242001221 -0.163434133 2.17377472 0.0902248994 -0.423993766 1.81691241 0.480728149 -0.401958376 2.09568381 -0.020412825 -0.400938898 1.73249495 0.548628986 -0.211739257 2.1511178 -0.135708451 -0.562724054 1.61402142 0.375478476 -0.403108895 1.99099231 -0.203081548 -0.410984993 1.63338828 0.564763844 -0.0755620748 1.90120757 -0.355887711 -0.459182531 1.49667907 0.519910514 -0.519304156 1.70225108 -0.241452157 -0.302389473 1.5420841 0.617682755 -0.547876298 1.39979267 0.319948763 -0.611773849 1.59582126 0.134660557 -0.389033288 1.36227047 0.540392399 -0.231601462 1.32017291 0.604987621 -0.601040959 1.41231346 0.133403972 -0.13092044 1.45474863 0.632500112 -0.155703172 1.57477558 0.657082736 -0.594865561 1.41860914 -0.224822164 0.122326076 1.57414412 0.61317271 -0.0858262554 1.70395875 0.640003741 0.107849777 1.82788241 0.543718636 -0.128908351 1.82767606 0.593354881 0.119118951 1.70434666 0.598248124 0.324061573 1.70448077 0.556478322 0.345151782 1.82827997 0.49675265 0.395365447 1.57547748 0.544788003 0.488162041 1.83893526 0.386260986 0.243251756 2.07378292 0.267442018 0.345151782 1.82827997 0.49675265 0.363233238 1.45537817 0.53180331 0.44237867 2.05421543 0.0734910294 0.179201499 2.17421103 0.0204038713 0.572661817 1.81818187 0.277633339 0.355603606 2.09664893 -0.174786016 0.578221679 1.73374212 0.349099249 0.135301694 2.15155983 -0.206427172 0.659641266 1.61557817 0.126389384 0.28543964 1.99186933 -0.343391418 0.594022691 1.63466835 0.359967083 0.378061026 1.70339429 -0.424313903 0.62116003 1.49805498 0.299762279 0.51501739 1.54312527 0.451114565 0.624772549 1.40128636 0.0809906945 0.610591471 1.59737802 -0.114428535 0.564947963 1.36348569 0.345993638 0.445449293 1.32103527 0.46702069 0.285564661 1.28198731 0.523080885 0.415854633 1.14335394 0.335323304 0.521144688 1.1949122 0.23550263 0.121138543 1.45592856 0.606606126 0.252039939 1.11513638 0.431440532 -0.0624342263 1.28154409 0.593994796 0.109215386 1.27767909 0.546980917 -0.255465776 1.14249885 0.47212249 -0.0670338795 1.11472988 0.496460199 0.090348497 1.11118686 0.453353941 -0.391546071 1.19374967 0.421487391 0.0200163256 1.08257687 0.108031087 -0.503772736 1.22079039 0.28616941 -0.552518606 1.23226988 0.115130201 -0.546856642 1.23804212 -0.213320181 -0.47314465 1.40286493 -0.332411885 -0.435252517 1.22360682 -0.311967403 -0.0854185969 1.62882733 -0.405959666 -0.086293757 1.38496542 -0.411778688 -0.080556944 1.20719528 -0.384737372 0.300721765 1.40385067 -0.490107536 0.274289668 1.22451067 -0.456555277 0.454798162 1.41994619 -0.438718766 0.415560007 1.23926806 -0.409437895 0.600671589 1.41384423 -0.11147657 0.54930824 1.23367321 -0.109396003 0.571405709 1.22215974 0.0670734942 0.44587633 2.01135969 -0.0773226246 0.346704572 1.95563829 -0.0904190615 0.390315115 1.93343186 0.0148484828 0.276628703 1.88579679 -0.0347647034 0.467208147 1.85841203 0.104619153 0.368434697 2.02286839 -0.204762593 0.261927783 1.93428433 -0.15759854 0.221979901 1.7556603 -0.00239932258 0.190269008 1.86025059 -0.267358303 0.587056577 2.02650642 -0.0941988006 0.414999783 2.01974702 -0.308467656 0.351216227 1.62592912 -0.366458714 0.380948961 1.52786326 -0.11802794 0.723251879 1.78181374 -0.204100952 0.61087966 1.62420523 -0.0176853482 0.562770963 1.78287911 -0.419654757 0.471974313 1.53559208 -0.18575868 0.454492062 1.59325254 -0.331830472 0.578881502 1.68553555 -0.363108397 0.673240602 1.68490911 -0.236367688 0.557151198 1.61830556 -0.248764962 0.607168257 1.5922389 -0.126759514 0.711374104 1.35926819 -0.320211619 0.734361708 1.40435648 -0.128627494 0.553806782 1.31866968 -0.212516934 0.837812245 1.51057744 -0.286725312 0.612038851 1.61152947 -0.0583278984 0.545668364 1.37193346 -0.422461271 0.722893 1.49514103 -0.481231689 0.597079933 1.70367646 -0.423448265 0.415461421 1.5182389 -0.149661765 0.406600744 1.57622921 -0.378236562 0.724669456 1.72717667 -0.230455399 0.438704103 1.64304364 -0.312339306 0.443913907 1.60894656 -0.17794244 0.55949676 1.66379917 -0.124240294 0.625720978 1.7317971 -0.225447357 0.524171829 1.67332292 -0.235524118 0.55086261 1.71798456 -0.338589221 0.347234786 0.671527505 0.352283359 0.499200583 0.56089735 0.127028793 0.62672931 0.76161623 0.370584607 0.366117448 0.893122017 0.545681357 0.670889795 1.18405056 0.0426817797 0.15977253 0.568351984 0.15159972 0.077522628 0.773678124 0.410341233 0.00606037769 1.19865191 0.0908082202 0.355412453 1.34324181 0.254640996 0.492220402 0.967318892 -0.218456104 0.329752564 1.1550312 -0.0427319184 0.134927019 0.975165904 -0.192591935 0.344429195 0.751176894 0.289379418 0.499200583 0.56089735 0.127028793 0.15977253 0.568351984 0.15159972 0.077522628 0.773678124 0.410341233 0.148240358 0.238939747 0.37793076 0.62672931 0.76161623 0.370584607 0.366117448 0.893122017 0.545681357 0.379926115 0.603598416 0.820404589 0.0558895208 0.469483614 0.668445826 0.529353261 0.230570778 0.35034138 0.358608365 0.360669762 0.599615097 0.672542691 0.455942273 0.623805285 -0.34644118 0.726910174 -0.425933301 -0.628527939 0.726677358 -0.342297018 -0.493407696 0.92745024 -0.581679225 -0.373163283 0.579090357 -0.172361419 -0.68213743 1.12884402 0.00885723345 -0.154534817 0.903947949 -0.559689939 -0.0802196711 0.688649595 -0.306717604 -0.495303303 1.34372389 -0.248062953 -0.373011768 0.950186074 0.214568809 -0.0183954407 1.0828104 0.0519271381 -0.339648217 1.20640886 -0.0257415473 -0.1385943 1.31898451 -0.224916339 -0.344906569 0.811798334 -0.357080787 -0.154534817 0.903947949 -0.559689939 -0.493407696 0.92745024 -0.581679225 -0.0802196711 0.688649595 -0.306717604 -0.121837482 0.744580805 -0.861501515 -0.628527939 0.726677358 -0.342297018 -0.373163283 0.579090357 -0.172361419 -0.502315402 0.768873811 -0.888422549 -0.366792232 0.28643769 -0.52603215 -0.0380797759 0.446418881 -0.637531877 -0.335612833 0.516468227 -0.759121656 -0.653705478 0.485725671 -0.68109113 -0.401711583 2.0163703 0.156428635 -0.291647434 1.97161829 0.2159134 -0.331909895 1.93680155 0.112748496 -0.236302257 1.88046432 0.136647791 -0.281216294 1.96237445 0.355215311 -0.430787086 1.95444071 0.0234250966 -0.312161177 1.86888003 0.028174093 -0.16183342 1.76574993 0.184234813 -0.325464964 1.74076188 -0.0497487336 -0.518630385 2.05890679 0.226903498 -0.534117699 1.92119408 -0.0104900533 -0.487887859 1.5362581 0.100012369 -0.334463716 1.55968738 0.319399893 -0.669003606 1.83455706 0.359406918 -0.446399361 1.74404621 0.479714513 -0.694644749 1.7061367 0.124738 -0.447621703 1.56206024 0.330465555 -0.537831604 1.54828429 0.201470539 -0.659399867 1.64816904 0.216008782 -0.644323409 1.72367716 0.353988707 -0.560522735 1.63052988 0.305332094 -0.513437152 1.67045891 0.424726874 -0.655040622 1.43539071 0.51128757 -0.464087218 1.41377473 0.477474481 -0.544787824 1.57778835 0.593950272 -0.74941206 1.61068356 0.530494213 -0.458207101 1.74639714 0.429936826 -0.618835628 1.34530413 0.342032284 -0.806458533 1.4644866 0.367247254 -0.726687551 1.62669742 0.194102317 -0.370344937 1.56782889 0.303124785 -0.53882575 1.4932822 0.155663505 -0.528389633 1.59048414 0.172399655 -0.429326624 1.63431597 0.259103566 -0.680989623 1.78221154 0.36084947 -0.480987459 1.73930979 0.333666027 -0.53808403 1.6791147 0.250966787 -0.611978531 1.76036787 0.293044269 -0.638721406 1.66915226 0.195268095 0.529984593 1.51678896 0.230091602 0.415328205 1.4371593 0.410239518 0.645065129 1.42208397 0.207767636 0.516820133 1.49557245 -0.0212787408 0.00849005114 1.51516497 0.118121356 0.499929667 1.31656253 0.500440001 0.609813571 1.42198145 -0.0495124012 0.235110924 1.39440048 0.499404639 0.648283243 1.18802917 0.139812112 0.249777645 1.28199577 0.584309578 0.654357672 1.19961965 -0.0563987531 0.527441978 1.11586475 0.339438915 0.57831347 1.4218899 -0.279412955 0.56922847 0.983581245 0.063146621 0.432480991 1.51526451 -0.260479063 0.604574502 1.19022143 -0.302398235 0.473450184 1.39775014 -0.432115436 0.539466023 0.983502805 -0.172361642 0.203561574 1.47418296 -0.380797863 0.409207135 0.967904329 -0.292330086 0.521001816 1.17092609 -0.445324302 0.242092624 1.3531276 -0.477837801 0.290708721 1.11096299 -0.488988549 0.506190002 0.959657133 0.204760239 0.330940783 0.931382716 0.278454185 0.246644288 0.952145815 -0.326081663 -0.063628383 1.06946051 -0.428465247 0.293938816 1.07684231 0.473979443 0.0396011621 0.92512095 0.318374872 0.0643169433 1.07229638 0.505443096 0.0764191151 1.27534556 0.602991819 -0.0433343165 0.919249952 -0.287177265 0.0630323738 1.38640499 0.510336816 -0.105729334 1.39227891 0.5461061 -0.0956434757 1.27984571 0.631638587 -0.165343389 1.07398355 0.53690964 -0.359538525 1.31121278 0.618203104 -0.303796917 1.43268311 0.508772969 -0.251793325 0.927755535 0.358299524 -0.333470136 0.948534966 -0.246595234 -0.426888078 1.10992467 0.470199883 -0.481143475 0.962362468 -0.170335516 -0.440737873 0.953763008 0.334506959 -0.5398314 0.976678014 0.215108424 -0.597843468 1.1802727 0.310554653 -0.579325557 1.4144628 0.375531942 -0.656611502 1.19145942 0.123228386 -0.463647574 1.51060414 0.3662377 -0.614577115 1.41436028 0.118251882 -0.518323004 1.4891293 0.120555103 -0.646077216 1.41426861 -0.111648671 -0.501678646 1.50944972 -0.132481813 -0.574513614 0.976568818 -0.0197257157 -0.674720287 1.18225837 -0.127111033 -0.585865319 1.39115667 -0.286969602 -0.632442117 1.16374636 -0.287281036 -0.421666026 1.106529 -0.391380012 -0.374805003 1.34928763 -0.393311322 -0.0653138906 1.34293985 -0.428343385 -0.313074499 1.47096705 -0.310009092 -0.0558279529 1.46100652 -0.353749067 -0.040832229 0.45180276 -1.02927649 -0.0777521655 0.304515272 -0.439230084 -0.022036165 -0.0154177453 -0.614806831 -0.171487689 -0.190171406 -0.477016687 -0.35528326 -0.0152300382 -0.651672781 -0.12895599 0.684139371 -0.824625313 -0.179471537 0.613431334 -1.18720889 -0.366028666 0.114329755 -0.310949594 -0.309841275 0.824256301 -0.908450842 -0.373210996 0.464293838 -0.400414735 -0.39817965 0.613554597 -1.21140397 -0.561318755 0.712878764 -0.86303091 -0.671117485 0.304849505 -0.504872084 -0.59895134 0.453711331 -1.09242654 -0.688530743 -0.015042291 -0.688538909 -0.538869858 -0.189964443 -0.517658949 0.0400473922 0.526843846 1.12602139 0.182530642 0.684643865 1.28929532 0.0848093629 0.681797147 0.793945849 0.0793542713 0.0815867558 0.689404786 0.374800444 0.50805527 1.12577558 0.36649245 0.838705659 0.972170353 0.551573038 0.663930714 1.28902423 0.155264929 0.273517072 0.442365497 0.377053201 0.724919379 0.62942934 0.680856109 0.648342967 0.793507993 0.22568284 -0.0798230618 0.538335204 0.339844555 0.189731404 0.307127863 0.588950455 0.256486475 0.412952125 0.445379376 -0.0921538845 0.538173914 0.640065253 0.0486041196 0.687503278 0.709553897 0.489266634 1.12552965 </float_array>
          <technique_common>
            <accessor count="341" offset="0" source="#Mario__BodyMT_BodyMT_0-positions-array" stride="3">
              <param name="X" type="float" />
              <param name="Y" type="float" />
              <param name="Z" type="float" />
            </accessor>
          </technique_common>
        </source>
        <source id="Mario__BodyMT_BodyMT_0-normals" name="Mario__BodyMT_BodyMT_0-normals">
          <float_array id="Mario__BodyMT_BodyMT_0-normals-array" count="1023"> 0.0393255837 0.605761886 0.794673562 -0.283710212 0.635446429 0.718133926 -0.539325774 0.243317366 0.806178868 -0.515426219 0.140063882 0.84540993 -0.324569196 0.047054749 0.944690764 -0.0242701005 0.0349238031 0.999095261 0.125983566 0.237208068 0.963255167 0.81112349 0.245065212 0.531057179 0.540597737 0.636448801 0.550170004 0.273214221 0.606057405 0.747026384 0.804710388 0.141782925 0.576488316 0.66827172 0.0475977995 0.742393017 0.413112223 0.0355176628 0.909987271 0.260316133 0.237368345 0.935890913 -0.0184174627 0.81386143 0.580767035 0.0393015929 0.605777204 0.794663012 0.154781431 0.627027094 0.763465583 0.242523581 0.813718855 0.528246105 0.273222595 0.606064975 0.747017145 0.116164804 0.809777915 0.575122178 -0.122362211 0.972348094 0.198913842 0.188061491 0.97274363 0.135656416 0.0341563337 0.984193504 0.173771396 -0.0831860825 0.911606312 -0.40255931 -0.23603116 0.862266481 -0.448091358 0.0399382487 0.862601697 -0.504304707 -0.189325765 0.323915333 -0.926949084 -0.698353708 0.710212648 -0.08888226 -0.633170664 0.459482491 -0.622872949 -0.911439776 0.404498965 0.0752204284 -0.541071296 0.751431108 0.377615124 -0.725089669 0.306628376 -0.616623044 -0.71224761 0.492897242 0.499755591 -0.986399531 0.163619518 -0.0156386644 -0.924634635 0.12539202 0.359621465 0.606097817 0.711908102 -0.354728431 0.644695282 0.752210796 0.136186972 0.867120862 0.40690577 -0.287278712 0.337863535 0.459542453 -0.821382344 0.849739909 0.494973153 0.181503966 0.425330371 0.307395279 -0.851235688 0.991229534 0.128512636 -0.0307984725 0.901128292 0.166734517 -0.400209248 -0.283702552 0.635442495 0.718140483 0.0393020213 0.605783463 0.794658303 -0.018446533 0.813854814 0.58077538 -0.541069448 0.751431942 0.377616078 -0.12236663 0.972348452 0.198909357 -0.712240696 0.492896914 0.499765784 -0.698357821 0.710206628 -0.0888982937 -0.539355099 0.243315697 0.806159735 -0.236025408 0.862269044 -0.448089331 -0.924629927 0.125383899 0.359636396 -0.633172214 0.459508449 -0.622852266 -0.515393436 0.140085712 0.845426261 -0.189306706 0.323871523 -0.926968277 -0.74671793 -0.154534221 0.646940112 -0.725076616 0.306644797 -0.616630316 -0.324573934 0.047087606 0.944687545 -0.886898637 -0.253629625 0.386112511 -0.98640269 0.163601339 -0.0156311411 -0.612061143 -0.362234592 0.702970326 -0.263527006 -0.423570156 0.866684377 -0.977565348 -0.194816187 0.0800788328 0.0704899132 -0.170724526 0.982794106 -0.0242682863 0.0349285714 0.999095142 -0.955627084 -0.0587937869 -0.288652241 0.199652225 -0.0212547947 0.979636252 0.126007304 0.237205341 0.963252723 0.154783696 0.627052784 0.763444066 0.0392915718 0.605767846 0.794670701 0.193465516 0.241773739 0.950850427 0.260331601 0.237385482 0.93588227 0.273228347 0.606067717 0.747012854 0.413117677 0.0355061889 0.909985244 0.540612459 0.636466444 0.550135076 0.242547199 0.813717008 0.528238118 0.273194343 0.606072366 0.747021496 0.320076883 -0.170786947 0.93187052 0.644690454 0.752215564 0.136183441 0.188064769 0.972743869 0.135650262 0.849743366 0.494969755 0.181496829 0.606108427 0.711905897 -0.354714811 0.811110318 0.245049983 0.531084359 0.0399327986 0.862598002 -0.504311502 0.991230547 0.128505513 -0.0307951067 0.337866217 0.459559709 -0.821371615 0.804705739 0.141770333 0.576497912 0.425302595 0.307416618 -0.851241887 0.940794408 -0.151631087 0.303173065 0.668275177 0.047565788 0.742391944 0.967883587 -0.251266569 0.00815297663 0.901121438 0.166775584 -0.400207549 0.839106262 -0.360709578 0.407172322 0.582703114 -0.422185123 0.694418311 0.290864855 -0.40623942 0.866237342 0.465325773 -0.836725235 0.288726181 0.657432735 -0.740090191 0.141593307 0.196468651 -0.184538946 0.962987781 0.241361603 -0.835784137 0.493162721 0.0722401142 -0.406523556 0.910779893 0.186242729 -0.366311699 0.911662996 -0.313335985 -0.837608218 0.447474062 -0.0271906108 -0.836109281 0.547888637 0.110207595 -0.837253034 0.535594642 -0.547641754 -0.741806567 0.38705495 -0.0209526643 -0.993816733 -0.109038144 -0.628737867 -0.739843428 0.239416659 -0.638209641 -0.769360423 0.0278037637 -0.653626561 -0.736274481 -0.175134897 -0.376386166 -0.00208126684 -0.926460564 -0.282244027 -0.710046291 -0.645114362 -0.197492421 0.15357174 -0.968200624 -0.198886842 -0.082809411 -0.976517618 -0.129648939 -0.756564498 -0.640937805 -0.0162363481 -0.0012436125 -0.99986738 0.00904356595 -0.709485173 -0.704662323 0.766499698 -0.0566361509 -0.639742613 0.534774184 -0.734761417 -0.417303503 0.931505978 -0.192005515 -0.308918267 0.60029608 -0.767596662 -0.224588603 0.674177289 -0.738111019 -0.0260206256 -0.0815905556 0.918415725 0.387111843 -0.491737396 0.788223863 0.369996518 -0.293499321 0.639482617 0.710577369 -0.701135755 0.474914253 0.531850696 0.294595152 -0.0749231502 0.952680528 -0.373189241 0.926971555 -0.0381249078 -0.764033973 0.638054907 0.0955931991 -0.704329193 -0.491269648 0.512420237 -0.824066162 -0.0663188994 -0.562598228 0.78123951 0.608720481 0.138290167 0.0826700106 0.617406368 -0.782288373 -0.657846928 -0.324638695 -0.679593384 -0.52871716 -0.751214027 0.395139992 0.936165035 0.35057047 0.0263692997 0.45374316 -0.331273556 0.827269614 0.243571982 0.359009057 -0.900991201 0.128205672 -0.986659944 -0.100326613 0.0657635927 -0.781186283 -0.620824575 0.509079158 -0.452196687 -0.732363701 0.845444441 -0.454427838 -0.280569077 0.491737306 -0.788224041 -0.369996309 0.610503554 -0.784336746 0.110005677 0.501313686 -0.833863616 -0.230989262 0.417062074 -0.279709876 0.864766777 -0.527387381 -0.73521775 0.425813884 0.960470676 0.275667191 0.0387777463 0.239040717 0.0185157843 0.970833004 -0.574737608 -0.460122377 -0.676730454 0.34576121 0.176938668 -0.921488941 0.166294977 0.489952534 -0.855740905 -0.730505705 -0.449524224 0.514090836 -0.774813354 -0.162113145 -0.611051202 0.793685675 0.596658409 0.118582457 -0.78136766 0.615639508 -0.102238208 -0.76221621 0.477774173 0.436758876 -0.300919473 0.69701153 0.650862813 -0.0353144594 0.968840063 0.245156735 -0.502629876 0.833110034 0.230848223 -0.330119878 0.917168021 -0.223212212 0.0282773972 -0.778619587 0.626858771 0.506703556 -0.749414146 -0.426180691 0.908885598 -0.130717486 0.396030128 0.0747784078 0.31091857 0.947490275 0.921574533 0.386815637 -0.0327719674 -0.590851068 -0.72545892 -0.352993459 -0.847263038 -0.0918590724 0.523170352 -0.898164213 0.428459316 0.0986084118 0.0591190793 0.821181417 0.567596734 0.478880793 -0.264593452 -0.837056458 -0.0282142907 0.778616011 -0.626866043 -0.601934016 -0.244454831 -0.760208666 -0.0282856841 0.778704345 -0.626753092 0.451321483 -0.142184794 -0.880961061 -0.591885924 -0.104623273 -0.79920274 -0.853312016 0.521005332 0.0203005504 -0.583359003 -0.753344417 -0.303586096 0.869250119 0.483300954 -0.104040459 0.0513025187 0.900481522 0.431857675 0.0755084231 0.276582122 0.958019197 -0.852253437 -0.0858221352 0.516041279 0.486735314 -0.777600884 -0.398027092 0.0282824188 -0.778609514 0.626871049 0.913666368 -0.126076862 0.386417329 -0.0111654112 -0.763043046 -0.646251202 -0.907787681 -0.411658406 -0.080367215 -0.481767058 0.277623028 -0.831159413 -0.0911898091 -0.871148348 0.482477993 -0.931987524 0.107672267 0.346129924 0.614150882 0.207171828 -0.76151073 0.845293462 -0.533215225 0.0340662524 -0.464523524 0.77280122 -0.432430565 -0.0871903673 -0.40172267 0.911601186 0.884761631 -0.0176658239 0.465708941 0.010991348 0.763078392 0.646212459 0.614624858 0.698655844 -0.366219014 -0.0186138526 0.597024024 0.802007377 0.600988269 0.763391554 -0.236741424 -0.439955294 0.839197218 -0.319667608 0.837852836 0.076889053 0.540454209 0.617480993 0.337532252 -0.71048516 -0.881842732 0.195843354 0.428950816 -0.0801668987 -0.253144354 0.964101255 -0.450916618 0.422606528 -0.786179304 -0.0794645622 -0.968431354 0.236275405 0.861891568 -0.503325105 -0.0616994873 0.0182482451 -0.597112119 -0.801950157 -0.901676774 -0.389771819 -0.187235028 0.230404183 0.941764116 -0.244937316 0.629668772 0.775607646 -0.0441591963 0.534184992 0.715645373 -0.449997872 0.826929212 0.453876793 -0.331939727 0.42623204 0.399937719 0.811403751 0.160800174 0.700500786 -0.695299923 0.566305876 0.402052194 -0.719480157 0.909312785 -0.400942266 0.111335173 0.238741681 -0.499521822 -0.832754672 -0.542753279 0.789849699 0.285580695 -0.642914355 0.241634175 -0.726824641 0.060099043 -0.729902148 -0.680904508 0.726517379 -0.631479025 0.270936668 -0.707042575 0.557581544 0.434963912 0.248643816 0.165552303 0.954342008 -0.815797091 0.00754607655 -0.578288972 -0.066988945 -0.871954262 0.484982699 -0.388026029 -0.921313524 0.0248440448 -0.821652412 -0.564762414 0.077011697 -0.767601788 -0.296103567 0.568427801 -0.534185052 -0.715645373 0.449997783 -0.301027209 -0.4858118 0.820590973 -0.317739636 -0.649097502 0.691168547 0.816977978 -0.521019042 0.247156128 0.392922014 0.342632025 0.853355467 -0.678188026 0.515659809 0.523599088 0.520825267 0.588341653 0.618542731 0.00846358389 -0.885877073 -0.463842869 -0.923007309 -0.237288341 -0.30290556 -0.823845685 -0.00330268824 -0.566804469 0.953035712 -0.302795798 -0.00613686442 0.123790205 -0.66833365 -0.733489037 0.317867845 0.220447198 -0.922151327 0.71674329 0.395379573 -0.57441628 -0.580040872 0.768045604 0.271401107 0.510148644 0.814002573 -0.277755648 0.318689555 0.648040712 -0.691722631 -0.0148605276 0.897856951 -0.440036386 -0.136863917 0.529023528 -0.837497711 0.260059416 0.9394871 0.223009184 0.170733005 0.836166084 0.521225989 0.873978317 0.414569974 0.253561825 0.262236029 0.963990808 -0.0442038253 0.00180328079 0.998285294 0.0585078672 0.603152633 0.1814989 0.776701391 0.816111684 0.567693472 -0.108100928 0.0418284647 0.828162253 0.558925509 0.958703101 -0.189133316 0.212407649 0.195466921 0.018341111 0.980538785 0.976191163 -0.189227983 -0.106035672 0.689675748 -0.462107331 0.557498157 0.728945792 0.567626238 -0.382672757 0.657782018 -0.753157437 -0.00875874329 0.156513527 0.967710316 -0.197586164 0.888181508 -0.23927927 -0.392274141 0.416072309 0.426176637 -0.803279102 0.675537884 -0.708300412 -0.204839185 -0.0602837801 0.908894002 -0.412647069 0.284394026 -0.910040855 -0.301571965 0.523481786 -0.237106472 -0.818380892 -0.0506545082 0.18358852 -0.981697202 0.0419990756 -0.315954983 -0.947844148 0.270895153 -0.958430052 0.0895973295 0.123311825 -0.983104587 0.135275885 0.0849214494 -0.958022892 -0.273825735 -0.124517597 -0.35881412 -0.925066352 0.226965517 -0.640629649 0.733539581 0.0273428261 -0.987596929 0.154611468 0.106122173 -0.65905571 0.74456948 0.135753378 -0.08922299 0.986716926 -0.0229443125 -0.977018356 -0.21191673 0.065160282 0.854985595 0.514542222 0.0999468863 0.828700602 0.550695896 0.0752270743 0.0175909828 0.997011244 -0.0132321175 -0.642382383 0.766270041 -0.374180645 0.175415635 0.910614192 -0.0346369445 0.834871054 0.549354732 -0.0703299791 -0.984246731 0.162209958 -0.143685445 -0.959463358 -0.242455274 -0.508604467 -0.469565868 0.721685112 -0.343756258 -0.914021909 -0.215396374 -0.224808231 -0.961592138 0.157485932 -0.626499653 -0.761282325 0.167174637 -0.863736093 -0.201225668 0.462026238 -0.778458059 0.404598832 0.479898751 -0.966263652 -0.201719061 0.160137385 -0.201938868 0.936608553 0.286330491 -0.822353959 0.556939602 0.116414115 -0.276222318 0.960639 0.029562477 -0.811254919 0.558970928 -0.171513855 -0.215703905 0.965393484 -0.146585211 -0.697143853 -0.716733277 -0.0168469399 -0.957969069 -0.250769943 -0.139318615 -0.622395813 0.418871224 -0.661188602 -0.72137779 -0.244855151 -0.647811711 -0.291597128 -0.318826437 -0.901843011 -0.217499927 0.182936996 -0.958763719 -0.134361535 0.193753466 -0.971805811 -0.0641285777 0.908920765 -0.412008017 -0.0661471114 0.894497871 -0.442151666 0.491071075 -0.509995937 -0.70622468 0.791633427 0.262628943 0.551672459 0.651248693 -0.588281929 -0.479374081 0.403261364 -0.767957032 0.497616559 0.0822863877 -0.659509599 -0.747178733 0.733062863 0.619689643 0.280363441 0.287660897 -0.34202534 -0.89457804 -0.0972957313 -0.132879913 0.986344993 0.0333498381 0.990800381 0.13115795 -0.0822510049 0.618551254 0.781427622 -0.0750926435 -0.325866252 -0.942428946 -0.725612402 0.673647046 0.140307844 -0.875376701 0.233070165 0.423549205 -0.34329626 -0.50044477 -0.794797301 -0.510299087 -0.624195576 -0.59158659 -0.490143806 -0.752817988 0.439345151 -0.621842086 -0.470326543 0.626183152 -0.426531017 0.528896153 0.733716667 -0.821444929 0.488181591 -0.294799834 -0.449886829 -0.69316411 0.563138843 -0.0388288163 -0.701124251 0.711981118 0.0442567505 0.997119606 0.0615945384 0.468323916 0.518041015 0.715755701 -0.749670923 0.195463225 -0.632287621 0.0370337367 0.738390505 -0.673355758 0.850097001 0.452429146 -0.269523621 -0.237213224 -0.881949186 0.407302707 -0.044683598 0.0576265603 -0.997337759 0.714146614 0.130717486 -0.687682748 0.127171069 -0.911422253 0.391327262 0.388034195 -0.737410128 0.552861452 0.544340551 -0.517005801 0.660604537 </float_array>
          <technique_common>
            <accessor count="341" offset="0" source="#Mario__BodyMT_BodyMT_0-normals-array" stride="3">
              <param name="X" type="float" />
              <param name="Y" type="float" />
              <param name="Z" type="float" />
            </accessor>
          </technique_common>
        </source>
        <source id="Mario__BodyMT_BodyMT_0-tex0" name="Mario__BodyMT_BodyMT_0-tex0">
          <float_array id="Mario__BodyMT_BodyMT_0-tex0-array" count="682"> 0.0509643555 0.0429077148 0.341308594 0.0172729492 0.498046875 0.186889648 0.512207031 0.348876953 0.326660156 0.506835938 0.0696411133 0.470703125 -0.0297393799 0.251708984 0.498046875 0.186889648 0.341308594 0.0172729492 0.0509643555 0.0429077148 0.512207031 0.348876953 0.326660156 0.506835938 0.0696411133 0.470703125 -0.0297393799 0.251708984 0.756835938 0.87890625 0.759765625 0.892089844 0.74609375 0.892089844 0.756835938 0.87890625 0.759765625 0.892089844 0.74609375 0.87890625 0.755859375 0.874511719 0.755859375 0.874511719 0.74609375 0.874023438 0.74609375 0.875488281 0.755859375 0.876464844 0.755859375 0.876464844 0.74609375 0.890625 0.772949219 0.640136719 0.771484375 0.645996094 0.782226562 0.65234375 0.774902344 0.641601562 0.776855469 0.661132812 0.779296875 0.653320312 0.78515625 0.665527344 0.78515625 0.6640625 0.772949219 0.640136719 0.774902344 0.641601562 0.782226562 0.65234375 0.771484375 0.645996094 0.779296875 0.653320312 0.776855469 0.661132812 0.78515625 0.6640625 0.78515625 0.665527344 0.12512207 -1.265625 0.0892944336 -1.26464844 0.0774536133 -1.31542969 0.12902832 -1.30957031 0.0744628906 -1.33496094 0.148193359 -1.25976562 0.121276855 -1.31542969 0.146240234 -1.2421875 0.075012207 -1.32714844 0.173583984 -1.21386719 0.113464355 -1.29003906 0.149169922 -1.22070312 0.0358886719 -1.26953125 0.160766602 -1.18945312 0.136962891 -1.22558594 0.127929688 -1.20117188 0.16796875 -1.15820312 0.173583984 -1.20703125 0.148071289 -1.15234375 0.118408203 -1.14257812 0.171264648 -1.15820312 0.0915527344 -1.17480469 0.0979614258 -1.20996094 0.154174805 -1.15527344 0.0358886719 -1.20898438 0.0820922852 -1.23828125 0.0358886719 -1.26464844 0.0892944336 -1.26464844 0.0358886719 -1.23828125 0.0820922852 -1.23828125 0.0892944336 -1.26464844 0.0979614258 -1.20996094 0.12512207 -1.265625 0.0774536133 -1.31542969 0.0892944336 -1.26464844 0.0915527344 -1.17480469 0.12902832 -1.30957031 0.0744628906 -1.33496094 0.148193359 -1.25976562 0.121276855 -1.31542969 0.146240234 -1.2421875 0.075012207 -1.32714844 0.173583984 -1.21386719 0.113464355 -1.29003906 0.149169922 -1.22070312 0.136962891 -1.22558594 0.160766602 -1.18945312 0.127929688 -1.20117188 0.16796875 -1.15820312 0.173583984 -1.20703125 0.148071289 -1.15234375 0.118408203 -1.14257812 0.0750732422 -1.13671875 0.11151123 -1.10351562 0.138671875 -1.11425781 0.0358886719 -1.17578125 0.0718383789 -1.09863281 0.0750732422 -1.13671875 0.0358886719 -1.13476562 0.11151123 -1.10351562 0.0718383789 -1.09863281 0.0358886719 -1.09765625 0.138671875 -1.11425781 0.0358886719 -1.08691406 0.156982422 -1.11816406 0.16003418 -1.11816406 0.144287109 -1.11621094 0.12310791 -1.15039062 0.115844727 -1.11132812 0.0358886719 -1.20898438 0.0358886719 -1.14648438 0.0358886719 -1.10742188 0.12310791 -1.15039062 0.115844727 -1.11132812 0.154174805 -1.15527344 0.144287109 -1.11621094 0.171264648 -1.15820312 0.16003418 -1.11816406 0.156982422 -1.11816406 0.639648438 0.8125 0.639648438 0.814941406 0.639648438 0.813964844 0.639648438 0.816894531 0.641113281 0.813476562 0.639648438 0.813964844 0.639648438 0.816894531 0.641113281 0.819335938 0.641113281 0.819335938 0.641113281 0.809570312 0.641113281 0.813476562 0.648925781 0.818847656 0.648925781 0.818847656 0.648925781 0.810058594 0.648925781 0.813476562 0.648925781 0.813476562 0.649902344 0.817382812 0.649902344 0.817382812 0.649902344 0.813964844 0.649902344 0.812011719 0.649902344 0.814941406 0.649902344 0.813964844 0.658691406 0.814941406 0.657226562 0.813476562 0.657226562 0.817871094 0.657226562 0.811035156 0.650390625 0.813476562 0.657226562 0.817871094 0.657226562 0.813476562 0.650390625 0.813476562 0.650390625 0.818359375 0.650390625 0.818359375 0.650390625 0.810546875 0.649414062 0.816894531 0.649414062 0.816894531 0.649414062 0.813964844 0.649414062 0.8125 0.649414062 0.814941406 0.649414062 0.813964844 0.836425781 0.314453125 0.866210938 0.306152344 0.881835938 0.306152344 0.834960938 0.306152344 0.891113281 0.217773438 0.809570312 0.306152344 0.790527344 0.306152344 0.780761719 0.217773438 0.834472656 0.217773438 0.867675781 0.217773438 0.836425781 0.21105957 0.808105469 0.217773438 0.836425781 0.297851562 0.866210938 0.306152344 0.809570312 0.306152344 0.790527344 0.306152344 0.806640625 0.372070312 0.881835938 0.306152344 0.834960938 0.306152344 0.834960938 0.372070312 0.784667969 0.372070312 0.869628906 0.372070312 0.836425781 0.380371094 0.887207031 0.372070312 0.836425781 0.314453125 0.881835938 0.306152344 0.866210938 0.306152344 0.834960938 0.306152344 0.891113281 0.217773438 0.809570312 0.306152344 0.790527344 0.306152344 0.867675781 0.217773438 0.834472656 0.217773438 0.780761719 0.217773438 0.836425781 0.21105957 0.808105469 0.217773438 0.836425781 0.297851562 0.809570312 0.306152344 0.866210938 0.306152344 0.790527344 0.306152344 0.806640625 0.372070312 0.881835938 0.306152344 0.834960938 0.306152344 0.869628906 0.372070312 0.834960938 0.372070312 0.784667969 0.372070312 0.836425781 0.380371094 0.887207031 0.372070312 0.639648438 0.8125 0.639648438 0.813964844 0.639648438 0.814941406 0.639648438 0.816894531 0.641113281 0.813476562 0.639648438 0.813964844 0.639648438 0.816894531 0.641113281 0.819335938 0.641113281 0.819335938 0.641113281 0.809570312 0.641113281 0.813476562 0.648925781 0.818847656 0.648925781 0.818847656 0.648925781 0.810058594 0.648925781 0.813476562 0.648925781 0.813476562 0.649902344 0.817382812 0.649902344 0.817382812 0.649902344 0.813964844 0.649902344 0.812011719 0.649902344 0.814941406 0.649902344 0.813964844 0.658691406 0.814941406 0.657226562 0.817871094 0.657226562 0.813476562 0.657226562 0.811035156 0.650390625 0.813476562 0.657226562 0.817871094 0.657226562 0.813476562 0.650390625 0.813476562 0.650390625 0.818359375 0.650390625 0.818359375 0.649414062 0.816894531 0.649414062 0.816894531 0.650390625 0.810546875 0.649414062 0.813964844 0.649414062 0.814941406 0.649414062 0.8125 0.649414062 0.813964844 0.86328125 0.153808594 0.840332031 0.166870117 0.882324219 0.169555664 0.866699219 0.151367188 0.780273438 0.147583008 0.852050781 0.186889648 0.882324219 0.169555664 0.80859375 0.173706055 0.884277344 0.208374023 0.809082031 0.192382812 0.889648438 0.206542969 0.859863281 0.220214844 0.882324219 0.169555664 0.873046875 0.2421875 0.858398438 0.153930664 0.887207031 0.208007812 0.868652344 0.173461914 0.873535156 0.2421875 0.823242188 0.160522461 0.854492188 0.244628906 0.876464844 0.211181641 0.831542969 0.180664062 0.83984375 0.220825195 0.859375 0.24609375 0.828613281 0.250488281 0.828613281 0.247192383 0.780273438 0.227416992 0.818359375 0.22644043 0.780273438 0.251220703 0.780273438 0.226928711 0.780273438 0.193359375 0.780273438 0.252197266 0.780273438 0.174926758 0.80859375 0.173706055 0.809082031 0.192382812 0.818359375 0.22644043 0.852050781 0.186889648 0.840332031 0.166870117 0.828613281 0.250488281 0.828613281 0.247192383 0.859863281 0.220214844 0.854492188 0.244628906 0.859375 0.24609375 0.873046875 0.2421875 0.884277344 0.208374023 0.882324219 0.169555664 0.889648438 0.206542969 0.86328125 0.153808594 0.882324219 0.169555664 0.866699219 0.151367188 0.882324219 0.169555664 0.858398438 0.153930664 0.873535156 0.2421875 0.887207031 0.208007812 0.868652344 0.173461914 0.876464844 0.211181641 0.83984375 0.220825195 0.831542969 0.180664062 0.780273438 0.182006836 0.823242188 0.160522461 0.780273438 0.162475586 0.920898438 0.948242188 0.920410156 0.937011719 0.918945312 0.948242188 0.923339844 0.948242188 0.9296875 0.948242188 0.923339844 0.937988281 0.926269531 0.948242188 0.929199219 0.9375 0.929199219 0.936523438 0.9296875 0.932128906 0.933105469 0.948242188 0.9375 0.9375 0.939453125 0.937011719 0.939453125 0.948242188 0.940917969 0.948242188 0.935546875 0.948242188 0.918945312 0.948242188 0.923339844 0.948242188 0.920410156 0.937011719 0.920898438 0.948242188 0.9296875 0.948242188 0.929199219 0.9375 0.935546875 0.948242188 0.923339844 0.937988281 0.9296875 0.932128906 0.939453125 0.937011719 0.926269531 0.948242188 0.929199219 0.936523438 0.9375 0.9375 0.933105469 0.948242188 0.939453125 0.948242188 0.940917969 0.948242188 </float_array>
          <technique_common>
            <accessor count="341" offset="0" source="#Mario__BodyMT_BodyMT_0-tex0-array" stride="2">
              <param name="S" type="float" />
              <param name="T" type="float" />
            </accessor>
          </technique_common>
        </source>
        <source id="Mario__BodyMT_BodyMT_0-color0" name="Mario__BodyMT_BodyMT_0-color0">
          <float_array id="Mario__BodyMT_BodyMT_0-color0-array" count="1023"> 0.996078432 0.996078432 0.996078432 0.996078432 0.996078432 0.996078432 0.996078432 0.996078432 0.996078432 0.996078432 0.996078432 0.996078432 0.996078432 0.996078432 0.996078432 0.996078432 0.996078432 0.996078432 0.996078432 0.996078432 0.996078432 0.996078432 0.996078432 0.996078432 0.996078432 0.996078432 0.996078432 0.996078432 0.996078432 0.996078432 0.996078432 0.996078432 0.996078432 0.996078432 0.996078432 0.996078432 0.996078432 0.996078432 0.996078432 0.996078432 0.996078432 0.996078432 0.996078432 0.996078432 0.996078432 0.996078432 0.996078432 0.996078432 0.996078432 0.996078432 0.996078432 0.996078432 0.996078432 0.996078432 0.996078432 0.996078432 0.996078432 0.996078432 0.996078432 0.996078432 0.996078432 0.996078432 0.996078432 0.996078432 0.996078432 0.996078432 0.996078432 0.996078432 0.996078432 0.996078432 0.996078432 0.996078432 0.996078432 0.996078432 0.996078432 0.996078432 0.996078432 0.996078432 0.996078432 0.996078432 0.996078432 0.996078432 0.996078432 0.996078432 0.996078432 0.996078432 0.996078432 0.996078432 0.996078432 0.996078432 0.996078432 0.996078432 0.996078432 0.996078432 0.996078432 0.996078432 0.996078432 0.996078432 0.996078432 0.996078432 0.996078432 0.996078432 0.996078432 0.996078432 0.996078432 0.996078432 0.996078432 0.996078432 0.996078432 0.996078432 0.996078432 0.996078432 0.996078432 0.996078432 0.996078432 0.996078432 0.996078432 0.996078432 0.996078432 0.996078432 0.996078432 0.996078432 0.996078432 0.996078432 0.996078432 0.996078432 0.996078432 0.996078432 0.996078432 0.996078432 0.996078432 0.996078432 0.996078432 0.996078432 0.996078432 0.996078432 0.996078432 0.996078432 0.996078432 0.996078432 0.996078432 0.996078432 0.996078432 0.996078432 0.996078432 0.996078432 0.996078432 0.996078432 0.996078432 0.996078432 0.996078432 0.996078432 0.996078432 0.996078432 0.996078432 0.996078432 0.996078432 0.996078432 0.996078432 0.996078432 0.996078432 0.996078432 0.996078432 0.996078432 0.996078432 0.996078432 0.996078432 0.996078432 0.996078432 0.996078432 0.996078432 0.996078432 0.996078432 0.996078432 0.996078432 0.996078432 0.996078432 0.996078432 0.996078432 0.996078432 0.996078432 0.996078432 0.996078432 0.996078432 0.996078432 0.996078432 0.996078432 0.996078432 0.996078432 0.996078432 0.996078432 0.996078432 0.996078432 0.996078432 0.996078432 0.996078432 0.996078432 0.996078432 0.996078432 0.996078432 0.996078432 0.996078432 0.996078432 0.996078432 0.996078432 0.996078432 0.996078432 0.996078432 0.996078432 0.996078432 0.996078432 0.996078432 0.996078432 0.996078432 0.996078432 0.996078432 0.996078432 0.996078432 0.996078432 0.996078432 0.996078432 0.996078432 0.996078432 0.996078432 0.996078432 0.996078432 0.996078432 0.996078432 0.996078432 0.996078432 0.996078432 0.996078432 0.996078432 0.996078432 0.996078432 0.996078432 0.996078432 0.996078432 0.996078432 0.996078432 0.996078432 0.996078432 0.996078432 0.996078432 0.996078432 0.996078432 0.996078432 0.996078432 0.996078432 0.996078432 0.996078432 0.996078432 0.996078432 0.996078432 0.996078432 0.996078432 0.996078432 0.996078432 0.996078432 0.996078432 0.996078432 0.996078432 0.996078432 0.996078432 0.996078432 0.996078432 0.996078432 0.996078432 0.996078432 0.996078432 0.996078432 0.996078432 0.996078432 0.996078432 0.996078432 0.996078432 0.996078432 0.996078432 0.996078432 0.996078432 0.996078432 0.996078432 0.996078432 0.996078432 0.996078432 0.996078432 0.996078432 0.996078432 0.996078432 0.996078432 0.996078432 0.996078432 0.996078432 0.996078432 0.996078432 0.996078432 0.996078432 0.996078432 0.996078432 0.996078432 0.996078432 0.996078432 0.996078432 0.996078432 0.996078432 0.996078432 0.996078432 0.996078432 0.996078432 0.996078432 0.996078432 0.996078432 0.996078432 0.996078432 0.996078432 0.996078432 0.996078432 0.996078432 0.996078432 0.996078432 0.996078432 0.996078432 0.996078432 0.996078432 0.996078432 0.996078432 0.996078432 0.996078432 0.996078432 0.996078432 0.996078432 0.996078432 0.996078432 0.996078432 0.996078432 0.996078432 0.996078432 0.996078432 0.996078432 0.996078432 0.996078432 0.996078432 0.996078432 0.996078432 0.996078432 0.996078432 0.996078432 0.996078432 0.996078432 0.996078432 0.996078432 0.996078432 0.996078432 0.996078432 0.996078432 0.996078432 0.996078432 0.996078432 0.996078432 0.996078432 0.996078432 0.996078432 0.996078432 0.996078432 0.996078432 0.996078432 0.996078432 0.996078432 0.996078432 0.996078432 0.996078432 0.996078432 0.996078432 0.996078432 0.996078432 0.996078432 0.996078432 0.996078432 0.996078432 0.996078432 0.996078432 0.996078432 0.996078432 0.996078432 0.996078432 0.996078432 0.996078432 0.996078432 0.996078432 0.996078432 0.996078432 0.996078432 0.996078432 0.996078432 0.996078432 0.996078432 0.996078432 0.996078432 0.996078432 0.996078432 0.996078432 0.996078432 0.996078432 0.996078432 0.996078432 0.996078432 0.996078432 0.996078432 0.996078432 0.996078432 0.996078432 0.996078432 0.996078432 0.996078432 0.996078432 0.996078432 0.996078432 0.996078432 0.996078432 0.996078432 0.996078432 0.996078432 0.996078432 0.996078432 0.996078432 0.996078432 0.996078432 0.996078432 0.996078432 0.996078432 0.996078432 0.996078432 0.996078432 0.996078432 0.996078432 0.996078432 0.996078432 0.996078432 0.996078432 0.996078432 0.996078432 0.996078432 0.996078432 0.996078432 0.996078432 0.996078432 0.996078432 0.996078432 0.996078432 0.996078432 0.996078432 0.996078432 0.996078432 0.996078432 0.996078432 0.996078432 0.996078432 0.996078432 0.996078432 0.996078432 0.996078432 0.996078432 0.996078432 0.996078432 0.996078432 0.996078432 0.996078432 0.996078432 0.996078432 0.996078432 0.996078432 0.996078432 0.996078432 0.996078432 0.996078432 0.996078432 0.996078432 0.996078432 0.996078432 0.996078432 0.996078432 0.996078432 0.996078432 0.996078432 0.996078432 0.996078432 0.996078432 0.996078432 0.996078432 0.996078432 0.996078432 0.996078432 0.996078432 0.996078432 0.996078432 0.996078432 0.996078432 0.996078432 0.996078432 0.996078432 0.996078432 0.996078432 0.996078432 0.996078432 0.996078432 0.996078432 0.996078432 0.996078432 0.996078432 0.996078432 0.996078432 0.996078432 0.996078432 0.996078432 0.996078432 0.996078432 0.996078432 0.996078432 0.996078432 0.996078432 0.996078432 0.996078432 0.996078432 0.996078432 0.996078432 0.996078432 0.996078432 0.996078432 0.996078432 0.996078432 0.996078432 0.996078432 0.996078432 0.996078432 0.996078432 0.996078432 0.996078432 0.996078432 0.996078432 0.996078432 0.996078432 0.996078432 0.996078432 0.996078432 0.996078432 0.996078432 0.996078432 0.996078432 0.996078432 0.996078432 0.996078432 0.996078432 0.996078432 0.996078432 0.996078432 0.996078432 0.996078432 0.996078432 0.996078432 0.996078432 0.996078432 0.996078432 0.996078432 0.996078432 0.996078432 0.996078432 0.996078432 0.996078432 0.996078432 0.996078432 0.996078432 0.996078432 0.996078432 0.996078432 0.996078432 0.996078432 0.996078432 0.996078432 0.996078432 0.996078432 0.996078432 0.996078432 0.996078432 0.996078432 0.996078432 0.996078432 0.996078432 0.996078432 0.996078432 0.996078432 0.996078432 0.996078432 0.996078432 0.996078432 0.996078432 0.996078432 0.996078432 0.996078432 0.996078432 0.996078432 0.996078432 0.996078432 0.996078432 0.996078432 0.996078432 0.996078432 0.996078432 0.996078432 0.996078432 0.996078432 0.996078432 0.996078432 0.996078432 0.996078432 0.996078432 0.996078432 0.996078432 0.996078432 0.996078432 0.996078432 0.996078432 0.996078432 0.996078432 0.996078432 0.996078432 0.996078432 0.996078432 0.996078432 0.996078432 0.996078432 0.996078432 0.996078432 0.996078432 0.996078432 0.996078432 0.996078432 0.996078432 0.996078432 0.996078432 0.996078432 0.996078432 0.996078432 0.996078432 0.996078432 0.996078432 0.996078432 0.996078432 0.996078432 0.996078432 0.996078432 0.996078432 0.996078432 0.996078432 0.996078432 0.996078432 0.996078432 0.996078432 0.996078432 0.996078432 0.996078432 0.996078432 0.996078432 0.996078432 0.996078432 0.996078432 0.996078432 0.996078432 0.996078432 0.996078432 0.996078432 0.996078432 0.996078432 0.996078432 0.996078432 0.996078432 0.996078432 0.996078432 0.996078432 0.996078432 0.996078432 0.996078432 0.996078432 0.996078432 0.996078432 0.996078432 0.996078432 0.996078432 0.996078432 0.996078432 0.996078432 0.996078432 0.996078432 0.996078432 0.996078432 0.996078432 0.996078432 0.996078432 0.996078432 0.996078432 0.996078432 0.996078432 0.996078432 0.996078432 0.996078432 0.996078432 0.996078432 0.996078432 0.996078432 0.996078432 0.996078432 0.996078432 0.996078432 0.996078432 0.996078432 0.996078432 0.996078432 0.996078432 0.996078432 0.996078432 0.996078432 0.996078432 0.996078432 0.996078432 0.996078432 0.996078432 0.996078432 0.996078432 0.996078432 0.996078432 0.996078432 0.996078432 0.996078432 0.996078432 0.996078432 0.996078432 0.996078432 0.996078432 0.996078432 0.996078432 0.996078432 0.996078432 0.996078432 0.996078432 0.996078432 0.996078432 0.996078432 0.996078432 0.996078432 0.996078432 0.996078432 0.996078432 0.996078432 0.996078432 0.996078432 0.996078432 0.996078432 0.996078432 0.996078432 0.996078432 0.996078432 0.996078432 0.996078432 0.996078432 0.996078432 0.996078432 0.996078432 0.996078432 0.996078432 0.996078432 0.996078432 0.996078432 0.996078432 0.996078432 0.996078432 0.996078432 0.996078432 0.996078432 0.996078432 0.996078432 0.996078432 0.996078432 0.996078432 0.996078432 0.996078432 0.996078432 0.996078432 0.996078432 0.996078432 0.996078432 0.996078432 0.996078432 0.996078432 0.996078432 0.996078432 0.996078432 0.996078432 0.996078432 0.996078432 0.996078432 0.996078432 0.996078432 0.996078432 0.996078432 0.996078432 0.996078432 0.996078432 0.996078432 0.996078432 0.996078432 0.996078432 0.996078432 0.996078432 0.996078432 0.996078432 0.996078432 0.996078432 0.996078432 0.996078432 0.996078432 0.996078432 0.996078432 0.996078432 0.996078432 0.996078432 0.996078432 0.996078432 0.996078432 0.996078432 0.996078432 0.996078432 0.996078432 0.996078432 0.996078432 0.996078432 0.996078432 0.996078432 0.996078432 0.996078432 0.996078432 0.996078432 0.996078432 0.996078432 0.996078432 0.996078432 0.996078432 0.996078432 0.996078432 0.996078432 0.996078432 0.996078432 0.996078432 0.996078432 0.996078432 0.996078432 0.996078432 0.996078432 0.996078432 0.996078432 0.996078432 0.996078432 0.996078432 0.996078432 0.996078432 0.996078432 0.996078432 0.996078432 0.996078432 0.996078432 0.996078432 0.996078432 0.996078432 0.996078432 0.996078432 0.996078432 0.996078432 0.996078432 0.996078432 0.996078432 0.996078432 0.996078432 0.996078432 0.996078432 0.996078432 0.996078432 0.996078432 0.996078432 0.996078432 0.996078432 0.996078432 0.996078432 0.996078432 0.996078432 0.996078432 0.996078432 0.996078432 0.996078432 0.996078432 0.996078432 0.996078432 0.996078432 0.996078432 0.996078432 0.996078432 0.996078432 0.996078432 0.996078432 0.996078432 0.996078432 0.996078432 0.996078432 0.996078432 0.996078432 0.996078432 0.996078432 0.996078432 0.996078432 0.996078432 0.996078432 0.996078432 0.996078432 0.996078432 0.996078432 0.996078432 0.996078432 0.996078432 0.996078432 0.996078432 0.996078432 0.996078432 0.996078432 0.996078432 0.996078432 0.996078432 0.996078432 0.996078432 0.996078432 0.996078432 0.996078432 0.996078432 0.996078432 0.996078432 0.996078432 0.996078432 0.996078432 0.996078432 0.996078432 0.996078432 0.996078432 0.996078432 0.996078432 0.996078432 0.996078432 0.996078432 0.996078432 0.996078432 0.996078432 0.996078432 0.996078432 0.996078432 0.996078432 0.996078432 0.996078432 0.996078432 0.996078432 0.996078432 0.996078432 0.996078432 0.996078432 0.996078432 0.996078432 0.996078432 0.996078432 0.996078432 0.996078432 0.996078432 0.996078432 0.996078432 0.996078432 0.996078432 0.996078432 0.996078432 0.996078432 0.996078432 0.996078432 0.996078432 0.996078432 0.996078432 0.996078432 0.996078432 0.996078432 0.996078432 0.996078432 0.996078432 0.996078432 0.996078432 0.996078432 0.996078432 0.996078432 0.996078432 0.996078432 0.996078432 0.996078432 0.996078432 0.996078432 0.996078432 0.996078432 0.996078432 0.996078432 0.996078432 0.996078432 0.996078432 0.996078432 0.996078432 0.996078432 0.996078432 0.996078432 0.996078432 0.996078432 0.996078432 0.996078432 0.996078432 0.996078432 0.996078432 </float_array>
          <technique_common>
            <accessor count="341" offset="0" source="#Mario__BodyMT_BodyMT_0-color0-array" stride="3">
              <param name="R" type="float" />
              <param name="G" type="float" />
              <param name="B" type="float" />
            </accessor>
          </technique_common>
        </source>
        <vertices id="Mario__BodyMT_BodyMT_0-vertices">
          <input semantic="POSITION" source="#Mario__BodyMT_BodyMT_0-positions" />
        </vertices>
        <polylist count="554" material="defaultMaterial">
          <input offset="0" semantic="VERTEX" source="#Mario__BodyMT_BodyMT_0-vertices" />
          <input offset="0" semantic="NORMAL" source="#Mario__BodyMT_BodyMT_0-normals" />
          <input offset="0" semantic="TEXCOORD" source="#Mario__BodyMT_BodyMT_0-tex0" set="0" />
          <input offset="0" semantic="COLOR" source="#Mario__BodyMT_BodyMT_0-color0" set="0" />
          <vcount>3 3 3 3 3 3 3 3 3 3 3 3 3 3 3 3 3 3 3 3 3 3 3 3 3 3 3 3 3 3 3 3 3 3 3 3 3 3 3 3 3 3 3 3 3 3 3 3 3 3 3 3 3 3 3 3 3 3 3 3 3 3 3 3 3 3 3 3 3 3 3 3 3 3 3 3 3 3 3 3 3 3 3 3 3 3 3 3 3 3 3 3 3 3 3 3 3 3 3 3 3 3 3 3 3 3 3 3 3 3 3 3 3 3 3 3 3 3 3 3 3 3 3 3 3 3 3 3 3 3 3 3 3 3 3 3 3 3 3 3 3 3 3 3 3 3 3 3 3 3 3 3 3 3 3 3 3 3 3 3 3 3 3 3 3 3 3 3 3 3 3 3 3 3 3 3 3 3 3 3 3 3 3 3 3 3 3 3 3 3 3 3 3 3 3 3 3 3 3 3 3 3 3 3 3 3 3 3 3 3 3 3 3 3 3 3 3 3 3 3 3 3 3 3 3 3 3 3 3 3 3 3 3 3 3 3 3 3 3 3 3 3 3 3 3 3 3 3 3 3 3 3 3 3 3 3 3 3 3 3 3 3 3 3 3 3 3 3 3 3 3 3 3 3 3 3 3 3 3 3 3 3 3 3 3 3 3 3 3 3 3 3 3 3 3 3 3 3 3 3 3 3 3 3 3 3 3 3 3 3 3 3 3 3 3 3 3 3 3 3 3 3 3 3 3 3 3 3 3 3 3 3 3 3 3 3 3 3 3 3 3 3 3 3 3 3 3 3 3 3 3 3 3 3 3 3 3 3 3 3 3 3 3 3 3 3 3 3 3 3 3 3 3 3 3 3 3 3 3 3 3 3 3 3 3 3 3 3 3 3 3 3 3 3 3 3 3 3 3 3 3 3 3 3 3 3 3 3 3 3 3 3 3 3 3 3 3 3 3 3 3 3 3 3 3 3 3 3 3 3 3 3 3 3 3 3 3 3 3 3 3 3 3 3 3 3 3 3 3 3 3 3 3 3 3 3 3 3 3 3 3 3 3 3 3 3 3 3 3 3 3 3 3 3 3 3 3 3 3 3 3 3 3 3 3 3 3 3 3 3 3 3 3 3 3 3 3 3 3 3 3 3 3 3 3 3 3 3 3 3 3 3 3 3 3 3 3 3 3 3 3 3 3 3 3 3 3 3 3 3 3 3 3 3 3 3 3 3 3 3 3 3 3 3 3 3 3 3 3 3 3 3 3 3 </vcount>
          <p>0 1 2 3 0 2 3 4 0 0 4 5 0 5 6 7 8 9 10 7 9 10 9 11 9 12 11 9 13 12 14 15 16 17 16 18 19 14 16 19 16 17 20 14 19 21 19 17 20 19 22 22 19 21 23 20 22 23 22 21 24 20 23 23 21 25 24 23 26 23 25 26 27 28 29 27 29 30 29 28 31 29 32 30 29 31 33 29 34 32 29 33 34 35 36 37 35 37 38 36 39 37 37 40 38 37 39 41 37 42 40 37 41 42 43 44 45 43 45 46 46 45 47 48 43 46 46 47 49 50 43 48 47 51 49 50 48 52 49 51 53 54 50 52 51 55 53 54 52 56 53 55 57 58 54 56 56 52 59 52 60 59 58 56 61 56 59 61 62 58 61 60 63 59 62 64 58 64 65 58 66 63 60 57 66 60 64 67 65 65 67 68 68 69 70 71 69 68 67 71 68 71 72 69 67 72 71 72 73 69 74 72 67 75 76 77 78 74 67 75 79 76 79 80 76 81 79 75 79 82 80 83 81 75 80 82 84 85 81 83 86 84 82 87 85 83 55 84 86 88 55 86 89 85 87 90 89 87 78 90 74 89 91 85 91 92 85 90 93 89 93 91 89 78 94 90 94 93 90 95 94 78 94 96 93 95 96 94 93 97 91 96 97 93 98 95 78 98 78 67 98 67 64 95 99 96 100 98 64 100 64 62 101 95 98 100 101 98 101 99 95 102 100 62 102 62 61 103 101 100 102 103 100 101 104 99 103 104 101 102 61 105 61 59 105 102 106 103 103 106 104 102 105 106 104 106 99 99 106 96 96 106 97 105 59 107 105 107 106 107 59 63 108 107 63 106 107 108 66 108 63 66 109 108 106 108 109 110 109 66 57 110 66 110 111 109 106 109 111 112 110 57 55 112 57 88 112 55 113 111 110 112 113 110 113 114 111 114 106 111 115 113 112 88 115 112 116 114 113 115 116 113 116 106 114 117 115 88 92 117 88 118 116 115 117 118 115 118 106 116 92 119 117 91 119 92 120 118 117 119 120 117 120 106 118 91 121 119 121 120 119 121 106 120 97 121 91 97 106 121 122 123 124 123 125 124 122 124 126 124 125 126 122 127 123 123 128 125 123 127 128 128 129 125 126 125 129 127 130 128 128 130 129 122 131 127 122 126 131 127 132 130 127 131 132 130 133 129 132 133 130 126 129 134 134 129 133 126 135 131 131 135 132 126 134 136 126 136 135 132 137 133 132 135 137 134 133 138 137 139 133 133 139 138 135 140 137 137 140 139 135 141 140 136 141 135 140 142 139 141 142 140 138 139 142 136 143 141 143 142 141 138 142 143 134 143 136 134 138 143 144 145 146 144 147 145 146 145 148 145 147 148 144 146 149 144 150 147 144 149 150 150 151 147 149 151 150 149 146 152 146 148 152 149 153 151 149 152 153 147 154 148 147 151 154 153 152 155 151 153 155 152 148 156 152 156 155 148 154 157 148 157 156 151 158 154 154 158 157 156 157 159 158 159 157 155 156 159 151 160 158 151 155 160 160 159 158 155 159 160 161 162 163 161 163 164 162 165 163 164 163 165 161 166 162 161 164 167 161 167 166 167 164 168 166 167 168 164 165 169 164 169 168 162 170 165 166 170 162 165 171 169 170 171 165 168 169 171 166 172 170 166 168 172 170 172 171 168 171 172 173 174 175 173 175 176 174 177 175 176 175 177 173 178 174 179 173 176 179 178 173 179 176 180 179 180 178 176 177 181 176 181 180 174 182 177 178 182 174 177 183 181 177 182 183 180 181 183 178 184 182 178 180 184 184 183 182 180 183 184 185 186 187 185 188 186 187 186 189 188 189 186 185 187 190 185 191 188 185 190 191 187 189 192 187 192 190 188 193 189 191 194 188 188 194 193 190 194 191 189 193 195 194 195 193 192 189 195 190 196 194 190 192 196 196 195 194 192 195 196 197 198 199 200 198 197 201 199 198 200 201 198 197 199 202 203 200 197 203 197 202 201 204 199 202 199 204 203 205 200 203 202 205 200 206 201 200 205 206 201 206 207 205 207 206 201 207 204 202 208 205 205 208 207 202 204 208 208 204 207 209 210 211 210 212 211 209 213 210 210 213 212 209 211 214 211 212 215 211 215 214 212 216 215 213 216 212 214 215 217 215 216 217 209 214 218 209 218 213 214 217 219 214 219 218 217 216 220 217 220 219 213 221 216 221 220 216 213 218 222 218 219 222 213 223 221 213 222 223 219 220 224 219 224 222 221 225 220 220 226 224 220 225 226 222 224 227 224 226 227 222 227 228 223 222 228 227 226 229 228 227 229 225 229 226 223 228 230 230 228 229 225 230 229 221 223 230 221 230 225 231 232 233 231 233 234 232 235 233 233 235 234 231 236 232 231 234 237 231 237 236 237 234 238 237 238 236 236 239 232 232 239 235 236 240 239 236 238 240 240 241 239 238 241 240 239 242 235 239 241 242 234 235 243 234 243 238 235 242 244 235 244 243 241 245 242 242 245 244 243 244 246 246 244 245 238 243 246 247 245 241 238 247 241 247 246 245 238 246 247 248 249 250 251 248 250 248 252 249 251 252 248 250 249 253 251 250 254 249 255 253 249 252 255 250 253 256 250 256 254 253 255 257 254 256 258 256 253 259 260 254 258 251 254 260 258 256 261 256 259 261 262 251 260 262 252 251 260 258 263 262 260 264 264 260 263 263 258 265 258 261 265 266 262 264 266 252 262 265 261 267 263 265 267 264 263 268 263 267 268 264 268 269 266 264 269 268 267 270 269 268 270 267 261 271 261 259 271 267 271 272 271 259 272 270 267 273 267 272 273 269 270 274 270 273 274 272 259 275 253 275 259 253 257 275 273 272 276 272 275 276 257 277 275 276 275 277 257 278 277 255 278 257 273 276 279 273 279 274 255 280 278 255 252 280 278 280 281 280 252 281 277 278 282 278 281 282 277 282 283 276 277 283 282 281 284 283 282 284 284 281 285 281 252 285 276 283 286 279 276 287 276 286 287 279 287 274 283 288 286 283 284 288 287 286 289 286 288 290 286 290 289 288 291 290 289 290 291 288 284 292 288 292 291 284 293 292 284 285 293 291 292 294 285 295 293 285 252 295 292 293 296 292 296 294 293 295 297 293 297 296 252 297 295 298 296 297 298 294 296 299 297 252 298 297 299 300 291 294 289 291 300 300 294 301 301 294 298 289 300 301 302 298 299 302 301 298 289 301 303 303 301 302 304 289 303 287 289 304 274 287 304 304 303 305 274 304 305 305 303 302 306 274 305 269 274 306 266 269 306 307 305 302 306 305 307 307 302 299 307 299 252 266 306 308 306 307 308 266 308 252 308 307 252 309 310 311 311 310 312 313 309 311 313 311 312 309 314 310 313 315 309 315 314 309 312 310 316 315 317 314 314 318 310 317 318 314 310 318 316 319 317 315 313 319 315 317 320 318 319 320 317 316 318 321 320 321 318 319 322 320 322 321 320 313 322 319 323 321 322 313 323 322 324 316 321 324 321 323 313 324 323 312 316 324 313 312 324 325 326 327 325 327 328 329 326 325 329 325 328 326 330 327 329 331 326 326 331 330 328 327 332 327 330 333 332 327 333 331 334 330 330 334 333 335 328 332 329 328 335 336 332 333 335 332 336 336 333 337 337 333 334 335 336 338 338 336 337 329 335 338 338 337 339 329 338 339 339 337 334 329 339 340 340 339 334 329 340 331 331 340 334 </p>
        </polylist>
      </mesh>
    </geometry>
    <geometry id="CapHair__HairMT_HairMT_0" name="CapHair__HairMT_HairMT_0" >
      <mesh>
        <source id="CapHair__HairMT_HairMT_0-positions" name="CapHair__HairMT_HairMT_0-positions">
          <float_array id="CapHair__HairMT_HairMT_0-positions-array" count="165"> 0.0368693881 3.26058769 0.706744194 -0.00149083335 3.38043618 0.727524161 -0.201024219 3.20407081 0.675366938 0.302712142 3.20701313 0.584248304 -0.332512498 3.49847221 0.611203909 -0.453509361 3.20642805 0.513745248 0.43403089 3.47967887 0.521081626 0.500598669 3.20691109 0.456290185 -0.506871164 3.35064912 0.419758111 -0.615616977 3.07164264 0.370814651 0.542150676 3.35118032 0.356587499 0.644518852 3.07228065 0.294931054 -0.713165998 3.2571373 0.0907243863 -0.75191927 2.86818457 0.0853843838 0.707564354 3.25785661 0.0051700254 0.74578923 2.86894298 -0.00480548758 0.526566446 3.55992937 0.343076348 0.287750423 3.56182027 0.549794316 0.518694341 2.97817683 -0.408328474 0.563909411 2.68974495 -0.280156016 0.181849942 3.56761551 0.662441134 0.0113095203 3.61915922 0.285307586 -0.0929859206 3.62731409 0.687357306 -0.179029658 3.62578154 0.508779645 -0.493231595 3.55941296 0.404487133 -0.394922405 3.5682373 0.0883182287 0.391017944 3.56863523 0.0409900211 -0.0100546731 3.57466698 -0.0698442757 0.455001533 3.34646511 -0.294073254 -0.49842757 3.34598231 -0.236659095 -0.0303486921 3.20800138 -0.409933776 0.269923419 2.87879729 -0.595687985 -0.574999273 2.97762299 -0.342467785 -0.604215622 2.68915343 -0.209813178 -0.350409448 2.87848306 -0.558332443 -0.3965244 2.52303982 -0.563166976 -0.533486605 2.45924067 -0.174442321 -0.0419765078 2.89961505 -0.605620623 -0.0405203775 2.52322006 -0.584604979 0.31548363 2.52340031 -0.606043041 0.498168141 2.45976305 -0.236567095 -0.0472784825 2.29972553 -0.69871068 0.356410414 2.48278141 -0.686335027 0.205523431 2.33975816 -0.718852639 0.554916859 2.29943109 -0.516559124 0.360242099 2.19879293 -0.270619035 0.39895761 2.3400538 -0.714359343 0.345328689 2.16112876 -0.518590629 -0.0200691111 2.19860029 -0.247717246 -0.415293753 2.16074371 -0.472787052 -0.400380343 2.19840765 -0.224815443 -0.300710946 2.33950186 -0.688367963 -0.623263001 2.29883432 -0.445610851 -0.446749628 2.48237467 -0.637969911 -0.492208213 2.33960247 -0.660694599 </float_array>
          <technique_common>
            <accessor count="55" offset="0" source="#CapHair__HairMT_HairMT_0-positions-array" stride="3">
              <param name="X" type="float" />
              <param name="Y" type="float" />
              <param name="Z" type="float" />
            </accessor>
          </technique_common>
        </source>
        <source id="CapHair__HairMT_HairMT_0-normals" name="CapHair__HairMT_HairMT_0-normals">
          <float_array id="CapHair__HairMT_HairMT_0-normals-array" count="165"> 0.219282284 -0.0976985097 0.970757604 0.0542165339 0.0290305819 0.998107076 -0.397439897 -0.00300608855 0.917623281 0.457625449 -0.0160137732 0.889000833 -0.520712614 0.302127868 0.798484266 -0.66992259 0.0578338988 0.740174949 0.596166372 0.156880096 0.78738451 0.724030793 0.0550869517 0.687564433 -0.820101738 0.144622073 0.553640306 -0.877793789 0.168437585 0.448449343 0.887534261 0.143776581 0.437734246 0.925094664 0.169353709 0.339881182 -0.923101842 0.368501365 -0.109953396 -0.980476558 0.0605824366 -0.187070802 0.90286231 0.369431257 -0.219909579 0.950880766 0.0615604594 -0.30337441 0.543664992 0.836953342 0.0627489015 0.188285917 0.966724753 0.173181087 0.73801446 0.142376333 -0.659593582 0.837454915 -0.157974944 -0.523176074 0.376722753 0.644764185 0.665100813 0.0220104251 0.998567343 -0.048772946 -0.0619621538 0.76903373 0.636197925 -0.20035094 0.979173481 0.0328443646 -0.590649128 0.793743014 0.145277813 -0.36842078 0.894947827 -0.251663476 0.334625036 0.895299673 -0.294048637 -0.0310592931 0.860434055 -0.508614302 0.365886956 0.623845816 -0.690610647 -0.446747005 0.623434305 -0.641674936 -0.0484879725 0.597805977 -0.800173044 0.169652537 0.218915552 -0.960881889 -0.811977327 0.14159137 -0.566254973 -0.894025505 -0.158851758 -0.418908715 -0.283955097 0.218685895 -0.933566272 -0.403600574 0.144850433 -0.903396308 -0.989399135 -0.140531227 -0.0366102941 -0.0592961088 0.172540411 -0.983216047 -0.0597854741 0.112925336 -0.991803169 0.292093247 0.145209745 -0.94530189 0.977997422 -0.13953498 -0.155084088 -0.0304974429 -0.857199132 -0.51408124 0.514902115 0.680385768 -0.521489263 -0.0462220386 -0.257606834 -0.965143621 0.98763907 -0.0592943579 -0.145097345 0.068446897 -0.997418046 0.0217316169 0.444718987 -0.354317099 -0.822608292 -0.00745486561 -0.986151099 -0.165681839 -0.00488314638 -0.995977581 -0.0894697681 -0.011494346 -0.986157417 -0.165412962 -0.0643379465 -0.99748528 0.0297276415 -0.069671236 -0.257618606 -0.963731587 -0.997853637 -0.0602924153 -0.0255532824 -0.574431181 0.679862916 -0.455867589 -0.539842367 -0.354818881 -0.763330698 </float_array>
          <technique_common>
            <accessor count="55" offset="0" source="#CapHair__HairMT_HairMT_0-normals-array" stride="3">
              <param name="X" type="float" />
              <param name="Y" type="float" />
              <param name="Z" type="float" />
            </accessor>
          </technique_common>
        </source>
        <source id="CapHair__HairMT_HairMT_0-tex0" name="CapHair__HairMT_HairMT_0-tex0">
          <float_array id="CapHair__HairMT_HairMT_0-tex0-array" count="110"> 0.271179527 0.269241631 0.271179527 0.269241631 0.271179527 0.269241631 0.271179527 0.269241631 0.271179527 0.269241631 0.271179527 0.269241631 0.271179527 0.269241631 0.271179527 0.269241631 0.271179527 0.269241631 0.271179527 0.269241631 0.271179527 0.269241631 0.271179527 0.269241631 0.271179527 0.269241631 0.271179527 0.269241631 0.271179527 0.269241631 0.271179527 0.269241631 0.271179527 0.269241631 0.271179527 0.269241631 0.271179527 0.269241631 0.271179527 0.269241631 0.271179527 0.269241631 0.271179527 0.269241631 0.271179527 0.269241631 0.271179527 0.269241631 0.271179527 0.269241631 0.271179527 0.269241631 0.271179527 0.269241631 0.271179527 0.269241631 0.271179527 0.269241631 0.271179527 0.269241631 0.271179527 0.269241631 0.271179527 0.269241631 0.271179527 0.269241631 0.271179527 0.269241631 0.271179527 0.269241631 0.271179527 0.269241631 0.271179527 0.269241631 0.271179527 0.269241631 0.271179527 0.269241631 0.271179527 0.269241631 0.271179527 0.269241631 0.271179527 0.269241631 0.271179527 0.269241631 0.271179527 0.269241631 0.271179527 0.269241631 0.271179527 0.269241631 0.271179527 0.269241631 0.271179527 0.269241631 0.271179527 0.269241631 0.271179527 0.269241631 0.271179527 0.269241631 0.271179527 0.269241631 0.271179527 0.269241631 0.271179527 0.269241631 0.271179527 0.269241631 </float_array>
          <technique_common>
            <accessor count="55" offset="0" source="#CapHair__HairMT_HairMT_0-tex0-array" stride="2">
              <param name="S" type="float" />
              <param name="T" type="float" />
            </accessor>
          </technique_common>
        </source>
        <source id="CapHair__HairMT_HairMT_0-color0" name="CapHair__HairMT_HairMT_0-color0">
          <float_array id="CapHair__HairMT_HairMT_0-color0-array" count="165"> 0.996078432 0.996078432 0.996078432 0.996078432 0.996078432 0.996078432 0.996078432 0.996078432 0.996078432 0.996078432 0.996078432 0.996078432 0.996078432 0.996078432 0.996078432 0.996078432 0.996078432 0.996078432 0.996078432 0.996078432 0.996078432 0.996078432 0.996078432 0.996078432 0.996078432 0.996078432 0.996078432 0.996078432 0.996078432 0.996078432 0.996078432 0.996078432 0.996078432 0.996078432 0.996078432 0.996078432 0.996078432 0.996078432 0.996078432 0.996078432 0.996078432 0.996078432 0.996078432 0.996078432 0.996078432 0.996078432 0.996078432 0.996078432 0.996078432 0.996078432 0.996078432 0.996078432 0.996078432 0.996078432 0.996078432 0.996078432 0.996078432 0.996078432 0.996078432 0.996078432 0.996078432 0.996078432 0.996078432 0.996078432 0.996078432 0.996078432 0.996078432 0.996078432 0.996078432 0.996078432 0.996078432 0.996078432 0.996078432 0.996078432 0.996078432 0.996078432 0.996078432 0.996078432 0.996078432 0.996078432 0.996078432 0.996078432 0.996078432 0.996078432 0.996078432 0.996078432 0.996078432 0.996078432 0.996078432 0.996078432 0.996078432 0.996078432 0.996078432 0.996078432 0.996078432 0.996078432 0.996078432 0.996078432 0.996078432 0.996078432 0.996078432 0.996078432 0.996078432 0.996078432 0.996078432 0.996078432 0.996078432 0.996078432 0.996078432 0.996078432 0.996078432 0.996078432 0.996078432 0.996078432 0.996078432 0.996078432 0.996078432 0.996078432 0.996078432 0.996078432 0.996078432 0.996078432 0.996078432 0.996078432 0.996078432 0.996078432 0.996078432 0.996078432 0.996078432 0.996078432 0.996078432 0.996078432 0.996078432 0.996078432 0.996078432 0.996078432 0.996078432 0.996078432 0.996078432 0.996078432 0.996078432 0.996078432 0.996078432 0.996078432 0.996078432 0.996078432 0.996078432 0.996078432 0.996078432 0.996078432 0.996078432 0.996078432 0.996078432 0.996078432 0.996078432 0.996078432 0.996078432 0.996078432 0.996078432 0.996078432 0.996078432 0.996078432 0.996078432 0.996078432 0.996078432 </float_array>
          <technique_common>
            <accessor count="55" offset="0" source="#CapHair__HairMT_HairMT_0-color0-array" stride="3">
              <param name="R" type="float" />
              <param name="G" type="float" />
              <param name="B" type="float" />
            </accessor>
          </technique_common>
        </source>
        <vertices id="CapHair__HairMT_HairMT_0-vertices">
          <input semantic="POSITION" source="#CapHair__HairMT_HairMT_0-positions" />
        </vertices>
        <polylist count="92" material="defaultMaterial">
          <input offset="0" semantic="VERTEX" source="#CapHair__HairMT_HairMT_0-vertices" />
          <input offset="0" semantic="NORMAL" source="#CapHair__HairMT_HairMT_0-normals" />
          <input offset="0" semantic="TEXCOORD" source="#CapHair__HairMT_HairMT_0-tex0" set="0" />
          <input offset="0" semantic="COLOR" source="#CapHair__HairMT_HairMT_0-color0" set="0" />
          <vcount>3 3 3 3 3 3 3 3 3 3 3 3 3 3 3 3 3 3 3 3 3 3 3 3 3 3 3 3 3 3 3 3 3 3 3 3 3 3 3 3 3 3 3 3 3 3 3 3 3 3 3 3 3 3 3 3 3 3 3 3 3 3 3 3 3 3 3 3 3 3 3 3 3 3 3 3 3 3 3 3 3 3 3 3 3 3 3 3 3 3 3 3 </vcount>
          <p>0 1 2 0 3 1 2 1 4 2 4 5 3 6 1 3 7 6 5 4 8 5 8 9 7 10 6 7 11 10 8 12 9 9 12 13 11 14 10 11 15 14 6 10 16 10 14 16 6 16 17 15 18 14 15 19 18 6 17 20 6 20 1 16 21 17 20 17 21 20 22 1 20 21 22 1 22 4 22 23 4 22 21 23 24 4 23 24 23 21 8 4 24 8 24 12 24 21 25 24 25 12 16 26 21 16 14 26 21 27 25 21 26 27 26 14 28 26 28 27 28 14 18 25 27 29 25 29 12 27 28 30 27 30 29 28 18 31 28 31 30 32 12 29 13 12 32 13 32 33 29 30 34 32 29 34 32 35 33 32 34 35 33 35 36 34 30 37 30 31 37 34 37 38 31 38 37 34 38 35 18 39 31 31 39 38 19 39 18 19 40 39 38 41 35 38 39 41 40 42 39 41 39 43 42 43 39 40 44 42 40 45 44 42 46 43 44 46 42 47 43 46 44 47 46 44 45 47 41 43 47 45 48 47 41 47 48 49 41 48 50 49 48 51 41 49 35 41 51 52 49 50 36 52 50 36 35 53 36 53 52 53 35 51 52 54 49 53 54 52 51 49 54 53 51 54 </p>
        </polylist>
      </mesh>
    </geometry>
    <geometry id="MarioEye__EyeMT_EyeMT_0" name="MarioEye__EyeMT_EyeMT_0" >
      <mesh>
        <source id="MarioEye__EyeMT_EyeMT_0-positions" name="MarioEye__EyeMT_EyeMT_0-positions">
          <float_array id="MarioEye__EyeMT_EyeMT_0-positions-array" count="123"> -0.422685772 3.01151395 0.681810915 -0.234673247 3.20817447 0.733697116 -0.601629734 3.06706476 0.360008478 -0.605532467 2.69228959 0.449010849 -0.438782364 2.74467444 0.696764231 -0.52453661 2.66646767 0.704500318 -0.131072804 2.69211507 0.794016778 -0.153214678 2.55452585 0.816473722 -0.247956231 2.54703069 0.985251307 -0.221329689 2.72138596 0.980601251 0.052536957 2.81790519 0.963201404 0.0423332378 2.77085781 0.793360949 0.214644268 2.69229007 0.773198187 0.32660979 2.72166348 0.947605133 0.353777885 2.54733539 0.949015737 0.239459828 2.55472469 0.792827368 0.594548225 2.66703439 0.637110591 0.50840646 2.7451539 0.639725864 0.64427352 2.69292259 0.373749316 0.490362525 3.01197624 0.626828432 0.629340351 3.06768823 0.285881221 0.309736758 3.20845008 0.700913548 -0.601629734 3.06706476 0.360008478 -0.234673247 3.20817447 0.733697116 -0.243082359 3.31531429 0.594954789 0.0309468862 3.31410933 0.608845294 0.0393560007 3.2069695 0.747587681 0.309736758 3.20845008 0.700913548 0.301327646 3.3155899 0.562171161 0.629340351 3.06768823 0.285881221 0.214644268 2.69229007 0.773198187 0.50840646 2.7451539 0.639725864 0.490362525 3.01197624 0.626828432 0.309736758 3.20845008 0.700913548 0.0409317128 3.01881409 0.772171974 0.0423332378 2.77085781 0.793360949 0.0393560007 3.2069695 0.747587681 -0.131072804 2.69211507 0.794016778 -0.234673247 3.20817447 0.733697116 -0.422685772 3.01151395 0.681810915 -0.438782364 2.74467444 0.696764231 </float_array>
          <technique_common>
            <accessor count="41" offset="0" source="#MarioEye__EyeMT_EyeMT_0-positions-array" stride="3">
              <param name="X" type="float" />
              <param name="Y" type="float" />
              <param name="Z" type="float" />
            </accessor>
          </technique_common>
        </source>
        <source id="MarioEye__EyeMT_EyeMT_0-normals" name="MarioEye__EyeMT_EyeMT_0-normals">
          <float_array id="MarioEye__EyeMT_EyeMT_0-normals-array" count="123"> -0.610439062 0.219142482 0.76114434 -0.306189537 0.177388608 0.93529743 -0.865547717 0.163425282 0.473412454 -0.925533056 0.0408276878 0.37645933 -0.52715075 0.225255042 0.819373071 -0.705350697 0.145715103 0.693720043 -0.543609858 0.409631997 0.732591271 -0.882633865 0.128797397 0.452071518 -0.985421658 0.00584942522 -0.170029342 -0.717577815 0.679815769 -0.151434928 -0.00652308576 0.994952857 -0.10013143 0.0456873812 0.644419849 0.763305783 0.627180278 0.410225034 0.662087858 0.693533421 0.680530429 -0.236410081 0.957890391 0.00683357427 -0.28705278 0.930374682 0.129715726 0.342894763 0.783353865 0.146468982 0.604072452 0.621440113 0.225836709 0.75020659 0.963979006 0.04178451 0.262675732 0.697145164 0.219804719 0.682403505 0.91593802 0.164327398 0.366133958 0.416035175 0.177754387 0.891806066 -0.865540028 0.163416967 0.473429322 -0.30621013 0.17736645 0.935294867 -0.356185347 0.169470176 0.918918848 0.0589995459 0.186068088 0.980763853 0.0595727861 0.129650816 0.989768505 0.41605556 0.17773217 0.891801 0.463710874 0.169885904 0.869546413 0.915932357 0.164318994 0.366151869 0.627183914 0.410195559 0.66210264 0.621436656 0.225855395 0.750203848 0.697133005 0.219821781 0.682410419 0.416050911 0.177746475 0.891800344 0.0597165748 0.10613329 0.992557108 0.0456731021 0.644436657 0.763292432 0.0595354736 0.129819557 0.989748657 -0.543611705 0.409602791 0.732606232 -0.306205809 0.177380741 0.935293555 -0.610426188 0.219159663 0.761149704 -0.527147591 0.225273877 0.819369972 </float_array>
          <technique_common>
            <accessor count="41" offset="0" source="#MarioEye__EyeMT_EyeMT_0-normals-array" stride="3">
              <param name="X" type="float" />
              <param name="Y" type="float" />
              <param name="Z" type="float" />
            </accessor>
          </technique_common>
        </source>
        <source id="MarioEye__EyeMT_EyeMT_0-tex0" name="MarioEye__EyeMT_EyeMT_0-tex0">
          <float_array id="MarioEye__EyeMT_EyeMT_0-tex0-array" count="82"> 0.749992371 0.550004601 0.749992371 0.550004601 0.749992371 0.550004601 0.749992371 0.550004601 0.749992371 0.550004601 0.749992371 0.550004601 0.749992371 0.550004601 0.749992371 0.550004601 0.749992371 0.550004601 0.749992371 0.550004601 0.749992371 0.550004601 0.749992371 0.550004601 0.749992371 0.550004601 0.749992371 0.550004601 0.749992371 0.550004601 0.749992371 0.550004601 0.749992371 0.550004601 0.749992371 0.550004601 0.749992371 0.550004601 0.749992371 0.550004601 0.749992371 0.550004601 0.749992371 0.550004601 0.749992371 0.550004601 0.749992371 0.550004601 0.749992371 0.550004601 0.749992371 0.550004601 0.749992371 0.550004601 0.749992371 0.550004601 0.749992371 0.550004601 0.749992371 0.550004601 0.223487049 0.942869365 0.645191789 0.862636209 0.62544632 0.378917813 0.367748052 0.0975371599 -0.00054933317 0.364909828 -0.00054933317 0.829493105 0 0.0975371599 0.223487049 0.942869365 0.367748052 0.0975371599 0.62544632 0.378917813 0.645191789 0.862636209 </float_array>
          <technique_common>
            <accessor count="41" offset="0" source="#MarioEye__EyeMT_EyeMT_0-tex0-array" stride="2">
              <param name="S" type="float" />
              <param name="T" type="float" />
            </accessor>
          </technique_common>
        </source>
        <source id="MarioEye__EyeMT_EyeMT_0-color0" name="MarioEye__EyeMT_EyeMT_0-color0">
          <float_array id="MarioEye__EyeMT_EyeMT_0-color0-array" count="123"> 0.996078432 0.996078432 0.996078432 0.996078432 0.996078432 0.996078432 0.996078432 0.996078432 0.996078432 0.996078432 0.996078432 0.996078432 0.996078432 0.996078432 0.996078432 0.996078432 0.996078432 0.996078432 0.996078432 0.996078432 0.996078432 0.996078432 0.996078432 0.996078432 0.996078432 0.996078432 0.996078432 0.996078432 0.996078432 0.996078432 0.996078432 0.996078432 0.996078432 0.996078432 0.996078432 0.996078432 0.996078432 0.996078432 0.996078432 0.996078432 0.996078432 0.996078432 0.996078432 0.996078432 0.996078432 0.996078432 0.996078432 0.996078432 0.996078432 0.996078432 0.996078432 0.996078432 0.996078432 0.996078432 0.996078432 0.996078432 0.996078432 0.996078432 0.996078432 0.996078432 0.996078432 0.996078432 0.996078432 0.996078432 0.996078432 0.996078432 0 0 0 0 0 0 0 0 0 0 0 0 0 0 0 0 0 0 0 0 0 0 0 0 0.996078432 0.996078432 0.996078432 0.996078432 0.996078432 0.996078432 0.996078432 0.996078432 0.996078432 0.996078432 0.996078432 0.996078432 0.996078432 0.996078432 0.996078432 0.996078432 0.996078432 0.996078432 0.996078432 0.996078432 0.996078432 0.996078432 0.996078432 0.996078432 0.996078432 0.996078432 0.996078432 0.996078432 0.996078432 0.996078432 0.996078432 0.996078432 0.996078432 </float_array>
          <technique_common>
            <accessor count="41" offset="0" source="#MarioEye__EyeMT_EyeMT_0-color0-array" stride="3">
              <param name="R" type="float" />
              <param name="G" type="float" />
              <param name="B" type="float" />
            </accessor>
          </technique_common>
        </source>
        <vertices id="MarioEye__EyeMT_EyeMT_0-vertices">
          <input semantic="POSITION" source="#MarioEye__EyeMT_EyeMT_0-positions" />
        </vertices>
        <polylist count="36" material="defaultMaterial">
          <input offset="0" semantic="VERTEX" source="#MarioEye__EyeMT_EyeMT_0-vertices" />
          <input offset="0" semantic="NORMAL" source="#MarioEye__EyeMT_EyeMT_0-normals" />
          <input offset="0" semantic="TEXCOORD" source="#MarioEye__EyeMT_EyeMT_0-tex0" set="0" />
          <input offset="0" semantic="COLOR" source="#MarioEye__EyeMT_EyeMT_0-color0" set="0" />
          <vcount>3 3 3 3 3 3 3 3 3 3 3 3 3 3 3 3 3 3 3 3 3 3 3 3 3 3 3 3 3 3 3 3 3 3 3 3 </vcount>
          <p>0 1 2 3 0 2 4 0 3 5 4 3 4 5 6 7 6 5 8 9 7 9 6 7 6 9 10 6 10 11 12 11 10 12 10 13 13 14 15 12 13 15 15 16 12 17 12 16 16 18 17 17 18 19 18 20 19 19 20 21 22 23 24 25 24 23 26 25 23 26 27 25 27 28 25 27 29 28 30 31 32 30 32 33 34 30 33 35 30 34 36 34 33 35 34 37 36 38 34 34 38 37 37 38 39 37 39 40 </p>
        </polylist>
      </mesh>
    </geometry>
    <geometry id="Mario64HandL__BodyMT_HandMT_0" name="Mario64HandL__BodyMT_HandMT_0" >
      <mesh>
        <source id="Mario64HandL__BodyMT_HandMT_0-positions" name="Mario64HandL__BodyMT_HandMT_0-positions">
          <float_array id="Mario64HandL__BodyMT_HandMT_0-positions-array" count="81"> 0.620958924 1.16208768 -0.163675249 0.620536804 1.1483717 -0.151060924 0.621282697 1.16424799 -0.156773165 0.612427771 1.10517859 -0.345496744 0.620090723 1.16654611 -0.170286983 0.928415775 1.1439687 0.00605073385 0.611380517 0.799531102 -0.0292292554 0.554869473 1.22202671 -0.0956564844 0.839992046 1.25392878 -0.0356471129 1.06591868 0.824294388 -0.00518010883 0.822238803 1.33941495 0.0261544399 0.766226292 0.676693261 -0.126509041 0.682952344 1.46155488 -0.314397544 0.652718186 1.03103828 -0.328116 0.519977152 1.28986323 -0.543278694 0.591257811 1.22213435 -0.497172266 0.807755589 1.22866368 -0.712735653 0.802597463 1.30298471 -0.638638616 0.750026464 1.40791047 -0.690204024 0.968956769 1.45489836 -0.347236484 0.963659942 1.35326266 -0.340807706 1.10918629 1.28120112 -0.353953511 1.01686561 0.932483554 -0.754369676 1.26699471 0.956615448 -0.394373327 0.977820039 0.688756049 -0.427771151 0.726167798 0.833633482 -0.587430239 0.749861777 0.705468595 -0.28858155 </float_array>
          <technique_common>
            <accessor count="27" offset="0" source="#Mario64HandL__BodyMT_HandMT_0-positions-array" stride="3">
              <param name="X" type="float" />
              <param name="Y" type="float" />
              <param name="Z" type="float" />
            </accessor>
          </technique_common>
        </source>
        <source id="Mario64HandL__BodyMT_HandMT_0-normals" name="Mario64HandL__BodyMT_HandMT_0-normals">
          <float_array id="Mario64HandL__BodyMT_HandMT_0-normals-array" count="81"> -0.999030471 0.019152306 0.0396391265 -0.709705412 0.250734299 0.658369601 -0.600893259 -0.177508831 0.779370189 -0.931582212 -0.289347172 -0.220074415 -0.856464088 -0.516130745 -0.00884976331 0.313595951 0.303646296 0.899698019 -0.646716297 -0.282437801 0.708510399 -0.816383958 0.34927091 0.459920704 0.427467465 0.129782408 0.894666493 0.610463619 -0.332616955 0.718818545 -0.0437188596 0.714398444 0.698372066 -0.157188162 -0.948403358 0.27535969 -0.401045144 0.905174315 0.140791357 -0.913608551 -0.244009674 -0.325236291 -0.845370293 0.482447207 -0.229333296 -0.562098682 -0.704894304 -0.432630479 -0.0358539745 0.371840358 -0.92760402 0.406400442 0.330726504 -0.851738632 -0.128097966 0.793367922 -0.595111966 0.383665621 0.92269969 0.0377623737 0.773570418 0.633526802 0.0152503951 0.820161879 0.571583867 -0.025027601 0.445705354 -0.128202245 -0.885951996 0.994609475 -0.085024178 -0.0593536571 0.399722934 -0.891330838 -0.213894665 -0.705065072 -0.42976138 -0.564081907 -0.720213592 -0.678600967 -0.144198254 </float_array>
          <technique_common>
            <accessor count="27" offset="0" source="#Mario64HandL__BodyMT_HandMT_0-normals-array" stride="3">
              <param name="X" type="float" />
              <param name="Y" type="float" />
              <param name="Z" type="float" />
            </accessor>
          </technique_common>
        </source>
        <source id="Mario64HandL__BodyMT_HandMT_0-tex0" name="Mario64HandL__BodyMT_HandMT_0-tex0">
          <float_array id="Mario64HandL__BodyMT_HandMT_0-tex0-array" count="54"> 0.139038086 -1.015625 0.139282227 -1.01464844 0.138916016 -1.015625 0.141235352 -1.01367188 0.138916016 -1.015625 0.142700195 -1.02441406 0.148925781 -1.01074219 0.136108398 -1.01367188 0.138549805 -1.02246094 0.153808594 -1.02441406 0.135620117 -1.0234375 0.154907227 -1.01367188 0.131591797 -1.02050781 0.143798828 -1.01464844 0.135498047 -1.01367188 0.138183594 -1.01464844 0.141479492 -1.02148438 0.138916016 -1.02148438 0.135375977 -1.02148438 0.135498047 -1.02929688 0.138427734 -1.02734375 0.142333984 -1.03125 0.152954102 -1.0234375 0.153930664 -1.03125 0.158325195 -1.01953125 0.151489258 -1.01367188 0.154418945 -1.01269531 </float_array>
          <technique_common>
            <accessor count="27" offset="0" source="#Mario64HandL__BodyMT_HandMT_0-tex0-array" stride="2">
              <param name="S" type="float" />
              <param name="T" type="float" />
            </accessor>
          </technique_common>
        </source>
        <source id="Mario64HandL__BodyMT_HandMT_0-color0" name="Mario64HandL__BodyMT_HandMT_0-color0">
          <float_array id="Mario64HandL__BodyMT_HandMT_0-color0-array" count="81"> 1 1 1 1 1 1 1 1 1 1 1 1 1 1 1 1 1 1 1 1 1 1 1 1 1 1 1 1 1 1 1 1 1 1 1 1 1 1 1 1 1 1 1 1 1 1 1 1 1 1 1 1 1 1 1 1 1 1 1 1 1 1 1 1 1 1 1 1 1 1 1 1 1 1 1 1 1 1 1 1 1 </float_array>
          <technique_common>
            <accessor count="27" offset="0" source="#Mario64HandL__BodyMT_HandMT_0-color0-array" stride="3">
              <param name="R" type="float" />
              <param name="G" type="float" />
              <param name="B" type="float" />
            </accessor>
          </technique_common>
        </source>
        <vertices id="Mario64HandL__BodyMT_HandMT_0-vertices">
          <input semantic="POSITION" source="#Mario64HandL__BodyMT_HandMT_0-positions" />
        </vertices>
        <polylist count="50" material="defaultMaterial">
          <input offset="0" semantic="VERTEX" source="#Mario64HandL__BodyMT_HandMT_0-vertices" />
          <input offset="0" semantic="NORMAL" source="#Mario64HandL__BodyMT_HandMT_0-normals" />
          <input offset="0" semantic="TEXCOORD" source="#Mario64HandL__BodyMT_HandMT_0-tex0" set="0" />
          <input offset="0" semantic="COLOR" source="#Mario64HandL__BodyMT_HandMT_0-color0" set="0" />
          <vcount>3 3 3 3 3 3 3 3 3 3 3 3 3 3 3 3 3 3 3 3 3 3 3 3 3 3 3 3 3 3 3 3 3 3 3 3 3 3 3 3 3 3 3 3 3 3 3 3 3 3 </vcount>
          <p>0 1 2 0 3 1 0 2 4 0 4 3 1 5 2 3 6 1 1 6 5 2 7 4 2 5 8 2 8 7 6 9 5 7 8 10 6 11 9 7 10 12 6 13 11 3 13 6 7 12 14 4 7 14 3 4 15 4 14 15 3 15 16 3 16 13 15 14 17 15 17 16 14 12 18 14 18 17 12 19 18 18 19 17 12 10 19 10 8 19 17 19 20 19 8 20 17 20 21 21 20 8 16 17 21 5 21 8 5 9 21 16 21 22 9 23 21 23 22 21 9 24 23 24 22 23 11 24 9 25 16 22 25 22 24 13 16 25 11 26 24 13 26 11 25 24 26 13 25 26 </p>
        </polylist>
      </mesh>
    </geometry>
    <geometry id="Face__FaceMT_FaceMT_0" name="Face__FaceMT_FaceMT_0" >
      <mesh>
        <source id="Face__FaceMT_FaceMT_0-positions" name="Face__FaceMT_FaceMT_0-positions">
          <float_array id="Face__FaceMT_FaceMT_0-positions-array" count="309"> -0.161491215 2.5568018 0.818479717 -0.476557285 2.37540269 0.744071007 -0.165255651 2.39485908 0.825466037 -0.531193256 2.67651629 0.711716235 -0.171952099 2.24217343 0.743195474 0.0426331684 2.3275671 0.794615626 0.0397497453 2.23645329 0.745966792 0.249583259 2.24238658 0.717811286 0.252653748 2.39507079 0.800300121 -0.348972857 2.09638238 0.45959428 0.0248070732 2.01898122 0.495996475 0.391439259 2.09675717 0.4150078 0.551957786 2.37592316 0.682135403 0.247914717 2.55700898 0.793825865 -0.630017161 2.35986257 0.419483691 -0.438782364 2.74467421 0.696764052 -0.617836773 2.6978054 0.457436055 0.665373266 2.36051846 0.341477305 0.602012396 2.67709017 0.643476307 0.657494307 2.69845104 0.380637616 0.508406281 2.74515414 0.639725804 -0.438782364 2.74467421 0.696764052 -0.422685742 3.01151395 0.681810677 -0.617836773 2.6978054 0.457436055 -0.234673306 3.20817447 0.733696938 -0.615617096 3.07164288 0.370814353 -0.161491215 2.5568018 0.818479717 -0.131072864 2.69211507 0.7940166 -0.531193256 2.67651629 0.711716235 -0.438782364 2.74467421 0.696764052 -0.161491215 2.5568018 0.818479717 -0.253536791 2.54763222 0.982079208 -0.226342067 2.72464514 0.977376461 -0.131072864 2.69211507 0.7940166 -0.165255651 2.39485908 0.825466037 -0.242497593 2.55802369 1.18997121 -0.226007462 2.36479115 0.968494356 -0.211017698 2.38899612 1.18879092 0.0523604006 2.82599974 0.960339129 -0.215239853 2.72513795 1.18519163 0.0423331298 2.77085781 0.79336077 0.0426331684 2.3275671 0.794615626 0.052856639 2.26729608 0.963881612 0.0723018646 2.43998289 1.28824639 0.0720770806 2.70860577 1.28677237 0.065724723 2.2696209 1.17759085 0.0649130493 2.83180165 1.16883945 0.214644104 2.69229007 0.773198009 0.331195384 2.72492743 0.943802357 0.345111132 2.72542167 1.15144801 0.252653748 2.39507079 0.800300121 0.3416906 2.38927603 1.15550768 0.330160469 2.36507273 0.935002685 0.372914076 2.5583353 1.1529119 0.247914717 2.55700898 0.793825865 0.358936548 2.5479424 0.945196927 -0.75191921 2.86818433 0.085384056 -0.902343929 2.75645351 -0.0581478924 -0.752379596 2.64353132 -0.00672167726 -0.604215562 2.68915343 -0.209813401 -0.894867539 2.50368762 -0.0161921997 -0.682880819 2.35768247 0.13473025 -0.533486605 2.45924067 -0.174442589 -0.533486605 2.45924067 -0.174442589 -0.400380343 2.19840789 -0.224815696 -0.682880819 2.35768247 0.13473025 -0.0200691745 2.19860053 -0.247717485 -0.348972857 2.09638238 0.45959428 -0.630017161 2.35986257 0.419483691 -0.617836773 2.6978054 0.457436055 0.360241979 2.19879293 -0.270619184 0.391439259 2.09675717 0.4150078 0.0248070732 2.01898122 0.495996475 0.498167932 2.45976353 -0.236567244 0.683686316 2.3583746 0.0524376892 0.665373266 2.36051846 0.341477305 0.657494307 2.69845104 0.380637616 -0.615617096 3.07164288 0.370814353 -0.75191921 2.86818433 0.085384056 -0.617836773 2.6978054 0.457436055 -0.752379596 2.64353132 -0.00672167726 -0.682880819 2.35768247 0.13473025 0.508406281 2.74515414 0.639725804 0.657494307 2.69845104 0.380637616 0.490362346 3.011976 0.626828432 0.644518614 3.07228065 0.294930875 0.309736609 3.20845008 0.700913429 0.247914717 2.55700898 0.793825865 0.602012396 2.67709017 0.643476307 0.214644104 2.69229007 0.773198009 0.508406281 2.74515414 0.639725804 0.745788991 2.86894274 -0.00480565196 0.735419869 2.64428473 -0.0963146612 0.878015161 2.75735521 -0.165358365 0.563909233 2.68974495 -0.280156076 0.875882685 2.50458431 -0.122824036 0.683686316 2.3583746 0.0524376892 0.498167932 2.45976353 -0.236567244 0.644518614 3.07228065 0.294930875 0.657494307 2.69845104 0.380637616 0.745788991 2.86894274 -0.00480565196 0.683686316 2.3583746 0.0524376892 0.735419869 2.64428473 -0.0963146612 </float_array>
          <technique_common>
            <accessor count="103" offset="0" source="#Face__FaceMT_FaceMT_0-positions-array" stride="3">
              <param name="X" type="float" />
              <param name="Y" type="float" />
              <param name="Z" type="float" />
            </accessor>
          </technique_common>
        </source>
        <source id="Face__FaceMT_FaceMT_0-normals" name="Face__FaceMT_FaceMT_0-normals">
          <float_array id="Face__FaceMT_FaceMT_0-normals-array" count="309"> -0.882720768 0.129607573 0.45167011 -0.607787728 -0.379777312 0.69739753 -0.640544832 -0.709292293 0.294290245 -0.705268383 0.146499082 0.693638623 -0.203932703 -0.710441411 0.673561037 0.00140962121 -0.999898672 0.0141648268 0.0436147228 -0.694107413 0.718549013 0.284494519 -0.709424734 0.644809604 0.672109842 -0.708490133 0.215197831 -0.265134931 -0.96416533 -0.00941930059 -0.00313181896 -0.998197615 -0.0599313192 0.26293999 -0.963931143 -0.0412225127 0.68797338 -0.377761126 0.619668603 0.93045038 0.13048847 0.342395782 -0.872768283 -0.406899989 0.269644111 -0.527207077 0.225974068 0.819138825 -0.925502717 0.0408358797 0.376533031 0.899267673 -0.405929804 0.162906826 0.783180952 0.147979736 0.603928447 0.963976502 0.0418209434 0.26267907 0.621775985 0.224475265 0.750336885 -0.52719909 0.225967839 0.819145679 -0.610557973 0.219124839 0.761054039 -0.925502419 0.0408691838 0.37653026 -0.306174219 0.177417323 0.935296953 -0.865747631 0.161952764 0.473552883 -0.882737815 0.129596904 0.451639891 -0.544046819 0.407360494 0.733532846 -0.705266774 0.146501333 0.693639755 -0.527185678 0.225967899 0.819154322 -0.882732391 0.129573569 0.451657236 -0.985373557 0.00431338325 -0.170353591 -0.717258096 0.680176795 -0.151328579 -0.544037521 0.407412618 0.733510852 -0.640553713 -0.709302068 0.294247299 -0.844683826 -0.00212419429 0.535261393 -0.755533934 -0.636230171 -0.156139866 -0.712556362 -0.519908607 0.471124738 -0.00652659778 0.994954765 -0.100111827 -0.650867045 0.686522782 0.324127346 0.0455672406 0.644851565 0.762948275 0.00137311663 -0.999899209 0.014131858 -0.00948373042 -0.986124098 -0.165738583 0.0589392409 -0.204653561 0.977058411 0.0578395277 0.264468133 0.962658405 0.0254944526 -0.9091447 0.415699393 0.0106317988 0.98271513 0.184818536 0.627057612 0.410073727 0.662297785 0.693229914 0.680890381 -0.236263886 0.685062945 0.686409831 0.243988246 0.672081888 -0.708526194 0.215166435 0.764461756 -0.519170582 0.382178128 0.731978774 -0.635476887 -0.245715648 0.902892768 -0.00124344928 0.429864019 0.930455804 0.130491078 0.342379957 0.95778966 0.00530477986 -0.287421018 -0.954876125 0.172628254 0.241683796 -0.675244391 0.397385925 -0.621393144 -0.8250404 -0.0352915004 0.563970625 -0.824615061 -0.314266682 -0.470368385 -0.764751077 -0.504792988 -0.40042451 -0.778955579 -0.626963794 -0.0120241446 -0.619223773 -0.452135265 -0.641977906 -0.619206607 -0.452156961 -0.641979158 -0.252917588 -0.946808934 -0.198961079 -0.778948605 -0.626971841 -0.012056998 -0.011125356 -0.981132805 -0.193014577 -0.265110701 -0.964172065 -0.00941050332 -0.872777462 -0.406889141 0.26963082 -0.925503552 0.0408499204 0.376529485 0.228177324 -0.946567178 -0.227916017 0.262953579 -0.963927925 -0.0412114225 -0.00309431367 -0.998197556 -0.0599338003 0.537810922 -0.452772737 -0.711165428 0.772505045 -0.626186311 -0.105483346 0.899275661 -0.405921549 0.162883341 0.963970661 0.041800648 0.262703717 -0.865752876 0.161954433 0.47354269 -0.954878747 0.172658682 0.241651684 -0.925503731 0.0408536606 0.37652871 -0.825044692 -0.0353228599 0.56396234 -0.778938413 -0.62698561 -0.0119993035 0.621798515 0.224440321 0.75032872 0.963969588 0.0418107286 0.26270619 0.697351336 0.220631629 0.681925774 0.915912628 0.163587198 0.36652872 0.416180283 0.177789181 0.891731441 0.930442691 0.13050586 0.342409968 0.78316921 0.147967592 0.603946686 0.627047837 0.410080552 0.662302792 0.621823192 0.224469706 0.750299454 0.97689569 0.172934756 0.125572026 0.886809528 -0.0344313011 0.460850656 0.595668912 0.397884488 -0.697758198 0.762773633 -0.312717021 -0.566025138 0.711681485 -0.504047811 -0.489331484 0.772516072 -0.626177907 -0.105452262 0.537815034 -0.452773303 -0.711161971 0.915920794 0.163567454 0.366517097 0.963974953 0.0418001451 0.26268813 0.976895928 0.172932178 0.125573754 0.772501945 -0.62620002 -0.105424225 0.886815488 -0.0344668031 0.460836619 </float_array>
          <technique_common>
            <accessor count="103" offset="0" source="#Face__FaceMT_FaceMT_0-normals-array" stride="3">
              <param name="X" type="float" />
              <param name="Y" type="float" />
              <param name="Z" type="float" />
            </accessor>
          </technique_common>
        </source>
        <source id="Face__FaceMT_FaceMT_0-tex0" name="Face__FaceMT_FaceMT_0-tex0">
          <float_array id="Face__FaceMT_FaceMT_0-tex0-array" count="206"> 0.33782959 0.600585938 0.482299805 0.637939453 0.346191406 0.660644531 0.485839844 0.481689453 0.377563477 0.729980469 0.286315918 0.720214844 0.27671814 0.764648438 0.377563477 0.729980469 0.346191406 0.660644531 0.495849609 0.823242188 0.308349609 0.893066406 0.495849609 0.823242188 0.482299805 0.637939453 0.33782959 0.600585938 0.596435547 0.665039062 0.474121094 0.434936523 0.602050781 0.500732422 0.596435547 0.665039062 0.485839844 0.481689453 0.602050781 0.500732422 0.474121094 0.434936523 0.280105591 0.455810547 0.304656982 0.385253906 0.355834961 0.494873047 0.284362793 0.311035156 0.407348633 0.399902344 0.638671875 0.554931641 0.638671875 0.554931641 0.638671875 0.554931641 0.638671875 0.554931641 0.607421875 -0.356933594 0.588867188 -0.350097656 0.580322266 -0.370605469 0.591064453 -0.388183594 0.594970703 -0.316894531 0.571533203 -0.3515625 0.581298828 -0.328613281 0.568847656 -0.340332031 0.546142578 -0.38671875 0.568359375 -0.362304688 0.546142578 -0.405273438 0.546142578 -0.291992188 0.546142578 -0.3125 0.546142578 -0.345214844 0.546142578 -0.359375 0.546142578 -0.331054688 0.546142578 -0.37109375 0.591064453 -0.388183594 0.580322266 -0.370605469 0.568359375 -0.362304688 0.594970703 -0.316894531 0.568847656 -0.340332031 0.581298828 -0.328613281 0.571533203 -0.3515625 0.607421875 -0.356933594 0.588867188 -0.350097656 0.817382812 -0.460449219 0.857421875 -0.4296875 0.815917969 -0.397949219 0.771484375 -0.411132812 0.855957031 -0.358886719 0.799316406 -0.317382812 0.751953125 -0.346679688 1.69628906 0.625244141 1.67480469 0.630615234 1.69433594 0.602050781 1.64550781 0.630126953 1.66992188 0.594726562 1.6875 0.585449219 1.69628906 0.559570312 1.67480469 0.630615234 1.66992188 0.594726562 1.64550781 0.599853516 1.69628906 0.625244141 1.69433594 0.602050781 1.6875 0.585449219 1.69628906 0.559570312 0.495727539 0.244678497 0.733398438 0.288421631 0.477539062 0.427490234 0.755859375 0.443115234 0.655273438 0.557373047 0.280105591 0.455810547 0.355834961 0.494873047 0.304656982 0.385253906 0.407348633 0.399902344 0.284362793 0.311035156 0.638671875 0.554931641 0.638671875 0.554931641 0.638671875 0.554931641 0.638671875 0.554931641 0.817382812 -0.460449219 0.815917969 -0.397949219 0.857421875 -0.4296875 0.771484375 -0.411132812 0.855957031 -0.358886719 0.799316406 -0.317382812 0.751953125 -0.346679688 0.495727539 0.244678497 0.477539062 0.427490234 0.733398438 0.288421631 0.655273438 0.557373047 0.755859375 0.443115234 </float_array>
          <technique_common>
            <accessor count="103" offset="0" source="#Face__FaceMT_FaceMT_0-tex0-array" stride="2">
              <param name="S" type="float" />
              <param name="T" type="float" />
            </accessor>
          </technique_common>
        </source>
        <source id="Face__FaceMT_FaceMT_0-color0" name="Face__FaceMT_FaceMT_0-color0">
          <float_array id="Face__FaceMT_FaceMT_0-color0-array" count="309"> 0.996078432 0.996078432 0.996078432 0.996078432 0.996078432 0.996078432 0.996078432 0.996078432 0.996078432 0.996078432 0.996078432 0.996078432 0.996078432 0.996078432 0.996078432 0.996078432 0.996078432 0.996078432 0.996078432 0.996078432 0.996078432 0.996078432 0.996078432 0.996078432 0.996078432 0.996078432 0.996078432 0.996078432 0.996078432 0.996078432 0.996078432 0.996078432 0.996078432 0.996078432 0.996078432 0.996078432 0.996078432 0.996078432 0.996078432 0.996078432 0.996078432 0.996078432 0.996078432 0.996078432 0.996078432 0.996078432 0.996078432 0.996078432 0.996078432 0.996078432 0.996078432 0.996078432 0.996078432 0.996078432 0.996078432 0.996078432 0.996078432 0.996078432 0.996078432 0.996078432 0.996078432 0.996078432 0.996078432 0.996078432 0.996078432 0.996078432 0.996078432 0.996078432 0.996078432 0.996078432 0.996078432 0.996078432 0.996078432 0.996078432 0.996078432 0.996078432 0.996078432 0.996078432 0.996078432 0.996078432 0.996078432 0.996078432 0.996078432 0.996078432 0.996078432 0.996078432 0.996078432 0.996078432 0.996078432 0.996078432 0.996078432 0.996078432 0.996078432 0.996078432 0.996078432 0.996078432 0.996078432 0.996078432 0.996078432 0.996078432 0.996078432 0.996078432 0.996078432 0.996078432 0.996078432 0.996078432 0.996078432 0.996078432 0.996078432 0.996078432 0.996078432 0.996078432 0.996078432 0.996078432 0.996078432 0.996078432 0.996078432 0.996078432 0.996078432 0.996078432 0.996078432 0.996078432 0.996078432 0.996078432 0.996078432 0.996078432 0.996078432 0.996078432 0.996078432 0.996078432 0.996078432 0.996078432 0.996078432 0.996078432 0.996078432 0.996078432 0.996078432 0.996078432 0.996078432 0.996078432 0.996078432 0.996078432 0.996078432 0.996078432 0.996078432 0.996078432 0.996078432 0.996078432 0.996078432 0.996078432 0.996078432 0.996078432 0.996078432 0.996078432 0.996078432 0.996078432 0.996078432 0.996078432 0.996078432 0.996078432 0.996078432 0.996078432 0.996078432 0.996078432 0.996078432 0.996078432 0.996078432 0.996078432 0.996078432 0.996078432 0.996078432 0.996078432 0.996078432 0.996078432 0.996078432 0.996078432 0.996078432 0.996078432 0.996078432 0.996078432 0.996078432 0.996078432 0.996078432 0.996078432 0.996078432 0.996078432 0.996078432 0.996078432 0.996078432 0.996078432 0.996078432 0.996078432 0.996078432 0.996078432 0.996078432 0.996078432 0.996078432 0.996078432 0.996078432 0.996078432 0.996078432 0.996078432 0.996078432 0.996078432 0.996078432 0.996078432 0.996078432 0.996078432 0.996078432 0.996078432 0.996078432 0.996078432 0.996078432 0.996078432 0.996078432 0.996078432 0.996078432 0.996078432 0.996078432 0.996078432 0.996078432 0.996078432 0.996078432 0.996078432 0.996078432 0.996078432 0.996078432 0.996078432 0.996078432 0.996078432 0.996078432 0.996078432 0.996078432 0.996078432 0.996078432 0.996078432 0.996078432 0.996078432 0.996078432 0.996078432 0.996078432 0.996078432 0.996078432 0.996078432 0.996078432 0.996078432 0.996078432 0.996078432 0.996078432 0.996078432 0.996078432 0.996078432 0.996078432 0.996078432 0.996078432 0.996078432 0.996078432 0.996078432 0.996078432 0.996078432 0.996078432 0.996078432 0.996078432 0.996078432 0.996078432 0.996078432 0.996078432 0.996078432 0.996078432 0.996078432 0.996078432 0.996078432 0.996078432 0.996078432 0.996078432 0.996078432 0.996078432 0.996078432 0.996078432 0.996078432 0.996078432 0.996078432 0.996078432 0.996078432 0.996078432 0.996078432 0.996078432 0.996078432 0.996078432 0.996078432 0.996078432 0.996078432 0.996078432 0.996078432 0.996078432 0.996078432 0.996078432 0.996078432 0.996078432 0.996078432 0.996078432 0.996078432 0.996078432 0.996078432 0.996078432 0.996078432 0.996078432 0.996078432 0.996078432 </float_array>
          <technique_common>
            <accessor count="103" offset="0" source="#Face__FaceMT_FaceMT_0-color0-array" stride="3">
              <param name="R" type="float" />
              <param name="G" type="float" />
              <param name="B" type="float" />
            </accessor>
          </technique_common>
        </source>
        <vertices id="Face__FaceMT_FaceMT_0-vertices">
          <input semantic="POSITION" source="#Face__FaceMT_FaceMT_0-positions" />
        </vertices>
        <polylist count="108" material="defaultMaterial">
          <input offset="0" semantic="VERTEX" source="#Face__FaceMT_FaceMT_0-vertices" />
          <input offset="0" semantic="NORMAL" source="#Face__FaceMT_FaceMT_0-normals" />
          <input offset="0" semantic="TEXCOORD" source="#Face__FaceMT_FaceMT_0-tex0" set="0" />
          <input offset="0" semantic="COLOR" source="#Face__FaceMT_FaceMT_0-color0" set="0" />
          <vcount>3 3 3 3 3 3 3 3 3 3 3 3 3 3 3 3 3 3 3 3 3 3 3 3 3 3 3 3 3 3 3 3 3 3 3 3 3 3 3 3 3 3 3 3 3 3 3 3 3 3 3 3 3 3 3 3 3 3 3 3 3 3 3 3 3 3 3 3 3 3 3 3 3 3 3 3 3 3 3 3 3 3 3 3 3 3 3 3 3 3 3 3 3 3 3 3 3 3 3 3 3 3 3 3 3 3 3 3 </vcount>
          <p>0 1 2 0 3 1 2 1 4 2 4 5 5 6 7 5 7 8 5 4 6 4 9 10 4 10 6 4 1 9 6 10 7 7 10 11 7 12 8 7 11 12 8 12 13 9 1 14 1 3 14 3 15 16 3 16 14 11 17 12 12 18 13 12 17 18 17 19 18 18 19 20 21 22 23 22 24 25 22 25 23 26 27 28 27 29 28 30 31 32 30 32 33 30 34 31 31 35 32 31 36 37 31 37 35 31 34 36 32 38 33 32 39 38 32 35 39 33 38 40 34 41 42 34 42 36 35 37 43 35 44 39 35 43 44 36 42 37 37 42 45 37 45 43 39 46 38 39 44 46 40 38 47 38 48 47 38 49 48 38 46 49 41 50 42 42 51 45 42 52 51 42 50 52 43 51 53 43 45 51 43 53 44 44 49 46 44 53 49 47 48 54 48 53 55 48 49 53 48 55 54 50 54 55 50 55 52 51 52 55 51 55 53 56 57 58 56 59 57 57 60 58 57 59 60 58 60 61 59 62 60 60 62 61 63 64 65 64 66 67 64 67 65 65 67 68 65 68 69 66 70 71 66 71 72 66 72 67 70 73 74 70 74 71 71 74 75 74 76 75 77 78 79 78 80 79 79 80 81 82 83 84 83 85 84 84 85 86 87 88 89 88 90 89 91 92 93 91 93 94 92 95 93 92 96 95 93 95 94 94 95 97 95 96 97 98 99 100 99 101 102 99 102 100 </p>
        </polylist>
      </mesh>
    </geometry>
    <geometry id="Hair__HairMT_HairMT.001_0" name="Hair__HairMT_HairMT.001_0" >
      <mesh>
        <source id="Hair__HairMT_HairMT.001_0-positions" name="Hair__HairMT_HairMT.001_0-positions">
          <float_array id="Hair__HairMT_HairMT.001_0-positions-array" count="132"> -0.615616977 3.07164264 0.370814651 -0.770649672 3.26711464 0.116166949 -0.75191927 2.86818457 0.0853843838 -0.493231595 3.55941296 0.404487133 -0.394922405 3.5682373 0.0883182287 -0.770649672 3.26711464 0.116166949 0.0286756381 3.62271214 0.573722363 -0.192025498 3.53100371 0.629136562 0.181849942 3.56761551 0.662441134 0.287750423 3.56182027 0.549794316 0.0286756381 3.62271214 0.573722363 0.526566446 3.55992937 0.343076348 0.391017944 3.56863523 0.0409900211 0.767675638 3.26789355 0.0235311929 0.563909411 2.68974495 -0.280156016 0.498168141 2.45976305 -0.236567095 0.31548363 2.52340031 -0.606043041 -0.604215622 2.68915343 -0.209813178 -0.3965244 2.52303982 -0.563166976 -0.533486605 2.45924067 -0.174442321 -0.446749628 2.48237467 -0.637969911 -0.0405203775 2.52322006 -0.584604979 -0.0472784825 2.29972553 -0.69871068 -0.623263001 2.29883432 -0.445610851 -0.400380343 2.19840765 -0.224815443 -0.300710946 2.33950186 -0.688367963 -0.492208213 2.33960247 -0.660694599 -0.415293753 2.16074371 -0.472787052 -0.0200691111 2.19860029 -0.247717246 0.345328689 2.16112876 -0.518590629 0.360242099 2.19879293 -0.270619035 0.205523431 2.33975816 -0.718852639 0.554916859 2.29943109 -0.516559124 0.39895761 2.3400538 -0.714359343 0.356410414 2.48278141 -0.686335027 -0.75191927 2.86818457 0.0853843838 -0.604215622 2.68915343 -0.209813178 -0.00563258724 3.41000104 -0.0363625027 -0.533486605 2.45924067 -0.174442321 -0.400380343 2.19840765 -0.224815443 0.563909411 2.68974495 -0.280156016 0.498168141 2.45976305 -0.236567095 -0.0200691111 2.19860029 -0.247717246 0.360242099 2.19879293 -0.270619035 </float_array>
          <technique_common>
            <accessor count="44" offset="0" source="#Hair__HairMT_HairMT.001_0-positions-array" stride="3">
              <param name="X" type="float" />
              <param name="Y" type="float" />
              <param name="Z" type="float" />
            </accessor>
          </technique_common>
        </source>
        <source id="Hair__HairMT_HairMT.001_0-normals" name="Hair__HairMT_HairMT.001_0-normals">
          <float_array id="Hair__HairMT_HairMT.001_0-normals-array" count="132"> -0.87586683 -0.160269737 0.45516026 -0.908825278 0.417168021 0.00272826967 -0.987734139 -0.156081498 0.00445827283 -0.498030275 0.861860096 0.0957237482 -0.417854816 0.900349915 -0.121521138 -0.908816457 0.417187423 0.00270725531 0.0159804169 0.998814106 0.0459886193 -0.372283518 0.927321613 0.0384655707 0.362395823 0.894626439 0.261367232 0.313310504 0.892755926 0.323764384 0.0159568843 0.998813987 0.0460001379 0.518347144 0.854544878 0.0327006727 0.399364203 0.900765121 -0.170676425 0.902152419 0.418104559 -0.106346615 0.83457607 -0.386825502 -0.392235637 0.977997422 -0.13953498 -0.155084088 0.297440916 -0.254266709 -0.920259416 -0.875223398 -0.387691349 -0.289273977 -0.405467659 -0.254622161 -0.877931416 -0.989399135 -0.140531197 -0.0366102941 -0.574430823 0.679863214 -0.455867559 -0.0586975738 -0.205152616 -0.976968288 -0.0309306663 -0.857199192 -0.514055252 -0.997853637 -0.0602918565 -0.0255546309 -0.0643379465 -0.99748528 0.0297276415 -0.069661811 -0.257620722 -0.963731706 -0.539842427 -0.354818851 -0.763330698 -0.0114817712 -0.98615092 -0.165452614 -0.00488314638 -0.995977581 -0.0894697681 -0.00744411629 -0.986155093 -0.165658399 0.068446897 -0.997418046 0.0217316169 -0.0462193787 -0.257606268 -0.965143919 0.987637937 -0.0592907481 -0.145106733 0.444697708 -0.354320288 -0.822618425 0.51489383 0.680403531 -0.521474242 0.563104153 -0.666893363 0.48802349 0.138597935 -0.337976515 0.930893362 0.0484356694 -0.820452988 0.569658637 -0.0401343368 -0.120675541 0.991880357 0.0547533594 -0.171326652 0.983691633 -0.025565818 -0.338053226 0.940779686 0.159006342 -0.12210492 0.979697585 0.0554549508 -0.17179434 0.983570755 0.0554190129 -0.171783879 0.983574629 </float_array>
          <technique_common>
            <accessor count="44" offset="0" source="#Hair__HairMT_HairMT.001_0-normals-array" stride="3">
              <param name="X" type="float" />
              <param name="Y" type="float" />
              <param name="Z" type="float" />
            </accessor>
          </technique_common>
        </source>
        <source id="Hair__HairMT_HairMT.001_0-tex0" name="Hair__HairMT_HairMT.001_0-tex0">
          <float_array id="Hair__HairMT_HairMT.001_0-tex0-array" count="88"> 0.267212182 0.267212152 0.267212182 0.267212152 0.267212182 0.267212152 0.267212182 0.267212152 0.267212182 0.267212152 0.267212182 0.267212152 0.267212182 0.267212152 0.267212182 0.267212152 0.267212182 0.267212152 0.267212182 0.267212152 0.267212182 0.267212152 0.267212182 0.267212152 0.267212182 0.267212152 0.267212182 0.267212152 0.267212182 0.267212152 0.267212182 0.267212152 0.267212182 0.267212152 0.267212182 0.267212152 0.267212182 0.267212152 0.267212182 0.267212152 0.267212182 0.267212152 0.267212182 0.267212152 0.267212182 0.267212152 0.267212182 0.267212152 0.267212182 0.267212152 0.267212182 0.267212152 0.267212182 0.267212152 0.267212182 0.267212152 0.267212182 0.267212152 0.267212182 0.267212152 0.267212182 0.267212152 0.267212182 0.267212152 0.267212182 0.267212152 0.267212182 0.267212152 0.267212182 0.267212152 0.255577177 0.253875792 0.255577177 0.253875792 0.255577177 0.253875792 0.255577177 0.253875792 0.255577177 0.253875792 0.255577177 0.253875792 0.255577177 0.253875792 0.255577177 0.253875792 0.255577177 0.253875792 </float_array>
          <technique_common>
            <accessor count="44" offset="0" source="#Hair__HairMT_HairMT.001_0-tex0-array" stride="2">
              <param name="S" type="float" />
              <param name="T" type="float" />
            </accessor>
          </technique_common>
        </source>
        <source id="Hair__HairMT_HairMT.001_0-color0" name="Hair__HairMT_HairMT.001_0-color0">
          <float_array id="Hair__HairMT_HairMT.001_0-color0-array" count="132"> 0.996078432 0.996078432 0.996078432 0.996078432 0.996078432 0.996078432 0.996078432 0.996078432 0.996078432 0.996078432 0.996078432 0.996078432 0.996078432 0.996078432 0.996078432 0.996078432 0.996078432 0.996078432 0.996078432 0.996078432 0.996078432 0.996078432 0.996078432 0.996078432 0.996078432 0.996078432 0.996078432 0.996078432 0.996078432 0.996078432 0.996078432 0.996078432 0.996078432 0.996078432 0.996078432 0.996078432 0.996078432 0.996078432 0.996078432 0.996078432 0.996078432 0.996078432 0.996078432 0.996078432 0.996078432 0.996078432 0.996078432 0.996078432 0.996078432 0.996078432 0.996078432 0.996078432 0.996078432 0.996078432 0.996078432 0.996078432 0.996078432 0.996078432 0.996078432 0.996078432 0.996078432 0.996078432 0.996078432 0.996078432 0.996078432 0.996078432 0.996078432 0.996078432 0.996078432 0.996078432 0.996078432 0.996078432 0.996078432 0.996078432 0.996078432 0.996078432 0.996078432 0.996078432 0.996078432 0.996078432 0.996078432 0.996078432 0.996078432 0.996078432 0.996078432 0.996078432 0.996078432 0.996078432 0.996078432 0.996078432 0.996078432 0.996078432 0.996078432 0.996078432 0.996078432 0.996078432 0.996078432 0.996078432 0.996078432 0.996078432 0.996078432 0.996078432 0.996078432 0.996078432 0.996078432 0.996078432 0.996078432 0.996078432 0.996078432 0.996078432 0.996078432 0.996078432 0.996078432 0.996078432 0.996078432 0.996078432 0.996078432 0.996078432 0.996078432 0.996078432 0.996078432 0.996078432 0.996078432 0.996078432 0.996078432 0.996078432 0.996078432 0.996078432 0.996078432 0.996078432 0.996078432 0.996078432 </float_array>
          <technique_common>
            <accessor count="44" offset="0" source="#Hair__HairMT_HairMT.001_0-color0-array" stride="3">
              <param name="R" type="float" />
              <param name="G" type="float" />
              <param name="B" type="float" />
            </accessor>
          </technique_common>
        </source>
        <vertices id="Hair__HairMT_HairMT.001_0-vertices">
          <input semantic="POSITION" source="#Hair__HairMT_HairMT.001_0-positions" />
        </vertices>
        <polylist count="45" material="defaultMaterial">
          <input offset="0" semantic="VERTEX" source="#Hair__HairMT_HairMT.001_0-vertices" />
          <input offset="0" semantic="NORMAL" source="#Hair__HairMT_HairMT.001_0-normals" />
          <input offset="0" semantic="TEXCOORD" source="#Hair__HairMT_HairMT.001_0-tex0" set="0" />
          <input offset="0" semantic="COLOR" source="#Hair__HairMT_HairMT.001_0-color0" set="0" />
          <vcount>3 3 3 3 3 3 3 3 3 3 3 3 3 3 3 3 3 3 3 3 3 3 3 3 3 3 3 3 3 3 3 3 3 3 3 3 3 3 3 3 3 3 3 3 3 </vcount>
          <p>0 1 2 3 4 5 6 4 3 6 3 7 8 9 10 11 10 9 11 12 10 11 13 12 14 15 16 17 18 19 18 20 19 21 16 22 18 21 22 19 20 23 19 23 24 18 25 20 18 22 25 20 26 23 20 25 26 23 27 24 23 26 27 25 27 26 22 27 25 24 27 28 22 28 27 22 29 28 28 29 30 22 31 29 22 16 31 29 32 30 15 30 32 29 31 33 29 33 32 31 16 34 31 34 33 15 34 16 32 33 34 15 32 34 35 36 37 36 38 37 38 39 37 40 37 41 39 42 37 41 37 43 43 37 42 </p>
        </polylist>
      </mesh>
    </geometry>
    <geometry id="Cap__CapMT_CapMT_0" name="Cap__CapMT_CapMT_0" >
      <mesh>
        <source id="Cap__CapMT_CapMT_0-positions" name="Cap__CapMT_CapMT_0-positions">
          <float_array id="Cap__CapMT_CapMT_0-positions-array" count="165"> 0.644518733 3.07228065 0.294930816 0.498041749 3.73084998 0.527219176 0.241815791 3.35752511 0.737834036 0.0368106104 3.85213637 0.710742891 -0.162962794 3.35732007 0.762209296 -0.442987889 3.73037362 0.583886802 -0.615616858 3.0716424 0.370814562 0.644518733 3.07228065 0.294930816 0.479185462 3.19948769 0.974192262 0.309737027 3.20845032 0.700913429 0.0633208826 3.24778938 1.14589429 -0.193999544 3.20550752 0.792032182 -0.370094001 3.19905758 1.02533472 -0.615616858 3.0716424 0.370814562 0.644518733 3.07228065 0.294930816 0.241815791 3.35752511 0.737834036 0.479185462 3.19948769 0.974192262 0.0633208826 3.24778938 1.14589429 -0.162962794 3.35732007 0.762209296 -0.370094001 3.19905758 1.02533472 -0.615616858 3.0716424 0.370814562 0.883933842 3.30917573 0.0372688212 0.644518733 3.07228065 0.294930816 0.745789111 2.8689425 -0.00480566313 0.498041749 3.73084998 0.527219176 0.793378294 2.95420074 -0.298041373 0.563909233 2.68974471 -0.280156076 0.291250944 3.87230039 0.138244301 0.31548351 2.52340007 -0.606043041 0.0368106104 3.85213637 0.710742891 0.439782917 3.17849445 -0.498787284 -0.284512252 3.8720088 0.172916025 -0.442987889 3.73037362 0.583886802 0.279734403 2.90818214 -0.820241451 -0.884460866 3.30828023 0.143759295 -0.615616858 3.0716424 0.370814562 -0.75191927 2.86818409 0.0853844211 -0.507715762 3.17801452 -0.441730112 -0.834439516 2.95337629 -0.200016275 -0.604215622 2.68915319 -0.209813103 -0.396524608 2.52303958 -0.563166797 -0.387126267 2.90784454 -0.780083954 -0.390508533 2.60989356 -0.77638942 0.283836097 2.61023498 -0.816997588 -0.396524608 2.52303958 -0.563166797 0.000174613422 3.25428534 0.0827610344 -0.604215622 2.68915319 -0.209813103 -0.75191927 2.86818409 0.0853844211 0.31548351 2.52340007 -0.606043041 -0.615616858 3.0716424 0.370814562 0.563909233 2.68974471 -0.280156076 -0.193999544 3.20550752 0.792032182 0.745789111 2.8689425 -0.00480566313 0.309737027 3.20845032 0.700913429 0.644518733 3.07228065 0.294930816 </float_array>
          <technique_common>
            <accessor count="55" offset="0" source="#Cap__CapMT_CapMT_0-positions-array" stride="3">
              <param name="X" type="float" />
              <param name="Y" type="float" />
              <param name="Z" type="float" />
            </accessor>
          </technique_common>
        </source>
        <source id="Cap__CapMT_CapMT_0-normals" name="Cap__CapMT_CapMT_0-normals">
          <float_array id="Cap__CapMT_CapMT_0-normals-array" count="165"> 0.805496454 0.00824544113 0.592543244 0.713355124 0.525352359 0.463820398 0.519002676 0.524912357 0.674613416 0.0384403318 0.762943685 0.645321071 -0.434826702 0.524429202 0.73205173 -0.65307045 0.524660408 0.546104789 -0.728577077 0.00746872788 0.684923112 -0.245079651 -0.961948335 0.120794676 -0.160301968 -0.984801114 0.0668582469 -0.136920422 -0.985989273 0.0952784419 0.00891263131 -0.99718827 0.0744053051 0.11605335 -0.988646269 0.0954471156 0.150699839 -0.984928787 0.0848814845 0.191808507 -0.974285305 0.118227281 0.805500984 0.00825773086 0.592536926 0.519003749 0.524895251 0.674625874 0.456069052 0.880419075 0.129858688 0.019701248 0.941982508 0.335083246 -0.434825927 0.524412155 0.732064426 -0.438078314 0.879966199 0.183703125 -0.728582561 0.00748080807 0.684917152 0.852111638 0.480953872 -0.206371337 0.805509925 0.00823853537 0.592525005 0.896161497 -0.402695984 0.186361283 0.713375807 0.525336683 0.463806331 0.86361146 0.0284913853 -0.503352225 0.735868216 -0.650745928 -0.187156737 0.12635766 0.793530703 -0.595266998 0.323974252 -0.86034143 -0.393514067 0.0385050103 0.762930393 0.645332932 0.136961877 0.686273694 -0.714331746 -0.197689742 0.793337584 -0.575790107 -0.653092563 0.524644732 0.546093464 0.116881065 0.50588423 -0.854646087 -0.871195734 0.480101049 -0.102571979 -0.728592396 0.00746184913 0.6849069 -0.866914928 -0.403588742 0.292531461 -0.22239913 0.686077714 -0.692701995 -0.917799652 0.0275849849 -0.396084458 -0.752352595 -0.651499748 -0.0975379348 -0.367998421 -0.860687912 -0.351842999 -0.219130754 0.505694747 -0.834418714 -0.303873509 -0.478611022 -0.823767185 0.203957677 -0.476793915 -0.855025649 0.152059555 -0.699151099 0.698616922 0.0335390531 -0.907344878 0.419047087 0.384481579 -0.713708341 0.585486352 0.387365431 -0.752290905 0.532922506 -0.0664208606 -0.699262381 0.71177274 0.363022238 -0.910209775 0.199331522 -0.311157793 -0.713175356 0.628141522 0.151875645 -0.988056421 -0.0260441862 -0.321651369 -0.752030253 0.575318098 -0.148390785 -0.988926828 0.00198917976 -0.342233598 -0.900189102 0.269324601 </float_array>
          <technique_common>
            <accessor count="55" offset="0" source="#Cap__CapMT_CapMT_0-normals-array" stride="3">
              <param name="X" type="float" />
              <param name="Y" type="float" />
              <param name="Z" type="float" />
            </accessor>
          </technique_common>
        </source>
        <source id="Cap__CapMT_CapMT_0-tex0" name="Cap__CapMT_CapMT_0-tex0">
          <float_array id="Cap__CapMT_CapMT_0-tex0-array" count="110"> 1.00488281 0.787109375 0.808105469 0.33026123 0.624511719 0.616699219 0.49987793 0.261260986 0.375244141 0.616699219 0.191436768 0.33026123 -0.00512695312 0.787109375 0.713867188 0.298461914 0.706054688 0.293914795 0.700195312 0.293457031 0.689941406 0.292144775 0.680908203 0.293579102 0.673828125 0.293914795 0.666015625 0.298461914 0.713867188 0.298461914 0.697509766 0.287811279 0.706054688 0.293914795 0.689941406 0.292144775 0.682128906 0.287811279 0.673828125 0.293914795 0.666015625 0.298461914 0.723388672 0.289337158 0.713867188 0.298461914 0.718261719 0.306030273 0.707763672 0.27355957 0.720947266 0.30267334 0.712158203 0.312683105 0.700927734 0.268005371 0.703369141 0.318847656 0.689941406 0.26902771 0.708007812 0.294036865 0.678955078 0.268005371 0.672119141 0.27355957 0.702636719 0.304138184 0.65625 0.289337158 0.666015625 0.298461914 0.661376953 0.306030273 0.671875 0.294036865 0.658935547 0.30267334 0.667724609 0.312683105 0.676269531 0.318847656 0.677246094 0.304138184 0.677001953 0.315429688 0.702636719 0.315429688 0.697998047 0.695068359 0.704833984 0.708007812 0.693603516 0.701660156 0.690429688 0.70703125 0.711669922 0.695068359 0.692871094 0.712646484 0.715820312 0.701660156 0.700195312 0.721191406 0.718994141 0.70703125 0.709960938 0.720214844 0.716796875 0.712646484 </float_array>
          <technique_common>
            <accessor count="55" offset="0" source="#Cap__CapMT_CapMT_0-tex0-array" stride="2">
              <param name="S" type="float" />
              <param name="T" type="float" />
            </accessor>
          </technique_common>
        </source>
        <source id="Cap__CapMT_CapMT_0-color0" name="Cap__CapMT_CapMT_0-color0">
          <float_array id="Cap__CapMT_CapMT_0-color0-array" count="165"> 0.996078432 0.996078432 0.996078432 0.996078432 0.996078432 0.996078432 0.996078432 0.996078432 0.996078432 0.996078432 0.996078432 0.996078432 0.996078432 0.996078432 0.996078432 0.996078432 0.996078432 0.996078432 0.996078432 0.996078432 0.996078432 0.996078432 0.996078432 0.996078432 0.996078432 0.996078432 0.996078432 0.996078432 0.996078432 0.996078432 0.996078432 0.996078432 0.996078432 0.996078432 0.996078432 0.996078432 0.996078432 0.996078432 0.996078432 0.996078432 0.996078432 0.996078432 0.996078432 0.996078432 0.996078432 0.996078432 0.996078432 0.996078432 0.996078432 0.996078432 0.996078432 0.996078432 0.996078432 0.996078432 0.996078432 0.996078432 0.996078432 0.996078432 0.996078432 0.996078432 0.996078432 0.996078432 0.996078432 0.996078432 0.996078432 0.996078432 0.996078432 0.996078432 0.996078432 0.996078432 0.996078432 0.996078432 0.996078432 0.996078432 0.996078432 0.996078432 0.996078432 0.996078432 0.996078432 0.996078432 0.996078432 0.996078432 0.996078432 0.996078432 0.996078432 0.996078432 0.996078432 0.996078432 0.996078432 0.996078432 0.996078432 0.996078432 0.996078432 0.996078432 0.996078432 0.996078432 0.996078432 0.996078432 0.996078432 0.996078432 0.996078432 0.996078432 0.996078432 0.996078432 0.996078432 0.996078432 0.996078432 0.996078432 0.996078432 0.996078432 0.996078432 0.996078432 0.996078432 0.996078432 0.996078432 0.996078432 0.996078432 0.996078432 0.996078432 0.996078432 0.996078432 0.996078432 0.996078432 0.996078432 0.996078432 0.996078432 0.996078432 0.996078432 0.996078432 0.996078432 0.996078432 0.996078432 0.996078432 0.996078432 0.996078432 0.996078432 0.996078432 0.996078432 0.996078432 0.996078432 0.996078432 0.996078432 0.996078432 0.996078432 0.996078432 0.996078432 0.996078432 0.996078432 0.996078432 0.996078432 0.996078432 0.996078432 0.996078432 0.996078432 0.996078432 0.996078432 0.996078432 0.996078432 0.996078432 0.996078432 0.996078432 0.996078432 0.996078432 0.996078432 0.996078432 </float_array>
          <technique_common>
            <accessor count="55" offset="0" source="#Cap__CapMT_CapMT_0-color0-array" stride="3">
              <param name="R" type="float" />
              <param name="G" type="float" />
              <param name="B" type="float" />
            </accessor>
          </technique_common>
        </source>
        <vertices id="Cap__CapMT_CapMT_0-vertices">
          <input semantic="POSITION" source="#Cap__CapMT_CapMT_0-positions" />
        </vertices>
        <polylist count="58" material="defaultMaterial">
          <input offset="0" semantic="VERTEX" source="#Cap__CapMT_CapMT_0-vertices" />
          <input offset="0" semantic="NORMAL" source="#Cap__CapMT_CapMT_0-normals" />
          <input offset="0" semantic="TEXCOORD" source="#Cap__CapMT_CapMT_0-tex0" set="0" />
          <input offset="0" semantic="COLOR" source="#Cap__CapMT_CapMT_0-color0" set="0" />
          <vcount>3 3 3 3 3 3 3 3 3 3 3 3 3 3 3 3 3 3 3 3 3 3 3 3 3 3 3 3 3 3 3 3 3 3 3 3 3 3 3 3 3 3 3 3 3 3 3 3 3 3 3 3 3 3 3 3 3 3 </vcount>
          <p>0 1 2 1 3 2 2 3 4 3 5 4 4 5 6 7 8 9 8 10 9 9 10 11 10 12 11 11 12 13 14 15 16 15 17 16 18 17 15 19 17 18 20 19 18 21 22 23 21 24 22 25 21 23 25 23 26 21 27 24 28 25 26 27 29 24 25 30 21 21 30 27 31 29 27 30 31 27 31 32 29 25 33 30 34 32 31 34 35 32 36 35 34 37 31 30 37 34 31 33 37 30 38 36 34 38 34 37 38 39 36 38 40 39 41 37 33 41 38 37 42 40 38 42 38 41 42 28 40 43 41 33 42 41 43 42 43 28 43 33 25 43 25 28 44 45 46 46 45 47 44 48 45 47 45 49 48 50 45 49 45 51 50 52 45 51 45 53 52 54 45 45 54 53 </p>
        </polylist>
      </mesh>
    </geometry>
    <geometry id="Mario64HandR__BodyMT_HandMT_0" name="Mario64HandR__BodyMT_HandMT_0" >
      <mesh>
        <source id="Mario64HandR__BodyMT_HandMT_0-positions" name="Mario64HandR__BodyMT_HandMT_0-positions">
          <float_array id="Mario64HandR__BodyMT_HandMT_0-positions-array" count="81"> -1.03359234 0.921602666 0.729430914 -0.778678775 0.952090085 1.04830992 -1.06075144 1.22934914 1.04135823 -0.664424181 1.34680796 1.23767424 -0.981922507 1.45658362 0.769248664 -0.68495357 0.897856593 0.735126674 -0.90532285 1.11814952 0.449968487 -0.522097647 1.0069629 0.99564904 -0.445795864 1.09629989 1.11209774 -0.534851015 1.19528759 0.71040076 -0.295035094 1.21587992 1.00485265 -0.616326571 1.5556376 0.963262916 -0.52702862 1.22877634 0.631410301 -0.443333685 1.38960922 0.71426326 -0.450441629 1.3974762 0.701116741 -0.453242749 1.3913064 0.69856739 -0.456923991 1.38999093 0.691562772 -0.613723636 1.20893073 0.460464627 -0.879541039 1.21946073 0.43938911 -0.593600094 1.21226394 0.353797525 -0.37693873 1.46520019 0.662449539 -0.589189589 1.58870149 0.822482824 -0.649101496 1.52167714 0.451820999 -0.870819688 1.48614323 0.65381074 -0.56180793 1.68729341 0.791299641 -0.901243508 1.55644333 0.586494625 -0.886032343 1.25006676 0.315077931 </float_array>
          <technique_common>
            <accessor count="27" offset="0" source="#Mario64HandR__BodyMT_HandMT_0-positions-array" stride="3">
              <param name="X" type="float" />
              <param name="Y" type="float" />
              <param name="Z" type="float" />
            </accessor>
          </technique_common>
        </source>
        <source id="Mario64HandR__BodyMT_HandMT_0-normals" name="Mario64HandR__BodyMT_HandMT_0-normals">
          <float_array id="Mario64HandR__BodyMT_HandMT_0-normals-array" count="81"> -0.796203136 -0.580054343 -0.172039181 -0.241644591 -0.698910534 0.673150778 -0.834941626 0.112859458 0.538641989 -0.0623810068 0.363611072 0.92945987 -0.819514036 0.571824551 0.0375957564 0.389550626 -0.832229853 -0.394517183 -0.530881226 -0.34935075 -0.772087514 0.673688829 -0.738963604 -0.00872940663 0.484404594 -0.537564695 0.690200269 0.64341718 -0.585575342 -0.493067741 0.962924421 0.123964131 0.239602625 0.134861559 0.878293991 0.458706915 0.722536087 -0.552734792 -0.415241867 0.870585918 0.461674213 -0.170109004 0.938172519 0.255974293 0.233044013 0.843022168 -0.173775986 -0.509033918 0.819786251 -0.561742365 -0.111337379 0.399885595 -0.914041281 -0.067970641 -0.848701537 -0.234539986 -0.474021882 0.473816395 0.0167175848 -0.880464971 0.834474683 0.379998475 -0.399065375 0.076974988 0.773790538 0.628747165 0.201966718 0.660507381 -0.723145485 -0.774163246 0.632966101 -0.0050221337 0.237119794 0.965607166 -0.106662787 -0.504302382 0.77326715 -0.384365737 -0.379052281 0.154542655 -0.912379265 </float_array>
          <technique_common>
            <accessor count="27" offset="0" source="#Mario64HandR__BodyMT_HandMT_0-normals-array" stride="3">
              <param name="X" type="float" />
              <param name="Y" type="float" />
              <param name="Z" type="float" />
            </accessor>
          </technique_common>
        </source>
        <source id="Mario64HandR__BodyMT_HandMT_0-tex0" name="Mario64HandR__BodyMT_HandMT_0-tex0">
          <float_array id="Mario64HandR__BodyMT_HandMT_0-tex0-array" count="54"> 0.152954102 -1.0234375 0.158325195 -1.01953125 0.153930664 -1.03125 0.153808594 -1.02441406 0.142333984 -1.03125 0.151489258 -1.01367188 0.141479492 -1.02148438 0.154418945 -1.01269531 0.154907227 -1.01367188 0.143798828 -1.01464844 0.148925781 -1.01074219 0.142700195 -1.02441406 0.141235352 -1.01367188 0.139282227 -1.01464844 0.138916016 -1.015625 0.139038086 -1.015625 0.138916016 -1.015625 0.138183594 -1.01464844 0.138916016 -1.02148438 0.135498047 -1.01367188 0.136108398 -1.01367188 0.138549805 -1.02246094 0.131591797 -1.02050781 0.138427734 -1.02734375 0.135620117 -1.0234375 0.135498047 -1.02929688 0.135375977 -1.02148438 </float_array>
          <technique_common>
            <accessor count="27" offset="0" source="#Mario64HandR__BodyMT_HandMT_0-tex0-array" stride="2">
              <param name="S" type="float" />
              <param name="T" type="float" />
            </accessor>
          </technique_common>
        </source>
        <source id="Mario64HandR__BodyMT_HandMT_0-color0" name="Mario64HandR__BodyMT_HandMT_0-color0">
          <float_array id="Mario64HandR__BodyMT_HandMT_0-color0-array" count="81"> 1 1 1 1 1 1 1 1 1 1 1 1 1 1 1 1 1 1 1 1 1 1 1 1 1 1 1 1 1 1 1 1 1 1 1 1 1 1 1 1 1 1 1 1 1 1 1 1 1 1 1 1 1 1 1 1 1 1 1 1 1 1 1 1 1 1 1 1 1 1 1 1 1 1 1 1 1 1 1 1 1 </float_array>
          <technique_common>
            <accessor count="27" offset="0" source="#Mario64HandR__BodyMT_HandMT_0-color0-array" stride="3">
              <param name="R" type="float" />
              <param name="G" type="float" />
              <param name="B" type="float" />
            </accessor>
          </technique_common>
        </source>
        <vertices id="Mario64HandR__BodyMT_HandMT_0-vertices">
          <input semantic="POSITION" source="#Mario64HandR__BodyMT_HandMT_0-positions" />
        </vertices>
        <polylist count="50" material="defaultMaterial">
          <input offset="0" semantic="VERTEX" source="#Mario64HandR__BodyMT_HandMT_0-vertices" />
          <input offset="0" semantic="NORMAL" source="#Mario64HandR__BodyMT_HandMT_0-normals" />
          <input offset="0" semantic="TEXCOORD" source="#Mario64HandR__BodyMT_HandMT_0-tex0" set="0" />
          <input offset="0" semantic="COLOR" source="#Mario64HandR__BodyMT_HandMT_0-color0" set="0" />
          <vcount>3 3 3 3 3 3 3 3 3 3 3 3 3 3 3 3 3 3 3 3 3 3 3 3 3 3 3 3 3 3 3 3 3 3 3 3 3 3 3 3 3 3 3 3 3 3 3 3 3 3 </vcount>
          <p>0 1 2 2 1 3 4 0 2 4 2 3 0 5 1 4 6 0 0 6 5 1 5 7 1 7 8 3 1 8 5 9 7 8 7 9 6 9 5 3 8 10 8 9 10 3 10 11 4 3 11 10 9 12 6 12 9 11 10 13 10 12 13 11 13 14 13 12 15 14 13 15 12 16 15 14 15 16 6 17 12 17 16 12 6 18 17 4 18 6 17 19 16 17 18 19 14 16 20 20 16 19 11 14 21 14 20 21 4 11 21 20 19 22 4 21 23 4 23 18 20 24 21 20 22 24 23 21 25 21 24 25 23 25 18 22 25 24 18 26 19 19 26 22 18 25 26 22 26 25 </p>
        </polylist>
      </mesh>
    </geometry>
  </library_geometries>
  <library_controllers>
  </library_controllers>
  <library_visual_scenes>
    <visual_scene id="ROOT" name="ROOT">
      <node id="Object_46" name="Object_46" type="NODE">
        <matrix sid="matrix">1 0 0 0 0 1 0 0 0 0 1 0 0 0 0 1</matrix>
        <instance_geometry url="#Mario__BodyMT_BodyMT_0">
          <bind_material>
            <technique_common>
              <instance_material symbol="defaultMaterial" target="#BodyMT">
                <bind_vertex_input semantic="CHANNEL0" input_semantic="TEXCOORD" input_set="0"/>
              </instance_material>
            </technique_common>
          </bind_material>
        </instance_geometry>
      </node>
      <node id="Object_48" name="Object_48" type="NODE">
        <matrix sid="matrix">1 0 0 0 0 1 0 0 0 0 1 0 0 0 0 1</matrix>
        <instance_geometry url="#CapHair__HairMT_HairMT_0">
          <bind_material>
            <technique_common>
              <instance_material symbol="defaultMaterial" target="#HairMT">
                <bind_vertex_input semantic="CHANNEL0" input_semantic="TEXCOORD" input_set="0"/>
              </instance_material>
            </technique_common>
          </bind_material>
        </instance_geometry>
      </node>
      <node id="Object_50" name="Object_50" type="NODE">
        <matrix sid="matrix">1 0 0 0 0 1 0 0 0 0 1 0 0 0 0 1</matrix>
        <instance_geometry url="#MarioEye__EyeMT_EyeMT_0">
          <bind_material>
            <technique_common>
              <instance_material symbol="defaultMaterial" target="#EyeMT">
                <bind_vertex_input semantic="CHANNEL0" input_semantic="TEXCOORD" input_set="0"/>
              </instance_material>
            </technique_common>
          </bind_material>
        </instance_geometry>
      </node>
      <node id="Object_52" name="Object_52" type="NODE">
        <matrix sid="matrix">1 0 0 0 0 1 0 0 0 0 1 0 0 0 0 1</matrix>
        <instance_geometry url="#Mario64HandL__BodyMT_HandMT_0">
          <bind_material>
            <technique_common>
              <instance_material symbol="defaultMaterial" target="#HandMT">
                <bind_vertex_input semantic="CHANNEL0" input_semantic="TEXCOORD" input_set="0"/>
              </instance_material>
            </technique_common>
          </bind_material>
        </instance_geometry>
      </node>
      <node id="Object_54" name="Object_54" type="NODE">
        <matrix sid="matrix">1 0 0 0 0 1 0 0 0 0 1 0 0 0 0 1</matrix>
        <instance_geometry url="#Face__FaceMT_FaceMT_0">
          <bind_material>
            <technique_common>
              <instance_material symbol="defaultMaterial" target="#FaceMT">
                <bind_vertex_input semantic="CHANNEL0" input_semantic="TEXCOORD" input_set="0"/>
              </instance_material>
            </technique_common>
          </bind_material>
        </instance_geometry>
      </node>
      <node id="Object_56" name="Object_56" type="NODE">
        <matrix sid="matrix">1 0 0 0 0 1 0 0 0 0 1 0 0 0 0 1</matrix>
        <instance_geometry url="#Hair__HairMT_HairMT.001_0">
          <bind_material>
            <technique_common>
              <instance_material symbol="defaultMaterial" target="#HairMT.001">
                <bind_vertex_input semantic="CHANNEL0" input_semantic="TEXCOORD" input_set="0"/>
              </instance_material>
            </technique_common>
          </bind_material>
        </instance_geometry>
      </node>
      <node id="Object_58" name="Object_58" type="NODE">
        <matrix sid="matrix">1 0 0 0 0 1 0 0 0 0 1 0 0 0 0 1</matrix>
        <instance_geometry url="#Cap__CapMT_CapMT_0">
          <bind_material>
            <technique_common>
              <instance_material symbol="defaultMaterial" target="#CapMT">
                <bind_vertex_input semantic="CHANNEL0" input_semantic="TEXCOORD" input_set="0"/>
              </instance_material>
            </technique_common>
          </bind_material>
        </instance_geometry>
      </node>
      <node id="Object_60" name="Object_60" type="NODE">
        <matrix sid="matrix">1 0 0 0 0 1 0 0 0 0 1 0 0 0 0 1</matrix>
        <instance_geometry url="#Mario64HandR__BodyMT_HandMT_0">
          <bind_material>
            <technique_common>
              <instance_material symbol="defaultMaterial" target="#HandMT">
                <bind_vertex_input semantic="CHANNEL0" input_semantic="TEXCOORD" input_set="0"/>
              </instance_material>
            </technique_common>
          </bind_material>
        </instance_geometry>
      </node>
    </visual_scene>
  </library_visual_scenes>
  <scene>
    <instance_visual_scene url="#ROOT" />
  </scene>
</COLLADA>
