<?xml version="1.0" encoding="UTF-8" standalone="no" ?>
<COLLADA xmlns="http://www.collada.org/2005/11/COLLADASchema" version="1.4.1">
  <asset>
    <contributor>
      <author>Assimp</author>
      <authoring_tool>Sketchfab-16.60.0</authoring_tool>
    </contributor>
    <created>2026-09-14T16:26:09</created>
    <modified>2026-09-14T16:26:09</modified>
    <unit name="meter" meter="1" />
    <up_axis>Y_UP</up_axis>
  </asset>
  <library_images>
    <image id="BodyMT-diffuse-image">
      <init_from>mario-idle_texture_0001.png</init_from>
    </image>
    <image id="HairMT-diffuse-image">
      <init_from>mario-idle_texture_0002.png</init_from>
    </image>
    <image id="EyeMT-diffuse-image">
      <init_from>mario-idle_texture_0003.png</init_from>
    </image>
    <image id="HandMT-diffuse-image">
      <init_from>mario-idle_texture_0004.png</init_from>
    </image>
    <image id="FaceMT-diffuse-image">
      <init_from>mario-idle_texture_0005.png</init_from>
    </image>
    <image id="HairMT.001-diffuse-image">
      <init_from>mario-idle_texture_0002.png</init_from>
    </image>
    <image id="CapMT-diffuse-image">
      <init_from>mario-idle_texture_0002.png</init_from>
    </image>
  </library_images>
  <library_effects>
    <effect id="BodyMT-fx" name="BodyMT">
      <profile_COMMON>
        <newparam sid="BodyMT-diffuse-surface">
          <surface type="2D">
            <init_from>BodyMT-diffuse-image</init_from>
          </surface>
        </newparam>
        <newparam sid="BodyMT-diffuse-sampler">
          <sampler2D>
            <source>BodyMT-diffuse-surface</source>
          </sampler2D>
        </newparam>
        <technique sid="standard">
          <phong>
            <emission>
              <color sid="emission">0   0   0   1</color>
            </emission>
            <diffuse>
              <texture texture="BodyMT-diffuse-sampler" texcoord="CHANNEL0" />
            </diffuse>
            <shininess>
              <float sid="shininess">4.88955736</float>
            </shininess>
            <transparency>
              <float sid="transparency">1</float>
            </transparency>
          </phong>
        </technique>
      </profile_COMMON>
    </effect>
    <effect id="HairMT-fx" name="HairMT">
      <profile_COMMON>
        <newparam sid="HairMT-diffuse-surface">
          <surface type="2D">
            <init_from>HairMT-diffuse-image</init_from>
          </surface>
        </newparam>
        <newparam sid="HairMT-diffuse-sampler">
          <sampler2D>
            <source>HairMT-diffuse-surface</source>
          </sampler2D>
        </newparam>
        <technique sid="standard">
          <phong>
            <emission>
              <color sid="emission">0   0   0   1</color>
            </emission>
            <diffuse>
              <texture texture="HairMT-diffuse-sampler" texcoord="CHANNEL0" />
            </diffuse>
            <shininess>
              <float sid="shininess">4.88955736</float>
            </shininess>
            <transparency>
              <float sid="transparency">1</float>
            </transparency>
          </phong>
        </technique>
      </profile_COMMON>
    </effect>
    <effect id="EyeMT-fx" name="EyeMT">
      <profile_COMMON>
        <newparam sid="EyeMT-diffuse-surface">
          <surface type="2D">
            <init_from>EyeMT-diffuse-image</init_from>
          </surface>
        </newparam>
        <newparam sid="EyeMT-diffuse-sampler">
          <sampler2D>
            <source>EyeMT-diffuse-surface</source>
          </sampler2D>
        </newparam>
        <technique sid="standard">
          <phong>
            <emission>
              <color sid="emission">0   0   0   1</color>
            </emission>
            <diffuse>
              <texture texture="EyeMT-diffuse-sampler" texcoord="CHANNEL0" />
            </diffuse>
            <shininess>
              <float sid="shininess">4.88955736</float>
            </shininess>
            <transparency>
              <float sid="transparency">1</float>
            </transparency>
          </phong>
        </technique>
      </profile_COMMON>
    </effect>
    <effect id="HandMT-fx" name="HandMT">
      <profile_COMMON>
        <newparam sid="HandMT-diffuse-surface">
          <surface type="2D">
            <init_from>HandMT-diffuse-image</init_from>
          </surface>
        </newparam>
        <newparam sid="HandMT-diffuse-sampler">
          <sampler2D>
            <source>HandMT-diffuse-surface</source>
          </sampler2D>
        </newparam>
        <technique sid="standard">
          <phong>
            <emission>
              <color sid="emission">0   0   0   1</color>
            </emission>
            <diffuse>
              <texture texture="HandMT-diffuse-sampler" texcoord="CHANNEL0" />
            </diffuse>
            <shininess>
              <float sid="shininess">4.88955736</float>
            </shininess>
            <transparency>
              <float sid="transparency">1</float>
            </transparency>
          </phong>
        </technique>
      </profile_COMMON>
    </effect>
    <effect id="FaceMT-fx" name="FaceMT">
      <profile_COMMON>
        <newparam sid="FaceMT-diffuse-surface">
          <surface type="2D">
            <init_from>FaceMT-diffuse-image</init_from>
          </surface>
        </newparam>
        <newparam sid="FaceMT-diffuse-sampler">
          <sampler2D>
            <source>FaceMT-diffuse-surface</source>
          </sampler2D>
        </newparam>
        <technique sid="standard">
          <phong>
            <emission>
              <color sid="emission">0   0   0   1</color>
            </emission>
            <diffuse>
              <texture texture="FaceMT-diffuse-sampler" texcoord="CHANNEL0" />
            </diffuse>
            <shininess>
              <float sid="shininess">4.88955736</float>
            </shininess>
            <transparency>
              <float sid="transparency">1</float>
            </transparency>
          </phong>
        </technique>
      </profile_COMMON>
    </effect>
    <effect id="HairMT.001-fx" name="HairMT.001">
      <profile_COMMON>
        <newparam sid="HairMT.001-diffuse-surface">
          <surface type="2D">
            <init_from>HairMT.001-diffuse-image</init_from>
          </surface>
        </newparam>
        <newparam sid="HairMT.001-diffuse-sampler">
          <sampler2D>
            <source>HairMT.001-diffuse-surface</source>
          </sampler2D>
        </newparam>
        <technique sid="standard">
          <phong>
            <emission>
              <color sid="emission">0   0   0   1</color>
            </emission>
            <diffuse>
              <texture texture="HairMT.001-diffuse-sampler" texcoord="CHANNEL0" />
            </diffuse>
            <shininess>
              <float sid="shininess">4.88955736</float>
            </shininess>
            <transparency>
              <float sid="transparency">1</float>
            </transparency>
          </phong>
        </technique>
      </profile_COMMON>
    </effect>
    <effect id="CapMT-fx" name="CapMT">
      <profile_COMMON>
        <newparam sid="CapMT-diffuse-surface">
          <surface type="2D">
            <init_from>CapMT-diffuse-image</init_from>
          </surface>
        </newparam>
        <newparam sid="CapMT-diffuse-sampler">
          <sampler2D>
            <source>CapMT-diffuse-surface</source>
          </sampler2D>
        </newparam>
        <technique sid="standard">
          <phong>
            <emission>
              <color sid="emission">0   0   0   1</color>
            </emission>
            <diffuse>
              <texture texture="CapMT-diffuse-sampler" texcoord="CHANNEL0" />
            </diffuse>
            <shininess>
              <float sid="shininess">4.88955736</float>
            </shininess>
            <transparency>
              <float sid="transparency">1</float>
            </transparency>
          </phong>
        </technique>
      </profile_COMMON>
    </effect>
    <effect id="material_7-fx" name="">
      <profile_COMMON>
        <technique sid="standard">
          <phong>
            <emission>
              <color sid="emission">0   0   0   1</color>
            </emission>
            <diffuse>
              <color sid="diffuse">1   1   1   1</color>
            </diffuse>
            <shininess>
              <float sid="shininess">0</float>
            </shininess>
            <transparency>
              <float sid="transparency">1</float>
            </transparency>
          </phong>
        </technique>
      </profile_COMMON>
    </effect>
  </library_effects>
  <library_materials>
    <material id="BodyMT" name="BodyMT">
      <instance_effect url="#BodyMT-fx"/>
    </material>
    <material id="HairMT" name="HairMT">
      <instance_effect url="#HairMT-fx"/>
    </material>
    <material id="EyeMT" name="EyeMT">
      <instance_effect url="#EyeMT-fx"/>
    </material>
    <material id="HandMT" name="HandMT">
      <instance_effect url="#HandMT-fx"/>
    </material>
    <material id="FaceMT" name="FaceMT">
      <instance_effect url="#FaceMT-fx"/>
    </material>
    <material id="HairMT.001" name="HairMT.001">
      <instance_effect url="#HairMT.001-fx"/>
    </material>
    <material id="CapMT" name="CapMT">
      <instance_effect url="#CapMT-fx"/>
    </material>
    <material id="material_7" name="">
      <instance_effect url="#material_7-fx"/>
    </material>
  </library_materials>
  <library_geometries>
    <geometry id="Mario__BodyMT_BodyMT_0" name="Mario__BodyMT_BodyMT_0" >
      <mesh>
        <source id="Mario__BodyMT_BodyMT_0-positions" name="Mario__BodyMT_BodyMT_0-positions">
          <float_array id="Mario__BodyMT_BodyMT_0-positions-array" count="1023"> -0.279512554 2.10767198 0.512253761 -0.436287165 2.13535976 0.426062167 -0.530834854 2.03684449 0.382326722 -0.545229733 1.93713713 0.376442581 -0.45469597 1.83210063 0.4372769 -0.32326296 1.84924042 0.51832968 -0.250728101 1.97544599 0.544283748 0.46642372 2.02141237 0.444021583 0.370288998 2.12287831 0.475960553 0.203309715 2.10020041 0.542123318 0.478353679 1.92129767 0.43976599 0.377819151 1.81921792 0.488779992 0.237991169 1.84055519 0.553051353 0.166735739 1.96898592 0.570109904 -0.209416658 2.39389682 0.321464717 -0.279512554 2.10767198 0.512253761 -0.0380151793 2.10409737 0.525834918 0.166114613 2.38808584 0.34469685 0.203309715 2.10020041 0.542123318 -0.0216510016 2.39084554 0.333044291 -0.179581806 2.54003882 0.0913156718 0.169386819 2.53463864 0.112904422 -0.00495417649 2.54543734 0.10181959 0.00950089097 2.5764184 -0.124088049 -0.167226821 2.56105304 -0.139548704 0.186228558 2.55558348 -0.117682382 0.0205847304 2.34791803 -0.360407531 -0.381244034 2.49606395 -0.0893255621 -0.335087419 2.42618346 -0.282498479 -0.569559991 2.22556424 0.0253682621 -0.433283865 2.40612364 0.155979529 -0.438597292 2.15573025 -0.402855903 -0.534921229 2.13322067 0.327890843 -0.626725554 1.98845041 -0.0898638666 -0.642276049 1.96033919 0.154468596 0.390320092 2.48412442 -0.0415931679 0.408937693 2.39309049 0.208083093 0.554639399 2.20816779 0.0949162468 0.366187692 2.41533136 -0.239114478 0.480155677 2.11751294 0.390688032 0.475354046 2.14158726 -0.346314758 0.602682412 1.94107389 0.231487229 0.618232906 1.96918511 -0.0128452368 -0.436287165 2.13535976 0.426062167 -0.279512554 2.10767198 0.512253761 -0.209416658 2.39389682 0.321464717 -0.433283865 2.40612364 0.155979529 -0.179581806 2.54003882 0.0913156718 -0.534921229 2.13322067 0.327890843 -0.381244034 2.49606395 -0.0893255621 -0.530834854 2.03684449 0.382326722 -0.167226821 2.56105304 -0.139548704 -0.642276049 1.96033919 0.154468596 -0.335087419 2.42618346 -0.282498479 -0.545229733 1.93713713 0.376442581 0.0205847304 2.34791803 -0.360407531 -0.580679357 1.81352472 0.295897216 -0.438597292 2.15573025 -0.402855903 -0.45469597 1.83210063 0.4372769 -0.614457726 1.7591244 0.0653806478 -0.626725554 1.98845041 -0.0898638666 -0.518978417 1.67405522 0.308035493 -0.384124547 1.61262488 0.401685238 -0.616924345 1.8078599 -0.122770809 -0.293493927 1.73444533 0.478822172 -0.32326296 1.84924042 0.51832968 -0.517247498 1.87820196 -0.459698528 -0.0434329621 1.84159589 0.547748864 -0.250728101 1.97544599 0.544283748 -0.0380151793 2.10409737 0.525834918 -0.279512554 2.10767198 0.512253761 -0.0419961698 1.97233927 0.557227671 0.166735739 1.96898592 0.570109904 0.203309715 2.10020041 0.542123318 0.237991169 1.84055519 0.553051353 0.370288998 2.12287831 0.475960553 0.166114613 2.38808584 0.34469685 0.203309715 2.10020041 0.542123318 0.209793285 1.72665727 0.50995779 0.408937693 2.39309049 0.208083093 0.169386819 2.53463864 0.112904422 0.480155677 2.11751294 0.390688032 0.390320092 2.48412442 -0.0415931679 0.46642372 2.02141237 0.444021583 0.186228558 2.55558348 -0.117682382 0.602682412 1.94107389 0.231487229 0.366187692 2.41533136 -0.239114478 0.478353679 1.92129767 0.43976599 0.475354046 2.14158726 -0.346314758 0.519631386 1.79649782 0.36396727 0.377819151 1.81921792 0.488779992 0.579865336 1.74064279 0.139266789 0.618232906 1.96918511 -0.0128452368 0.452635467 1.65902007 0.368143886 0.305440277 1.6019541 0.444344759 0.136272252 1.56209445 0.449240386 0.310460001 1.45273447 0.278516501 0.43843919 1.51569128 0.220497802 -0.0434329584 1.72673106 0.519017041 0.127075076 1.41651201 0.322424412 -0.218158752 1.56757915 0.427313685 -0.0402085632 1.56302965 0.425949067 -0.373268515 1.46331489 0.23621802 -0.197896242 1.42154086 0.302320242 -0.0347369425 1.41737008 0.301069051 -0.491120964 1.53007591 0.162991092 -0.0124472212 1.45521331 -0.0497643985 -0.563920319 1.58702207 0.0110227689 -0.566182077 1.63170624 -0.161489725 -0.474790603 1.69620132 -0.470412105 -0.37170285 1.87557101 -0.53351748 -0.341342837 1.69378936 -0.538095295 0.0228505749 2.08993101 -0.461565346 0.0223495234 1.85150564 -0.513104975 0.0199556742 1.67172456 -0.519379616 0.416467071 1.86337447 -0.484757781 0.38131392 1.68260658 -0.493388534 0.551817298 1.86165869 -0.393561423 0.505414605 1.68103313 -0.409772217 0.606999636 1.78892028 -0.0470534228 0.556009948 1.61434066 -0.0920659602 0.53113085 1.57007658 0.0787674859 0.357250661 2.45569921 0.0975116566 0.384215504 2.34476256 0.088716425 0.331528544 2.36415958 0.190324008 0.376636624 2.24720454 0.146256477 0.331610531 2.39500833 0.326880306 0.426400721 2.40368652 -0.024486443 0.430237114 2.26646209 0.0262087788 0.428911269 2.14272952 0.231824115 0.544530332 2.18426871 -0.0271250736 0.387094498 2.59246421 0.126679108 0.512470424 2.45656466 -0.0767232403 0.803165138 2.25059271 0.111945234 0.694758415 2.21164465 0.354741067 0.655550182 2.63332462 0.256155014 0.603527367 2.44818616 0.443867624 0.778933108 2.5112052 0.0510156974 0.75638777 2.30536747 0.336015284 0.82012862 2.32826781 0.193256766 0.805880666 2.48150206 0.157431707 0.733334363 2.55330563 0.278048933 0.763695598 2.4225781 0.270634502 0.702746093 2.44444823 0.388419718 1.04530418 2.47840834 0.40773508 0.898765862 2.49844956 0.539609015 0.972348154 2.30766702 0.467723966 0.940724969 2.64777279 0.388209611 0.670947134 2.45450997 0.444774956 1.05978358 2.33908057 0.271897256 1.04513502 2.55373192 0.210636377 0.823183894 2.508219 0.104235671 0.751059115 2.24679756 0.366510808 0.846253514 2.28099871 0.15330635 0.716629624 2.61708426 0.279940248 0.7629897 2.32907867 0.177651361 0.707017541 2.30896926 0.303010821 0.659913599 2.43109918 0.34902823 0.686773896 2.52668905 0.2521092 0.713019073 2.41218615 0.246340632 0.749254048 2.46279907 0.149104685 0.382532448 0.969605863 0.0611748695 0.450346708 0.937514424 -0.222450927 0.666186213 1.03683341 0.0213114526 0.484202445 1.11005127 0.299505949 0.677992463 1.54431653 -0.152592778 0.13496761 0.949349761 -0.0949101672 0.155891597 1.05598342 0.227676943 0.0602670908 1.56749809 0.0972181782 0.457696408 1.63294864 0.18416895 0.406439304 1.43804383 -0.401697874 0.325918078 1.55991364 -0.13491191 0.0744606555 1.45050204 -0.267444193 0.370203793 1.09576523 0.0191781502 0.450346708 0.937514424 -0.222450927 0.13496761 0.949349761 -0.0949101672 0.155891597 1.05598342 0.227676943 0.00282236608 0.878807008 -0.336740494 0.666186213 1.03683341 0.0213114526 0.484202445 1.11005127 0.299505949 0.346279711 0.545128047 0.054581102 -0.00308664236 0.687924266 -0.00567107042 0.35584107 0.853982687 -0.48110044 0.241082713 0.680849969 -0.226007357 0.568109155 0.647757769 -0.239250258 -0.547072887 1.31867969 0.450128168 -0.803607285 1.4019897 0.33258009 -0.637790561 1.11341584 0.261159122 -0.592371643 1.60437059 0.506627917 -0.687292337 1.62296236 -0.142354742 -0.324075103 1.13744807 0.391065955 -0.296004713 1.44087481 0.542774081 -0.47017172 1.31295192 -0.204325989 -0.431585997 1.86794972 0.0683346987 -0.0728256628 1.67003393 0.112090714 -0.343838245 1.56365073 -0.0872761607 -0.139944315 1.33824909 -0.0675815865 -0.501441121 1.383461 0.327372342 -0.324075103 1.13744807 0.391065955 -0.637790561 1.11341584 0.261159122 -0.296004713 1.44087481 0.542774081 -0.16396831 1.00282264 0.103888988 -0.803607285 1.4019897 0.33258009 -0.592371643 1.60437059 0.506627917 -0.51796478 0.961635411 -0.0341996066 -0.54336977 0.894123375 0.579994559 -0.179669693 0.961097896 0.483481854 -0.4237625 0.893550873 0.2735461 -0.752447486 0.894455492 0.260049939 -0.369279087 2.443187 0.0371081233 -0.377339303 2.36005259 0.140447378 -0.414609164 2.33812857 0.0327136777 -0.435331762 2.2480588 0.0986217186 -0.394939601 2.40615273 0.271459967 -0.425097167 2.38974285 -0.0909490958 -0.463112891 2.26197696 -0.0305673238 -0.520032704 2.1645751 0.18123965 -0.5799582 2.19459701 -0.0974278972 -0.377553314 2.58547783 0.0485517085 -0.489568979 2.44993591 -0.162733108 -0.841489911 2.31931853 -0.0157147758 -0.785302639 2.2911694 0.245569333 -0.651711106 2.68581605 0.121158525 -0.668012977 2.51767707 0.330161691 -0.758925915 2.56322336 -0.0926048681 -0.824207842 2.39111829 0.207762107 -0.85724473 2.40766931 0.0541328751 -0.808698952 2.55107999 0.00892337691 -0.745659113 2.62316132 0.134611368 -0.798210979 2.4994657 0.132586062 -0.755244195 2.52429962 0.257500529 -1.08359504 2.61756134 0.208917022 -1.0551703 2.4451201 0.29569152 -0.960570276 2.62780952 0.363919407 -0.947422206 2.76342177 0.195348084 -0.732210279 2.53534293 0.317798406 -1.10048795 2.46782398 0.0849530548 -1.0357331 2.66832042 0.00978313852 -0.811371148 2.57395697 -0.0486305542 -0.835205138 2.33644128 0.243515909 -0.884544432 2.3611598 0.0140764918 -0.79915303 2.39700985 0.0495774411 -0.770142615 2.38247585 0.184482694 -0.717895329 2.68298912 0.134267941 -0.709584117 2.49942517 0.22815904 -0.746984184 2.47791982 0.119249031 -0.701167285 2.58623791 0.120247304 -0.75599283 2.52225399 0.0130285453 0.502255201 1.93531895 0.184142619 0.363551646 1.86762023 0.351828218 0.618412137 1.83930671 0.183763802 0.523013353 1.89781952 -0.0648018867 0.0007044308 1.92667997 0.00284535834 0.434050977 1.75309801 0.460232943 0.618282735 1.82250345 -0.0753757879 0.172540873 1.83083487 0.418301702 0.628615499 1.60132921 0.132066965 0.17454353 1.72417772 0.511462927 0.661279559 1.60014212 -0.0618443117 0.481218994 1.54234886 0.31769231 0.618167102 1.80748856 -0.306938022 0.558758914 1.3923707 0.0587008819 0.47198832 1.90196812 -0.313994348 0.645140529 1.57480311 -0.311203271 0.534700871 1.77352893 -0.470575422 0.56112349 1.37700355 -0.178170815 0.261073798 1.85326803 -0.461343467 0.448148161 1.35370672 -0.313437015 0.581491113 1.54630244 -0.462600142 0.311248451 1.72614372 -0.544275463 0.358672351 1.48374248 -0.53313446 0.476926506 1.37773037 0.191703662 0.293065101 1.35439086 0.242623091 0.291504622 1.33586848 -0.367831677 -0.000965147279 1.44643545 -0.518664837 0.231311962 1.51226676 0.421563148 -0.00104233308 1.35088027 0.242997497 -0.000487738464 1.50988817 0.421833038 0.000196888766 1.71884108 0.506859064 -0.00136452611 1.30571342 -0.366564572 0.000498094421 1.82365155 0.406295568 -0.171488777 1.83192074 0.41840297 -0.174109846 1.72527826 0.511565506 -0.232267976 1.51373005 0.421699643 -0.433459669 1.75583613 0.460488409 -0.362302661 1.86991131 0.35204193 -0.295121938 1.35624743 0.242796227 -0.294038206 1.3377167 -0.367659271 -0.48204118 1.54538929 0.317975968 -0.450533897 1.3565433 -0.3131724 -0.478862286 1.3807472 0.19198513 -0.560678959 1.39590406 0.0590305217 -0.629171848 1.60529923 0.132437378 -0.617435753 1.84320736 0.184127748 -0.661956966 1.60431874 -0.0614546463 -0.500674903 1.93848455 0.184437975 -0.617565155 1.82640433 -0.0750118569 -0.521816075 1.90111744 -0.0644942075 -0.617680788 1.81138921 -0.306574047 -0.470912725 1.90494418 -0.31371668 -0.563280225 1.38055253 -0.177839696 -0.646125257 1.57887876 -0.310822994 -0.534527183 1.77690387 -0.47026065 -0.582746208 1.54997706 -0.462257296 -0.360368431 1.4860121 -0.532922804 -0.311421812 1.728109 -0.544092059 -0.000108900043 1.71934545 -0.536361456 -0.260396719 1.85491395 -0.461189866 0.000298149505 1.84200513 -0.468919009 -0.131909698 0.636884868 0.228317693 -0.226087481 1.04240847 0.673168898 -0.177134156 0.719871581 0.845975637 -0.348285168 0.731734574 1.05195451 -0.505572498 0.679000676 0.792397439 -0.22112976 0.933554232 0.14082326 -0.24650538 0.591983616 -0.00649928069 -0.535539687 1.03342485 0.872889757 -0.385154456 0.936724603 -0.0393567234 -0.512752473 1.15461624 0.533296108 -0.462057561 0.565160275 -0.0416624099 -0.646173477 0.90426147 0.0529691353 -0.810890555 0.969635427 0.577769935 -0.681757689 0.568159282 0.136488184 -0.834011257 0.638129652 0.738819122 -0.710366011 0.686677158 0.992888212 -0.0466166735 0.227243751 0.0674155205 0.107737482 0.0882738382 0.236893535 0.0268765111 0.579218805 0.151085138 -0.0448454134 0.571709812 -0.453902751 0.283503383 0.205809802 0.0128811896 0.318808049 0.417835861 0.307485491 0.471672326 0.0646444261 0.176773131 0.0610389076 0.845334291 -0.321440667 0.327460647 0.732706487 0.130534068 0.614673913 0.541054487 0.0539836437 0.0866671056 0.682319283 -0.655786753 0.239020228 0.952602506 -0.448700458 0.490539789 0.847465038 -0.39045316 0.30332306 0.668252289 -0.691577315 0.507979095 0.536991954 -0.5470047 0.613623857 0.184375837 -0.0416532159 </float_array>
          <technique_common>
            <accessor count="341" offset="0" source="#Mario__BodyMT_BodyMT_0-positions-array" stride="3">
              <param name="X" type="float" />
              <param name="Y" type="float" />
              <param name="Z" type="float" />
            </accessor>
          </technique_common>
        </source>
        <source id="Mario__BodyMT_BodyMT_0-normals" name="Mario__BodyMT_BodyMT_0-normals">
          <float_array id="Mario__BodyMT_BodyMT_0-normals-array" count="1023"> -0.166945875 0.449802727 0.877386212 -0.458574176 0.510083854 0.72768414 -0.73021096 0.122811921 0.672093153 -0.717902303 0.0130509147 0.696021497 -0.560104191 -0.106423736 0.82155782 -0.28454724 -0.144257963 0.947746038 -0.129174352 0.0528086759 0.990214765 0.645181239 0.101543084 0.75725168 0.380966574 0.497043639 0.779623032 0.0712621137 0.446111679 0.89213568 0.626610935 -0.00773469871 0.779293835 0.451078832 -0.122783728 0.883997738 0.160914138 -0.151118889 0.975330591 0.00763854012 0.0506791584 0.998685777 -0.165730685 0.695806503 0.698846638 -0.166966215 0.449820995 0.87737298 -0.0472452827 0.470108002 0.881343484 0.0998603851 0.691109896 0.71581775 0.0712726489 0.446120352 0.892130494 -0.0343774967 0.68558526 0.727180243 -0.165425658 0.92579633 0.339905202 0.150735766 0.9209041 0.35946396 -0.00772380363 0.933552623 0.358357191 0.0293948222 0.972313285 -0.231825054 -0.106459275 0.940256119 -0.323395818 0.174604908 0.935886621 -0.305989116 0.0612534881 0.49518919 -0.866623163 -0.647363305 0.751067817 -0.129683882 -0.446007758 0.597433984 -0.666445553 -0.897424936 0.432696581 -0.0860358849 -0.617359579 0.699125111 0.360681593 -0.53709954 0.451112002 -0.712756634 -0.815768361 0.432397604 0.384127975 -0.947176516 0.216488048 -0.236621097 -0.985887587 0.108068012 0.127855241 0.681206644 0.730547607 -0.0475150608 0.590267122 0.679682612 0.435449541 0.914028347 0.404817045 0.0259870794 0.543134749 0.581088424 -0.606086552 0.775078416 0.407856554 0.482603848 0.634628713 0.432327926 -0.640577078 0.965394318 0.0785432756 0.248686001 0.975225806 0.187426329 -0.117498823 -0.458568513 0.510078371 0.727691531 -0.166964516 0.449827909 0.877369761 -0.165760949 0.695800066 0.698845923 -0.617358029 0.699125707 0.360683143 -0.165428743 0.925797701 0.339899868 -0.815764368 0.432395041 0.384139329 -0.647363067 0.751065016 -0.129701257 -0.730234265 0.122815304 0.672067225 -0.106454238 0.940258026 -0.323391974 -0.985886991 0.108057089 0.127869084 -0.446014494 0.5974558 -0.666421473 -0.717874885 0.0130676497 0.696049511 0.0612766817 0.495148599 -0.866644681 -0.890659392 -0.228152573 0.393283933 -0.537084937 0.451128721 -0.712757111 -0.560107768 -0.106390618 0.821559668 -0.958224714 -0.271000594 0.0914552435 -0.947181642 0.216469005 -0.236618176 -0.776347756 -0.449472368 0.441880941 -0.483060271 -0.557903767 0.674830437 -0.965414405 -0.153271779 -0.210909337 -0.189816803 -0.348398417 0.917926013 -0.284545451 -0.144253358 0.947747231 -0.847149432 0.0455319583 -0.529400289 -0.0636034086 -0.207957059 0.976067841 -0.129150808 0.0528051592 0.990217984 -0.0472373329 0.47013694 0.881328464 -0.166977927 0.449810922 0.877375901 -0.0607756339 0.0559026711 0.996584773 0.00765582873 0.050696712 0.998684764 0.0712793395 0.446123481 0.892128408 0.16091989 -0.15113008 0.975327909 0.380989999 0.497066498 0.779597044 0.0998852476 0.691108227 0.715815842 0.0712442994 0.446128339 0.892128766 0.0643981248 -0.352694124 0.933520079 0.590263426 0.679688156 0.435445845 0.150740549 0.920905232 0.359459013 0.775083601 0.407854348 0.482597351 0.681213319 0.730542421 -0.0474998541 0.645161331 0.101523943 0.75727123 0.174601406 0.935884476 -0.30599767 0.965394437 0.0785356313 0.248688117 0.54313463 0.581103265 -0.606072426 0.626603901 -0.00774854561 0.779299378 0.63460362 0.43235147 -0.640586019 0.828018904 -0.254027903 0.499854475 0.451082289 -0.122815162 0.883991659 0.930839479 -0.300232708 0.208322376 0.975218952 0.187466726 -0.11749126 0.701662302 -0.472646028 0.533175111 0.378766388 -0.570970774 0.728373826 0.0522304662 -0.570570111 0.819586277 0.36957252 -0.898792148 0.235772863 0.593937278 -0.787705421 0.163580701 -0.0631109998 -0.36516583 0.928800762 0.0999446735 -0.922645569 0.37247315 -0.170433074 -0.567128599 0.805802524 -0.0604362711 -0.533913255 0.843376577 -0.423500478 -0.886426628 0.186802626 -0.173571497 -0.918396652 0.355556726 -0.0377472602 -0.924684644 0.378858119 -0.633384526 -0.768872261 0.0875188038 0.00349175278 -0.955367148 -0.295400441 -0.673036218 -0.73601073 -0.0728724897 -0.626978219 -0.726397693 -0.281504333 -0.588624477 -0.656538785 -0.471675783 -0.120996982 0.184953511 -0.975270212 -0.107132763 -0.566111028 -0.817337692 0.0633365661 0.335743427 -0.93982172 0.0630237535 0.105143175 -0.992458045 0.0388325267 -0.620746732 -0.783048868 0.245815754 0.179652557 -0.952522755 0.189589456 -0.570480883 -0.799129128 0.906849802 0.0183841065 -0.421052784 0.621741891 -0.675269186 -0.396797925 0.978937566 -0.182992309 -0.0905265436 0.634423614 -0.745731771 -0.203447208 0.653944075 -0.75648576 0.0092976857 -0.904949188 0.241858497 -0.350102067 -0.886706769 -0.18182686 -0.425076574 -0.994921267 -0.0969828367 -0.0269450136 -0.836716413 -0.513806164 -0.189496338 -0.580119789 0.133476421 0.803520441 -0.660920918 0.0262998622 -0.749994576 -0.642428041 -0.458722115 -0.613889396 -0.18211256 -0.89282161 0.411952138 0.28834486 -0.715900064 -0.635880768 -0.350437343 0.936467052 -0.0149385203 0.171166867 0.404491395 -0.898381114 0.576858044 -0.652159929 -0.49185589 0.10952843 -0.821106493 0.560167491 -0.0679165572 0.989392042 0.12841633 -0.288226962 0.192467526 0.938019991 0.459920377 0.463534892 -0.757369578 0.752380073 -0.257989407 0.606106997 0.979470968 -0.176518157 0.097354807 0.928674638 0.369644821 -0.0304320399 0.670066655 0.625606477 0.399533719 0.88670671 0.181826681 0.425076783 0.560961783 0.238284528 0.792806625 0.887050331 0.180345222 0.424990952 -0.224517584 0.203670621 0.952948153 0.165948898 -0.796934664 0.58082366 -0.00492753461 0.98668164 0.162588492 -0.555920124 0.138174415 0.819671094 0.627514958 -0.637925148 -0.446403921 0.516312659 0.470309198 -0.715702772 0.198302716 0.412624061 -0.889054239 -0.150981694 -0.88860929 0.433102787 0.315971345 -0.720180392 -0.617658794 -0.334609479 0.942356825 -0.000403979881 -0.583632588 -0.488677293 -0.648511708 -0.807677388 -0.5713498 -0.145659149 -0.995772302 -0.0837859884 0.037649285 -0.887501001 0.299251288 -0.350414991 -0.886706948 -0.18182677 -0.425076216 -0.629441798 0.0507505611 -0.775388598 0.0887653083 -0.947426617 0.307414204 0.26138863 -0.575884223 -0.774618208 0.954816163 -0.294731498 0.0382027104 0.372827619 -0.0378534719 0.927128196 0.922479093 0.337953895 -0.186599925 -0.760130405 -0.535595834 -0.367884308 -0.676862717 -0.233230919 0.698183477 -0.768189132 0.403099358 0.497389555 0.32581237 0.57226932 0.752565026 0.190793753 0.0215303898 -0.981393993 -0.0887077227 0.947423339 -0.307441056 -0.814326584 0.0563210733 -0.577667832 0.25753203 0.835028648 0.48621431 0.169723704 0.152551472 -0.973612785 -0.795820892 0.200516179 -0.571368873 -0.733878672 0.515128434 0.442792028 -0.812127054 0.127145141 -0.5694592 0.86675185 0.455062717 -0.204105854 0.29248485 0.693733096 0.658169389 0.162030458 -0.827071428 0.538236916 -0.830466151 -0.40505141 0.38243866 0.17894651 0.0732091069 -0.981131256 -0.257502049 -0.835110128 -0.486090302 0.804762006 -0.51884973 -0.288362831 -0.324761003 -0.398839355 0.857588172 -0.994949043 0.051814124 0.085975036 -0.453671694 -0.870453119 -0.191032365 -0.313379765 0.713996887 0.626100302 -0.80527401 0.310844362 -0.504885674 0.562511504 -0.795735776 0.224466786 0.628067434 0.176779985 0.757812738 -0.235730454 -0.63151741 -0.738658845 -0.112894312 0.989603996 0.0890999138 0.876996338 0.44111371 0.190515354 0.324604362 0.398793995 -0.857668579 0.763117552 -0.558839142 -0.324577272 -0.154046893 0.982804656 0.101806231 0.784972727 -0.45335868 -0.422236621 -0.179188013 -0.542947948 -0.820426226 0.871221602 0.485967517 0.0693431944 0.819292426 -0.202451542 -0.536445022 -0.720897734 0.364183366 -0.589641392 -0.0529794507 0.996988654 -0.0566285178 -0.17262207 -0.306378752 -0.936126947 -0.258461177 -0.518895447 0.814828455 0.778357804 -0.30714649 0.547558427 0.153671071 -0.982863545 -0.101805992 -0.862149358 -0.49792093 -0.093665652 0.980420291 0.0433568694 -0.19208394 0.948997915 -0.265849203 0.169490799 0.896338046 -0.376986206 -0.233365595 0.745721281 -0.666079342 0.0154304849 0.449316651 0.126205623 0.884413183 0.772264659 -0.173023269 -0.611285746 0.640438914 -0.628779173 -0.440992922 -0.0610023215 -0.856636584 0.512301147 -0.304370105 -0.726062238 -0.616597474 0.51667738 0.855754316 -0.027000552 0.0632500425 0.320220172 -0.945229352 -0.59592247 -0.596211851 -0.53796643 -0.354878455 -0.720140517 0.596203744 0.228679985 0.971913815 0.0555785261 0.155222908 0.250019848 0.955717504 -0.229409412 0.442547917 -0.86690408 -0.879411101 -0.0545854196 0.472923458 -0.997194767 0.00374827418 -0.0747562125 -0.823813617 0.515510619 -0.235753998 -0.599416375 0.771837711 0.21205315 -0.896338046 0.376986235 0.233365476 -0.633583784 0.419421911 0.650120616 -0.896933675 0.375582695 0.233340219 -0.408012986 -0.685143292 0.603410423 0.0927757546 0.272396445 0.957701862 0.161531195 0.983834445 0.0773138255 0.424429357 0.138535768 0.894800305 -0.650152802 -0.570860684 -0.501417458 -0.28888461 0.46392104 -0.837450266 0.0366307646 0.332558006 -0.94237113 -0.0936011225 -0.844943225 0.526602089 -0.334639788 -0.723611772 -0.603657424 0.583860755 -0.652213752 -0.483449936 0.699721813 -0.712022901 0.0584189259 0.499671459 0.866065323 -0.0161038209 0.94127655 -0.245589837 0.23169829 0.896337986 -0.376986533 -0.233365327 0.974325716 0.102436997 -0.200489581 0.750715733 -0.146733791 -0.644123495 0.236230895 0.951864302 0.195318371 0.106434107 0.868184149 0.484693766 0.835469127 0.429738939 0.342513889 0.274756342 0.958951473 -0.0701501295 0.00315489341 0.999976337 -0.00611391477 0.494221091 0.23128821 0.838004351 0.828476071 0.559066236 -0.0327471532 -0.0264536962 0.862710595 0.505005598 0.919364929 -0.175404385 0.35213843 0.0612129234 0.0819220468 0.994757116 0.979760766 -0.196200192 0.0396774709 0.603609145 -0.425244391 0.674405813 0.779250681 0.54120028 -0.316023111 0.645891309 -0.752459347 0.128954813 0.190789774 0.952748358 -0.236367941 0.930812657 -0.264702231 -0.252032697 0.524838507 0.37287277 -0.765186548 0.690420508 -0.720447421 -0.0653833821 0.00453461008 0.880188584 -0.47460252 0.314095497 -0.92785418 -0.201073721 0.627132058 -0.290042758 -0.722897351 0.0842966586 0.119434021 -0.989257097 0.166871622 -0.37689957 -0.91109854 0.247364894 -0.950715899 0.186948851 0.0947365984 -0.972297251 0.213689223 0.112265691 -0.973833323 -0.197598279 -0.00158693793 -0.418105811 -0.908396959 0.119701065 -0.591721654 0.797205865 -0.00300333207 -0.975476265 0.220084265 -0.0016897337 -0.609332383 0.792913139 0.00021499391 -0.0249837693 0.99968785 -0.00315414532 -0.98871249 -0.149791941 0.00291503384 0.886581719 0.462562829 0.0322462358 0.862684369 0.504713655 -0.0601517409 0.0823032483 0.994790375 -0.122722127 -0.591225326 0.79711473 -0.492257625 0.234402016 0.838294744 -0.100856312 0.868821084 0.484745264 -0.10077095 -0.971591175 0.214139715 -0.118486933 -0.973119438 -0.197482675 -0.605884016 -0.421426654 0.674762249 -0.319947898 -0.92591697 -0.200776324 -0.252973437 -0.949215174 0.187069491 -0.650404334 -0.748500884 0.129308313 -0.920122623 -0.170351148 0.352639824 -0.832416594 0.435312152 0.342908114 -0.980877101 -0.190409854 0.0403009877 -0.230093166 0.95333457 0.19547461 -0.825328767 0.563733101 -0.0322098136 -0.268738985 0.960665941 -0.0700024292 -0.775370419 0.547044814 -0.315503806 -0.18491073 0.953934312 -0.236257061 -0.695092857 -0.715968966 -0.0650721863 -0.932613134 -0.258820057 -0.251485407 -0.523328006 0.375328571 -0.76502043 -0.629376471 -0.286076844 -0.722527027 -0.16989316 -0.376611084 -0.910659313 -0.0841162428 0.12035647 -0.989160657 0.000119125798 0.130261555 -0.991479635 0.000639123959 0.880258679 -0.474493653 0.00258212094 0.863908529 -0.503642082 0.512738943 -0.854881346 0.079225421 0.759557843 0.628698647 0.166762903 0.648557067 -0.705621421 0.285433263 0.310931742 -0.00413093017 0.950423241 0.0998083502 -0.985154986 0.139670685 0.746462226 0.601550937 -0.284482956 0.336604059 -0.923475146 -0.184096023 -0.185477957 0.740105271 0.646407068 0.0866861492 0.663388133 -0.743237317 -0.10520719 0.990651548 -0.0868387595 -0.0192546882 -0.965447724 -0.259884417 -0.689453781 0.470006615 -0.551132679 -0.889943957 0.45385766 -0.044866167 -0.309303313 -0.949045718 -0.0603632331 -0.499920428 -0.855016589 0.137935579 -0.571927965 -0.0719085187 0.817146003 -0.692786634 -0.66722393 -0.273603529 -0.38631019 -0.599588692 0.700897872 -0.748853683 0.423831135 0.509495199 -0.545904934 -0.655699074 -0.521580815 -0.143739074 -0.825613558 -0.545620143 0.157813966 0.120555431 0.980082214 0.501313031 -0.632661223 0.590275407 -0.700415373 0.697300911 0.152281731 0.14500536 0.794658124 0.589484394 0.905423939 0.301472932 0.298867136 -0.351558477 -0.549057961 -0.758249283 -0.00448669586 0.991847873 -0.127348706 0.74697423 0.66008836 -0.0794536248 0.00725640357 -0.558632493 -0.829383552 0.28106454 -0.699355781 -0.657194197 0.458265871 -0.773062825 -0.438595802 </float_array>
          <technique_common>
            <accessor count="341" offset="0" source="#Mario__BodyMT_BodyMT_0-normals-array" stride="3">
              <param name="X" type="float" />
              <param name="Y" type="float" />
              <param name="Z" type="float" />
            </accessor>
          </technique_common>
        </source>
        <source id="Mario__BodyMT_BodyMT_0-tex0" name="Mario__BodyMT_BodyMT_0-tex0">
          <float_array id="Mario__BodyMT_BodyMT_0-tex0-array" count="682"> 0.0509643555 0.0429077148 0.341308594 0.0172729492 0.498046875 0.186889648 0.512207031 0.348876953 0.326660156 0.506835938 0.0696411133 0.470703125 -0.0297393799 0.251708984 0.498046875 0.186889648 0.341308594 0.0172729492 0.0509643555 0.0429077148 0.512207031 0.348876953 0.326660156 0.506835938 0.0696411133 0.470703125 -0.0297393799 0.251708984 0.756835938 0.87890625 0.759765625 0.892089844 0.74609375 0.892089844 0.756835938 0.87890625 0.759765625 0.892089844 0.74609375 0.87890625 0.755859375 0.874511719 0.755859375 0.874511719 0.74609375 0.874023438 0.74609375 0.875488281 0.755859375 0.876464844 0.755859375 0.876464844 0.74609375 0.890625 0.772949219 0.640136719 0.771484375 0.645996094 0.782226562 0.65234375 0.774902344 0.641601562 0.776855469 0.661132812 0.779296875 0.653320312 0.78515625 0.665527344 0.78515625 0.6640625 0.772949219 0.640136719 0.774902344 0.641601562 0.782226562 0.65234375 0.771484375 0.645996094 0.779296875 0.653320312 0.776855469 0.661132812 0.78515625 0.6640625 0.78515625 0.665527344 0.12512207 -1.265625 0.0892944336 -1.26464844 0.0774536133 -1.31542969 0.12902832 -1.30957031 0.0744628906 -1.33496094 0.148193359 -1.25976562 0.121276855 -1.31542969 0.146240234 -1.2421875 0.075012207 -1.32714844 0.173583984 -1.21386719 0.113464355 -1.29003906 0.149169922 -1.22070312 0.0358886719 -1.26953125 0.160766602 -1.18945312 0.136962891 -1.22558594 0.127929688 -1.20117188 0.16796875 -1.15820312 0.173583984 -1.20703125 0.148071289 -1.15234375 0.118408203 -1.14257812 0.171264648 -1.15820312 0.0915527344 -1.17480469 0.0979614258 -1.20996094 0.154174805 -1.15527344 0.0358886719 -1.20898438 0.0820922852 -1.23828125 0.0358886719 -1.26464844 0.0892944336 -1.26464844 0.0358886719 -1.23828125 0.0820922852 -1.23828125 0.0892944336 -1.26464844 0.0979614258 -1.20996094 0.12512207 -1.265625 0.0774536133 -1.31542969 0.0892944336 -1.26464844 0.0915527344 -1.17480469 0.12902832 -1.30957031 0.0744628906 -1.33496094 0.148193359 -1.25976562 0.121276855 -1.31542969 0.146240234 -1.2421875 0.075012207 -1.32714844 0.173583984 -1.21386719 0.113464355 -1.29003906 0.149169922 -1.22070312 0.136962891 -1.22558594 0.160766602 -1.18945312 0.127929688 -1.20117188 0.16796875 -1.15820312 0.173583984 -1.20703125 0.148071289 -1.15234375 0.118408203 -1.14257812 0.0750732422 -1.13671875 0.11151123 -1.10351562 0.138671875 -1.11425781 0.0358886719 -1.17578125 0.0718383789 -1.09863281 0.0750732422 -1.13671875 0.0358886719 -1.13476562 0.11151123 -1.10351562 0.0718383789 -1.09863281 0.0358886719 -1.09765625 0.138671875 -1.11425781 0.0358886719 -1.08691406 0.156982422 -1.11816406 0.16003418 -1.11816406 0.144287109 -1.11621094 0.12310791 -1.15039062 0.115844727 -1.11132812 0.0358886719 -1.20898438 0.0358886719 -1.14648438 0.0358886719 -1.10742188 0.12310791 -1.15039062 0.115844727 -1.11132812 0.154174805 -1.15527344 0.144287109 -1.11621094 0.171264648 -1.15820312 0.16003418 -1.11816406 0.156982422 -1.11816406 0.639648438 0.8125 0.639648438 0.814941406 0.639648438 0.813964844 0.639648438 0.816894531 0.641113281 0.813476562 0.639648438 0.813964844 0.639648438 0.816894531 0.641113281 0.819335938 0.641113281 0.819335938 0.641113281 0.809570312 0.641113281 0.813476562 0.648925781 0.818847656 0.648925781 0.818847656 0.648925781 0.810058594 0.648925781 0.813476562 0.648925781 0.813476562 0.649902344 0.817382812 0.649902344 0.817382812 0.649902344 0.813964844 0.649902344 0.812011719 0.649902344 0.814941406 0.649902344 0.813964844 0.658691406 0.814941406 0.657226562 0.813476562 0.657226562 0.817871094 0.657226562 0.811035156 0.650390625 0.813476562 0.657226562 0.817871094 0.657226562 0.813476562 0.650390625 0.813476562 0.650390625 0.818359375 0.650390625 0.818359375 0.650390625 0.810546875 0.649414062 0.816894531 0.649414062 0.816894531 0.649414062 0.813964844 0.649414062 0.8125 0.649414062 0.814941406 0.649414062 0.813964844 0.836425781 0.314453125 0.866210938 0.306152344 0.881835938 0.306152344 0.834960938 0.306152344 0.891113281 0.217773438 0.809570312 0.306152344 0.790527344 0.306152344 0.780761719 0.217773438 0.834472656 0.217773438 0.867675781 0.217773438 0.836425781 0.21105957 0.808105469 0.217773438 0.836425781 0.297851562 0.866210938 0.306152344 0.809570312 0.306152344 0.790527344 0.306152344 0.806640625 0.372070312 0.881835938 0.306152344 0.834960938 0.306152344 0.834960938 0.372070312 0.784667969 0.372070312 0.869628906 0.372070312 0.836425781 0.380371094 0.887207031 0.372070312 0.836425781 0.314453125 0.881835938 0.306152344 0.866210938 0.306152344 0.834960938 0.306152344 0.891113281 0.217773438 0.809570312 0.306152344 0.790527344 0.306152344 0.867675781 0.217773438 0.834472656 0.217773438 0.780761719 0.217773438 0.836425781 0.21105957 0.808105469 0.217773438 0.836425781 0.297851562 0.809570312 0.306152344 0.866210938 0.306152344 0.790527344 0.306152344 0.806640625 0.372070312 0.881835938 0.306152344 0.834960938 0.306152344 0.869628906 0.372070312 0.834960938 0.372070312 0.784667969 0.372070312 0.836425781 0.380371094 0.887207031 0.372070312 0.639648438 0.8125 0.639648438 0.813964844 0.639648438 0.814941406 0.639648438 0.816894531 0.641113281 0.813476562 0.639648438 0.813964844 0.639648438 0.816894531 0.641113281 0.819335938 0.641113281 0.819335938 0.641113281 0.809570312 0.641113281 0.813476562 0.648925781 0.818847656 0.648925781 0.818847656 0.648925781 0.810058594 0.648925781 0.813476562 0.648925781 0.813476562 0.649902344 0.817382812 0.649902344 0.817382812 0.649902344 0.813964844 0.649902344 0.812011719 0.649902344 0.814941406 0.649902344 0.813964844 0.658691406 0.814941406 0.657226562 0.817871094 0.657226562 0.813476562 0.657226562 0.811035156 0.650390625 0.813476562 0.657226562 0.817871094 0.657226562 0.813476562 0.650390625 0.813476562 0.650390625 0.818359375 0.650390625 0.818359375 0.649414062 0.816894531 0.649414062 0.816894531 0.650390625 0.810546875 0.649414062 0.813964844 0.649414062 0.814941406 0.649414062 0.8125 0.649414062 0.813964844 0.86328125 0.153808594 0.840332031 0.166870117 0.882324219 0.169555664 0.866699219 0.151367188 0.780273438 0.147583008 0.852050781 0.186889648 0.882324219 0.169555664 0.80859375 0.173706055 0.884277344 0.208374023 0.809082031 0.192382812 0.889648438 0.206542969 0.859863281 0.220214844 0.882324219 0.169555664 0.873046875 0.2421875 0.858398438 0.153930664 0.887207031 0.208007812 0.868652344 0.173461914 0.873535156 0.2421875 0.823242188 0.160522461 0.854492188 0.244628906 0.876464844 0.211181641 0.831542969 0.180664062 0.83984375 0.220825195 0.859375 0.24609375 0.828613281 0.250488281 0.828613281 0.247192383 0.780273438 0.227416992 0.818359375 0.22644043 0.780273438 0.251220703 0.780273438 0.226928711 0.780273438 0.193359375 0.780273438 0.252197266 0.780273438 0.174926758 0.80859375 0.173706055 0.809082031 0.192382812 0.818359375 0.22644043 0.852050781 0.186889648 0.840332031 0.166870117 0.828613281 0.250488281 0.828613281 0.247192383 0.859863281 0.220214844 0.854492188 0.244628906 0.859375 0.24609375 0.873046875 0.2421875 0.884277344 0.208374023 0.882324219 0.169555664 0.889648438 0.206542969 0.86328125 0.153808594 0.882324219 0.169555664 0.866699219 0.151367188 0.882324219 0.169555664 0.858398438 0.153930664 0.873535156 0.2421875 0.887207031 0.208007812 0.868652344 0.173461914 0.876464844 0.211181641 0.83984375 0.220825195 0.831542969 0.180664062 0.780273438 0.182006836 0.823242188 0.160522461 0.780273438 0.162475586 0.920898438 0.948242188 0.920410156 0.937011719 0.918945312 0.948242188 0.923339844 0.948242188 0.9296875 0.948242188 0.923339844 0.937988281 0.926269531 0.948242188 0.929199219 0.9375 0.929199219 0.936523438 0.9296875 0.932128906 0.933105469 0.948242188 0.9375 0.9375 0.939453125 0.937011719 0.939453125 0.948242188 0.940917969 0.948242188 0.935546875 0.948242188 0.918945312 0.948242188 0.923339844 0.948242188 0.920410156 0.937011719 0.920898438 0.948242188 0.9296875 0.948242188 0.929199219 0.9375 0.935546875 0.948242188 0.923339844 0.937988281 0.9296875 0.932128906 0.939453125 0.937011719 0.926269531 0.948242188 0.929199219 0.936523438 0.9375 0.9375 0.933105469 0.948242188 0.939453125 0.948242188 0.940917969 0.948242188 </float_array>
          <technique_common>
            <accessor count="341" offset="0" source="#Mario__BodyMT_BodyMT_0-tex0-array" stride="2">
              <param name="S" type="float" />
              <param name="T" type="float" />
            </accessor>
          </technique_common>
        </source>
        <source id="Mario__BodyMT_BodyMT_0-color0" name="Mario__BodyMT_BodyMT_0-color0">
          <float_array id="Mario__BodyMT_BodyMT_0-color0-array" count="1023"> 0.996078432 0.996078432 0.996078432 0.996078432 0.996078432 0.996078432 0.996078432 0.996078432 0.996078432 0.996078432 0.996078432 0.996078432 0.996078432 0.996078432 0.996078432 0.996078432 0.996078432 0.996078432 0.996078432 0.996078432 0.996078432 0.996078432 0.996078432 0.996078432 0.996078432 0.996078432 0.996078432 0.996078432 0.996078432 0.996078432 0.996078432 0.996078432 0.996078432 0.996078432 0.996078432 0.996078432 0.996078432 0.996078432 0.996078432 0.996078432 0.996078432 0.996078432 0.996078432 0.996078432 0.996078432 0.996078432 0.996078432 0.996078432 0.996078432 0.996078432 0.996078432 0.996078432 0.996078432 0.996078432 0.996078432 0.996078432 0.996078432 0.996078432 0.996078432 0.996078432 0.996078432 0.996078432 0.996078432 0.996078432 0.996078432 0.996078432 0.996078432 0.996078432 0.996078432 0.996078432 0.996078432 0.996078432 0.996078432 0.996078432 0.996078432 0.996078432 0.996078432 0.996078432 0.996078432 0.996078432 0.996078432 0.996078432 0.996078432 0.996078432 0.996078432 0.996078432 0.996078432 0.996078432 0.996078432 0.996078432 0.996078432 0.996078432 0.996078432 0.996078432 0.996078432 0.996078432 0.996078432 0.996078432 0.996078432 0.996078432 0.996078432 0.996078432 0.996078432 0.996078432 0.996078432 0.996078432 0.996078432 0.996078432 0.996078432 0.996078432 0.996078432 0.996078432 0.996078432 0.996078432 0.996078432 0.996078432 0.996078432 0.996078432 0.996078432 0.996078432 0.996078432 0.996078432 0.996078432 0.996078432 0.996078432 0.996078432 0.996078432 0.996078432 0.996078432 0.996078432 0.996078432 0.996078432 0.996078432 0.996078432 0.996078432 0.996078432 0.996078432 0.996078432 0.996078432 0.996078432 0.996078432 0.996078432 0.996078432 0.996078432 0.996078432 0.996078432 0.996078432 0.996078432 0.996078432 0.996078432 0.996078432 0.996078432 0.996078432 0.996078432 0.996078432 0.996078432 0.996078432 0.996078432 0.996078432 0.996078432 0.996078432 0.996078432 0.996078432 0.996078432 0.996078432 0.996078432 0.996078432 0.996078432 0.996078432 0.996078432 0.996078432 0.996078432 0.996078432 0.996078432 0.996078432 0.996078432 0.996078432 0.996078432 0.996078432 0.996078432 0.996078432 0.996078432 0.996078432 0.996078432 0.996078432 0.996078432 0.996078432 0.996078432 0.996078432 0.996078432 0.996078432 0.996078432 0.996078432 0.996078432 0.996078432 0.996078432 0.996078432 0.996078432 0.996078432 0.996078432 0.996078432 0.996078432 0.996078432 0.996078432 0.996078432 0.996078432 0.996078432 0.996078432 0.996078432 0.996078432 0.996078432 0.996078432 0.996078432 0.996078432 0.996078432 0.996078432 0.996078432 0.996078432 0.996078432 0.996078432 0.996078432 0.996078432 0.996078432 0.996078432 0.996078432 0.996078432 0.996078432 0.996078432 0.996078432 0.996078432 0.996078432 0.996078432 0.996078432 0.996078432 0.996078432 0.996078432 0.996078432 0.996078432 0.996078432 0.996078432 0.996078432 0.996078432 0.996078432 0.996078432 0.996078432 0.996078432 0.996078432 0.996078432 0.996078432 0.996078432 0.996078432 0.996078432 0.996078432 0.996078432 0.996078432 0.996078432 0.996078432 0.996078432 0.996078432 0.996078432 0.996078432 0.996078432 0.996078432 0.996078432 0.996078432 0.996078432 0.996078432 0.996078432 0.996078432 0.996078432 0.996078432 0.996078432 0.996078432 0.996078432 0.996078432 0.996078432 0.996078432 0.996078432 0.996078432 0.996078432 0.996078432 0.996078432 0.996078432 0.996078432 0.996078432 0.996078432 0.996078432 0.996078432 0.996078432 0.996078432 0.996078432 0.996078432 0.996078432 0.996078432 0.996078432 0.996078432 0.996078432 0.996078432 0.996078432 0.996078432 0.996078432 0.996078432 0.996078432 0.996078432 0.996078432 0.996078432 0.996078432 0.996078432 0.996078432 0.996078432 0.996078432 0.996078432 0.996078432 0.996078432 0.996078432 0.996078432 0.996078432 0.996078432 0.996078432 0.996078432 0.996078432 0.996078432 0.996078432 0.996078432 0.996078432 0.996078432 0.996078432 0.996078432 0.996078432 0.996078432 0.996078432 0.996078432 0.996078432 0.996078432 0.996078432 0.996078432 0.996078432 0.996078432 0.996078432 0.996078432 0.996078432 0.996078432 0.996078432 0.996078432 0.996078432 0.996078432 0.996078432 0.996078432 0.996078432 0.996078432 0.996078432 0.996078432 0.996078432 0.996078432 0.996078432 0.996078432 0.996078432 0.996078432 0.996078432 0.996078432 0.996078432 0.996078432 0.996078432 0.996078432 0.996078432 0.996078432 0.996078432 0.996078432 0.996078432 0.996078432 0.996078432 0.996078432 0.996078432 0.996078432 0.996078432 0.996078432 0.996078432 0.996078432 0.996078432 0.996078432 0.996078432 0.996078432 0.996078432 0.996078432 0.996078432 0.996078432 0.996078432 0.996078432 0.996078432 0.996078432 0.996078432 0.996078432 0.996078432 0.996078432 0.996078432 0.996078432 0.996078432 0.996078432 0.996078432 0.996078432 0.996078432 0.996078432 0.996078432 0.996078432 0.996078432 0.996078432 0.996078432 0.996078432 0.996078432 0.996078432 0.996078432 0.996078432 0.996078432 0.996078432 0.996078432 0.996078432 0.996078432 0.996078432 0.996078432 0.996078432 0.996078432 0.996078432 0.996078432 0.996078432 0.996078432 0.996078432 0.996078432 0.996078432 0.996078432 0.996078432 0.996078432 0.996078432 0.996078432 0.996078432 0.996078432 0.996078432 0.996078432 0.996078432 0.996078432 0.996078432 0.996078432 0.996078432 0.996078432 0.996078432 0.996078432 0.996078432 0.996078432 0.996078432 0.996078432 0.996078432 0.996078432 0.996078432 0.996078432 0.996078432 0.996078432 0.996078432 0.996078432 0.996078432 0.996078432 0.996078432 0.996078432 0.996078432 0.996078432 0.996078432 0.996078432 0.996078432 0.996078432 0.996078432 0.996078432 0.996078432 0.996078432 0.996078432 0.996078432 0.996078432 0.996078432 0.996078432 0.996078432 0.996078432 0.996078432 0.996078432 0.996078432 0.996078432 0.996078432 0.996078432 0.996078432 0.996078432 0.996078432 0.996078432 0.996078432 0.996078432 0.996078432 0.996078432 0.996078432 0.996078432 0.996078432 0.996078432 0.996078432 0.996078432 0.996078432 0.996078432 0.996078432 0.996078432 0.996078432 0.996078432 0.996078432 0.996078432 0.996078432 0.996078432 0.996078432 0.996078432 0.996078432 0.996078432 0.996078432 0.996078432 0.996078432 0.996078432 0.996078432 0.996078432 0.996078432 0.996078432 0.996078432 0.996078432 0.996078432 0.996078432 0.996078432 0.996078432 0.996078432 0.996078432 0.996078432 0.996078432 0.996078432 0.996078432 0.996078432 0.996078432 0.996078432 0.996078432 0.996078432 0.996078432 0.996078432 0.996078432 0.996078432 0.996078432 0.996078432 0.996078432 0.996078432 0.996078432 0.996078432 0.996078432 0.996078432 0.996078432 0.996078432 0.996078432 0.996078432 0.996078432 0.996078432 0.996078432 0.996078432 0.996078432 0.996078432 0.996078432 0.996078432 0.996078432 0.996078432 0.996078432 0.996078432 0.996078432 0.996078432 0.996078432 0.996078432 0.996078432 0.996078432 0.996078432 0.996078432 0.996078432 0.996078432 0.996078432 0.996078432 0.996078432 0.996078432 0.996078432 0.996078432 0.996078432 0.996078432 0.996078432 0.996078432 0.996078432 0.996078432 0.996078432 0.996078432 0.996078432 0.996078432 0.996078432 0.996078432 0.996078432 0.996078432 0.996078432 0.996078432 0.996078432 0.996078432 0.996078432 0.996078432 0.996078432 0.996078432 0.996078432 0.996078432 0.996078432 0.996078432 0.996078432 0.996078432 0.996078432 0.996078432 0.996078432 0.996078432 0.996078432 0.996078432 0.996078432 0.996078432 0.996078432 0.996078432 0.996078432 0.996078432 0.996078432 0.996078432 0.996078432 0.996078432 0.996078432 0.996078432 0.996078432 0.996078432 0.996078432 0.996078432 0.996078432 0.996078432 0.996078432 0.996078432 0.996078432 0.996078432 0.996078432 0.996078432 0.996078432 0.996078432 0.996078432 0.996078432 0.996078432 0.996078432 0.996078432 0.996078432 0.996078432 0.996078432 0.996078432 0.996078432 0.996078432 0.996078432 0.996078432 0.996078432 0.996078432 0.996078432 0.996078432 0.996078432 0.996078432 0.996078432 0.996078432 0.996078432 0.996078432 0.996078432 0.996078432 0.996078432 0.996078432 0.996078432 0.996078432 0.996078432 0.996078432 0.996078432 0.996078432 0.996078432 0.996078432 0.996078432 0.996078432 0.996078432 0.996078432 0.996078432 0.996078432 0.996078432 0.996078432 0.996078432 0.996078432 0.996078432 0.996078432 0.996078432 0.996078432 0.996078432 0.996078432 0.996078432 0.996078432 0.996078432 0.996078432 0.996078432 0.996078432 0.996078432 0.996078432 0.996078432 0.996078432 0.996078432 0.996078432 0.996078432 0.996078432 0.996078432 0.996078432 0.996078432 0.996078432 0.996078432 0.996078432 0.996078432 0.996078432 0.996078432 0.996078432 0.996078432 0.996078432 0.996078432 0.996078432 0.996078432 0.996078432 0.996078432 0.996078432 0.996078432 0.996078432 0.996078432 0.996078432 0.996078432 0.996078432 0.996078432 0.996078432 0.996078432 0.996078432 0.996078432 0.996078432 0.996078432 0.996078432 0.996078432 0.996078432 0.996078432 0.996078432 0.996078432 0.996078432 0.996078432 0.996078432 0.996078432 0.996078432 0.996078432 0.996078432 0.996078432 0.996078432 0.996078432 0.996078432 0.996078432 0.996078432 0.996078432 0.996078432 0.996078432 0.996078432 0.996078432 0.996078432 0.996078432 0.996078432 0.996078432 0.996078432 0.996078432 0.996078432 0.996078432 0.996078432 0.996078432 0.996078432 0.996078432 0.996078432 0.996078432 0.996078432 0.996078432 0.996078432 0.996078432 0.996078432 0.996078432 0.996078432 0.996078432 0.996078432 0.996078432 0.996078432 0.996078432 0.996078432 0.996078432 0.996078432 0.996078432 0.996078432 0.996078432 0.996078432 0.996078432 0.996078432 0.996078432 0.996078432 0.996078432 0.996078432 0.996078432 0.996078432 0.996078432 0.996078432 0.996078432 0.996078432 0.996078432 0.996078432 0.996078432 0.996078432 0.996078432 0.996078432 0.996078432 0.996078432 0.996078432 0.996078432 0.996078432 0.996078432 0.996078432 0.996078432 0.996078432 0.996078432 0.996078432 0.996078432 0.996078432 0.996078432 0.996078432 0.996078432 0.996078432 0.996078432 0.996078432 0.996078432 0.996078432 0.996078432 0.996078432 0.996078432 0.996078432 0.996078432 0.996078432 0.996078432 0.996078432 0.996078432 0.996078432 0.996078432 0.996078432 0.996078432 0.996078432 0.996078432 0.996078432 0.996078432 0.996078432 0.996078432 0.996078432 0.996078432 0.996078432 0.996078432 0.996078432 0.996078432 0.996078432 0.996078432 0.996078432 0.996078432 0.996078432 0.996078432 0.996078432 0.996078432 0.996078432 0.996078432 0.996078432 0.996078432 0.996078432 0.996078432 0.996078432 0.996078432 0.996078432 0.996078432 0.996078432 0.996078432 0.996078432 0.996078432 0.996078432 0.996078432 0.996078432 0.996078432 0.996078432 0.996078432 0.996078432 0.996078432 0.996078432 0.996078432 0.996078432 0.996078432 0.996078432 0.996078432 0.996078432 0.996078432 0.996078432 0.996078432 0.996078432 0.996078432 0.996078432 0.996078432 0.996078432 0.996078432 0.996078432 0.996078432 0.996078432 0.996078432 0.996078432 0.996078432 0.996078432 0.996078432 0.996078432 0.996078432 0.996078432 0.996078432 0.996078432 0.996078432 0.996078432 0.996078432 0.996078432 0.996078432 0.996078432 0.996078432 0.996078432 0.996078432 0.996078432 0.996078432 0.996078432 0.996078432 0.996078432 0.996078432 0.996078432 0.996078432 0.996078432 0.996078432 0.996078432 0.996078432 0.996078432 0.996078432 0.996078432 0.996078432 0.996078432 0.996078432 0.996078432 0.996078432 0.996078432 0.996078432 0.996078432 0.996078432 0.996078432 0.996078432 0.996078432 0.996078432 0.996078432 0.996078432 0.996078432 0.996078432 0.996078432 0.996078432 0.996078432 0.996078432 0.996078432 0.996078432 0.996078432 0.996078432 0.996078432 0.996078432 0.996078432 0.996078432 0.996078432 0.996078432 0.996078432 0.996078432 0.996078432 0.996078432 0.996078432 0.996078432 0.996078432 0.996078432 0.996078432 0.996078432 0.996078432 0.996078432 0.996078432 0.996078432 0.996078432 0.996078432 0.996078432 0.996078432 0.996078432 0.996078432 0.996078432 0.996078432 0.996078432 0.996078432 0.996078432 0.996078432 0.996078432 0.996078432 0.996078432 0.996078432 0.996078432 0.996078432 0.996078432 0.996078432 0.996078432 0.996078432 0.996078432 0.996078432 0.996078432 0.996078432 0.996078432 0.996078432 0.996078432 0.996078432 0.996078432 0.996078432 0.996078432 0.996078432 0.996078432 0.996078432 0.996078432 </float_array>
          <technique_common>
            <accessor count="341" offset="0" source="#Mario__BodyMT_BodyMT_0-color0-array" stride="3">
              <param name="R" type="float" />
              <param name="G" type="float" />
              <param name="B" type="float" />
            </accessor>
          </technique_common>
        </source>
        <vertices id="Mario__BodyMT_BodyMT_0-vertices">
          <input semantic="POSITION" source="#Mario__BodyMT_BodyMT_0-positions" />
        </vertices>
        <polylist count="554" material="defaultMaterial">
          <input offset="0" semantic="VERTEX" source="#Mario__BodyMT_BodyMT_0-vertices" />
          <input offset="0" semantic="NORMAL" source="#Mario__BodyMT_BodyMT_0-normals" />
          <input offset="0" semantic="TEXCOORD" source="#Mario__BodyMT_BodyMT_0-tex0" set="0" />
          <input offset="0" semantic="COLOR" source="#Mario__BodyMT_BodyMT_0-color0" set="0" />
          <vcount>3 3 3 3 3 3 3 3 3 3 3 3 3 3 3 3 3 3 3 3 3 3 3 3 3 3 3 3 3 3 3 3 3 3 3 3 3 3 3 3 3 3 3 3 3 3 3 3 3 3 3 3 3 3 3 3 3 3 3 3 3 3 3 3 3 3 3 3 3 3 3 3 3 3 3 3 3 3 3 3 3 3 3 3 3 3 3 3 3 3 3 3 3 3 3 3 3 3 3 3 3 3 3 3 3 3 3 3 3 3 3 3 3 3 3 3 3 3 3 3 3 3 3 3 3 3 3 3 3 3 3 3 3 3 3 3 3 3 3 3 3 3 3 3 3 3 3 3 3 3 3 3 3 3 3 3 3 3 3 3 3 3 3 3 3 3 3 3 3 3 3 3 3 3 3 3 3 3 3 3 3 3 3 3 3 3 3 3 3 3 3 3 3 3 3 3 3 3 3 3 3 3 3 3 3 3 3 3 3 3 3 3 3 3 3 3 3 3 3 3 3 3 3 3 3 3 3 3 3 3 3 3 3 3 3 3 3 3 3 3 3 3 3 3 3 3 3 3 3 3 3 3 3 3 3 3 3 3 3 3 3 3 3 3 3 3 3 3 3 3 3 3 3 3 3 3 3 3 3 3 3 3 3 3 3 3 3 3 3 3 3 3 3 3 3 3 3 3 3 3 3 3 3 3 3 3 3 3 3 3 3 3 3 3 3 3 3 3 3 3 3 3 3 3 3 3 3 3 3 3 3 3 3 3 3 3 3 3 3 3 3 3 3 3 3 3 3 3 3 3 3 3 3 3 3 3 3 3 3 3 3 3 3 3 3 3 3 3 3 3 3 3 3 3 3 3 3 3 3 3 3 3 3 3 3 3 3 3 3 3 3 3 3 3 3 3 3 3 3 3 3 3 3 3 3 3 3 3 3 3 3 3 3 3 3 3 3 3 3 3 3 3 3 3 3 3 3 3 3 3 3 3 3 3 3 3 3 3 3 3 3 3 3 3 3 3 3 3 3 3 3 3 3 3 3 3 3 3 3 3 3 3 3 3 3 3 3 3 3 3 3 3 3 3 3 3 3 3 3 3 3 3 3 3 3 3 3 3 3 3 3 3 3 3 3 3 3 3 3 3 3 3 3 3 3 3 3 3 3 3 3 3 3 3 3 3 3 3 3 3 3 3 3 3 3 3 3 3 3 3 3 3 3 3 3 3 3 3 3 3 3 3 3 3 3 3 3 3 3 3 3 3 3 3 </vcount>
          <p>0 1 2 3 0 2 3 4 0 0 4 5 0 5 6 7 8 9 10 7 9 10 9 11 9 12 11 9 13 12 14 15 16 17 16 18 19 14 16 19 16 17 20 14 19 21 19 17 20 19 22 22 19 21 23 20 22 23 22 21 24 20 23 23 21 25 24 23 26 23 25 26 27 28 29 27 29 30 29 28 31 29 32 30 29 31 33 29 34 32 29 33 34 35 36 37 35 37 38 36 39 37 37 40 38 37 39 41 37 42 40 37 41 42 43 44 45 43 45 46 46 45 47 48 43 46 46 47 49 50 43 48 47 51 49 50 48 52 49 51 53 54 50 52 51 55 53 54 52 56 53 55 57 58 54 56 56 52 59 52 60 59 58 56 61 56 59 61 62 58 61 60 63 59 62 64 58 64 65 58 66 63 60 57 66 60 64 67 65 65 67 68 68 69 70 71 69 68 67 71 68 71 72 69 67 72 71 72 73 69 74 72 67 75 76 77 78 74 67 75 79 76 79 80 76 81 79 75 79 82 80 83 81 75 80 82 84 85 81 83 86 84 82 87 85 83 55 84 86 88 55 86 89 85 87 90 89 87 78 90 74 89 91 85 91 92 85 90 93 89 93 91 89 78 94 90 94 93 90 95 94 78 94 96 93 95 96 94 93 97 91 96 97 93 98 95 78 98 78 67 98 67 64 95 99 96 100 98 64 100 64 62 101 95 98 100 101 98 101 99 95 102 100 62 102 62 61 103 101 100 102 103 100 101 104 99 103 104 101 102 61 105 61 59 105 102 106 103 103 106 104 102 105 106 104 106 99 99 106 96 96 106 97 105 59 107 105 107 106 107 59 63 108 107 63 106 107 108 66 108 63 66 109 108 106 108 109 110 109 66 57 110 66 110 111 109 106 109 111 112 110 57 55 112 57 88 112 55 113 111 110 112 113 110 113 114 111 114 106 111 115 113 112 88 115 112 116 114 113 115 116 113 116 106 114 117 115 88 92 117 88 118 116 115 117 118 115 118 106 116 92 119 117 91 119 92 120 118 117 119 120 117 120 106 118 91 121 119 121 120 119 121 106 120 97 121 91 97 106 121 122 123 124 123 125 124 122 124 126 124 125 126 122 127 123 123 128 125 123 127 128 128 129 125 126 125 129 127 130 128 128 130 129 122 131 127 122 126 131 127 132 130 127 131 132 130 133 129 132 133 130 126 129 134 134 129 133 126 135 131 131 135 132 126 134 136 126 136 135 132 137 133 132 135 137 134 133 138 137 139 133 133 139 138 135 140 137 137 140 139 135 141 140 136 141 135 140 142 139 141 142 140 138 139 142 136 143 141 143 142 141 138 142 143 134 143 136 134 138 143 144 145 146 144 147 145 146 145 148 145 147 148 144 146 149 144 150 147 144 149 150 150 151 147 149 151 150 149 146 152 146 148 152 149 153 151 149 152 153 147 154 148 147 151 154 153 152 155 151 153 155 152 148 156 152 156 155 148 154 157 148 157 156 151 158 154 154 158 157 156 157 159 158 159 157 155 156 159 151 160 158 151 155 160 160 159 158 155 159 160 161 162 163 161 163 164 162 165 163 164 163 165 161 166 162 161 164 167 161 167 166 167 164 168 166 167 168 164 165 169 164 169 168 162 170 165 166 170 162 165 171 169 170 171 165 168 169 171 166 172 170 166 168 172 170 172 171 168 171 172 173 174 175 173 175 176 174 177 175 176 175 177 173 178 174 179 173 176 179 178 173 179 176 180 179 180 178 176 177 181 176 181 180 174 182 177 178 182 174 177 183 181 177 182 183 180 181 183 178 184 182 178 180 184 184 183 182 180 183 184 185 186 187 185 188 186 187 186 189 188 189 186 185 187 190 185 191 188 185 190 191 187 189 192 187 192 190 188 193 189 191 194 188 188 194 193 190 194 191 189 193 195 194 195 193 192 189 195 190 196 194 190 192 196 196 195 194 192 195 196 197 198 199 200 198 197 201 199 198 200 201 198 197 199 202 203 200 197 203 197 202 201 204 199 202 199 204 203 205 200 203 202 205 200 206 201 200 205 206 201 206 207 205 207 206 201 207 204 202 208 205 205 208 207 202 204 208 208 204 207 209 210 211 210 212 211 209 213 210 210 213 212 209 211 214 211 212 215 211 215 214 212 216 215 213 216 212 214 215 217 215 216 217 209 214 218 209 218 213 214 217 219 214 219 218 217 216 220 217 220 219 213 221 216 221 220 216 213 218 222 218 219 222 213 223 221 213 222 223 219 220 224 219 224 222 221 225 220 220 226 224 220 225 226 222 224 227 224 226 227 222 227 228 223 222 228 227 226 229 228 227 229 225 229 226 223 228 230 230 228 229 225 230 229 221 223 230 221 230 225 231 232 233 231 233 234 232 235 233 233 235 234 231 236 232 231 234 237 231 237 236 237 234 238 237 238 236 236 239 232 232 239 235 236 240 239 236 238 240 240 241 239 238 241 240 239 242 235 239 241 242 234 235 243 234 243 238 235 242 244 235 244 243 241 245 242 242 245 244 243 244 246 246 244 245 238 243 246 247 245 241 238 247 241 247 246 245 238 246 247 248 249 250 251 248 250 248 252 249 251 252 248 250 249 253 251 250 254 249 255 253 249 252 255 250 253 256 250 256 254 253 255 257 254 256 258 256 253 259 260 254 258 251 254 260 258 256 261 256 259 261 262 251 260 262 252 251 260 258 263 262 260 264 264 260 263 263 258 265 258 261 265 266 262 264 266 252 262 265 261 267 263 265 267 264 263 268 263 267 268 264 268 269 266 264 269 268 267 270 269 268 270 267 261 271 261 259 271 267 271 272 271 259 272 270 267 273 267 272 273 269 270 274 270 273 274 272 259 275 253 275 259 253 257 275 273 272 276 272 275 276 257 277 275 276 275 277 257 278 277 255 278 257 273 276 279 273 279 274 255 280 278 255 252 280 278 280 281 280 252 281 277 278 282 278 281 282 277 282 283 276 277 283 282 281 284 283 282 284 284 281 285 281 252 285 276 283 286 279 276 287 276 286 287 279 287 274 283 288 286 283 284 288 287 286 289 286 288 290 286 290 289 288 291 290 289 290 291 288 284 292 288 292 291 284 293 292 284 285 293 291 292 294 285 295 293 285 252 295 292 293 296 292 296 294 293 295 297 293 297 296 252 297 295 298 296 297 298 294 296 299 297 252 298 297 299 300 291 294 289 291 300 300 294 301 301 294 298 289 300 301 302 298 299 302 301 298 289 301 303 303 301 302 304 289 303 287 289 304 274 287 304 304 303 305 274 304 305 305 303 302 306 274 305 269 274 306 266 269 306 307 305 302 306 305 307 307 302 299 307 299 252 266 306 308 306 307 308 266 308 252 308 307 252 309 310 311 311 310 312 313 309 311 313 311 312 309 314 310 313 315 309 315 314 309 312 310 316 315 317 314 314 318 310 317 318 314 310 318 316 319 317 315 313 319 315 317 320 318 319 320 317 316 318 321 320 321 318 319 322 320 322 321 320 313 322 319 323 321 322 313 323 322 324 316 321 324 321 323 313 324 323 312 316 324 313 312 324 325 326 327 325 327 328 329 326 325 329 325 328 326 330 327 329 331 326 326 331 330 328 327 332 327 330 333 332 327 333 331 334 330 330 334 333 335 328 332 329 328 335 336 332 333 335 332 336 336 333 337 337 333 334 335 336 338 338 336 337 329 335 338 338 337 339 329 338 339 339 337 334 329 339 340 340 339 334 329 340 331 331 340 334 </p>
        </polylist>
      </mesh>
    </geometry>
    <geometry id="CapHair__HairMT_HairMT_0" name="CapHair__HairMT_HairMT_0" >
      <mesh>
        <source id="CapHair__HairMT_HairMT_0-positions" name="CapHair__HairMT_HairMT_0-positions">
          <float_array id="CapHair__HairMT_HairMT_0-positions-array" count="165"> -0.0388101414 3.52603483 0.910562098 -0.0764831081 3.64374685 0.942052126 -0.271018207 3.48546243 0.838414133 0.240516648 3.47668743 0.820622325 -0.383547574 3.79164362 0.797566175 -0.4969787 3.52113032 0.644647419 0.38712132 3.74881792 0.814860642 0.45491603 3.48421073 0.723109961 -0.532023966 3.6788919 0.564873517 -0.640079677 3.41427803 0.463043809 0.514564335 3.63829947 0.651141405 0.617132962 3.36551642 0.566672981 -0.690455496 3.6396544 0.200284541 -0.738705277 3.2571063 0.135913923 0.726979077 3.58467865 0.317120433 0.755528867 3.19915199 0.259080231 0.506878376 3.84749818 0.66449672 0.240531921 3.83323789 0.833686411 0.59300977 3.37149811 -0.153496176 0.611026824 3.06681323 -0.0612567216 0.119490407 3.829041 0.929962754 0.00744618243 3.93810511 0.543282449 -0.154284269 3.89780974 0.92381835 -0.213284552 3.92402124 0.736394286 -0.510553956 3.88695979 0.580632091 -0.366840333 3.9329648 0.285784185 0.4172768 3.90255237 0.350417197 0.0370554179 3.94213653 0.185964808 0.523451328 3.72398424 0.000329736475 -0.427765995 3.76087761 -0.0780769363 0.0566482842 3.62515259 -0.200885937 0.371686369 3.30967712 -0.386006296 -0.498146713 3.41381907 -0.243437707 -0.554388344 3.11201429 -0.157319233 -0.247207448 3.33368111 -0.437020302 -0.301888198 2.98458958 -0.497311562 -0.495953053 2.87636328 -0.144378558 0.0652886778 3.3463192 -0.436911553 0.0532899834 2.97081375 -0.468035042 0.408468127 2.95703816 -0.438758522 0.533308446 2.83644295 -0.0595388822 0.0571475588 2.76498508 -0.611684859 0.459567517 2.92553449 -0.517295659 0.311181426 2.79536247 -0.590211511 0.625974238 2.71213984 -0.348128706 0.394715726 2.58908916 -0.148401871 0.50181067 2.78593373 -0.558452845 0.415210873 2.58537054 -0.398795605 0.0152867483 2.6038053 -0.179677337 -0.343647093 2.61480308 -0.461346537 -0.364142239 2.61852169 -0.210952803 -0.193878606 2.81495142 -0.631842434 -0.549472451 2.75773001 -0.445018083 -0.341729373 2.95661306 -0.583344758 -0.387287825 2.82041788 -0.631739259 </float_array>
          <technique_common>
            <accessor count="55" offset="0" source="#CapHair__HairMT_HairMT_0-positions-array" stride="3">
              <param name="X" type="float" />
              <param name="Y" type="float" />
              <param name="Z" type="float" />
            </accessor>
          </technique_common>
        </source>
        <source id="CapHair__HairMT_HairMT_0-normals" name="CapHair__HairMT_HairMT_0-normals">
          <float_array id="CapHair__HairMT_HairMT_0-normals-array" count="165"> 0.0721220002 -0.235740677 0.969136059 -0.091616191 -0.106109582 0.990124881 -0.527346313 -0.105851494 0.843031049 0.322019637 -0.155276671 0.933912456 -0.623412967 0.21785453 0.750929892 -0.7691558 -0.00924155116 0.638994455 0.478644192 0.0228300635 0.877712131 0.616885066 -0.0707524568 0.783866644 -0.887980819 0.108492762 0.446899682 -0.928984344 0.148735702 0.338918567 0.817559898 0.042454809 0.574276388 0.869722426 0.0789753869 0.487181515 -0.886581719 0.422960371 -0.187289521 -0.940512896 0.131032422 -0.313474119 0.935147047 0.352308989 -0.0371271074 0.986364603 0.0562977158 -0.154646024 0.551471233 0.794662476 0.253753901 0.187468857 0.925272107 0.329737723 0.830212176 0.193567351 -0.522761345 0.900315881 -0.12656939 -0.416427016 0.292970449 0.532422483 0.794162869 0.0563960597 0.994061351 0.0930669829 -0.133175418 0.679983318 0.721031845 -0.175962329 0.9745332 0.139004841 -0.58346647 0.79445827 0.168531626 -0.302853495 0.936784446 -0.175255924 0.398568511 0.909582138 -0.117488272 0.0673913062 0.920755208 -0.384276301 0.480026603 0.691915512 -0.53928417 -0.330722302 0.723360658 -0.606112242 0.0855819285 0.700206041 -0.708792806 0.314371347 0.336093754 -0.887812853 -0.716184258 0.253544837 -0.650226951 -0.827148199 -0.059569031 -0.558817863 -0.138184026 0.353646338 -0.925115883 -0.262943208 0.282191098 -0.922620773 -0.976886749 -0.0876026973 -0.194982171 0.0899647772 0.303941578 -0.94843334 0.0890957192 0.246080726 -0.965145707 0.431138694 0.255279452 -0.865420043 0.985946357 -0.163731962 -0.0331903026 0.0214523114 -0.77909565 -0.626537919 0.604194701 0.718446672 -0.344649345 0.0884051174 -0.124939427 -0.98821795 0.996228874 -0.0860680044 -0.0109679122 0.0370411389 -0.993606985 -0.106644981 0.550358653 -0.262741894 -0.792509973 -0.0102850562 -0.954030514 -0.29953295 -0.0191627592 -0.973982096 -0.225813374 -0.0143190324 -0.95388186 -0.299840629 -0.0954356641 -0.988468766 -0.117564835 0.0650103167 -0.124031954 -0.990146339 -0.98465538 -0.00922862533 -0.174265996 -0.482614368 0.76062423 -0.434205204 -0.43191722 -0.22464554 -0.873488367 </float_array>
          <technique_common>
            <accessor count="55" offset="0" source="#CapHair__HairMT_HairMT_0-normals-array" stride="3">
              <param name="X" type="float" />
              <param name="Y" type="float" />
              <param name="Z" type="float" />
            </accessor>
          </technique_common>
        </source>
        <source id="CapHair__HairMT_HairMT_0-tex0" name="CapHair__HairMT_HairMT_0-tex0">
          <float_array id="CapHair__HairMT_HairMT_0-tex0-array" count="110"> 0.271179527 0.269241631 0.271179527 0.269241631 0.271179527 0.269241631 0.271179527 0.269241631 0.271179527 0.269241631 0.271179527 0.269241631 0.271179527 0.269241631 0.271179527 0.269241631 0.271179527 0.269241631 0.271179527 0.269241631 0.271179527 0.269241631 0.271179527 0.269241631 0.271179527 0.269241631 0.271179527 0.269241631 0.271179527 0.269241631 0.271179527 0.269241631 0.271179527 0.269241631 0.271179527 0.269241631 0.271179527 0.269241631 0.271179527 0.269241631 0.271179527 0.269241631 0.271179527 0.269241631 0.271179527 0.269241631 0.271179527 0.269241631 0.271179527 0.269241631 0.271179527 0.269241631 0.271179527 0.269241631 0.271179527 0.269241631 0.271179527 0.269241631 0.271179527 0.269241631 0.271179527 0.269241631 0.271179527 0.269241631 0.271179527 0.269241631 0.271179527 0.269241631 0.271179527 0.269241631 0.271179527 0.269241631 0.271179527 0.269241631 0.271179527 0.269241631 0.271179527 0.269241631 0.271179527 0.269241631 0.271179527 0.269241631 0.271179527 0.269241631 0.271179527 0.269241631 0.271179527 0.269241631 0.271179527 0.269241631 0.271179527 0.269241631 0.271179527 0.269241631 0.271179527 0.269241631 0.271179527 0.269241631 0.271179527 0.269241631 0.271179527 0.269241631 0.271179527 0.269241631 0.271179527 0.269241631 0.271179527 0.269241631 0.271179527 0.269241631 </float_array>
          <technique_common>
            <accessor count="55" offset="0" source="#CapHair__HairMT_HairMT_0-tex0-array" stride="2">
              <param name="S" type="float" />
              <param name="T" type="float" />
            </accessor>
          </technique_common>
        </source>
        <source id="CapHair__HairMT_HairMT_0-color0" name="CapHair__HairMT_HairMT_0-color0">
          <float_array id="CapHair__HairMT_HairMT_0-color0-array" count="165"> 0.996078432 0.996078432 0.996078432 0.996078432 0.996078432 0.996078432 0.996078432 0.996078432 0.996078432 0.996078432 0.996078432 0.996078432 0.996078432 0.996078432 0.996078432 0.996078432 0.996078432 0.996078432 0.996078432 0.996078432 0.996078432 0.996078432 0.996078432 0.996078432 0.996078432 0.996078432 0.996078432 0.996078432 0.996078432 0.996078432 0.996078432 0.996078432 0.996078432 0.996078432 0.996078432 0.996078432 0.996078432 0.996078432 0.996078432 0.996078432 0.996078432 0.996078432 0.996078432 0.996078432 0.996078432 0.996078432 0.996078432 0.996078432 0.996078432 0.996078432 0.996078432 0.996078432 0.996078432 0.996078432 0.996078432 0.996078432 0.996078432 0.996078432 0.996078432 0.996078432 0.996078432 0.996078432 0.996078432 0.996078432 0.996078432 0.996078432 0.996078432 0.996078432 0.996078432 0.996078432 0.996078432 0.996078432 0.996078432 0.996078432 0.996078432 0.996078432 0.996078432 0.996078432 0.996078432 0.996078432 0.996078432 0.996078432 0.996078432 0.996078432 0.996078432 0.996078432 0.996078432 0.996078432 0.996078432 0.996078432 0.996078432 0.996078432 0.996078432 0.996078432 0.996078432 0.996078432 0.996078432 0.996078432 0.996078432 0.996078432 0.996078432 0.996078432 0.996078432 0.996078432 0.996078432 0.996078432 0.996078432 0.996078432 0.996078432 0.996078432 0.996078432 0.996078432 0.996078432 0.996078432 0.996078432 0.996078432 0.996078432 0.996078432 0.996078432 0.996078432 0.996078432 0.996078432 0.996078432 0.996078432 0.996078432 0.996078432 0.996078432 0.996078432 0.996078432 0.996078432 0.996078432 0.996078432 0.996078432 0.996078432 0.996078432 0.996078432 0.996078432 0.996078432 0.996078432 0.996078432 0.996078432 0.996078432 0.996078432 0.996078432 0.996078432 0.996078432 0.996078432 0.996078432 0.996078432 0.996078432 0.996078432 0.996078432 0.996078432 0.996078432 0.996078432 0.996078432 0.996078432 0.996078432 0.996078432 0.996078432 0.996078432 0.996078432 0.996078432 0.996078432 0.996078432 </float_array>
          <technique_common>
            <accessor count="55" offset="0" source="#CapHair__HairMT_HairMT_0-color0-array" stride="3">
              <param name="R" type="float" />
              <param name="G" type="float" />
              <param name="B" type="float" />
            </accessor>
          </technique_common>
        </source>
        <vertices id="CapHair__HairMT_HairMT_0-vertices">
          <input semantic="POSITION" source="#CapHair__HairMT_HairMT_0-positions" />
        </vertices>
        <polylist count="92" material="defaultMaterial">
          <input offset="0" semantic="VERTEX" source="#CapHair__HairMT_HairMT_0-vertices" />
          <input offset="0" semantic="NORMAL" source="#CapHair__HairMT_HairMT_0-normals" />
          <input offset="0" semantic="TEXCOORD" source="#CapHair__HairMT_HairMT_0-tex0" set="0" />
          <input offset="0" semantic="COLOR" source="#CapHair__HairMT_HairMT_0-color0" set="0" />
          <vcount>3 3 3 3 3 3 3 3 3 3 3 3 3 3 3 3 3 3 3 3 3 3 3 3 3 3 3 3 3 3 3 3 3 3 3 3 3 3 3 3 3 3 3 3 3 3 3 3 3 3 3 3 3 3 3 3 3 3 3 3 3 3 3 3 3 3 3 3 3 3 3 3 3 3 3 3 3 3 3 3 3 3 3 3 3 3 3 3 3 3 3 3 </vcount>
          <p>0 1 2 0 3 1 2 1 4 2 4 5 3 6 1 3 7 6 5 4 8 5 8 9 7 10 6 7 11 10 8 12 9 9 12 13 11 14 10 11 15 14 6 10 16 10 14 16 6 16 17 15 18 14 15 19 18 6 17 20 6 20 1 16 21 17 20 17 21 20 22 1 20 21 22 1 22 4 22 23 4 22 21 23 24 4 23 24 23 21 8 4 24 8 24 12 24 21 25 24 25 12 16 26 21 16 14 26 21 27 25 21 26 27 26 14 28 26 28 27 28 14 18 25 27 29 25 29 12 27 28 30 27 30 29 28 18 31 28 31 30 32 12 29 13 12 32 13 32 33 29 30 34 32 29 34 32 35 33 32 34 35 33 35 36 34 30 37 30 31 37 34 37 38 31 38 37 34 38 35 18 39 31 31 39 38 19 39 18 19 40 39 38 41 35 38 39 41 40 42 39 41 39 43 42 43 39 40 44 42 40 45 44 42 46 43 44 46 42 47 43 46 44 47 46 44 45 47 41 43 47 45 48 47 41 47 48 49 41 48 50 49 48 51 41 49 35 41 51 52 49 50 36 52 50 36 35 53 36 53 52 53 35 51 52 54 49 53 54 52 51 49 54 53 51 54 </p>
        </polylist>
      </mesh>
    </geometry>
    <geometry id="MarioEye__EyeMT_EyeMT_0" name="MarioEye__EyeMT_EyeMT_0" >
      <mesh>
        <source id="MarioEye__EyeMT_EyeMT_0-positions" name="MarioEye__EyeMT_EyeMT_0-positions">
          <float_array id="MarioEye__EyeMT_EyeMT_0-positions-array" count="123"> -0.496454298 3.30442452 0.786865592 -0.312713236 3.48338151 0.891411304 -0.624793351 3.41051817 0.453793734 -0.651993334 3.02785826 0.488785774 -0.521906614 3.03901649 0.762435973 -0.609990418 2.96460795 0.747121096 -0.233301878 2.95957232 0.893971562 -0.262271017 2.82141995 0.89387697 -0.380856127 2.79609847 1.0449214 -0.349045187 2.96807957 1.0681783 -0.073027201 3.05302453 1.10310757 -0.0595641658 3.02943778 0.928677738 0.111613207 2.94619465 0.922402143 0.197623193 2.94687676 1.11323893 0.219482079 2.77281404 1.09440589 0.129492566 2.80622506 0.926169157 0.506498396 2.92130446 0.839150727 0.423084974 3.00236464 0.840329468 0.594913363 2.97949648 0.59156543 0.414475918 3.26909375 0.86195147 0.603321195 3.36288524 0.555024385 0.230433851 3.46231532 0.936181664 -0.624793351 3.41051817 0.453793734 -0.312713236 3.48338151 0.891411304 -0.297779888 3.60824203 0.768994093 -0.0288698673 3.59227943 0.821137965 -0.0438031964 3.46741915 0.943555176 0.230433851 3.46231532 0.936181664 0.245367184 3.58717585 0.813764513 0.603321195 3.36288524 0.555024385 0.111613207 2.94619465 0.922402143 0.423084974 3.00236464 0.840329468 0.414475918 3.26909375 0.86195147 0.230433851 3.46231532 0.936181664 -0.0510226414 3.27780247 0.941918373 -0.0595641658 3.02943778 0.928677738 -0.0438031964 3.46741915 0.943555176 -0.233301878 2.95957232 0.893971562 -0.312713236 3.48338151 0.891411304 -0.496454298 3.30442452 0.786865592 -0.521906614 3.03901649 0.762435973 </float_array>
          <technique_common>
            <accessor count="41" offset="0" source="#MarioEye__EyeMT_EyeMT_0-positions-array" stride="3">
              <param name="X" type="float" />
              <param name="Y" type="float" />
              <param name="Z" type="float" />
            </accessor>
          </technique_common>
        </source>
        <source id="MarioEye__EyeMT_EyeMT_0-normals" name="MarioEye__EyeMT_EyeMT_0-normals">
          <float_array id="MarioEye__EyeMT_EyeMT_0-normals-array" count="123"> -0.708961487 0.144876897 0.690205932 -0.434731573 0.0661012679 0.898130894 -0.920664907 0.139886782 0.364428043 -0.969172835 0.034189187 0.24399823 -0.634952128 0.139281347 0.759892404 -0.794972777 0.0855943412 0.600576282 -0.633454502 0.334103376 0.697932899 -0.935391903 0.109238036 0.336316884 -0.949403167 0.0748183355 -0.305017799 -0.668707132 0.726980209 -0.155982658 0.0355949923 0.998636246 0.0381916203 -0.0487532094 0.534682751 0.843645334 0.534619749 0.288799316 0.794214487 0.739130914 0.672376692 -0.039937824 0.989401281 -0.000378885627 -0.145206526 0.873411298 0.0390831195 0.485412478 0.69027853 0.0279882923 0.723002255 0.510974288 0.0948361531 0.854348481 0.915956438 -0.0389263183 0.399385244 0.595589519 0.0942794532 0.797737122 0.856688499 0.0709514171 0.510931194 0.285817742 0.0381545313 0.957524121 -0.920660079 0.139875948 0.364444494 -0.434752196 0.0660806447 0.89812243 -0.481991976 0.0627912134 0.873922765 -0.0800251067 0.0514390469 0.995464742 -0.0823291093 -0.00563763967 0.996589243 0.285838038 0.0381322391 0.957518935 0.336002201 0.0310654361 0.941348732 0.856680036 0.0709409788 0.51094681 0.534620404 0.288768023 0.794225454 0.510971785 0.0948551744 0.854347885 0.595576942 0.094295986 0.797744513 0.285833925 0.0381467119 0.957519591 -0.0832424536 -0.0292976387 0.996098578 -0.0487649105 0.534701824 0.843632579 -0.0823584571 -0.00546618039 0.996587753 -0.63345933 0.33407259 0.69794327 -0.434747308 0.0660947636 0.898123741 -0.708949089 0.144892588 0.690215409 -0.634948015 0.139300242 0.759892404 </float_array>
          <technique_common>
            <accessor count="41" offset="0" source="#MarioEye__EyeMT_EyeMT_0-normals-array" stride="3">
              <param name="X" type="float" />
              <param name="Y" type="float" />
              <param name="Z" type="float" />
            </accessor>
          </technique_common>
        </source>
        <source id="MarioEye__EyeMT_EyeMT_0-tex0" name="MarioEye__EyeMT_EyeMT_0-tex0">
          <float_array id="MarioEye__EyeMT_EyeMT_0-tex0-array" count="82"> 0.749992371 0.550004601 0.749992371 0.550004601 0.749992371 0.550004601 0.749992371 0.550004601 0.749992371 0.550004601 0.749992371 0.550004601 0.749992371 0.550004601 0.749992371 0.550004601 0.749992371 0.550004601 0.749992371 0.550004601 0.749992371 0.550004601 0.749992371 0.550004601 0.749992371 0.550004601 0.749992371 0.550004601 0.749992371 0.550004601 0.749992371 0.550004601 0.749992371 0.550004601 0.749992371 0.550004601 0.749992371 0.550004601 0.749992371 0.550004601 0.749992371 0.550004601 0.749992371 0.550004601 0.749992371 0.550004601 0.749992371 0.550004601 0.749992371 0.550004601 0.749992371 0.550004601 0.749992371 0.550004601 0.749992371 0.550004601 0.749992371 0.550004601 0.749992371 0.550004601 0.223487049 0.942869365 0.645191789 0.862636209 0.62544632 0.378917813 0.367748052 0.0975371599 -0.00054933317 0.364909828 -0.00054933317 0.829493105 0 0.0975371599 0.223487049 0.942869365 0.367748052 0.0975371599 0.62544632 0.378917813 0.645191789 0.862636209 </float_array>
          <technique_common>
            <accessor count="41" offset="0" source="#MarioEye__EyeMT_EyeMT_0-tex0-array" stride="2">
              <param name="S" type="float" />
              <param name="T" type="float" />
            </accessor>
          </technique_common>
        </source>
        <source id="MarioEye__EyeMT_EyeMT_0-color0" name="MarioEye__EyeMT_EyeMT_0-color0">
          <float_array id="MarioEye__EyeMT_EyeMT_0-color0-array" count="123"> 0.996078432 0.996078432 0.996078432 0.996078432 0.996078432 0.996078432 0.996078432 0.996078432 0.996078432 0.996078432 0.996078432 0.996078432 0.996078432 0.996078432 0.996078432 0.996078432 0.996078432 0.996078432 0.996078432 0.996078432 0.996078432 0.996078432 0.996078432 0.996078432 0.996078432 0.996078432 0.996078432 0.996078432 0.996078432 0.996078432 0.996078432 0.996078432 0.996078432 0.996078432 0.996078432 0.996078432 0.996078432 0.996078432 0.996078432 0.996078432 0.996078432 0.996078432 0.996078432 0.996078432 0.996078432 0.996078432 0.996078432 0.996078432 0.996078432 0.996078432 0.996078432 0.996078432 0.996078432 0.996078432 0.996078432 0.996078432 0.996078432 0.996078432 0.996078432 0.996078432 0.996078432 0.996078432 0.996078432 0.996078432 0.996078432 0.996078432 0 0 0 0 0 0 0 0 0 0 0 0 0 0 0 0 0 0 0 0 0 0 0 0 0.996078432 0.996078432 0.996078432 0.996078432 0.996078432 0.996078432 0.996078432 0.996078432 0.996078432 0.996078432 0.996078432 0.996078432 0.996078432 0.996078432 0.996078432 0.996078432 0.996078432 0.996078432 0.996078432 0.996078432 0.996078432 0.996078432 0.996078432 0.996078432 0.996078432 0.996078432 0.996078432 0.996078432 0.996078432 0.996078432 0.996078432 0.996078432 0.996078432 </float_array>
          <technique_common>
            <accessor count="41" offset="0" source="#MarioEye__EyeMT_EyeMT_0-color0-array" stride="3">
              <param name="R" type="float" />
              <param name="G" type="float" />
              <param name="B" type="float" />
            </accessor>
          </technique_common>
        </source>
        <vertices id="MarioEye__EyeMT_EyeMT_0-vertices">
          <input semantic="POSITION" source="#MarioEye__EyeMT_EyeMT_0-positions" />
        </vertices>
        <polylist count="36" material="defaultMaterial">
          <input offset="0" semantic="VERTEX" source="#MarioEye__EyeMT_EyeMT_0-vertices" />
          <input offset="0" semantic="NORMAL" source="#MarioEye__EyeMT_EyeMT_0-normals" />
          <input offset="0" semantic="TEXCOORD" source="#MarioEye__EyeMT_EyeMT_0-tex0" set="0" />
          <input offset="0" semantic="COLOR" source="#MarioEye__EyeMT_EyeMT_0-color0" set="0" />
          <vcount>3 3 3 3 3 3 3 3 3 3 3 3 3 3 3 3 3 3 3 3 3 3 3 3 3 3 3 3 3 3 3 3 3 3 3 3 </vcount>
          <p>0 1 2 3 0 2 4 0 3 5 4 3 4 5 6 7 6 5 8 9 7 9 6 7 6 9 10 6 10 11 12 11 10 12 10 13 13 14 15 12 13 15 15 16 12 17 12 16 16 18 17 17 18 19 18 20 19 19 20 21 22 23 24 25 24 23 26 25 23 26 27 25 27 28 25 27 29 28 30 31 32 30 32 33 34 30 33 35 30 34 36 34 33 35 34 37 36 38 34 34 38 37 37 38 39 37 39 40 </p>
        </polylist>
      </mesh>
    </geometry>
    <geometry id="Mario64HandL__BodyMT_HandMT_0" name="Mario64HandL__BodyMT_HandMT_0" >
      <mesh>
        <source id="Mario64HandL__BodyMT_HandMT_0-positions" name="Mario64HandL__BodyMT_HandMT_0-positions">
          <float_array id="Mario64HandL__BodyMT_HandMT_0-positions-array" count="81"> 1.06668127 2.34894228 0.651774704 1.06558037 2.34668016 0.670243561 1.05996609 2.34896564 0.654479623 1.24357808 2.34832358 0.580517471 1.06898999 2.34884357 0.644093096 0.945099473 2.64231849 0.80281502 1.19175351 2.30390096 1.01501405 0.976416469 2.28306818 0.641778946 0.908334553 2.56515884 0.68305105 1.15520442 2.75643587 1.05591178 0.806496561 2.54967046 0.65421319 1.34401119 2.45542002 1.0638938 0.993842244 2.44259119 0.332141578 1.27677965 2.38182497 0.652611017 1.28053153 2.28298092 0.304586291 1.28726876 2.34588814 0.392854244 1.44908655 2.57608604 0.273668379 1.34471738 2.57149744 0.262416571 1.3186022 2.53029919 0.143871903 1.02207184 2.72888184 0.344868898 1.08136761 2.71572757 0.426784515 1.13638425 2.85612416 0.488473088 1.66753995 2.76519799 0.496598363 1.37210906 2.99202132 0.729011774 1.5687561 2.68682194 0.886076391 1.60212803 2.45761085 0.649099767 1.45147848 2.45198488 0.938186586 </float_array>
          <technique_common>
            <accessor count="27" offset="0" source="#Mario64HandL__BodyMT_HandMT_0-positions-array" stride="3">
              <param name="X" type="float" />
              <param name="Y" type="float" />
              <param name="Z" type="float" />
            </accessor>
          </technique_common>
        </source>
        <source id="Mario64HandL__BodyMT_HandMT_0-normals" name="Mario64HandL__BodyMT_HandMT_0-normals">
          <float_array id="Mario64HandL__BodyMT_HandMT_0-normals-array" count="81"> -0.037851233 -0.995357454 -0.0884916112 -0.665091693 -0.731450737 0.150442198 -0.48866576 -0.662610531 0.567585289 0.358066708 -0.933668613 -0.00715346495 0.337397277 -0.88955307 0.307990968 -0.890616238 0.27473107 0.362388611 -0.367201924 -0.71121347 0.599448204 -0.573090851 -0.817228615 -0.0608627126 -0.777373374 0.375620961 0.50457859 -0.349720657 0.535442889 0.768762887 -0.992511451 -0.0373558924 -0.116299585 0.386976391 -0.244250402 0.889151871 -0.679312825 -0.341991663 -0.649288714 0.410797745 -0.905488968 -0.10646566 -0.123090126 -0.790635407 -0.599787056 0.78361553 -0.582402885 0.216225669 0.483837366 0.053062629 -0.873547792 0.448846519 0.485107422 -0.750471592 -0.0397996046 -0.0298289675 -0.998762369 -0.614466369 0.446986824 -0.650102913 -0.41615805 0.815255284 -0.402705044 -0.34602347 0.859742045 -0.375647962 0.765279114 0.492812872 -0.414105535 0.0947903246 0.98743099 0.126470864 0.727209687 0.346535087 0.592519641 0.712248027 -0.695771992 -0.0927583501 0.544297993 -0.756923795 0.361671209 </float_array>
          <technique_common>
            <accessor count="27" offset="0" source="#Mario64HandL__BodyMT_HandMT_0-normals-array" stride="3">
              <param name="X" type="float" />
              <param name="Y" type="float" />
              <param name="Z" type="float" />
            </accessor>
          </technique_common>
        </source>
        <source id="Mario64HandL__BodyMT_HandMT_0-tex0" name="Mario64HandL__BodyMT_HandMT_0-tex0">
          <float_array id="Mario64HandL__BodyMT_HandMT_0-tex0-array" count="54"> 0.139038086 -1.015625 0.139282227 -1.01464844 0.138916016 -1.015625 0.141235352 -1.01367188 0.138916016 -1.015625 0.142700195 -1.02441406 0.148925781 -1.01074219 0.136108398 -1.01367188 0.138549805 -1.02246094 0.153808594 -1.02441406 0.135620117 -1.0234375 0.154907227 -1.01367188 0.131591797 -1.02050781 0.143798828 -1.01464844 0.135498047 -1.01367188 0.138183594 -1.01464844 0.141479492 -1.02148438 0.138916016 -1.02148438 0.135375977 -1.02148438 0.135498047 -1.02929688 0.138427734 -1.02734375 0.142333984 -1.03125 0.152954102 -1.0234375 0.153930664 -1.03125 0.158325195 -1.01953125 0.151489258 -1.01367188 0.154418945 -1.01269531 </float_array>
          <technique_common>
            <accessor count="27" offset="0" source="#Mario64HandL__BodyMT_HandMT_0-tex0-array" stride="2">
              <param name="S" type="float" />
              <param name="T" type="float" />
            </accessor>
          </technique_common>
        </source>
        <source id="Mario64HandL__BodyMT_HandMT_0-color0" name="Mario64HandL__BodyMT_HandMT_0-color0">
          <float_array id="Mario64HandL__BodyMT_HandMT_0-color0-array" count="81"> 1 1 1 1 1 1 1 1 1 1 1 1 1 1 1 1 1 1 1 1 1 1 1 1 1 1 1 1 1 1 1 1 1 1 1 1 1 1 1 1 1 1 1 1 1 1 1 1 1 1 1 1 1 1 1 1 1 1 1 1 1 1 1 1 1 1 1 1 1 1 1 1 1 1 1 1 1 1 1 1 1 </float_array>
          <technique_common>
            <accessor count="27" offset="0" source="#Mario64HandL__BodyMT_HandMT_0-color0-array" stride="3">
              <param name="R" type="float" />
              <param name="G" type="float" />
              <param name="B" type="float" />
            </accessor>
          </technique_common>
        </source>
        <vertices id="Mario64HandL__BodyMT_HandMT_0-vertices">
          <input semantic="POSITION" source="#Mario64HandL__BodyMT_HandMT_0-positions" />
        </vertices>
        <polylist count="50" material="defaultMaterial">
          <input offset="0" semantic="VERTEX" source="#Mario64HandL__BodyMT_HandMT_0-vertices" />
          <input offset="0" semantic="NORMAL" source="#Mario64HandL__BodyMT_HandMT_0-normals" />
          <input offset="0" semantic="TEXCOORD" source="#Mario64HandL__BodyMT_HandMT_0-tex0" set="0" />
          <input offset="0" semantic="COLOR" source="#Mario64HandL__BodyMT_HandMT_0-color0" set="0" />
          <vcount>3 3 3 3 3 3 3 3 3 3 3 3 3 3 3 3 3 3 3 3 3 3 3 3 3 3 3 3 3 3 3 3 3 3 3 3 3 3 3 3 3 3 3 3 3 3 3 3 3 3 </vcount>
          <p>0 1 2 0 3 1 0 2 4 0 4 3 1 5 2 3 6 1 1 6 5 2 7 4 2 5 8 2 8 7 6 9 5 7 8 10 6 11 9 7 10 12 6 13 11 3 13 6 7 12 14 4 7 14 3 4 15 4 14 15 3 15 16 3 16 13 15 14 17 15 17 16 14 12 18 14 18 17 12 19 18 18 19 17 12 10 19 10 8 19 17 19 20 19 8 20 17 20 21 21 20 8 16 17 21 5 21 8 5 9 21 16 21 22 9 23 21 23 22 21 9 24 23 24 22 23 11 24 9 25 16 22 25 22 24 13 16 25 11 26 24 13 26 11 25 24 26 13 25 26 </p>
        </polylist>
      </mesh>
    </geometry>
    <geometry id="Face__FaceMT_FaceMT_0" name="Face__FaceMT_FaceMT_0" >
      <mesh>
        <source id="Face__FaceMT_FaceMT_0-positions" name="Face__FaceMT_FaceMT_0-positions">
          <float_array id="Face__FaceMT_FaceMT_0-positions-array" count="309"> -0.27068615 2.82379746 0.894988835 -0.576349556 2.66892958 0.752529562 -0.279889792 2.66271734 0.878962934 -0.617351949 2.97391415 0.754641533 -0.278679192 2.52277088 0.776299894 -0.0716569945 2.5903759 0.868789315 -0.0698995069 2.50675249 0.808119774 0.141878262 2.506459 0.810965538 0.137050122 2.64654613 0.913330376 -0.416249305 2.424371 0.453169912 -0.0540918224 2.32528067 0.53095448 0.322445184 2.39572048 0.514058888 0.44977957 2.62913036 0.837111115 0.137770042 2.8079555 0.928656936 -0.681038499 2.70380616 0.410517573 -0.521906555 3.03901625 0.762435734 -0.665241301 3.03278279 0.496068805 0.61134696 2.65368056 0.517046094 0.513224959 2.93006444 0.847832501 0.607131243 2.98343325 0.600947738 0.423084795 3.00236464 0.840329349 -0.521906555 3.03901625 0.762435734 -0.496454239 3.30442452 0.786865413 -0.665241301 3.03278279 0.496068805 -0.312713265 3.48338151 0.891411126 -0.640079737 3.41427851 0.463043571 -0.27068615 2.82379746 0.894988835 -0.233301908 2.95957255 0.893971384 -0.617351949 2.97391415 0.754641533 -0.521906555 3.03901625 0.762435734 -0.27068615 2.82379746 0.894988835 -0.385893852 2.79737782 1.0411067 -0.353440166 2.97197032 1.0647589 -0.233301908 2.95957255 0.893971384 -0.279889792 2.66271734 0.878962934 -0.405107141 2.77959013 1.24789977 -0.361718237 2.61685681 1.00644982 -0.378459513 2.61091495 1.22786701 -0.0725601465 3.06142616 1.10139346 -0.372852474 2.94438958 1.27011979 -0.059564244 3.02943778 0.928677499 -0.0716569945 2.5903759 0.868789315 -0.087971434 2.50778651 1.02785206 -0.11144416 2.63484573 1.37240446 -0.104054354 2.90100265 1.40798962 -0.106449433 2.4811554 1.23949325 -0.0904922411 3.03894258 1.30836344 0.11161308 2.94619489 0.922401965 0.202803925 2.95039606 1.11060882 0.186198622 2.9227066 1.31620109 0.137050122 2.64654613 0.913330376 0.172966644 2.58952761 1.27331984 0.193159491 2.59533572 1.05218709 0.208876893 2.75577641 1.29850912 0.137770042 2.8079555 0.928656936 0.225158691 2.77367783 1.09147441 -0.738705158 3.2571063 0.135913581 -0.869530618 3.17260814 -0.0414490886 -0.731870651 3.04691744 0.0145601416 -0.554388285 3.11201453 -0.157319412 -0.875235677 2.91644239 -0.0341375247 -0.69171226 2.74188447 0.123603001 -0.495953023 2.87636352 -0.144378811 -0.495953023 2.87636352 -0.144378811 -0.364142179 2.61852193 -0.210953012 -0.69171226 2.74188447 0.123603001 0.0152867259 2.60380554 -0.179677561 -0.416249305 2.424371 0.453169912 -0.681038499 2.70380616 0.410517573 -0.665241301 3.03278279 0.496068805 0.394715637 2.58908939 -0.148402005 0.322445184 2.39572048 0.514058888 -0.0540918224 2.32528067 0.53095448 0.533308268 2.83644342 -0.0595389903 0.671684742 2.68900466 0.235984862 0.61134696 2.65368056 0.517046094 0.607131243 2.98343325 0.600947738 -0.640079737 3.41427851 0.463043571 -0.738705158 3.2571063 0.135913581 -0.665241301 3.03278279 0.496068805 -0.731870651 3.04691744 0.0145601416 -0.69171226 2.74188447 0.123603001 0.423084795 3.00236464 0.840329349 0.607131243 2.98343325 0.600947738 0.414475709 3.26909351 0.861951411 0.617132783 3.36551666 0.566672742 0.230433717 3.46231532 0.936181545 0.137770042 2.8079555 0.928656936 0.513224959 2.93006444 0.847832501 0.11161308 2.94619489 0.922401965 0.423084795 3.00236464 0.840329349 0.755528629 3.19915175 0.259079993 0.752477407 2.9893465 0.136911735 0.906698406 3.10371637 0.104961626 0.611026704 3.06681347 -0.0612567775 0.891406775 2.84792233 0.111482993 0.671684742 2.68900466 0.235984862 0.533308268 2.83644342 -0.0595389903 0.617132783 3.36551666 0.566672742 0.607131243 2.98343325 0.600947738 0.755528629 3.19915175 0.259079993 0.671684742 2.68900466 0.235984862 0.752477407 2.9893465 0.136911735 </float_array>
          <technique_common>
            <accessor count="103" offset="0" source="#Face__FaceMT_FaceMT_0-positions-array" stride="3">
              <param name="X" type="float" />
              <param name="Y" type="float" />
              <param name="Z" type="float" />
            </accessor>
          </technique_common>
        </source>
        <source id="Face__FaceMT_FaceMT_0-normals" name="Face__FaceMT_FaceMT_0-normals">
          <float_array id="Face__FaceMT_FaceMT_0-normals-array" count="309"> -0.935396791 0.11009746 0.336022913 -0.713504255 -0.439761639 0.545455158 -0.695992887 -0.711024165 0.100192636 -0.79485786 0.0863774344 0.600616276 -0.319767058 -0.783030629 0.533490479 -0.028210327 -0.991897285 -0.123870783 -0.0811105072 -0.784500897 0.614800334 0.167451605 -0.801256418 0.574411094 0.613627434 -0.761675596 0.20811443 -0.287350148 -0.94081825 -0.179696769 -0.0218136944 -0.98017782 -0.196915254 0.239499345 -0.961284816 -0.136277542 0.579244614 -0.488594919 0.652495742 0.873580396 0.0399107449 0.485040605 -0.913696408 -0.39741689 0.0849625841 -0.634953797 0.140026912 0.759754002 -0.969153404 0.0341860987 0.244075879 0.854235232 -0.465910763 0.230671436 0.690170228 0.0295112561 0.723045051 0.915954471 -0.0388905741 0.399393201 0.5112499 0.0934551284 0.854335785 -0.634947062 0.140019476 0.759760976 -0.709066391 0.144877002 0.690098226 -0.969151735 0.0342194214 0.244077802 -0.434715569 0.0661290288 0.898136556 -0.92092371 0.138419732 0.364334315 -0.935409486 0.110091709 0.335989416 -0.634086907 0.331750274 0.698480844 -0.794856369 0.0863794386 0.600617945 -0.634935021 0.140017763 0.759771347 -0.935407281 0.110066041 0.336003959 -0.949350476 0.0733382851 -0.3055408 -0.668396592 0.727308452 -0.15578346 -0.634073079 0.331804365 0.698467791 -0.695995688 -0.711027682 0.100147925 -0.913640678 -0.0331981629 0.405164927 -0.741788745 -0.573561668 -0.347529113 -0.787859082 -0.543565154 0.289508224 0.0355887078 0.998635769 0.0382106043 -0.672132134 0.667439997 0.320565462 -0.048807811 0.535163283 0.843337476 -0.0282416157 -0.991891682 -0.123908326 -0.0122822691 -0.953900576 -0.299871325 -0.0903009921 -0.334902316 0.937915862 -0.0763645694 0.131513804 0.98836863 -0.0606414601 -0.956403434 0.285683602 0.0105321882 0.947942436 0.318267554 0.534463584 0.288627505 0.794382036 0.738819301 0.672728002 -0.0397877023 0.660632133 0.61492312 0.430621386 0.613603413 -0.761705816 0.208074719 0.68573302 -0.600728512 0.410969049 0.74227351 -0.631121635 -0.225201145 0.829905689 -0.10080424 0.548721313 0.873588204 0.0399151705 0.48502624 0.989313483 -0.00183891377 -0.145792678 -0.974841475 0.183926955 0.125916332 -0.565864861 0.507652581 -0.64968133 -0.899329722 -0.070767574 0.431506723 -0.755261719 -0.209892109 -0.620906591 -0.711544096 -0.410618365 -0.570173264 -0.785779119 -0.582384229 -0.208278254 -0.530848086 -0.333333522 -0.779159188 -0.530831575 -0.333355665 -0.779160976 -0.24706018 -0.899088204 -0.361388594 -0.785767615 -0.582388163 -0.208310589 -0.00977755524 -0.945266187 -0.326153666 -0.287327647 -0.94082725 -0.179685652 -0.913703263 -0.397403955 0.0849497467 -0.969153285 0.0342005119 0.244074225 0.232916355 -0.917708278 -0.321809679 0.239511266 -0.961283743 -0.136264309 -0.0217762422 -0.98017925 -0.196912393 0.623397589 -0.379381329 -0.683699667 0.762087286 -0.642422378 -0.0807244703 0.854246795 -0.465899855 0.230650693 0.915944517 -0.0389136598 0.399413735 -0.920927405 0.138422981 0.364323795 -0.974838555 0.183961451 0.125888675 -0.969153225 0.0342043228 0.244073957 -0.899333656 -0.0707973242 0.43149364 -0.785766363 -0.582409918 -0.208254486 0.511272371 0.0934205651 0.854326129 0.915943384 -0.0389039516 0.3994174 0.595886111 0.0951517299 0.797411978 0.856585264 0.0701674446 0.511212528 0.285973102 0.0381920263 0.957476258 0.873571217 0.0399264358 0.485055834 0.690155566 0.0294973738 0.723059595 0.534453392 0.288634032 0.794386566 0.511301875 0.0934523717 0.854305029 0.952399313 0.108482435 0.284898371 0.808554351 -0.137010321 0.57224822 0.702071846 0.45830828 -0.545021653 0.828475118 -0.270569623 -0.490327567 0.761463404 -0.467752248 -0.448755324 0.762093902 -0.642418742 -0.0806912854 0.623401165 -0.379382521 -0.683695734 0.856594503 0.0701490566 0.511199534 0.915951014 -0.0389122888 0.399398983 0.952399254 0.108479634 0.284899741 0.762075186 -0.642443717 -0.0806688517 0.808561265 -0.137043893 0.572230399 </float_array>
          <technique_common>
            <accessor count="103" offset="0" source="#Face__FaceMT_FaceMT_0-normals-array" stride="3">
              <param name="X" type="float" />
              <param name="Y" type="float" />
              <param name="Z" type="float" />
            </accessor>
          </technique_common>
        </source>
        <source id="Face__FaceMT_FaceMT_0-tex0" name="Face__FaceMT_FaceMT_0-tex0">
          <float_array id="Face__FaceMT_FaceMT_0-tex0-array" count="206"> 0.33782959 0.600585938 0.482299805 0.637939453 0.346191406 0.660644531 0.485839844 0.481689453 0.377563477 0.729980469 0.286315918 0.720214844 0.27671814 0.764648438 0.377563477 0.729980469 0.346191406 0.660644531 0.495849609 0.823242188 0.308349609 0.893066406 0.495849609 0.823242188 0.482299805 0.637939453 0.33782959 0.600585938 0.596435547 0.665039062 0.474121094 0.434936523 0.602050781 0.500732422 0.596435547 0.665039062 0.485839844 0.481689453 0.602050781 0.500732422 0.474121094 0.434936523 0.280105591 0.455810547 0.304656982 0.385253906 0.355834961 0.494873047 0.284362793 0.311035156 0.407348633 0.399902344 0.638671875 0.554931641 0.638671875 0.554931641 0.638671875 0.554931641 0.638671875 0.554931641 0.607421875 -0.356933594 0.588867188 -0.350097656 0.580322266 -0.370605469 0.591064453 -0.388183594 0.594970703 -0.316894531 0.571533203 -0.3515625 0.581298828 -0.328613281 0.568847656 -0.340332031 0.546142578 -0.38671875 0.568359375 -0.362304688 0.546142578 -0.405273438 0.546142578 -0.291992188 0.546142578 -0.3125 0.546142578 -0.345214844 0.546142578 -0.359375 0.546142578 -0.331054688 0.546142578 -0.37109375 0.591064453 -0.388183594 0.580322266 -0.370605469 0.568359375 -0.362304688 0.594970703 -0.316894531 0.568847656 -0.340332031 0.581298828 -0.328613281 0.571533203 -0.3515625 0.607421875 -0.356933594 0.588867188 -0.350097656 0.817382812 -0.460449219 0.857421875 -0.4296875 0.815917969 -0.397949219 0.771484375 -0.411132812 0.855957031 -0.358886719 0.799316406 -0.317382812 0.751953125 -0.346679688 1.69628906 0.625244141 1.67480469 0.630615234 1.69433594 0.602050781 1.64550781 0.630126953 1.66992188 0.594726562 1.6875 0.585449219 1.69628906 0.559570312 1.67480469 0.630615234 1.66992188 0.594726562 1.64550781 0.599853516 1.69628906 0.625244141 1.69433594 0.602050781 1.6875 0.585449219 1.69628906 0.559570312 0.495727539 0.244678497 0.733398438 0.288421631 0.477539062 0.427490234 0.755859375 0.443115234 0.655273438 0.557373047 0.280105591 0.455810547 0.355834961 0.494873047 0.304656982 0.385253906 0.407348633 0.399902344 0.284362793 0.311035156 0.638671875 0.554931641 0.638671875 0.554931641 0.638671875 0.554931641 0.638671875 0.554931641 0.817382812 -0.460449219 0.815917969 -0.397949219 0.857421875 -0.4296875 0.771484375 -0.411132812 0.855957031 -0.358886719 0.799316406 -0.317382812 0.751953125 -0.346679688 0.495727539 0.244678497 0.477539062 0.427490234 0.733398438 0.288421631 0.655273438 0.557373047 0.755859375 0.443115234 </float_array>
          <technique_common>
            <accessor count="103" offset="0" source="#Face__FaceMT_FaceMT_0-tex0-array" stride="2">
              <param name="S" type="float" />
              <param name="T" type="float" />
            </accessor>
          </technique_common>
        </source>
        <source id="Face__FaceMT_FaceMT_0-color0" name="Face__FaceMT_FaceMT_0-color0">
          <float_array id="Face__FaceMT_FaceMT_0-color0-array" count="309"> 0.996078432 0.996078432 0.996078432 0.996078432 0.996078432 0.996078432 0.996078432 0.996078432 0.996078432 0.996078432 0.996078432 0.996078432 0.996078432 0.996078432 0.996078432 0.996078432 0.996078432 0.996078432 0.996078432 0.996078432 0.996078432 0.996078432 0.996078432 0.996078432 0.996078432 0.996078432 0.996078432 0.996078432 0.996078432 0.996078432 0.996078432 0.996078432 0.996078432 0.996078432 0.996078432 0.996078432 0.996078432 0.996078432 0.996078432 0.996078432 0.996078432 0.996078432 0.996078432 0.996078432 0.996078432 0.996078432 0.996078432 0.996078432 0.996078432 0.996078432 0.996078432 0.996078432 0.996078432 0.996078432 0.996078432 0.996078432 0.996078432 0.996078432 0.996078432 0.996078432 0.996078432 0.996078432 0.996078432 0.996078432 0.996078432 0.996078432 0.996078432 0.996078432 0.996078432 0.996078432 0.996078432 0.996078432 0.996078432 0.996078432 0.996078432 0.996078432 0.996078432 0.996078432 0.996078432 0.996078432 0.996078432 0.996078432 0.996078432 0.996078432 0.996078432 0.996078432 0.996078432 0.996078432 0.996078432 0.996078432 0.996078432 0.996078432 0.996078432 0.996078432 0.996078432 0.996078432 0.996078432 0.996078432 0.996078432 0.996078432 0.996078432 0.996078432 0.996078432 0.996078432 0.996078432 0.996078432 0.996078432 0.996078432 0.996078432 0.996078432 0.996078432 0.996078432 0.996078432 0.996078432 0.996078432 0.996078432 0.996078432 0.996078432 0.996078432 0.996078432 0.996078432 0.996078432 0.996078432 0.996078432 0.996078432 0.996078432 0.996078432 0.996078432 0.996078432 0.996078432 0.996078432 0.996078432 0.996078432 0.996078432 0.996078432 0.996078432 0.996078432 0.996078432 0.996078432 0.996078432 0.996078432 0.996078432 0.996078432 0.996078432 0.996078432 0.996078432 0.996078432 0.996078432 0.996078432 0.996078432 0.996078432 0.996078432 0.996078432 0.996078432 0.996078432 0.996078432 0.996078432 0.996078432 0.996078432 0.996078432 0.996078432 0.996078432 0.996078432 0.996078432 0.996078432 0.996078432 0.996078432 0.996078432 0.996078432 0.996078432 0.996078432 0.996078432 0.996078432 0.996078432 0.996078432 0.996078432 0.996078432 0.996078432 0.996078432 0.996078432 0.996078432 0.996078432 0.996078432 0.996078432 0.996078432 0.996078432 0.996078432 0.996078432 0.996078432 0.996078432 0.996078432 0.996078432 0.996078432 0.996078432 0.996078432 0.996078432 0.996078432 0.996078432 0.996078432 0.996078432 0.996078432 0.996078432 0.996078432 0.996078432 0.996078432 0.996078432 0.996078432 0.996078432 0.996078432 0.996078432 0.996078432 0.996078432 0.996078432 0.996078432 0.996078432 0.996078432 0.996078432 0.996078432 0.996078432 0.996078432 0.996078432 0.996078432 0.996078432 0.996078432 0.996078432 0.996078432 0.996078432 0.996078432 0.996078432 0.996078432 0.996078432 0.996078432 0.996078432 0.996078432 0.996078432 0.996078432 0.996078432 0.996078432 0.996078432 0.996078432 0.996078432 0.996078432 0.996078432 0.996078432 0.996078432 0.996078432 0.996078432 0.996078432 0.996078432 0.996078432 0.996078432 0.996078432 0.996078432 0.996078432 0.996078432 0.996078432 0.996078432 0.996078432 0.996078432 0.996078432 0.996078432 0.996078432 0.996078432 0.996078432 0.996078432 0.996078432 0.996078432 0.996078432 0.996078432 0.996078432 0.996078432 0.996078432 0.996078432 0.996078432 0.996078432 0.996078432 0.996078432 0.996078432 0.996078432 0.996078432 0.996078432 0.996078432 0.996078432 0.996078432 0.996078432 0.996078432 0.996078432 0.996078432 0.996078432 0.996078432 0.996078432 0.996078432 0.996078432 0.996078432 0.996078432 0.996078432 0.996078432 0.996078432 0.996078432 0.996078432 0.996078432 0.996078432 0.996078432 0.996078432 0.996078432 0.996078432 0.996078432 0.996078432 0.996078432 </float_array>
          <technique_common>
            <accessor count="103" offset="0" source="#Face__FaceMT_FaceMT_0-color0-array" stride="3">
              <param name="R" type="float" />
              <param name="G" type="float" />
              <param name="B" type="float" />
            </accessor>
          </technique_common>
        </source>
        <vertices id="Face__FaceMT_FaceMT_0-vertices">
          <input semantic="POSITION" source="#Face__FaceMT_FaceMT_0-positions" />
        </vertices>
        <polylist count="108" material="defaultMaterial">
          <input offset="0" semantic="VERTEX" source="#Face__FaceMT_FaceMT_0-vertices" />
          <input offset="0" semantic="NORMAL" source="#Face__FaceMT_FaceMT_0-normals" />
          <input offset="0" semantic="TEXCOORD" source="#Face__FaceMT_FaceMT_0-tex0" set="0" />
          <input offset="0" semantic="COLOR" source="#Face__FaceMT_FaceMT_0-color0" set="0" />
          <vcount>3 3 3 3 3 3 3 3 3 3 3 3 3 3 3 3 3 3 3 3 3 3 3 3 3 3 3 3 3 3 3 3 3 3 3 3 3 3 3 3 3 3 3 3 3 3 3 3 3 3 3 3 3 3 3 3 3 3 3 3 3 3 3 3 3 3 3 3 3 3 3 3 3 3 3 3 3 3 3 3 3 3 3 3 3 3 3 3 3 3 3 3 3 3 3 3 3 3 3 3 3 3 3 3 3 3 3 3 </vcount>
          <p>0 1 2 0 3 1 2 1 4 2 4 5 5 6 7 5 7 8 5 4 6 4 9 10 4 10 6 4 1 9 6 10 7 7 10 11 7 12 8 7 11 12 8 12 13 9 1 14 1 3 14 3 15 16 3 16 14 11 17 12 12 18 13 12 17 18 17 19 18 18 19 20 21 22 23 22 24 25 22 25 23 26 27 28 27 29 28 30 31 32 30 32 33 30 34 31 31 35 32 31 36 37 31 37 35 31 34 36 32 38 33 32 39 38 32 35 39 33 38 40 34 41 42 34 42 36 35 37 43 35 44 39 35 43 44 36 42 37 37 42 45 37 45 43 39 46 38 39 44 46 40 38 47 38 48 47 38 49 48 38 46 49 41 50 42 42 51 45 42 52 51 42 50 52 43 51 53 43 45 51 43 53 44 44 49 46 44 53 49 47 48 54 48 53 55 48 49 53 48 55 54 50 54 55 50 55 52 51 52 55 51 55 53 56 57 58 56 59 57 57 60 58 57 59 60 58 60 61 59 62 60 60 62 61 63 64 65 64 66 67 64 67 65 65 67 68 65 68 69 66 70 71 66 71 72 66 72 67 70 73 74 70 74 71 71 74 75 74 76 75 77 78 79 78 80 79 79 80 81 82 83 84 83 85 84 84 85 86 87 88 89 88 90 89 91 92 93 91 93 94 92 95 93 92 96 95 93 95 94 94 95 97 95 96 97 98 99 100 99 101 102 99 102 100 </p>
        </polylist>
      </mesh>
    </geometry>
    <geometry id="Hair__HairMT_HairMT.001_0" name="Hair__HairMT_HairMT.001_0" >
      <mesh>
        <source id="Hair__HairMT_HairMT.001_0-positions" name="Hair__HairMT_HairMT.001_0-positions">
          <float_array id="Hair__HairMT_HairMT.001_0-positions-array" count="132"> -0.640079677 3.41427803 0.463043809 -0.750746191 3.64887214 0.218486279 -0.738705277 3.2571063 0.135913923 -0.510553956 3.88695979 0.580632091 -0.366840333 3.9329648 0.285784185 -0.750746191 3.64887214 0.218486279 -0.0174798835 3.90257525 0.828963459 -0.246354029 3.81484675 0.839471042 0.119490407 3.829041 0.929962754 0.240531921 3.83323789 0.833686411 -0.0174798835 3.90257525 0.828963459 0.506878376 3.84749818 0.66449672 0.4172768 3.90255237 0.350417197 0.78401053 3.58934593 0.344992757 0.611026824 3.06681323 -0.0612567216 0.533308446 2.83644295 -0.0595388822 0.408468127 2.95703816 -0.438758522 -0.554388344 3.11201429 -0.157319233 -0.301888198 2.98458958 -0.497311562 -0.495953053 2.87636328 -0.144378558 -0.341729373 2.95661306 -0.583344758 0.0532899834 2.97081375 -0.468035042 0.0571475588 2.76498508 -0.611684859 -0.549472451 2.75773001 -0.445018083 -0.364142239 2.61852169 -0.210952803 -0.193878606 2.81495142 -0.631842434 -0.387287825 2.82041788 -0.631739259 -0.343647093 2.61480308 -0.461346537 0.0152867483 2.6038053 -0.179677337 0.415210873 2.58537054 -0.398795605 0.394715726 2.58908916 -0.148401871 0.311181426 2.79536247 -0.590211511 0.625974238 2.71213984 -0.348128706 0.50181067 2.78593373 -0.558452845 0.459567517 2.92553449 -0.517295659 -0.738705277 3.2571063 0.135913923 -0.554388344 3.11201429 -0.157319233 0.0319956653 3.77446222 0.196693137 -0.495953053 2.87636328 -0.144378558 -0.364142239 2.61852169 -0.210952803 0.611026824 3.06681323 -0.0612567216 0.533308446 2.83644295 -0.0595388822 0.0152867483 2.6038053 -0.179677337 0.394715726 2.58908916 -0.148401871 </float_array>
          <technique_common>
            <accessor count="44" offset="0" source="#Hair__HairMT_HairMT.001_0-positions-array" stride="3">
              <param name="X" type="float" />
              <param name="Y" type="float" />
              <param name="Z" type="float" />
            </accessor>
          </technique_common>
        </source>
        <source id="Hair__HairMT_HairMT.001_0-normals" name="Hair__HairMT_HairMT.001_0-normals">
          <float_array id="Hair__HairMT_HairMT.001_0-normals-array" count="132"> -0.937111557 -0.177682638 0.300417811 -0.887610137 0.455534101 -0.0680950433 -0.981676996 -0.108520254 -0.1566322 -0.482754111 0.864096344 0.142428696 -0.370628327 0.927215397 -0.0539095737 -0.887597799 0.455555677 -0.0681117177 0.0365759693 0.982030094 0.185146242 -0.348229051 0.930563509 0.113084532 0.344751239 0.83398807 0.430825293 0.287032396 0.826181591 0.484805524 0.0365510099 0.982029498 0.185154185 0.531316042 0.817256153 0.22314924 0.44468677 0.89558661 0.0133512234 0.919170439 0.38547951 0.0808161572 0.872010589 -0.370363355 -0.320044488 0.985946357 -0.163731962 -0.0331903026 0.42176351 -0.143795162 -0.895230949 -0.833822846 -0.304201961 -0.460652441 -0.279514462 -0.116595313 -0.953035772 -0.976886749 -0.0876026526 -0.194982171 -0.482614011 0.760624528 -0.434205115 0.0792429149 -0.0708510801 -0.99433428 0.0210201163 -0.779078722 -0.626573622 -0.984655142 -0.00922789425 -0.174267247 -0.0954356641 -0.988468766 -0.117564835 0.0650196001 -0.124034464 -0.990145385 -0.43191728 -0.224645525 -0.873488307 -0.0143006183 -0.953870714 -0.299876809 -0.0191627592 -0.973982096 -0.225813374 -0.010277967 -0.954038084 -0.299509019 0.0370411389 -0.993606985 -0.106644981 0.0884077996 -0.124938972 -0.988217771 0.996229231 -0.0860631317 -0.0109767811 0.550339043 -0.262742698 -0.792523324 0.604184806 0.718462646 -0.344633311 0.467066139 -0.751511395 0.465918303 -0.00844686199 -0.464538425 0.88551265 -0.0580387823 -0.890082598 0.452088982 -0.188126713 -0.249050021 0.95004338 -0.0944930613 -0.302588612 0.948425651 -0.172229692 -0.458179772 0.872013867 0.0105377734 -0.258245558 0.966021836 -0.09379448 -0.303068727 0.948341668 -0.0938302949 -0.303057194 0.948341846 </float_array>
          <technique_common>
            <accessor count="44" offset="0" source="#Hair__HairMT_HairMT.001_0-normals-array" stride="3">
              <param name="X" type="float" />
              <param name="Y" type="float" />
              <param name="Z" type="float" />
            </accessor>
          </technique_common>
        </source>
        <source id="Hair__HairMT_HairMT.001_0-tex0" name="Hair__HairMT_HairMT.001_0-tex0">
          <float_array id="Hair__HairMT_HairMT.001_0-tex0-array" count="88"> 0.267212182 0.267212152 0.267212182 0.267212152 0.267212182 0.267212152 0.267212182 0.267212152 0.267212182 0.267212152 0.267212182 0.267212152 0.267212182 0.267212152 0.267212182 0.267212152 0.267212182 0.267212152 0.267212182 0.267212152 0.267212182 0.267212152 0.267212182 0.267212152 0.267212182 0.267212152 0.267212182 0.267212152 0.267212182 0.267212152 0.267212182 0.267212152 0.267212182 0.267212152 0.267212182 0.267212152 0.267212182 0.267212152 0.267212182 0.267212152 0.267212182 0.267212152 0.267212182 0.267212152 0.267212182 0.267212152 0.267212182 0.267212152 0.267212182 0.267212152 0.267212182 0.267212152 0.267212182 0.267212152 0.267212182 0.267212152 0.267212182 0.267212152 0.267212182 0.267212152 0.267212182 0.267212152 0.267212182 0.267212152 0.267212182 0.267212152 0.267212182 0.267212152 0.267212182 0.267212152 0.255577177 0.253875792 0.255577177 0.253875792 0.255577177 0.253875792 0.255577177 0.253875792 0.255577177 0.253875792 0.255577177 0.253875792 0.255577177 0.253875792 0.255577177 0.253875792 0.255577177 0.253875792 </float_array>
          <technique_common>
            <accessor count="44" offset="0" source="#Hair__HairMT_HairMT.001_0-tex0-array" stride="2">
              <param name="S" type="float" />
              <param name="T" type="float" />
            </accessor>
          </technique_common>
        </source>
        <source id="Hair__HairMT_HairMT.001_0-color0" name="Hair__HairMT_HairMT.001_0-color0">
          <float_array id="Hair__HairMT_HairMT.001_0-color0-array" count="132"> 0.996078432 0.996078432 0.996078432 0.996078432 0.996078432 0.996078432 0.996078432 0.996078432 0.996078432 0.996078432 0.996078432 0.996078432 0.996078432 0.996078432 0.996078432 0.996078432 0.996078432 0.996078432 0.996078432 0.996078432 0.996078432 0.996078432 0.996078432 0.996078432 0.996078432 0.996078432 0.996078432 0.996078432 0.996078432 0.996078432 0.996078432 0.996078432 0.996078432 0.996078432 0.996078432 0.996078432 0.996078432 0.996078432 0.996078432 0.996078432 0.996078432 0.996078432 0.996078432 0.996078432 0.996078432 0.996078432 0.996078432 0.996078432 0.996078432 0.996078432 0.996078432 0.996078432 0.996078432 0.996078432 0.996078432 0.996078432 0.996078432 0.996078432 0.996078432 0.996078432 0.996078432 0.996078432 0.996078432 0.996078432 0.996078432 0.996078432 0.996078432 0.996078432 0.996078432 0.996078432 0.996078432 0.996078432 0.996078432 0.996078432 0.996078432 0.996078432 0.996078432 0.996078432 0.996078432 0.996078432 0.996078432 0.996078432 0.996078432 0.996078432 0.996078432 0.996078432 0.996078432 0.996078432 0.996078432 0.996078432 0.996078432 0.996078432 0.996078432 0.996078432 0.996078432 0.996078432 0.996078432 0.996078432 0.996078432 0.996078432 0.996078432 0.996078432 0.996078432 0.996078432 0.996078432 0.996078432 0.996078432 0.996078432 0.996078432 0.996078432 0.996078432 0.996078432 0.996078432 0.996078432 0.996078432 0.996078432 0.996078432 0.996078432 0.996078432 0.996078432 0.996078432 0.996078432 0.996078432 0.996078432 0.996078432 0.996078432 0.996078432 0.996078432 0.996078432 0.996078432 0.996078432 0.996078432 </float_array>
          <technique_common>
            <accessor count="44" offset="0" source="#Hair__HairMT_HairMT.001_0-color0-array" stride="3">
              <param name="R" type="float" />
              <param name="G" type="float" />
              <param name="B" type="float" />
            </accessor>
          </technique_common>
        </source>
        <vertices id="Hair__HairMT_HairMT.001_0-vertices">
          <input semantic="POSITION" source="#Hair__HairMT_HairMT.001_0-positions" />
        </vertices>
        <polylist count="45" material="defaultMaterial">
          <input offset="0" semantic="VERTEX" source="#Hair__HairMT_HairMT.001_0-vertices" />
          <input offset="0" semantic="NORMAL" source="#Hair__HairMT_HairMT.001_0-normals" />
          <input offset="0" semantic="TEXCOORD" source="#Hair__HairMT_HairMT.001_0-tex0" set="0" />
          <input offset="0" semantic="COLOR" source="#Hair__HairMT_HairMT.001_0-color0" set="0" />
          <vcount>3 3 3 3 3 3 3 3 3 3 3 3 3 3 3 3 3 3 3 3 3 3 3 3 3 3 3 3 3 3 3 3 3 3 3 3 3 3 3 3 3 3 3 3 3 </vcount>
          <p>0 1 2 3 4 5 6 4 3 6 3 7 8 9 10 11 10 9 11 12 10 11 13 12 14 15 16 17 18 19 18 20 19 21 16 22 18 21 22 19 20 23 19 23 24 18 25 20 18 22 25 20 26 23 20 25 26 23 27 24 23 26 27 25 27 26 22 27 25 24 27 28 22 28 27 22 29 28 28 29 30 22 31 29 22 16 31 29 32 30 15 30 32 29 31 33 29 33 32 31 16 34 31 34 33 15 34 16 32 33 34 15 32 34 35 36 37 36 38 37 38 39 37 40 37 41 39 42 37 41 37 43 43 37 42 </p>
        </polylist>
      </mesh>
    </geometry>
    <geometry id="Cap__CapMT_CapMT_0" name="Cap__CapMT_CapMT_0" >
      <mesh>
        <source id="Cap__CapMT_CapMT_0-positions" name="Cap__CapMT_CapMT_0-positions">
          <float_array id="Cap__CapMT_CapMT_0-positions-array" count="165"> 0.617132902 3.36551642 0.566672742 0.456436813 3.99365759 0.864569843 0.16197288 3.60821843 0.983353019 -0.0231652223 4.11117268 0.996089756 -0.241866738 3.62388134 0.950065494 -0.482409894 4.03007126 0.787182987 -0.640079558 3.41427803 0.463043749 0.617132902 3.36551642 0.566672742 0.357765466 3.40922618 1.22677183 0.230434135 3.46231556 0.936181664 -0.0772556141 3.45390916 1.3430388 -0.281100959 3.47109032 0.953973472 -0.489543915 3.44208932 1.15693021 -0.640079558 3.41427803 0.463043749 0.617132902 3.36551642 0.566672742 0.16197288 3.60821843 0.983353019 0.357765466 3.40922618 1.22677183 -0.0772556141 3.45390916 1.3430388 -0.241866738 3.62388134 0.950065494 -0.489543915 3.44208932 1.15693021 -0.640079558 3.41427803 0.463043749 0.898100019 3.62291193 0.380571425 0.617132902 3.36551642 0.566672742 0.755528748 3.19915152 0.259079963 0.456436813 3.99365759 0.864569843 0.847837031 3.32018328 -0.00990217086 0.611026704 3.06681299 -0.0612568781 0.312754184 4.19501352 0.473567009 0.408468008 2.95703769 -0.438758612 -0.0231652223 4.11117268 0.996089756 0.533728004 3.585536 -0.225679278 -0.261673421 4.21729326 0.426218361 -0.482409894 4.03007126 0.787182987 0.415050417 3.36807013 -0.600700974 -0.86619252 3.69134068 0.235145062 -0.640079558 3.41427803 0.463043749 -0.738705397 3.25710583 0.135913879 -0.411572754 3.62219977 -0.303598106 -0.776204765 3.38317227 -0.143767983 -0.554388404 3.11201406 -0.157319218 -0.301888436 2.9845891 -0.497311562 -0.250263363 3.39387465 -0.655541182 -0.262352407 3.098557 -0.693505168 0.410427928 3.07246304 -0.638049543 -0.301888436 2.9845891 -0.497311562 0.0160222091 3.60423183 0.292808175 -0.554388404 3.11201406 -0.157319218 -0.738705397 3.25710583 0.135913879 0.408468008 2.95703769 -0.438758612 -0.640079558 3.41427803 0.463043749 0.611026704 3.06681299 -0.0612568781 -0.281100959 3.47109032 0.953973472 0.755528748 3.19915152 0.259079963 0.230434135 3.46231556 0.936181664 0.617132902 3.36551642 0.566672742 </float_array>
          <technique_common>
            <accessor count="55" offset="0" source="#Cap__CapMT_CapMT_0-positions-array" stride="3">
              <param name="X" type="float" />
              <param name="Y" type="float" />
              <param name="Z" type="float" />
            </accessor>
          </technique_common>
        </source>
        <source id="Cap__CapMT_CapMT_0-normals" name="Cap__CapMT_CapMT_0-normals">
          <float_array id="Cap__CapMT_CapMT_0-normals-array" count="165"> 0.710055172 -0.10837695 0.69575578 0.652011812 0.424995244 0.627901018 0.428973019 0.405789375 0.807042181 -0.0353942513 0.668007851 0.743312001 -0.522643745 0.442698061 0.728602707 -0.711244166 0.47786963 0.515531123 -0.820459902 -0.0490152203 0.569599092 -0.286508262 -0.956828654 -0.0489077382 -0.195413411 -0.976304829 -0.0929650664 -0.176483139 -0.982351184 -0.0619666316 -0.0295297727 -0.997552335 -0.0633824617 0.0735736564 -0.996939003 -0.0264479443 0.109482214 -0.993492663 -0.031400647 0.145547166 -0.989314258 0.00856192131 0.710060894 -0.108364165 0.695751905 0.428971797 0.405770749 0.807052255 0.456229717 0.832933486 0.313171357 -0.00360544305 0.887270272 0.461235762 -0.522645295 0.442679465 0.7286129 -0.435843527 0.86753279 0.239639938 -0.820464075 -0.0490022153 0.569594145 0.886051893 0.463322312 -0.0156345237 0.710071027 -0.108382009 0.695738792 0.847821176 -0.465671331 0.253671885 0.652033925 0.424980581 0.627887964 0.928414941 0.054180745 -0.367573291 0.737131715 -0.654183984 -0.169352144 0.23388955 0.85857594 -0.456226975 0.354247689 -0.81491065 -0.458725631 -0.0353323929 0.667990029 0.743330956 0.258842081 0.767666817 -0.586249471 -0.0894015506 0.871091187 -0.48291561 -0.711264789 0.477856636 0.515514672 0.254546732 0.608616829 -0.751526117 -0.833261073 0.53002286 -0.157326818 -0.820472836 -0.0490191616 0.569580078 -0.911165655 -0.397448331 0.108682841 -0.0996841639 0.781559944 -0.615814209 -0.848863244 0.123109765 -0.514077008 -0.747637033 -0.596596837 -0.291738003 -0.33611989 -0.78813076 -0.515629113 -0.0806851611 0.621600688 -0.779167831 -0.193144426 -0.350328505 -0.916496158 0.313650817 -0.368345022 -0.875182927 0.0289031062 -0.791968822 0.60987705 -0.0531267338 -0.955444753 0.290349633 0.274885744 -0.802351773 0.529782474 0.284365445 -0.833719552 0.473337084 -0.189070389 -0.783515096 0.59190917 0.304751247 -0.944703579 0.121085912 -0.419227421 -0.77465862 0.473447353 0.126787752 -0.981942058 -0.140408784 -0.422945619 -0.805630505 0.414821029 -0.174257904 -0.972353399 -0.15544486 -0.402609646 -0.910786927 0.0915018544 </float_array>
          <technique_common>
            <accessor count="55" offset="0" source="#Cap__CapMT_CapMT_0-normals-array" stride="3">
              <param name="X" type="float" />
              <param name="Y" type="float" />
              <param name="Z" type="float" />
            </accessor>
          </technique_common>
        </source>
        <source id="Cap__CapMT_CapMT_0-tex0" name="Cap__CapMT_CapMT_0-tex0">
          <float_array id="Cap__CapMT_CapMT_0-tex0-array" count="110"> 1.00488281 0.787109375 0.808105469 0.33026123 0.624511719 0.616699219 0.49987793 0.261260986 0.375244141 0.616699219 0.191436768 0.33026123 -0.00512695312 0.787109375 0.713867188 0.298461914 0.706054688 0.293914795 0.700195312 0.293457031 0.689941406 0.292144775 0.680908203 0.293579102 0.673828125 0.293914795 0.666015625 0.298461914 0.713867188 0.298461914 0.697509766 0.287811279 0.706054688 0.293914795 0.689941406 0.292144775 0.682128906 0.287811279 0.673828125 0.293914795 0.666015625 0.298461914 0.723388672 0.289337158 0.713867188 0.298461914 0.718261719 0.306030273 0.707763672 0.27355957 0.720947266 0.30267334 0.712158203 0.312683105 0.700927734 0.268005371 0.703369141 0.318847656 0.689941406 0.26902771 0.708007812 0.294036865 0.678955078 0.268005371 0.672119141 0.27355957 0.702636719 0.304138184 0.65625 0.289337158 0.666015625 0.298461914 0.661376953 0.306030273 0.671875 0.294036865 0.658935547 0.30267334 0.667724609 0.312683105 0.676269531 0.318847656 0.677246094 0.304138184 0.677001953 0.315429688 0.702636719 0.315429688 0.697998047 0.695068359 0.704833984 0.708007812 0.693603516 0.701660156 0.690429688 0.70703125 0.711669922 0.695068359 0.692871094 0.712646484 0.715820312 0.701660156 0.700195312 0.721191406 0.718994141 0.70703125 0.709960938 0.720214844 0.716796875 0.712646484 </float_array>
          <technique_common>
            <accessor count="55" offset="0" source="#Cap__CapMT_CapMT_0-tex0-array" stride="2">
              <param name="S" type="float" />
              <param name="T" type="float" />
            </accessor>
          </technique_common>
        </source>
        <source id="Cap__CapMT_CapMT_0-color0" name="Cap__CapMT_CapMT_0-color0">
          <float_array id="Cap__CapMT_CapMT_0-color0-array" count="165"> 0.996078432 0.996078432 0.996078432 0.996078432 0.996078432 0.996078432 0.996078432 0.996078432 0.996078432 0.996078432 0.996078432 0.996078432 0.996078432 0.996078432 0.996078432 0.996078432 0.996078432 0.996078432 0.996078432 0.996078432 0.996078432 0.996078432 0.996078432 0.996078432 0.996078432 0.996078432 0.996078432 0.996078432 0.996078432 0.996078432 0.996078432 0.996078432 0.996078432 0.996078432 0.996078432 0.996078432 0.996078432 0.996078432 0.996078432 0.996078432 0.996078432 0.996078432 0.996078432 0.996078432 0.996078432 0.996078432 0.996078432 0.996078432 0.996078432 0.996078432 0.996078432 0.996078432 0.996078432 0.996078432 0.996078432 0.996078432 0.996078432 0.996078432 0.996078432 0.996078432 0.996078432 0.996078432 0.996078432 0.996078432 0.996078432 0.996078432 0.996078432 0.996078432 0.996078432 0.996078432 0.996078432 0.996078432 0.996078432 0.996078432 0.996078432 0.996078432 0.996078432 0.996078432 0.996078432 0.996078432 0.996078432 0.996078432 0.996078432 0.996078432 0.996078432 0.996078432 0.996078432 0.996078432 0.996078432 0.996078432 0.996078432 0.996078432 0.996078432 0.996078432 0.996078432 0.996078432 0.996078432 0.996078432 0.996078432 0.996078432 0.996078432 0.996078432 0.996078432 0.996078432 0.996078432 0.996078432 0.996078432 0.996078432 0.996078432 0.996078432 0.996078432 0.996078432 0.996078432 0.996078432 0.996078432 0.996078432 0.996078432 0.996078432 0.996078432 0.996078432 0.996078432 0.996078432 0.996078432 0.996078432 0.996078432 0.996078432 0.996078432 0.996078432 0.996078432 0.996078432 0.996078432 0.996078432 0.996078432 0.996078432 0.996078432 0.996078432 0.996078432 0.996078432 0.996078432 0.996078432 0.996078432 0.996078432 0.996078432 0.996078432 0.996078432 0.996078432 0.996078432 0.996078432 0.996078432 0.996078432 0.996078432 0.996078432 0.996078432 0.996078432 0.996078432 0.996078432 0.996078432 0.996078432 0.996078432 0.996078432 0.996078432 0.996078432 0.996078432 0.996078432 0.996078432 </float_array>
          <technique_common>
            <accessor count="55" offset="0" source="#Cap__CapMT_CapMT_0-color0-array" stride="3">
              <param name="R" type="float" />
              <param name="G" type="float" />
              <param name="B" type="float" />
            </accessor>
          </technique_common>
        </source>
        <vertices id="Cap__CapMT_CapMT_0-vertices">
          <input semantic="POSITION" source="#Cap__CapMT_CapMT_0-positions" />
        </vertices>
        <polylist count="58" material="defaultMaterial">
          <input offset="0" semantic="VERTEX" source="#Cap__CapMT_CapMT_0-vertices" />
          <input offset="0" semantic="NORMAL" source="#Cap__CapMT_CapMT_0-normals" />
          <input offset="0" semantic="TEXCOORD" source="#Cap__CapMT_CapMT_0-tex0" set="0" />
          <input offset="0" semantic="COLOR" source="#Cap__CapMT_CapMT_0-color0" set="0" />
          <vcount>3 3 3 3 3 3 3 3 3 3 3 3 3 3 3 3 3 3 3 3 3 3 3 3 3 3 3 3 3 3 3 3 3 3 3 3 3 3 3 3 3 3 3 3 3 3 3 3 3 3 3 3 3 3 3 3 3 3 </vcount>
          <p>0 1 2 1 3 2 2 3 4 3 5 4 4 5 6 7 8 9 8 10 9 9 10 11 10 12 11 11 12 13 14 15 16 15 17 16 18 17 15 19 17 18 20 19 18 21 22 23 21 24 22 25 21 23 25 23 26 21 27 24 28 25 26 27 29 24 25 30 21 21 30 27 31 29 27 30 31 27 31 32 29 25 33 30 34 32 31 34 35 32 36 35 34 37 31 30 37 34 31 33 37 30 38 36 34 38 34 37 38 39 36 38 40 39 41 37 33 41 38 37 42 40 38 42 38 41 42 28 40 43 41 33 42 41 43 42 43 28 43 33 25 43 25 28 44 45 46 46 45 47 44 48 45 47 45 49 48 50 45 49 45 51 50 52 45 51 45 53 52 54 45 45 54 53 </p>
        </polylist>
      </mesh>
    </geometry>
    <geometry id="Mario64HandR__BodyMT_HandMT_0" name="Mario64HandR__BodyMT_HandMT_0" >
      <mesh>
        <source id="Mario64HandR__BodyMT_HandMT_0-positions" name="Mario64HandR__BodyMT_HandMT_0-positions">
          <float_array id="Mario64HandR__BodyMT_HandMT_0-positions-array" count="81"> -1.71038902 2.85648394 0.207966492 -1.66568983 2.72689986 0.593717933 -1.4801271 3.06760406 0.516433299 -1.29318321 2.80245161 0.839168131 -1.19693327 2.99008775 0.302691698 -1.63758302 2.53526068 0.32484293 -1.44131589 2.7224493 0.00104320585 -1.53396142 2.497051 0.631601334 -1.44830537 2.48960924 0.772920132 -1.31060433 2.48632288 0.372773409 -1.27525663 2.36027169 0.729843736 -1.03548682 2.74626136 0.611879885 -1.26326919 2.46718907 0.303379864 -1.10220754 2.46601009 0.420829356 -1.09448183 2.47115684 0.406720221 -1.10065484 2.47101188 0.40294075 -1.10171795 2.4719193 0.395041823 -1.27675283 2.4903605 0.112556487 -1.336568 2.72808862 0.00709872739 -1.24981332 2.44264746 0.0187926274 -1.00352776 2.41497684 0.399269402 -0.972660661 2.69181824 0.490481853 -0.989237785 2.61864114 0.116527125 -1.11857498 2.86584878 0.23220627 -0.866521537 2.68924809 0.477428734 -1.04897571 2.8962791 0.164168686 -1.28816438 2.70800614 -0.109888047 </float_array>
          <technique_common>
            <accessor count="27" offset="0" source="#Mario64HandR__BodyMT_HandMT_0-positions-array" stride="3">
              <param name="X" type="float" />
              <param name="Y" type="float" />
              <param name="Z" type="float" />
            </accessor>
          </technique_common>
        </source>
        <source id="Mario64HandR__BodyMT_HandMT_0-normals" name="Mario64HandR__BodyMT_HandMT_0-normals">
          <float_array id="Mario64HandR__BodyMT_HandMT_0-normals-array" count="81"> -0.739011049 0.487736732 -0.464731723 -0.842808247 0.190756917 0.503275335 -0.215800434 0.945210755 0.24496296 0.1678271 0.437561035 0.883388042 0.308199227 0.932620287 -0.187703505 -0.612179577 -0.728199005 -0.308159679 -0.345003605 0.148661792 -0.926753581 -0.51147145 -0.845222712 0.154904813 -0.492696613 -0.410148382 0.767481804 -0.291964918 -0.908181846 -0.29993695 0.342103392 -0.763204336 0.548164606 0.789536953 0.286786258 0.542572618 -0.25236547 -0.947078466 -0.198378533 0.706057847 -0.690435231 0.157421634 0.461250395 -0.701009333 0.543906271 0.155353904 -0.963272095 -0.219025284 -0.28598401 -0.950811923 0.119036913 -0.742520213 -0.669816315 -0.003142667 -0.375090867 0.55780071 -0.740381837 0.297096848 -0.675584316 -0.674773514 0.657972395 -0.749164701 -0.0763189271 0.645652056 0.354868919 0.676166773 0.804078043 -0.181318328 -0.56619978 0.385831565 0.898694336 -0.208524525 0.996982157 0.0598663688 0.0494223796 0.657863379 0.590205371 -0.467839092 0.197481826 0.130244821 -0.971615791 </float_array>
          <technique_common>
            <accessor count="27" offset="0" source="#Mario64HandR__BodyMT_HandMT_0-normals-array" stride="3">
              <param name="X" type="float" />
              <param name="Y" type="float" />
              <param name="Z" type="float" />
            </accessor>
          </technique_common>
        </source>
        <source id="Mario64HandR__BodyMT_HandMT_0-tex0" name="Mario64HandR__BodyMT_HandMT_0-tex0">
          <float_array id="Mario64HandR__BodyMT_HandMT_0-tex0-array" count="54"> 0.152954102 -1.0234375 0.158325195 -1.01953125 0.153930664 -1.03125 0.153808594 -1.02441406 0.142333984 -1.03125 0.151489258 -1.01367188 0.141479492 -1.02148438 0.154418945 -1.01269531 0.154907227 -1.01367188 0.143798828 -1.01464844 0.148925781 -1.01074219 0.142700195 -1.02441406 0.141235352 -1.01367188 0.139282227 -1.01464844 0.138916016 -1.015625 0.139038086 -1.015625 0.138916016 -1.015625 0.138183594 -1.01464844 0.138916016 -1.02148438 0.135498047 -1.01367188 0.136108398 -1.01367188 0.138549805 -1.02246094 0.131591797 -1.02050781 0.138427734 -1.02734375 0.135620117 -1.0234375 0.135498047 -1.02929688 0.135375977 -1.02148438 </float_array>
          <technique_common>
            <accessor count="27" offset="0" source="#Mario64HandR__BodyMT_HandMT_0-tex0-array" stride="2">
              <param name="S" type="float" />
              <param name="T" type="float" />
            </accessor>
          </technique_common>
        </source>
        <source id="Mario64HandR__BodyMT_HandMT_0-color0" name="Mario64HandR__BodyMT_HandMT_0-color0">
          <float_array id="Mario64HandR__BodyMT_HandMT_0-color0-array" count="81"> 1 1 1 1 1 1 1 1 1 1 1 1 1 1 1 1 1 1 1 1 1 1 1 1 1 1 1 1 1 1 1 1 1 1 1 1 1 1 1 1 1 1 1 1 1 1 1 1 1 1 1 1 1 1 1 1 1 1 1 1 1 1 1 1 1 1 1 1 1 1 1 1 1 1 1 1 1 1 1 1 1 </float_array>
          <technique_common>
            <accessor count="27" offset="0" source="#Mario64HandR__BodyMT_HandMT_0-color0-array" stride="3">
              <param name="R" type="float" />
              <param name="G" type="float" />
              <param name="B" type="float" />
            </accessor>
          </technique_common>
        </source>
        <vertices id="Mario64HandR__BodyMT_HandMT_0-vertices">
          <input semantic="POSITION" source="#Mario64HandR__BodyMT_HandMT_0-positions" />
        </vertices>
        <polylist count="50" material="defaultMaterial">
          <input offset="0" semantic="VERTEX" source="#Mario64HandR__BodyMT_HandMT_0-vertices" />
          <input offset="0" semantic="NORMAL" source="#Mario64HandR__BodyMT_HandMT_0-normals" />
          <input offset="0" semantic="TEXCOORD" source="#Mario64HandR__BodyMT_HandMT_0-tex0" set="0" />
          <input offset="0" semantic="COLOR" source="#Mario64HandR__BodyMT_HandMT_0-color0" set="0" />
          <vcount>3 3 3 3 3 3 3 3 3 3 3 3 3 3 3 3 3 3 3 3 3 3 3 3 3 3 3 3 3 3 3 3 3 3 3 3 3 3 3 3 3 3 3 3 3 3 3 3 3 3 </vcount>
          <p>0 1 2 2 1 3 4 0 2 4 2 3 0 5 1 4 6 0 0 6 5 1 5 7 1 7 8 3 1 8 5 9 7 8 7 9 6 9 5 3 8 10 8 9 10 3 10 11 4 3 11 10 9 12 6 12 9 11 10 13 10 12 13 11 13 14 13 12 15 14 13 15 12 16 15 14 15 16 6 17 12 17 16 12 6 18 17 4 18 6 17 19 16 17 18 19 14 16 20 20 16 19 11 14 21 14 20 21 4 11 21 20 19 22 4 21 23 4 23 18 20 24 21 20 22 24 23 21 25 21 24 25 23 25 18 22 25 24 18 26 19 19 26 22 18 25 26 22 26 25 </p>
        </polylist>
      </mesh>
    </geometry>
  </library_geometries>
  <library_controllers>
  </library_controllers>
  <library_visual_scenes>
    <visual_scene id="ROOT" name="ROOT">
      <node id="Object_46" name="Object_46" type="NODE">
        <matrix sid="matrix">1 0 0 0 0 1 0 0 0 0 1 0 0 0 0 1</matrix>
        <instance_geometry url="#Mario__BodyMT_BodyMT_0">
          <bind_material>
            <technique_common>
              <instance_material symbol="defaultMaterial" target="#BodyMT">
                <bind_vertex_input semantic="CHANNEL0" input_semantic="TEXCOORD" input_set="0"/>
              </instance_material>
            </technique_common>
          </bind_material>
        </instance_geometry>
      </node>
      <node id="Object_48" name="Object_48" type="NODE">
        <matrix sid="matrix">1 0 0 0 0 1 0 0 0 0 1 0 0 0 0 1</matrix>
        <instance_geometry url="#CapHair__HairMT_HairMT_0">
          <bind_material>
            <technique_common>
              <instance_material symbol="defaultMaterial" target="#HairMT">
                <bind_vertex_input semantic="CHANNEL0" input_semantic="TEXCOORD" input_set="0"/>
              </instance_material>
            </technique_common>
          </bind_material>
        </instance_geometry>
      </node>
      <node id="Object_50" name="Object_50" type="NODE">
        <matrix sid="matrix">1 0 0 0 0 1 0 0 0 0 1 0 0 0 0 1</matrix>
        <instance_geometry url="#MarioEye__EyeMT_EyeMT_0">
          <bind_material>
            <technique_common>
              <instance_material symbol="defaultMaterial" target="#EyeMT">
                <bind_vertex_input semantic="CHANNEL0" input_semantic="TEXCOORD" input_set="0"/>
              </instance_material>
            </technique_common>
          </bind_material>
        </instance_geometry>
      </node>
      <node id="Object_52" name="Object_52" type="NODE">
        <matrix sid="matrix">1 0 0 0 0 1 0 0 0 0 1 0 0 0 0 1</matrix>
        <instance_geometry url="#Mario64HandL__BodyMT_HandMT_0">
          <bind_material>
            <technique_common>
              <instance_material symbol="defaultMaterial" target="#HandMT">
                <bind_vertex_input semantic="CHANNEL0" input_semantic="TEXCOORD" input_set="0"/>
              </instance_material>
            </technique_common>
          </bind_material>
        </instance_geometry>
      </node>
      <node id="Object_54" name="Object_54" type="NODE">
        <matrix sid="matrix">1 0 0 0 0 1 0 0 0 0 1 0 0 0 0 1</matrix>
        <instance_geometry url="#Face__FaceMT_FaceMT_0">
          <bind_material>
            <technique_common>
              <instance_material symbol="defaultMaterial" target="#FaceMT">
                <bind_vertex_input semantic="CHANNEL0" input_semantic="TEXCOORD" input_set="0"/>
              </instance_material>
            </technique_common>
          </bind_material>
        </instance_geometry>
      </node>
      <node id="Object_56" name="Object_56" type="NODE">
        <matrix sid="matrix">1 0 0 0 0 1 0 0 0 0 1 0 0 0 0 1</matrix>
        <instance_geometry url="#Hair__HairMT_HairMT.001_0">
          <bind_material>
            <technique_common>
              <instance_material symbol="defaultMaterial" target="#HairMT.001">
                <bind_vertex_input semantic="CHANNEL0" input_semantic="TEXCOORD" input_set="0"/>
              </instance_material>
            </technique_common>
          </bind_material>
        </instance_geometry>
      </node>
      <node id="Object_58" name="Object_58" type="NODE">
        <matrix sid="matrix">1 0 0 0 0 1 0 0 0 0 1 0 0 0 0 1</matrix>
        <instance_geometry url="#Cap__CapMT_CapMT_0">
          <bind_material>
            <technique_common>
              <instance_material symbol="defaultMaterial" target="#CapMT">
                <bind_vertex_input semantic="CHANNEL0" input_semantic="TEXCOORD" input_set="0"/>
              </instance_material>
            </technique_common>
          </bind_material>
        </instance_geometry>
      </node>
      <node id="Object_60" name="Object_60" type="NODE">
        <matrix sid="matrix">1 0 0 0 0 1 0 0 0 0 1 0 0 0 0 1</matrix>
        <instance_geometry url="#Mario64HandR__BodyMT_HandMT_0">
          <bind_material>
            <technique_common>
              <instance_material symbol="defaultMaterial" target="#HandMT">
                <bind_vertex_input semantic="CHANNEL0" input_semantic="TEXCOORD" input_set="0"/>
              </instance_material>
            </technique_common>
          </bind_material>
        </instance_geometry>
      </node>
    </visual_scene>
  </library_visual_scenes>
  <scene>
    <instance_visual_scene url="#ROOT" />
  </scene>
</COLLADA>
