<?xml version="1.0" encoding="UTF-8" standalone="no" ?>
<COLLADA xmlns="http://www.collada.org/2005/11/COLLADASchema" version="1.4.1">
  <asset>
    <contributor>
      <author>Assimp</author>
      <authoring_tool>Sketchfab-16.60.0</authoring_tool>
    </contributor>
    <created>2026-09-14T16:26:09</created>
    <modified>2026-09-14T16:26:09</modified>
    <unit name="meter" meter="1" />
    <up_axis>Y_UP</up_axis>
  </asset>
  <library_images>
    <image id="BodyMT-diffuse-image">
      <init_from>mario-idle_texture_0001.png</init_from>
    </image>
    <image id="HairMT-diffuse-image">
      <init_from>mario-idle_texture_0002.png</init_from>
    </image>
    <image id="EyeMT-diffuse-image">
      <init_from>mario-idle_texture_0003.png</init_from>
    </image>
    <image id="HandMT-diffuse-image">
      <init_from>mario-idle_texture_0004.png</init_from>
    </image>
    <image id="FaceMT-diffuse-image">
      <init_from>mario-idle_texture_0005.png</init_from>
    </image>
    <image id="HairMT.001-diffuse-image">
      <init_from>mario-idle_texture_0002.png</init_from>
    </image>
    <image id="CapMT-diffuse-image">
      <init_from>mario-idle_texture_0002.png</init_from>
    </image>
  </library_images>
  <library_effects>
    <effect id="BodyMT-fx" name="BodyMT">
      <profile_COMMON>
        <newparam sid="BodyMT-diffuse-surface">
          <surface type="2D">
            <init_from>BodyMT-diffuse-image</init_from>
          </surface>
        </newparam>
        <newparam sid="BodyMT-diffuse-sampler">
          <sampler2D>
            <source>BodyMT-diffuse-surface</source>
          </sampler2D>
        </newparam>
        <technique sid="standard">
          <phong>
            <emission>
              <color sid="emission">0   0   0   1</color>
            </emission>
            <diffuse>
              <texture texture="BodyMT-diffuse-sampler" texcoord="CHANNEL0" />
            </diffuse>
            <shininess>
              <float sid="shininess">4.88955736</float>
            </shininess>
            <transparency>
              <float sid="transparency">1</float>
            </transparency>
          </phong>
        </technique>
      </profile_COMMON>
    </effect>
    <effect id="HairMT-fx" name="HairMT">
      <profile_COMMON>
        <newparam sid="HairMT-diffuse-surface">
          <surface type="2D">
            <init_from>HairMT-diffuse-image</init_from>
          </surface>
        </newparam>
        <newparam sid="HairMT-diffuse-sampler">
          <sampler2D>
            <source>HairMT-diffuse-surface</source>
          </sampler2D>
        </newparam>
        <technique sid="standard">
          <phong>
            <emission>
              <color sid="emission">0   0   0   1</color>
            </emission>
            <diffuse>
              <texture texture="HairMT-diffuse-sampler" texcoord="CHANNEL0" />
            </diffuse>
            <shininess>
              <float sid="shininess">4.88955736</float>
            </shininess>
            <transparency>
              <float sid="transparency">1</float>
            </transparency>
          </phong>
        </technique>
      </profile_COMMON>
    </effect>
    <effect id="EyeMT-fx" name="EyeMT">
      <profile_COMMON>
        <newparam sid="EyeMT-diffuse-surface">
          <surface type="2D">
            <init_from>EyeMT-diffuse-image</init_from>
          </surface>
        </newparam>
        <newparam sid="EyeMT-diffuse-sampler">
          <sampler2D>
            <source>EyeMT-diffuse-surface</source>
          </sampler2D>
        </newparam>
        <technique sid="standard">
          <phong>
            <emission>
              <color sid="emission">0   0   0   1</color>
            </emission>
            <diffuse>
              <texture texture="EyeMT-diffuse-sampler" texcoord="CHANNEL0" />
            </diffuse>
            <shininess>
              <float sid="shininess">4.88955736</float>
            </shininess>
            <transparency>
              <float sid="transparency">1</float>
            </transparency>
          </phong>
        </technique>
      </profile_COMMON>
    </effect>
    <effect id="HandMT-fx" name="HandMT">
      <profile_COMMON>
        <newparam sid="HandMT-diffuse-surface">
          <surface type="2D">
            <init_from>HandMT-diffuse-image</init_from>
          </surface>
        </newparam>
        <newparam sid="HandMT-diffuse-sampler">
          <sampler2D>
            <source>HandMT-diffuse-surface</source>
          </sampler2D>
        </newparam>
        <technique sid="standard">
          <phong>
            <emission>
              <color sid="emission">0   0   0   1</color>
            </emission>
            <diffuse>
              <texture texture="HandMT-diffuse-sampler" texcoord="CHANNEL0" />
            </diffuse>
            <shininess>
              <float sid="shininess">4.88955736</float>
            </shininess>
            <transparency>
              <float sid="transparency">1</float>
            </transparency>
          </phong>
        </technique>
      </profile_COMMON>
    </effect>
    <effect id="FaceMT-fx" name="FaceMT">
      <profile_COMMON>
        <newparam sid="FaceMT-diffuse-surface">
          <surface type="2D">
            <init_from>FaceMT-diffuse-image</init_from>
          </surface>
        </newparam>
        <newparam sid="FaceMT-diffuse-sampler">
          <sampler2D>
            <source>FaceMT-diffuse-surface</source>
          </sampler2D>
        </newparam>
        <technique sid="standard">
          <phong>
            <emission>
              <color sid="emission">0   0   0   1</color>
            </emission>
            <diffuse>
              <texture texture="FaceMT-diffuse-sampler" texcoord="CHANNEL0" />
            </diffuse>
            <shininess>
              <float sid="shininess">4.88955736</float>
            </shininess>
            <transparency>
              <float sid="transparency">1</float>
            </transparency>
          </phong>
        </technique>
      </profile_COMMON>
    </effect>
    <effect id="HairMT.001-fx" name="HairMT.001">
      <profile_COMMON>
        <newparam sid="HairMT.001-diffuse-surface">
          <surface type="2D">
            <init_from>HairMT.001-diffuse-image</init_from>
          </surface>
        </newparam>
        <newparam sid="HairMT.001-diffuse-sampler">
          <sampler2D>
            <source>HairMT.001-diffuse-surface</source>
          </sampler2D>
        </newparam>
        <technique sid="standard">
          <phong>
            <emission>
              <color sid="emission">0   0   0   1</color>
            </emission>
            <diffuse>
              <texture texture="HairMT.001-diffuse-sampler" texcoord="CHANNEL0" />
            </diffuse>
            <shininess>
              <float sid="shininess">4.88955736</float>
            </shininess>
            <transparency>
              <float sid="transparency">1</float>
            </transparency>
          </phong>
        </technique>
      </profile_COMMON>
    </effect>
    <effect id="CapMT-fx" name="CapMT">
      <profile_COMMON>
        <newparam sid="CapMT-diffuse-surface">
          <surface type="2D">
            <init_from>CapMT-diffuse-image</init_from>
          </surface>
        </newparam>
        <newparam sid="CapMT-diffuse-sampler">
          <sampler2D>
            <source>CapMT-diffuse-surface</source>
          </sampler2D>
        </newparam>
        <technique sid="standard">
          <phong>
            <emission>
              <color sid="emission">0   0   0   1</color>
            </emission>
            <diffuse>
              <texture texture="CapMT-diffuse-sampler" texcoord="CHANNEL0" />
            </diffuse>
            <shininess>
              <float sid="shininess">4.88955736</float>
            </shininess>
            <transparency>
              <float sid="transparency">1</float>
            </transparency>
          </phong>
        </technique>
      </profile_COMMON>
    </effect>
    <effect id="material_7-fx" name="">
      <profile_COMMON>
        <technique sid="standard">
          <phong>
            <emission>
              <color sid="emission">0   0   0   1</color>
            </emission>
            <diffuse>
              <color sid="diffuse">1   1   1   1</color>
            </diffuse>
            <shininess>
              <float sid="shininess">0</float>
            </shininess>
            <transparency>
              <float sid="transparency">1</float>
            </transparency>
          </phong>
        </technique>
      </profile_COMMON>
    </effect>
  </library_effects>
  <library_materials>
    <material id="BodyMT" name="BodyMT">
      <instance_effect url="#BodyMT-fx"/>
    </material>
    <material id="HairMT" name="HairMT">
      <instance_effect url="#HairMT-fx"/>
    </material>
    <material id="EyeMT" name="EyeMT">
      <instance_effect url="#EyeMT-fx"/>
    </material>
    <material id="HandMT" name="HandMT">
      <instance_effect url="#HandMT-fx"/>
    </material>
    <material id="FaceMT" name="FaceMT">
      <instance_effect url="#FaceMT-fx"/>
    </material>
    <material id="HairMT.001" name="HairMT.001">
      <instance_effect url="#HairMT.001-fx"/>
    </material>
    <material id="CapMT" name="CapMT">
      <instance_effect url="#CapMT-fx"/>
    </material>
    <material id="material_7" name="">
      <instance_effect url="#material_7-fx"/>
    </material>
  </library_materials>
  <library_geometries>
    <geometry id="Mario__BodyMT_BodyMT_0" name="Mario__BodyMT_BodyMT_0" >
      <mesh>
        <source id="Mario__BodyMT_BodyMT_0-positions" name="Mario__BodyMT_BodyMT_0-positions">
          <float_array id="Mario__BodyMT_BodyMT_0-positions-array" count="1023"> -0.236563817 1.8129251 0.442787915 -0.400219381 1.8293705 0.367155313 -0.495896488 1.72562253 0.341865569 -0.508662224 1.62569165 0.347716689 -0.411448359 1.52884388 0.411746532 -0.274377495 1.55611408 0.479613155 -0.202618942 1.68522954 0.486144304 0.503218949 1.72881901 0.32377106 0.407858551 1.83195579 0.352520615 0.247157425 1.81447268 0.434027463 0.516827047 1.62897253 0.329144537 0.422616839 1.53151238 0.396641165 0.287921637 1.55791306 0.469429642 0.215622187 1.68656766 0.478569746 -0.18772243 2.07796121 0.217823789 -0.236563817 1.8129251 0.442787915 0.00527203176 1.81371546 0.437042087 0.188508064 2.07916546 0.211010113 0.247157425 1.81447268 0.434027463 0.000392942253 2.07841444 0.214396164 -0.179253265 2.19904041 -0.0281117428 0.170365125 2.20015907 -0.0344435126 -0.00449060788 2.20762229 -0.0324312598 -0.00864787493 2.21447563 -0.26077041 -0.185692206 2.19543052 -0.260142148 0.168421268 2.19656348 -0.266555309 -0.0116624171 1.96219778 -0.471789181 -0.393668979 2.13361526 -0.186156496 -0.361562282 2.04406619 -0.373985201 -0.56669426 1.8746711 -0.0286830943 -0.424219847 2.06976461 0.070673652 -0.468720883 1.76108682 -0.456355602 -0.506268263 1.81557953 0.278080553 -0.627942443 1.62594092 -0.11324802 -0.623473704 1.62389493 0.133138359 0.379331738 2.13608837 -0.200155944 0.41956988 2.07246423 0.0553921834 0.559598327 1.87827456 -0.0490808375 0.341018558 2.046314 -0.386709303 0.510698676 1.81883311 0.259662747 0.446932167 1.76401651 -0.472938508 0.623802781 1.6278851 0.110549502 0.619334042 1.62993121 -0.135836869 -0.400219381 1.8293705 0.367155313 -0.236563817 1.8129251 0.442787915 -0.18772243 2.07796121 0.217823789 -0.424219847 2.06976461 0.070673652 -0.179253265 2.19904041 -0.0281117428 -0.506268263 1.81557953 0.278080553 -0.393668979 2.13361526 -0.186156496 -0.495896488 1.72562253 0.341865569 -0.185692206 2.19543052 -0.260142148 -0.623473704 1.62389493 0.133138359 -0.361562282 2.04406619 -0.373985201 -0.508662224 1.62569165 0.347716689 -0.0116624171 1.96219778 -0.471789181 -0.547845781 1.49376976 0.283798754 -0.468720883 1.76108682 -0.456355602 -0.411448359 1.52884388 0.411746532 -0.598686516 1.41466582 0.063807711 -0.627942443 1.62594092 -0.11324802 -0.482524991 1.35714316 0.305534989 -0.339431584 1.30768418 0.393895626 -0.617076874 1.44299972 -0.12761119 -0.245486364 1.43812191 0.450149775 -0.274377495 1.55611408 0.479613155 -0.545917809 1.47815335 -0.477045536 0.00700240629 1.55500877 0.486885458 -0.202618942 1.68522954 0.486144304 0.00527203176 1.81371546 0.437042087 -0.236563817 1.8129251 0.442787915 0.00650155079 1.68602455 0.482374579 0.215622187 1.68656766 0.478569746 0.247157425 1.81447268 0.434027463 0.287921637 1.55791306 0.469429642 0.407858551 1.83195579 0.352520615 0.188508064 2.07916546 0.211010113 0.247157425 1.81447268 0.434027463 0.258737922 1.43973517 0.441018015 0.41956988 2.07246423 0.0553921834 0.170365125 2.20015907 -0.0344435126 0.510698676 1.81883311 0.259662747 0.379331738 2.13608837 -0.200155944 0.503218949 1.72881901 0.32377106 0.168421268 2.19656348 -0.266555309 0.623802781 1.6278851 0.110549502 0.341018558 2.046314 -0.386709303 0.516827047 1.62897253 0.329144537 0.446932167 1.76401651 -0.472938508 0.554513633 1.49729633 0.263834417 0.422616839 1.53151238 0.396641165 0.597860336 1.41849399 0.0421376266 0.619334042 1.62993121 -0.135836869 0.490897924 1.36025751 0.287905812 0.351417124 1.30989432 0.381383985 0.184025481 1.26876068 0.404157907 0.346324742 1.14389217 0.232360244 0.467976123 1.20182335 0.157839552 0.00708125532 1.43774104 0.470523268 0.167785242 1.11036992 0.294568896 -0.171065435 1.26762462 0.410588771 0.00627103914 1.26508856 0.395285934 -0.33867684 1.14170063 0.244765982 -0.157791138 1.10932839 0.300465256 0.00480544381 1.10700357 0.286434352 -0.463314801 1.19884396 0.174705729 -0.00159824849 1.10743427 -0.0670792237 -0.549098432 1.23836148 0.0239857361 -0.565960407 1.26433957 -0.151522532 -0.500716269 1.29657114 -0.471911937 -0.406666994 1.46939981 -0.561733186 -0.373039275 1.28854561 -0.549560547 -0.012133643 1.69493032 -0.545022845 -0.0118266093 1.45237589 -0.570918024 -0.0110182511 1.27293682 -0.557982147 0.382970423 1.47192609 -0.57603389 0.350963026 1.29086185 -0.562672555 0.525137544 1.48158002 -0.496442884 0.481313944 1.29971302 -0.489697009 0.609125912 1.44692266 -0.149818361 0.558321059 1.26793647 -0.171883866 0.547991574 1.24187136 0.00411685277 0.437369585 2.00281811 -0.0725182071 0.361044049 1.93141103 -0.11928203 0.389576674 1.89396596 -0.0131688016 0.30382967 1.83604634 -0.0965230614 0.466693521 1.8180722 0.0756703988 0.383694708 2.02815294 -0.20980531 0.298627943 1.90910208 -0.207388341 0.281732172 1.6931361 -0.104129575 0.270511568 1.85072112 -0.343271792 0.569785237 2.05287194 -0.0523494072 0.447050214 2.06150985 -0.29815799 0.504032731 1.69067574 -0.445667028 0.514553308 1.54292095 -0.221442565 0.784637451 1.88021624 -0.172892526 0.687976658 1.66006339 -0.0528586544 0.67095381 1.89913571 -0.415661484 0.610604703 1.5874635 -0.262950242 0.604418814 1.67434001 -0.394789279 0.702564597 1.79690957 -0.377146572 0.769407988 1.78578544 -0.234403983 0.679913819 1.70016766 -0.286623448 0.712573588 1.65634048 -0.163826793 0.820199847 1.48984134 -0.186699167 0.731241941 1.58621442 -0.0381576158 0.628852963 1.45333338 -0.175412357 0.907342136 1.66324604 -0.138330922 0.593211472 1.78160441 -0.112963483 0.74167347 1.44823992 -0.360413641 0.922555149 1.57928371 -0.348083973 0.788751304 1.77215242 -0.434992373 0.481736571 1.63693142 -0.262398273 0.60456872 1.63138604 -0.463816673 0.784938812 1.86547184 -0.222026303 0.594554663 1.71732903 -0.415332079 0.522332072 1.72058952 -0.296902567 0.587876678 1.80565393 -0.209038496 0.700607955 1.85496593 -0.273164958 0.621885598 1.78006852 -0.318177968 0.702793837 1.80021393 -0.398037225 0.54249692 0.658493519 0.0338496938 0.621083319 0.626373768 -0.246978983 0.799197555 0.795095623 -0.0110142725 0.599757969 0.8364169 0.261726588 0.680336416 1.27495229 -0.219654709 0.311563939 0.563419342 -0.120072618 0.29838416 0.693233132 0.194324732 0.0740883872 1.15164506 0.0289136544 0.438909739 1.32497275 0.110505253 0.450382471 1.08453071 -0.460381091 0.336260796 1.19858742 -0.202547774 0.124571972 1.01826274 -0.326795191 0.500692964 0.764245033 -0.0152180316 0.621083319 0.626373768 -0.246978983 0.311563939 0.563419342 -0.120072618 0.29838416 0.693233132 0.194324732 0.265320778 0.331550598 -0.272305071 0.799197555 0.795095623 -0.0110142725 0.599757969 0.8364169 0.261726588 0.671438813 0.281338096 0.19135876 0.300385237 0.261777937 0.101834461 0.614703774 0.39423269 -0.414011657 0.548404634 0.277452588 -0.113705583 0.865698278 0.363199592 -0.127451524 -0.553082824 0.644425869 -0.0118053705 -0.805853248 0.794540405 6.00985768e-05 -0.672172606 0.654162228 -0.27975139 -0.567948401 0.79093653 0.243492693 -0.692122877 1.29434943 -0.158614725 -0.351649195 0.563800097 -0.209252074 -0.287235081 0.648331225 0.114130646 -0.509033799 1.13139558 -0.453593999 -0.404132754 1.28998685 0.136066839 -0.0643215328 1.11735928 -0.0205292683 -0.353674948 1.20473874 -0.20260565 -0.171640038 1.03627729 -0.379383951 -0.512856781 0.755002916 -0.0522055142 -0.351649195 0.563800097 -0.209252074 -0.672172606 0.654162228 -0.27975139 -0.287235081 0.648331225 0.114130646 -0.336872667 0.360004812 -0.401095748 -0.805853248 0.794540405 6.00985768e-05 -0.567948401 0.79093653 0.243492693 -0.698944092 0.453301758 -0.480331719 -0.677093208 0.25128454 0.10374821 -0.323368311 0.235151365 -0.0401144885 -0.59768182 0.290388495 -0.213082328 -0.909211695 0.386108756 -0.168320939 -0.451285481 1.99703884 -0.0284950808 -0.41151911 1.88624477 0.033137776 -0.376158863 1.922068 -0.0714691654 -0.324589133 1.82422078 -0.0459278077 -0.496291429 1.81421375 0.118134603 -0.389883429 2.01952624 -0.163011625 -0.310629785 1.8966819 -0.156425983 -0.308778375 1.68042421 -0.0524144247 -0.278667182 1.83672643 -0.290764868 -0.582069576 2.05320239 -0.0148107549 -0.447257042 2.05555201 -0.254352838 -0.514081061 1.68737721 -0.404371619 -0.542313874 1.54082525 -0.180889606 -0.798557103 1.89034927 -0.145631641 -0.718129694 1.66626883 -0.0209795348 -0.67244792 1.90339482 -0.382581055 -0.634070873 1.58965075 -0.227036387 -0.617470503 1.67581999 -0.358438879 -0.710586667 1.80283332 -0.345626384 -0.784735918 1.7951628 -0.206305578 -0.696862042 1.70537508 -0.254084021 -0.737446427 1.66340864 -0.133012921 -0.851935267 1.5018729 -0.161778569 -0.663344443 1.45636272 -0.140895963 -0.766149402 1.59402478 -0.00875995308 -0.933118463 1.67923582 -0.117572926 -0.615430117 1.78262019 -0.0761473477 -0.766776323 1.45649409 -0.331373513 -0.941653252 1.59595394 -0.32797429 -0.79465723 1.78222311 -0.407666862 -0.503502011 1.63274181 -0.220009267 -0.616112471 1.63288474 -0.427389801 -0.604512632 1.71828866 -0.378309757 -0.538300097 1.71820462 -0.256374657 -0.797215819 1.87539291 -0.194616541 -0.604111195 1.80632949 -0.171787247 -0.633726954 1.78231215 -0.282551497 -0.710997105 1.86087763 -0.241444439 -0.709449053 1.80621111 -0.366363674 0.494987816 1.51480591 0.161116228 0.356167465 1.41971731 0.314827979 0.611614704 1.42068756 0.145278752 0.51659894 1.51905525 -0.0905291215 -0.0060252822 1.53404534 -0.0208515264 0.426935732 1.28916502 0.403060943 0.612264574 1.44694149 -0.113073707 0.165161267 1.37161362 0.373647034 0.623123825 1.19457304 0.0550025254 0.167436332 1.25103652 0.447908729 0.656314552 1.22559249 -0.136324689 0.475519598 1.10507989 0.227817878 0.612845182 1.47040164 -0.343932569 0.554490089 1.00030792 -0.0521267094 0.466224432 1.56410539 -0.33578518 0.640970588 1.24174142 -0.386497021 0.529986799 1.46358621 -0.511220038 0.557566941 1.02430916 -0.288271606 0.255948186 1.53950083 -0.489885569 0.44507134 1.02319145 -0.425918281 0.577868938 1.23837388 -0.540741622 0.306968361 1.42805183 -0.592510462 0.355550081 1.18735313 -0.621415317 0.472373098 0.96352917 0.0763440803 0.288492084 0.931288302 0.122069709 0.288663954 1.0139004 -0.483054876 -0.00393781718 1.1465888 -0.614554882 0.225484654 1.0571481 0.32442373 -0.00559459021 0.926472604 0.120840542 -0.00630052108 1.05373979 0.323494285 -0.006869053 1.24576867 0.44188264 -0.00405621342 0.982664645 -0.487802327 -0.00681133289 1.36575782 0.36002335 -0.178868636 1.37115705 0.372735232 -0.181217298 1.25057399 0.446984589 -0.238095641 1.05653298 0.3231951 -0.4405756 1.28801382 0.400761783 -0.369687408 1.4187541 0.312904209 -0.299695402 0.930507779 0.120510779 -0.296879321 1.01312339 -0.484606743 -0.487741292 1.10380161 0.225264981 -0.453611404 1.02199888 -0.428300053 -0.483416378 0.962260783 0.0738109723 -0.564948618 0.998822451 -0.055093538 -0.634664476 1.192904 0.0516690612 -0.62423408 1.41904747 0.142003432 -0.666922987 1.22383642 -0.139831632 -0.507942975 1.51347506 0.158458203 -0.62358427 1.44530153 -0.116349041 -0.528231263 1.51766884 -0.0932982117 -0.623003602 1.46876144 -0.347207904 -0.476677328 1.56285405 -0.338284165 -0.566837609 1.02281702 -0.2912516 -0.650296152 1.24002779 -0.389919221 -0.539242029 1.4621675 -0.514053881 -0.586369216 1.2368288 -0.543827236 -0.363491237 1.18639898 -0.623320997 -0.315702349 1.42722547 -0.594160676 -0.00437209848 1.41867197 -0.586906672 -0.265522718 1.5388087 -0.491267592 -0.00474781869 1.52849972 -0.500120997 -0.29463917 -4.73101682e-06 -0.276754171 -0.38829729 0.346688151 0.215428442 -0.382562459 -0.000107015141 0.341875553 -0.568217933 -0.000116264797 0.535247684 -0.707861423 -4.5211309e-05 0.260675788 -0.349616498 0.313402951 -0.325553566 -0.393225729 5.51041267e-05 -0.522859752 -0.712587118 0.340842783 0.390161723 -0.497445285 0.358119339 -0.514037132 -0.651438236 0.505441844 0.0744112059 -0.606717527 9.56421645e-05 -0.576150775 -0.7669819 0.339320749 -0.445440799 -0.967510462 0.346798092 0.0708475634 -0.839084208 9.90407643e-05 -0.414842099 -1.03316069 1.65441652e-05 0.179475814 -0.926837742 -4.81377319e-05 0.445730418 0.375894547 1.0204868e-05 0.445299387 0.572871923 1.38369833e-05 0.627125084 0.374036908 0.346779615 0.318666339 0.250829697 3.71443912e-06 -0.1669029 0.695705295 1.27238291e-05 0.344632894 0.708271682 0.340924978 0.473529071 0.925441504 1.66406699e-05 0.516147077 0.302802801 0.313394278 -0.218991876 0.628215432 0.505470634 0.162007093 0.943478107 0.346784085 0.139423907 0.334397316 2.4944743e-06 -0.418505013 0.439002961 0.358054191 -0.416055024 0.712182879 0.339232951 -0.363831878 0.544287384 4.11510564e-06 -0.484571815 0.785957515 7.90257491e-06 -0.337567776 1.01551652 1.52427929e-05 0.243966267 </float_array>
          <technique_common>
            <accessor count="341" offset="0" source="#Mario__BodyMT_BodyMT_0-positions-array" stride="3">
              <param name="X" type="float" />
              <param name="Y" type="float" />
              <param name="Z" type="float" />
            </accessor>
          </technique_common>
        </source>
        <source id="Mario__BodyMT_BodyMT_0-normals" name="Mario__BodyMT_BodyMT_0-normals">
          <float_array id="Mario__BodyMT_BodyMT_0-normals-array" count="1023"> -0.105994381 0.538881719 0.835686326 -0.409759223 0.579334259 0.704605699 -0.676940143 0.185113028 0.712379932 -0.660519958 0.0786899105 0.746673524 -0.490837038 -0.0247976892 0.870898426 -0.205416441 -0.0456366017 0.977610052 -0.0512432754 0.156685933 0.986318231 0.701018214 0.189543709 0.687493026 0.431345791 0.581976891 0.689379215 0.132658258 0.539641738 0.831377506 0.686503828 0.0830295458 0.722370148 0.522234201 -0.0222772844 0.852511108 0.24087581 -0.0441737771 0.969550192 0.085825175 0.157112896 0.98384428 -0.12400379 0.764412165 0.63269037 -0.10601607 0.53889823 0.835672975 0.0132004255 0.560926557 0.827760339 0.142136723 0.764737844 0.628468871 0.132668167 0.539649963 0.831370592 0.00936573837 0.758849621 0.651198506 -0.156907663 0.954747915 0.252658755 0.159842372 0.955761492 0.246921852 0.00156848691 0.966319501 0.25734055 -0.00906914845 0.942283392 -0.334693491 -0.151074529 0.899006128 -0.411052853 0.13051486 0.899888992 -0.416131765 -0.0178951211 0.400522143 -0.916112304 -0.670900464 0.725114286 -0.155247629 -0.509663463 0.517469883 -0.687363148 -0.910118461 0.410249829 -0.0581327416 -0.601016819 0.726191103 0.33380416 -0.601118863 0.365958333 -0.710443914 -0.791419625 0.461133361 0.401261777 -0.967212558 0.17861782 -0.180542484 -0.974642813 0.109278791 0.195267722 0.660140514 0.72940892 -0.179379836 0.608878434 0.729317486 0.312030584 0.904701054 0.416202545 -0.0910574347 0.481275886 0.519518316 -0.706027091 0.802392244 0.466314882 0.372447491 0.572779953 0.369032741 -0.731941283 0.980267525 0.116212107 0.159907222 0.958770335 0.185482949 -0.215303242 -0.409752846 0.579329669 0.704613209 -0.106014788 0.538904786 0.835668862 -0.124033891 0.76440531 0.632692695 -0.60101521 0.726191878 0.333805501 -0.156911194 0.95474869 0.252653599 -0.791414678 0.461132079 0.401272982 -0.670901537 0.725109637 -0.155264571 -0.676965475 0.185113341 0.712355793 -0.151069239 0.899008512 -0.411049634 -0.974640906 0.109269418 0.195282549 -0.509668767 0.517494082 -0.687341034 -0.660490692 0.0787098706 0.746697247 -0.0178728793 0.400479794 -0.916131258 -0.851766586 -0.195512727 0.486074567 -0.601104677 0.365975112 -0.710447311 -0.49084115 -0.0247646086 0.870897055 -0.942176878 -0.27115047 0.196926728 -0.967216969 0.178599149 -0.180537164 -0.729437947 -0.40899232 0.548311591 -0.416424394 -0.488407701 0.766843319 -0.975755036 -0.186474606 -0.114583448 -0.109178878 -0.250644028 0.961903095 -0.205414638 -0.0456318669 0.977610648 -0.887245417 -0.021411553 -0.460800499 0.0183395799 -0.103294939 0.994481683 -0.0512194894 0.156683072 0.9863199 0.013206562 0.560953856 0.827741742 -0.106027313 0.538888395 0.835677862 0.0173672289 0.161261916 0.986758828 0.0858419687 0.157130435 0.983839989 0.132674605 0.539652944 0.831367671 0.240881547 -0.0441851243 0.969548225 0.431366593 0.581997156 0.689349115 0.142161384 0.764736295 0.628465235 0.132639617 0.539657354 0.831370354 0.145506293 -0.250203133 0.95719713 0.608874321 0.729322553 0.31202662 0.159846723 0.955762148 0.246916428 0.802396953 0.466312051 0.372440845 0.660148442 0.729405403 -0.179364756 0.701000333 0.189526528 0.687515974 0.130510747 0.899885893 -0.416139752 0.980267942 0.116204731 0.159910128 0.481276572 0.519534588 -0.706014633 0.686497509 0.0830162913 0.722377658 0.572753727 0.369054884 -0.731950581 0.870116413 -0.189261436 0.45505774 0.522237778 -0.0223091487 0.852508068 0.950404584 -0.265095085 0.162652254 0.958763301 0.185523838 -0.215299442 0.751318932 -0.40457046 0.521385252 0.447019398 -0.485353261 0.751402617 0.128812522 -0.479129076 0.868241131 0.405497253 -0.863984883 0.298499674 0.621096611 -0.758560777 0.1970395 0.0183078758 -0.264634728 0.964174926 0.148114845 -0.876335323 0.458364904 -0.0942662284 -0.479847759 0.872272909 0.0176600628 -0.441494435 0.897090197 -0.389046878 -0.866424441 0.312971532 -0.125910565 -0.877195239 0.463330358 0.0114348521 -0.879331052 0.476073742 -0.608517647 -0.76266712 0.219191983 -0.000342214014 -0.981336236 -0.192299545 -0.661439061 -0.747596979 0.0599760376 -0.632289946 -0.759764433 -0.151549995 -0.610591471 -0.710156024 -0.350508869 -0.201783031 0.0782973617 -0.97629559 -0.160008028 -0.651389658 -0.741679788 -0.0183534268 0.234208554 -0.972013116 -0.0181065183 -0.000680781261 -0.999835849 -0.0106908549 -0.700298548 -0.713770032 0.165709332 0.0798520669 -0.982936442 0.137250364 -0.650233924 -0.747233689 0.8700068 -0.0158123821 -0.492786139 0.60202837 -0.706277072 -0.372470796 0.972217202 -0.179866835 -0.149805322 0.631458342 -0.755534589 -0.17443575 0.668016791 -0.743276358 0.0359693058 -0.395589769 0.750439823 0.529479742 -0.745082915 0.540331542 0.391015708 -0.577837467 0.359511912 0.732703924 -0.886838853 0.157914549 0.434257865 0.129324809 -0.242503077 0.96149224 -0.597976983 0.799433112 0.0577082075 -0.912956774 0.406446427 0.0362108424 -0.623934805 -0.748264194 0.225401968 -0.661182344 -0.106336489 -0.742650926 0.548893392 0.713704467 0.4351345 0.0497755185 0.795451105 -0.60397011 -0.412969261 -0.28334704 -0.865546584 -0.366346121 -0.924633801 0.104128905 0.785475433 0.533061802 0.314441442 0.371813744 -0.417138785 0.829306781 0.293284804 0.617604733 -0.729759157 0.407146305 -0.87589556 -0.258918613 0.384961188 -0.566350102 -0.72873342 0.734731376 -0.129410073 -0.665900052 0.973010421 -0.16906251 -0.157062367 0.745082855 -0.540331781 -0.391015559 0.770876467 -0.629919529 0.09460897 0.533539295 -0.771490097 0.346610487 -0.149351627 0.0263764728 0.988432288 -0.684939563 -0.675681531 0.272602797 0.773109376 0.429710835 0.466530293 -0.352400512 0.308586359 0.883509099 -0.0963087976 -0.707586765 -0.700032532 0.808899403 -0.0139954779 -0.587780476 0.627671063 0.27159512 -0.729565024 -0.898758411 -0.414123476 0.143996745 -0.294672042 -0.439670086 -0.848444819 0.594474137 0.728616834 0.340173483 -0.578425705 0.431493521 -0.692269504 -0.869523764 0.443219125 -0.21791096 -0.607801259 0.782959104 0.132486358 -0.155797511 0.979940534 -0.124272458 -0.534553647 0.770520747 -0.347203374 -0.134248704 0.760997355 -0.634712756 0.329099536 -0.867877245 0.37213245 0.416235715 -0.537612319 -0.733294487 0.997919559 -0.0300707333 0.0570294447 0.354156792 0.123898186 0.926942408 0.804466963 0.55526346 -0.210986719 -0.586709499 -0.740070939 -0.328735471 -0.603515089 -0.355512142 0.713709116 -0.855238974 0.219434708 0.469483465 0.151623368 0.687033772 0.71062994 0.194824815 0.00492766034 -0.980825663 -0.329042643 0.867887378 -0.372159094 -0.790805936 -0.198713094 -0.57891196 -0.0975904912 0.976642668 0.191429436 0.139987901 0.126015678 -0.98210156 -0.81089139 -0.0546400435 -0.582640231 -0.850618541 0.332611293 0.40720734 -0.75417912 -0.356169194 -0.551685929 0.720264912 0.652149916 -0.236471787 0.0891746357 0.78883338 0.608103395 0.40066129 -0.506126165 0.763745248 -0.660536349 -0.542622268 0.518895745 0.221608654 -0.1682574 -0.960509777 0.0976371542 -0.976665854 -0.191287309 0.957600832 -0.251861453 -0.139880329 -0.319411367 -0.899338067 0.298609108 -0.980013132 -0.00419082493 0.198888689 -0.543879926 -0.416427076 -0.728548646 -0.212556377 0.00637422223 0.977128029 -0.79533869 0.605977893 -0.0150723029 0.493797749 -0.707197666 -0.505999267 0.678273737 -0.471084893 0.563935935 -0.33092767 0.147222996 -0.932101011 -0.0129216164 0.586599946 0.809773743 0.923513889 0.123251751 0.363223255 0.319247365 0.899372935 -0.298679441 0.689250827 -0.143359661 -0.710198104 0.171179101 0.933032334 0.316462338 0.716349244 -0.00105145911 -0.697741151 -0.270192891 0.265522718 -0.925469339 0.916179538 0.244136333 0.317824662 0.652261734 -0.289053947 -0.700715661 -0.710458517 0.702622235 -0.0396317504 0.0402606875 0.699589729 0.713409603 -0.360097051 -0.0139131434 -0.932811081 -0.316703767 -0.604741275 0.730743945 0.699007213 -0.633235633 0.332267284 -0.171552211 -0.932982326 -0.316407681 -0.979030967 -0.200477496 -0.036155194 0.403642148 0.732697725 0.547929823 0.557513654 0.334289074 0.759887695 0.74936682 0.506332636 0.426704407 0.871053994 0.117950283 0.476815164 -0.186828569 -0.233788311 0.954168797 0.630794048 0.771100402 0.0866202936 0.927927971 0.363957405 0.0805276334 0.576959908 -0.775707185 0.255725712 0.690885782 -0.138575807 -0.709558725 -0.535822034 0.739370525 0.407708168 0.0164898448 0.795388997 -0.605874956 0.44004631 -0.301533133 -0.84583509 0.31788978 -0.940229475 0.122125208 -0.774438858 0.569444418 0.27564013 -0.431297302 -0.396499634 0.810413897 -0.228129834 0.628343105 -0.743734956 -0.434594274 -0.856655359 -0.277973831 -0.374833614 -0.549794495 -0.746475577 -0.707158208 -0.0966710895 -0.700415611 -0.970994592 -0.124357484 -0.20421733 -0.74936682 -0.506332576 -0.426704496 -0.802420318 -0.594025791 0.0570522845 -0.586259902 -0.745172858 0.317831308 0.638279676 -0.706760168 0.305105001 0.10022822 0.0199197065 0.994765043 -0.774538577 0.46609205 0.427607477 0.32003957 0.293296069 0.900861859 0.0984777808 -0.711885333 -0.695357084 -0.777586937 0.0244703889 -0.628299057 -0.575553656 0.299883842 -0.760794103 0.869938314 -0.455772966 0.188356847 0.316327006 -0.453344434 -0.833316326 0.632454634 0.403213382 -0.66137743 0.899411023 0.401781291 -0.172138274 -0.576047599 0.755877674 0.311156064 0.636654198 0.75342828 0.16436927 0.587256849 0.744154871 -0.318375498 0.208032504 0.971395612 -0.114512146 0.202043235 0.753416121 -0.625733733 0.231034905 0.907524467 0.350745291 0.100872323 0.776602387 0.621862948 0.832428038 0.370889038 0.411709756 0.270238847 0.958555698 0.0902327299 -0.00173168606 0.987240434 0.159227148 0.490826011 0.0917836428 0.8664096 0.825810015 0.560423255 0.0629573688 -0.0320411809 0.76726377 0.640530765 0.919263661 -0.227149472 0.321492493 0.0581354089 -0.0833343193 0.994824469 0.980600774 -0.195755243 0.0101018734 0.603871286 -0.528197467 0.596947968 0.777434766 0.589402378 -0.219545037 0.649223804 -0.76058054 0.00507348916 0.186750963 0.979539096 -0.0750146061 0.932773709 -0.215320334 -0.289085418 0.5250597 0.496504694 -0.691227496 0.694117963 -0.696696401 -0.181147531 0.00149510044 0.946531534 -0.322607756 0.319180608 -0.880476892 -0.350548416 0.630488217 -0.163828596 -0.75871259 0.0863698572 0.281649679 -0.955622137 0.171166942 -0.220408425 -0.960271835 0.251519769 -0.967443347 0.0281281359 0.0989277586 -0.993817151 0.0504059643 0.117570058 -0.927284002 -0.355417639 0.00290576788 -0.262233883 -0.964999974 0.120456785 -0.714803398 0.688873172 0.00118775456 -0.998438478 0.0558493026 -0.000834234699 -0.731995404 0.681309044 -0.00235066423 -0.189851806 0.981809914 0.00209643622 -0.950365961 -0.311127245 -0.0026758262 0.797949612 0.602718174 0.0266587436 0.767543912 0.640441775 -0.0632293299 -0.0834968016 0.994500041 -0.12196482 -0.715363383 0.688026011 -0.495653421 0.0904746801 0.863795102 -0.106418118 0.776311696 0.621301293 -0.096581392 -0.994053781 0.0502900258 -0.113182753 -0.927612364 -0.355984569 -0.605622709 -0.529802442 0.593742788 -0.314863145 -0.881399751 -0.352130234 -0.248818412 -0.968180299 0.026762804 -0.647071898 -0.76242733 0.00158810278 -0.920221269 -0.230326369 0.316453189 -0.835460007 0.368996203 0.407244831 -0.980036557 -0.19875738 0.0048853606 -0.235289469 0.906900883 0.349527806 -0.827993274 0.557674766 0.0585325547 -0.273256749 0.957835495 0.088779971 -0.777192116 0.588253915 -0.223449647 -0.188949764 0.979040563 -0.0760100707 -0.691396475 -0.69841516 -0.184897617 -0.930653274 -0.217792392 -0.294025362 -0.523102999 0.494296432 -0.694286883 -0.626021147 -0.165496141 -0.762042403 -0.165595204 -0.221675321 -0.960956931 -0.0820452124 0.281803936 -0.955957711 0.00214652088 0.292325884 -0.956316352 -0.00240096101 0.946565628 -0.322502315 -0.000299448497 0.935266197 -0.353944927 0.426306665 -0.90449065 -0.0126218675 0.796415329 0.52009201 0.308588654 0.557598352 -0.799865901 0.222032964 0.230687484 -0.168060482 0.958404362 -0.000143577752 -1 -0.000185701807 0.817837179 0.557760656 -0.141581789 0.266847372 -0.917632937 -0.294520378 -0.17091991 0.657235026 0.73404938 0.205865666 0.748784125 -0.630033076 -0.00903910771 0.99856627 0.0527612865 -0.0839556679 -0.912809491 -0.399662733 -0.597505271 0.609002411 -0.521635413 -0.839298248 0.542338133 -0.0380499996 -0.386704981 -0.895558774 -0.22007665 -0.583732426 -0.811605096 -0.0235296749 -0.640859008 -0.127937645 0.756922483 -0.543332875 -0.799709976 0.255447358 -0.172582373 -0.167832643 0.970591307 -0.776190221 0.520302773 0.356109172 -0.426366478 -0.904450059 0.013480166 0.000111357273 -0.99999994 0.0003285571 0.215066686 0.657230318 0.722353518 0.684986889 -0.127897158 0.717241466 -0.824712694 0.557989955 -0.0921749845 0.0122354729 0.998576522 0.0519155227 0.835595369 0.542177022 -0.0884560496 -0.284188718 -0.917681456 -0.277664393 -0.243535236 0.748524427 -0.616767228 0.565130472 0.60887593 -0.556684494 0.0591862164 -0.91282618 -0.404036313 0.372566551 -0.895614564 -0.243040666 0.581212997 -0.811641753 -0.058558885 </float_array>
          <technique_common>
            <accessor count="341" offset="0" source="#Mario__BodyMT_BodyMT_0-normals-array" stride="3">
              <param name="X" type="float" />
              <param name="Y" type="float" />
              <param name="Z" type="float" />
            </accessor>
          </technique_common>
        </source>
        <source id="Mario__BodyMT_BodyMT_0-tex0" name="Mario__BodyMT_BodyMT_0-tex0">
          <float_array id="Mario__BodyMT_BodyMT_0-tex0-array" count="682"> 0.0509643555 0.0429077148 0.341308594 0.0172729492 0.498046875 0.186889648 0.512207031 0.348876953 0.326660156 0.506835938 0.0696411133 0.470703125 -0.0297393799 0.251708984 0.498046875 0.186889648 0.341308594 0.0172729492 0.0509643555 0.0429077148 0.512207031 0.348876953 0.326660156 0.506835938 0.0696411133 0.470703125 -0.0297393799 0.251708984 0.756835938 0.87890625 0.759765625 0.892089844 0.74609375 0.892089844 0.756835938 0.87890625 0.759765625 0.892089844 0.74609375 0.87890625 0.755859375 0.874511719 0.755859375 0.874511719 0.74609375 0.874023438 0.74609375 0.875488281 0.755859375 0.876464844 0.755859375 0.876464844 0.74609375 0.890625 0.772949219 0.640136719 0.771484375 0.645996094 0.782226562 0.65234375 0.774902344 0.641601562 0.776855469 0.661132812 0.779296875 0.653320312 0.78515625 0.665527344 0.78515625 0.6640625 0.772949219 0.640136719 0.774902344 0.641601562 0.782226562 0.65234375 0.771484375 0.645996094 0.779296875 0.653320312 0.776855469 0.661132812 0.78515625 0.6640625 0.78515625 0.665527344 0.12512207 -1.265625 0.0892944336 -1.26464844 0.0774536133 -1.31542969 0.12902832 -1.30957031 0.0744628906 -1.33496094 0.148193359 -1.25976562 0.121276855 -1.31542969 0.146240234 -1.2421875 0.075012207 -1.32714844 0.173583984 -1.21386719 0.113464355 -1.29003906 0.149169922 -1.22070312 0.0358886719 -1.26953125 0.160766602 -1.18945312 0.136962891 -1.22558594 0.127929688 -1.20117188 0.16796875 -1.15820312 0.173583984 -1.20703125 0.148071289 -1.15234375 0.118408203 -1.14257812 0.171264648 -1.15820312 0.0915527344 -1.17480469 0.0979614258 -1.20996094 0.154174805 -1.15527344 0.0358886719 -1.20898438 0.0820922852 -1.23828125 0.0358886719 -1.26464844 0.0892944336 -1.26464844 0.0358886719 -1.23828125 0.0820922852 -1.23828125 0.0892944336 -1.26464844 0.0979614258 -1.20996094 0.12512207 -1.265625 0.0774536133 -1.31542969 0.0892944336 -1.26464844 0.0915527344 -1.17480469 0.12902832 -1.30957031 0.0744628906 -1.33496094 0.148193359 -1.25976562 0.121276855 -1.31542969 0.146240234 -1.2421875 0.075012207 -1.32714844 0.173583984 -1.21386719 0.113464355 -1.29003906 0.149169922 -1.22070312 0.136962891 -1.22558594 0.160766602 -1.18945312 0.127929688 -1.20117188 0.16796875 -1.15820312 0.173583984 -1.20703125 0.148071289 -1.15234375 0.118408203 -1.14257812 0.0750732422 -1.13671875 0.11151123 -1.10351562 0.138671875 -1.11425781 0.0358886719 -1.17578125 0.0718383789 -1.09863281 0.0750732422 -1.13671875 0.0358886719 -1.13476562 0.11151123 -1.10351562 0.0718383789 -1.09863281 0.0358886719 -1.09765625 0.138671875 -1.11425781 0.0358886719 -1.08691406 0.156982422 -1.11816406 0.16003418 -1.11816406 0.144287109 -1.11621094 0.12310791 -1.15039062 0.115844727 -1.11132812 0.0358886719 -1.20898438 0.0358886719 -1.14648438 0.0358886719 -1.10742188 0.12310791 -1.15039062 0.115844727 -1.11132812 0.154174805 -1.15527344 0.144287109 -1.11621094 0.171264648 -1.15820312 0.16003418 -1.11816406 0.156982422 -1.11816406 0.639648438 0.8125 0.639648438 0.814941406 0.639648438 0.813964844 0.639648438 0.816894531 0.641113281 0.813476562 0.639648438 0.813964844 0.639648438 0.816894531 0.641113281 0.819335938 0.641113281 0.819335938 0.641113281 0.809570312 0.641113281 0.813476562 0.648925781 0.818847656 0.648925781 0.818847656 0.648925781 0.810058594 0.648925781 0.813476562 0.648925781 0.813476562 0.649902344 0.817382812 0.649902344 0.817382812 0.649902344 0.813964844 0.649902344 0.812011719 0.649902344 0.814941406 0.649902344 0.813964844 0.658691406 0.814941406 0.657226562 0.813476562 0.657226562 0.817871094 0.657226562 0.811035156 0.650390625 0.813476562 0.657226562 0.817871094 0.657226562 0.813476562 0.650390625 0.813476562 0.650390625 0.818359375 0.650390625 0.818359375 0.650390625 0.810546875 0.649414062 0.816894531 0.649414062 0.816894531 0.649414062 0.813964844 0.649414062 0.8125 0.649414062 0.814941406 0.649414062 0.813964844 0.836425781 0.314453125 0.866210938 0.306152344 0.881835938 0.306152344 0.834960938 0.306152344 0.891113281 0.217773438 0.809570312 0.306152344 0.790527344 0.306152344 0.780761719 0.217773438 0.834472656 0.217773438 0.867675781 0.217773438 0.836425781 0.21105957 0.808105469 0.217773438 0.836425781 0.297851562 0.866210938 0.306152344 0.809570312 0.306152344 0.790527344 0.306152344 0.806640625 0.372070312 0.881835938 0.306152344 0.834960938 0.306152344 0.834960938 0.372070312 0.784667969 0.372070312 0.869628906 0.372070312 0.836425781 0.380371094 0.887207031 0.372070312 0.836425781 0.314453125 0.881835938 0.306152344 0.866210938 0.306152344 0.834960938 0.306152344 0.891113281 0.217773438 0.809570312 0.306152344 0.790527344 0.306152344 0.867675781 0.217773438 0.834472656 0.217773438 0.780761719 0.217773438 0.836425781 0.21105957 0.808105469 0.217773438 0.836425781 0.297851562 0.809570312 0.306152344 0.866210938 0.306152344 0.790527344 0.306152344 0.806640625 0.372070312 0.881835938 0.306152344 0.834960938 0.306152344 0.869628906 0.372070312 0.834960938 0.372070312 0.784667969 0.372070312 0.836425781 0.380371094 0.887207031 0.372070312 0.639648438 0.8125 0.639648438 0.813964844 0.639648438 0.814941406 0.639648438 0.816894531 0.641113281 0.813476562 0.639648438 0.813964844 0.639648438 0.816894531 0.641113281 0.819335938 0.641113281 0.819335938 0.641113281 0.809570312 0.641113281 0.813476562 0.648925781 0.818847656 0.648925781 0.818847656 0.648925781 0.810058594 0.648925781 0.813476562 0.648925781 0.813476562 0.649902344 0.817382812 0.649902344 0.817382812 0.649902344 0.813964844 0.649902344 0.812011719 0.649902344 0.814941406 0.649902344 0.813964844 0.658691406 0.814941406 0.657226562 0.817871094 0.657226562 0.813476562 0.657226562 0.811035156 0.650390625 0.813476562 0.657226562 0.817871094 0.657226562 0.813476562 0.650390625 0.813476562 0.650390625 0.818359375 0.650390625 0.818359375 0.649414062 0.816894531 0.649414062 0.816894531 0.650390625 0.810546875 0.649414062 0.813964844 0.649414062 0.814941406 0.649414062 0.8125 0.649414062 0.813964844 0.86328125 0.153808594 0.840332031 0.166870117 0.882324219 0.169555664 0.866699219 0.151367188 0.780273438 0.147583008 0.852050781 0.186889648 0.882324219 0.169555664 0.80859375 0.173706055 0.884277344 0.208374023 0.809082031 0.192382812 0.889648438 0.206542969 0.859863281 0.220214844 0.882324219 0.169555664 0.873046875 0.2421875 0.858398438 0.153930664 0.887207031 0.208007812 0.868652344 0.173461914 0.873535156 0.2421875 0.823242188 0.160522461 0.854492188 0.244628906 0.876464844 0.211181641 0.831542969 0.180664062 0.83984375 0.220825195 0.859375 0.24609375 0.828613281 0.250488281 0.828613281 0.247192383 0.780273438 0.227416992 0.818359375 0.22644043 0.780273438 0.251220703 0.780273438 0.226928711 0.780273438 0.193359375 0.780273438 0.252197266 0.780273438 0.174926758 0.80859375 0.173706055 0.809082031 0.192382812 0.818359375 0.22644043 0.852050781 0.186889648 0.840332031 0.166870117 0.828613281 0.250488281 0.828613281 0.247192383 0.859863281 0.220214844 0.854492188 0.244628906 0.859375 0.24609375 0.873046875 0.2421875 0.884277344 0.208374023 0.882324219 0.169555664 0.889648438 0.206542969 0.86328125 0.153808594 0.882324219 0.169555664 0.866699219 0.151367188 0.882324219 0.169555664 0.858398438 0.153930664 0.873535156 0.2421875 0.887207031 0.208007812 0.868652344 0.173461914 0.876464844 0.211181641 0.83984375 0.220825195 0.831542969 0.180664062 0.780273438 0.182006836 0.823242188 0.160522461 0.780273438 0.162475586 0.920898438 0.948242188 0.920410156 0.937011719 0.918945312 0.948242188 0.923339844 0.948242188 0.9296875 0.948242188 0.923339844 0.937988281 0.926269531 0.948242188 0.929199219 0.9375 0.929199219 0.936523438 0.9296875 0.932128906 0.933105469 0.948242188 0.9375 0.9375 0.939453125 0.937011719 0.939453125 0.948242188 0.940917969 0.948242188 0.935546875 0.948242188 0.918945312 0.948242188 0.923339844 0.948242188 0.920410156 0.937011719 0.920898438 0.948242188 0.9296875 0.948242188 0.929199219 0.9375 0.935546875 0.948242188 0.923339844 0.937988281 0.9296875 0.932128906 0.939453125 0.937011719 0.926269531 0.948242188 0.929199219 0.936523438 0.9375 0.9375 0.933105469 0.948242188 0.939453125 0.948242188 0.940917969 0.948242188 </float_array>
          <technique_common>
            <accessor count="341" offset="0" source="#Mario__BodyMT_BodyMT_0-tex0-array" stride="2">
              <param name="S" type="float" />
              <param name="T" type="float" />
            </accessor>
          </technique_common>
        </source>
        <source id="Mario__BodyMT_BodyMT_0-color0" name="Mario__BodyMT_BodyMT_0-color0">
          <float_array id="Mario__BodyMT_BodyMT_0-color0-array" count="1023"> 0.996078432 0.996078432 0.996078432 0.996078432 0.996078432 0.996078432 0.996078432 0.996078432 0.996078432 0.996078432 0.996078432 0.996078432 0.996078432 0.996078432 0.996078432 0.996078432 0.996078432 0.996078432 0.996078432 0.996078432 0.996078432 0.996078432 0.996078432 0.996078432 0.996078432 0.996078432 0.996078432 0.996078432 0.996078432 0.996078432 0.996078432 0.996078432 0.996078432 0.996078432 0.996078432 0.996078432 0.996078432 0.996078432 0.996078432 0.996078432 0.996078432 0.996078432 0.996078432 0.996078432 0.996078432 0.996078432 0.996078432 0.996078432 0.996078432 0.996078432 0.996078432 0.996078432 0.996078432 0.996078432 0.996078432 0.996078432 0.996078432 0.996078432 0.996078432 0.996078432 0.996078432 0.996078432 0.996078432 0.996078432 0.996078432 0.996078432 0.996078432 0.996078432 0.996078432 0.996078432 0.996078432 0.996078432 0.996078432 0.996078432 0.996078432 0.996078432 0.996078432 0.996078432 0.996078432 0.996078432 0.996078432 0.996078432 0.996078432 0.996078432 0.996078432 0.996078432 0.996078432 0.996078432 0.996078432 0.996078432 0.996078432 0.996078432 0.996078432 0.996078432 0.996078432 0.996078432 0.996078432 0.996078432 0.996078432 0.996078432 0.996078432 0.996078432 0.996078432 0.996078432 0.996078432 0.996078432 0.996078432 0.996078432 0.996078432 0.996078432 0.996078432 0.996078432 0.996078432 0.996078432 0.996078432 0.996078432 0.996078432 0.996078432 0.996078432 0.996078432 0.996078432 0.996078432 0.996078432 0.996078432 0.996078432 0.996078432 0.996078432 0.996078432 0.996078432 0.996078432 0.996078432 0.996078432 0.996078432 0.996078432 0.996078432 0.996078432 0.996078432 0.996078432 0.996078432 0.996078432 0.996078432 0.996078432 0.996078432 0.996078432 0.996078432 0.996078432 0.996078432 0.996078432 0.996078432 0.996078432 0.996078432 0.996078432 0.996078432 0.996078432 0.996078432 0.996078432 0.996078432 0.996078432 0.996078432 0.996078432 0.996078432 0.996078432 0.996078432 0.996078432 0.996078432 0.996078432 0.996078432 0.996078432 0.996078432 0.996078432 0.996078432 0.996078432 0.996078432 0.996078432 0.996078432 0.996078432 0.996078432 0.996078432 0.996078432 0.996078432 0.996078432 0.996078432 0.996078432 0.996078432 0.996078432 0.996078432 0.996078432 0.996078432 0.996078432 0.996078432 0.996078432 0.996078432 0.996078432 0.996078432 0.996078432 0.996078432 0.996078432 0.996078432 0.996078432 0.996078432 0.996078432 0.996078432 0.996078432 0.996078432 0.996078432 0.996078432 0.996078432 0.996078432 0.996078432 0.996078432 0.996078432 0.996078432 0.996078432 0.996078432 0.996078432 0.996078432 0.996078432 0.996078432 0.996078432 0.996078432 0.996078432 0.996078432 0.996078432 0.996078432 0.996078432 0.996078432 0.996078432 0.996078432 0.996078432 0.996078432 0.996078432 0.996078432 0.996078432 0.996078432 0.996078432 0.996078432 0.996078432 0.996078432 0.996078432 0.996078432 0.996078432 0.996078432 0.996078432 0.996078432 0.996078432 0.996078432 0.996078432 0.996078432 0.996078432 0.996078432 0.996078432 0.996078432 0.996078432 0.996078432 0.996078432 0.996078432 0.996078432 0.996078432 0.996078432 0.996078432 0.996078432 0.996078432 0.996078432 0.996078432 0.996078432 0.996078432 0.996078432 0.996078432 0.996078432 0.996078432 0.996078432 0.996078432 0.996078432 0.996078432 0.996078432 0.996078432 0.996078432 0.996078432 0.996078432 0.996078432 0.996078432 0.996078432 0.996078432 0.996078432 0.996078432 0.996078432 0.996078432 0.996078432 0.996078432 0.996078432 0.996078432 0.996078432 0.996078432 0.996078432 0.996078432 0.996078432 0.996078432 0.996078432 0.996078432 0.996078432 0.996078432 0.996078432 0.996078432 0.996078432 0.996078432 0.996078432 0.996078432 0.996078432 0.996078432 0.996078432 0.996078432 0.996078432 0.996078432 0.996078432 0.996078432 0.996078432 0.996078432 0.996078432 0.996078432 0.996078432 0.996078432 0.996078432 0.996078432 0.996078432 0.996078432 0.996078432 0.996078432 0.996078432 0.996078432 0.996078432 0.996078432 0.996078432 0.996078432 0.996078432 0.996078432 0.996078432 0.996078432 0.996078432 0.996078432 0.996078432 0.996078432 0.996078432 0.996078432 0.996078432 0.996078432 0.996078432 0.996078432 0.996078432 0.996078432 0.996078432 0.996078432 0.996078432 0.996078432 0.996078432 0.996078432 0.996078432 0.996078432 0.996078432 0.996078432 0.996078432 0.996078432 0.996078432 0.996078432 0.996078432 0.996078432 0.996078432 0.996078432 0.996078432 0.996078432 0.996078432 0.996078432 0.996078432 0.996078432 0.996078432 0.996078432 0.996078432 0.996078432 0.996078432 0.996078432 0.996078432 0.996078432 0.996078432 0.996078432 0.996078432 0.996078432 0.996078432 0.996078432 0.996078432 0.996078432 0.996078432 0.996078432 0.996078432 0.996078432 0.996078432 0.996078432 0.996078432 0.996078432 0.996078432 0.996078432 0.996078432 0.996078432 0.996078432 0.996078432 0.996078432 0.996078432 0.996078432 0.996078432 0.996078432 0.996078432 0.996078432 0.996078432 0.996078432 0.996078432 0.996078432 0.996078432 0.996078432 0.996078432 0.996078432 0.996078432 0.996078432 0.996078432 0.996078432 0.996078432 0.996078432 0.996078432 0.996078432 0.996078432 0.996078432 0.996078432 0.996078432 0.996078432 0.996078432 0.996078432 0.996078432 0.996078432 0.996078432 0.996078432 0.996078432 0.996078432 0.996078432 0.996078432 0.996078432 0.996078432 0.996078432 0.996078432 0.996078432 0.996078432 0.996078432 0.996078432 0.996078432 0.996078432 0.996078432 0.996078432 0.996078432 0.996078432 0.996078432 0.996078432 0.996078432 0.996078432 0.996078432 0.996078432 0.996078432 0.996078432 0.996078432 0.996078432 0.996078432 0.996078432 0.996078432 0.996078432 0.996078432 0.996078432 0.996078432 0.996078432 0.996078432 0.996078432 0.996078432 0.996078432 0.996078432 0.996078432 0.996078432 0.996078432 0.996078432 0.996078432 0.996078432 0.996078432 0.996078432 0.996078432 0.996078432 0.996078432 0.996078432 0.996078432 0.996078432 0.996078432 0.996078432 0.996078432 0.996078432 0.996078432 0.996078432 0.996078432 0.996078432 0.996078432 0.996078432 0.996078432 0.996078432 0.996078432 0.996078432 0.996078432 0.996078432 0.996078432 0.996078432 0.996078432 0.996078432 0.996078432 0.996078432 0.996078432 0.996078432 0.996078432 0.996078432 0.996078432 0.996078432 0.996078432 0.996078432 0.996078432 0.996078432 0.996078432 0.996078432 0.996078432 0.996078432 0.996078432 0.996078432 0.996078432 0.996078432 0.996078432 0.996078432 0.996078432 0.996078432 0.996078432 0.996078432 0.996078432 0.996078432 0.996078432 0.996078432 0.996078432 0.996078432 0.996078432 0.996078432 0.996078432 0.996078432 0.996078432 0.996078432 0.996078432 0.996078432 0.996078432 0.996078432 0.996078432 0.996078432 0.996078432 0.996078432 0.996078432 0.996078432 0.996078432 0.996078432 0.996078432 0.996078432 0.996078432 0.996078432 0.996078432 0.996078432 0.996078432 0.996078432 0.996078432 0.996078432 0.996078432 0.996078432 0.996078432 0.996078432 0.996078432 0.996078432 0.996078432 0.996078432 0.996078432 0.996078432 0.996078432 0.996078432 0.996078432 0.996078432 0.996078432 0.996078432 0.996078432 0.996078432 0.996078432 0.996078432 0.996078432 0.996078432 0.996078432 0.996078432 0.996078432 0.996078432 0.996078432 0.996078432 0.996078432 0.996078432 0.996078432 0.996078432 0.996078432 0.996078432 0.996078432 0.996078432 0.996078432 0.996078432 0.996078432 0.996078432 0.996078432 0.996078432 0.996078432 0.996078432 0.996078432 0.996078432 0.996078432 0.996078432 0.996078432 0.996078432 0.996078432 0.996078432 0.996078432 0.996078432 0.996078432 0.996078432 0.996078432 0.996078432 0.996078432 0.996078432 0.996078432 0.996078432 0.996078432 0.996078432 0.996078432 0.996078432 0.996078432 0.996078432 0.996078432 0.996078432 0.996078432 0.996078432 0.996078432 0.996078432 0.996078432 0.996078432 0.996078432 0.996078432 0.996078432 0.996078432 0.996078432 0.996078432 0.996078432 0.996078432 0.996078432 0.996078432 0.996078432 0.996078432 0.996078432 0.996078432 0.996078432 0.996078432 0.996078432 0.996078432 0.996078432 0.996078432 0.996078432 0.996078432 0.996078432 0.996078432 0.996078432 0.996078432 0.996078432 0.996078432 0.996078432 0.996078432 0.996078432 0.996078432 0.996078432 0.996078432 0.996078432 0.996078432 0.996078432 0.996078432 0.996078432 0.996078432 0.996078432 0.996078432 0.996078432 0.996078432 0.996078432 0.996078432 0.996078432 0.996078432 0.996078432 0.996078432 0.996078432 0.996078432 0.996078432 0.996078432 0.996078432 0.996078432 0.996078432 0.996078432 0.996078432 0.996078432 0.996078432 0.996078432 0.996078432 0.996078432 0.996078432 0.996078432 0.996078432 0.996078432 0.996078432 0.996078432 0.996078432 0.996078432 0.996078432 0.996078432 0.996078432 0.996078432 0.996078432 0.996078432 0.996078432 0.996078432 0.996078432 0.996078432 0.996078432 0.996078432 0.996078432 0.996078432 0.996078432 0.996078432 0.996078432 0.996078432 0.996078432 0.996078432 0.996078432 0.996078432 0.996078432 0.996078432 0.996078432 0.996078432 0.996078432 0.996078432 0.996078432 0.996078432 0.996078432 0.996078432 0.996078432 0.996078432 0.996078432 0.996078432 0.996078432 0.996078432 0.996078432 0.996078432 0.996078432 0.996078432 0.996078432 0.996078432 0.996078432 0.996078432 0.996078432 0.996078432 0.996078432 0.996078432 0.996078432 0.996078432 0.996078432 0.996078432 0.996078432 0.996078432 0.996078432 0.996078432 0.996078432 0.996078432 0.996078432 0.996078432 0.996078432 0.996078432 0.996078432 0.996078432 0.996078432 0.996078432 0.996078432 0.996078432 0.996078432 0.996078432 0.996078432 0.996078432 0.996078432 0.996078432 0.996078432 0.996078432 0.996078432 0.996078432 0.996078432 0.996078432 0.996078432 0.996078432 0.996078432 0.996078432 0.996078432 0.996078432 0.996078432 0.996078432 0.996078432 0.996078432 0.996078432 0.996078432 0.996078432 0.996078432 0.996078432 0.996078432 0.996078432 0.996078432 0.996078432 0.996078432 0.996078432 0.996078432 0.996078432 0.996078432 0.996078432 0.996078432 0.996078432 0.996078432 0.996078432 0.996078432 0.996078432 0.996078432 0.996078432 0.996078432 0.996078432 0.996078432 0.996078432 0.996078432 0.996078432 0.996078432 0.996078432 0.996078432 0.996078432 0.996078432 0.996078432 0.996078432 0.996078432 0.996078432 0.996078432 0.996078432 0.996078432 0.996078432 0.996078432 0.996078432 0.996078432 0.996078432 0.996078432 0.996078432 0.996078432 0.996078432 0.996078432 0.996078432 0.996078432 0.996078432 0.996078432 0.996078432 0.996078432 0.996078432 0.996078432 0.996078432 0.996078432 0.996078432 0.996078432 0.996078432 0.996078432 0.996078432 0.996078432 0.996078432 0.996078432 0.996078432 0.996078432 0.996078432 0.996078432 0.996078432 0.996078432 0.996078432 0.996078432 0.996078432 0.996078432 0.996078432 0.996078432 0.996078432 0.996078432 0.996078432 0.996078432 0.996078432 0.996078432 0.996078432 0.996078432 0.996078432 0.996078432 0.996078432 0.996078432 0.996078432 0.996078432 0.996078432 0.996078432 0.996078432 0.996078432 0.996078432 0.996078432 0.996078432 0.996078432 0.996078432 0.996078432 0.996078432 0.996078432 0.996078432 0.996078432 0.996078432 0.996078432 0.996078432 0.996078432 0.996078432 0.996078432 0.996078432 0.996078432 0.996078432 0.996078432 0.996078432 0.996078432 0.996078432 0.996078432 0.996078432 0.996078432 0.996078432 0.996078432 0.996078432 0.996078432 0.996078432 0.996078432 0.996078432 0.996078432 0.996078432 0.996078432 0.996078432 0.996078432 0.996078432 0.996078432 0.996078432 0.996078432 0.996078432 0.996078432 0.996078432 0.996078432 0.996078432 0.996078432 0.996078432 0.996078432 0.996078432 0.996078432 0.996078432 0.996078432 0.996078432 0.996078432 0.996078432 0.996078432 0.996078432 0.996078432 0.996078432 0.996078432 0.996078432 0.996078432 0.996078432 0.996078432 0.996078432 0.996078432 0.996078432 0.996078432 0.996078432 0.996078432 0.996078432 0.996078432 0.996078432 0.996078432 0.996078432 0.996078432 0.996078432 0.996078432 0.996078432 0.996078432 0.996078432 0.996078432 0.996078432 0.996078432 0.996078432 0.996078432 0.996078432 0.996078432 0.996078432 0.996078432 0.996078432 0.996078432 0.996078432 0.996078432 0.996078432 0.996078432 0.996078432 0.996078432 0.996078432 0.996078432 0.996078432 0.996078432 0.996078432 0.996078432 0.996078432 0.996078432 0.996078432 0.996078432 0.996078432 0.996078432 </float_array>
          <technique_common>
            <accessor count="341" offset="0" source="#Mario__BodyMT_BodyMT_0-color0-array" stride="3">
              <param name="R" type="float" />
              <param name="G" type="float" />
              <param name="B" type="float" />
            </accessor>
          </technique_common>
        </source>
        <vertices id="Mario__BodyMT_BodyMT_0-vertices">
          <input semantic="POSITION" source="#Mario__BodyMT_BodyMT_0-positions" />
        </vertices>
        <polylist count="554" material="defaultMaterial">
          <input offset="0" semantic="VERTEX" source="#Mario__BodyMT_BodyMT_0-vertices" />
          <input offset="0" semantic="NORMAL" source="#Mario__BodyMT_BodyMT_0-normals" />
          <input offset="0" semantic="TEXCOORD" source="#Mario__BodyMT_BodyMT_0-tex0" set="0" />
          <input offset="0" semantic="COLOR" source="#Mario__BodyMT_BodyMT_0-color0" set="0" />
          <vcount>3 3 3 3 3 3 3 3 3 3 3 3 3 3 3 3 3 3 3 3 3 3 3 3 3 3 3 3 3 3 3 3 3 3 3 3 3 3 3 3 3 3 3 3 3 3 3 3 3 3 3 3 3 3 3 3 3 3 3 3 3 3 3 3 3 3 3 3 3 3 3 3 3 3 3 3 3 3 3 3 3 3 3 3 3 3 3 3 3 3 3 3 3 3 3 3 3 3 3 3 3 3 3 3 3 3 3 3 3 3 3 3 3 3 3 3 3 3 3 3 3 3 3 3 3 3 3 3 3 3 3 3 3 3 3 3 3 3 3 3 3 3 3 3 3 3 3 3 3 3 3 3 3 3 3 3 3 3 3 3 3 3 3 3 3 3 3 3 3 3 3 3 3 3 3 3 3 3 3 3 3 3 3 3 3 3 3 3 3 3 3 3 3 3 3 3 3 3 3 3 3 3 3 3 3 3 3 3 3 3 3 3 3 3 3 3 3 3 3 3 3 3 3 3 3 3 3 3 3 3 3 3 3 3 3 3 3 3 3 3 3 3 3 3 3 3 3 3 3 3 3 3 3 3 3 3 3 3 3 3 3 3 3 3 3 3 3 3 3 3 3 3 3 3 3 3 3 3 3 3 3 3 3 3 3 3 3 3 3 3 3 3 3 3 3 3 3 3 3 3 3 3 3 3 3 3 3 3 3 3 3 3 3 3 3 3 3 3 3 3 3 3 3 3 3 3 3 3 3 3 3 3 3 3 3 3 3 3 3 3 3 3 3 3 3 3 3 3 3 3 3 3 3 3 3 3 3 3 3 3 3 3 3 3 3 3 3 3 3 3 3 3 3 3 3 3 3 3 3 3 3 3 3 3 3 3 3 3 3 3 3 3 3 3 3 3 3 3 3 3 3 3 3 3 3 3 3 3 3 3 3 3 3 3 3 3 3 3 3 3 3 3 3 3 3 3 3 3 3 3 3 3 3 3 3 3 3 3 3 3 3 3 3 3 3 3 3 3 3 3 3 3 3 3 3 3 3 3 3 3 3 3 3 3 3 3 3 3 3 3 3 3 3 3 3 3 3 3 3 3 3 3 3 3 3 3 3 3 3 3 3 3 3 3 3 3 3 3 3 3 3 3 3 3 3 3 3 3 3 3 3 3 3 3 3 3 3 3 3 3 3 3 3 3 3 3 3 3 3 3 3 3 3 3 3 3 3 3 3 3 3 3 3 3 3 3 3 3 3 3 3 3 3 3 </vcount>
          <p>0 1 2 3 0 2 3 4 0 0 4 5 0 5 6 7 8 9 10 7 9 10 9 11 9 12 11 9 13 12 14 15 16 17 16 18 19 14 16 19 16 17 20 14 19 21 19 17 20 19 22 22 19 21 23 20 22 23 22 21 24 20 23 23 21 25 24 23 26 23 25 26 27 28 29 27 29 30 29 28 31 29 32 30 29 31 33 29 34 32 29 33 34 35 36 37 35 37 38 36 39 37 37 40 38 37 39 41 37 42 40 37 41 42 43 44 45 43 45 46 46 45 47 48 43 46 46 47 49 50 43 48 47 51 49 50 48 52 49 51 53 54 50 52 51 55 53 54 52 56 53 55 57 58 54 56 56 52 59 52 60 59 58 56 61 56 59 61 62 58 61 60 63 59 62 64 58 64 65 58 66 63 60 57 66 60 64 67 65 65 67 68 68 69 70 71 69 68 67 71 68 71 72 69 67 72 71 72 73 69 74 72 67 75 76 77 78 74 67 75 79 76 79 80 76 81 79 75 79 82 80 83 81 75 80 82 84 85 81 83 86 84 82 87 85 83 55 84 86 88 55 86 89 85 87 90 89 87 78 90 74 89 91 85 91 92 85 90 93 89 93 91 89 78 94 90 94 93 90 95 94 78 94 96 93 95 96 94 93 97 91 96 97 93 98 95 78 98 78 67 98 67 64 95 99 96 100 98 64 100 64 62 101 95 98 100 101 98 101 99 95 102 100 62 102 62 61 103 101 100 102 103 100 101 104 99 103 104 101 102 61 105 61 59 105 102 106 103 103 106 104 102 105 106 104 106 99 99 106 96 96 106 97 105 59 107 105 107 106 107 59 63 108 107 63 106 107 108 66 108 63 66 109 108 106 108 109 110 109 66 57 110 66 110 111 109 106 109 111 112 110 57 55 112 57 88 112 55 113 111 110 112 113 110 113 114 111 114 106 111 115 113 112 88 115 112 116 114 113 115 116 113 116 106 114 117 115 88 92 117 88 118 116 115 117 118 115 118 106 116 92 119 117 91 119 92 120 118 117 119 120 117 120 106 118 91 121 119 121 120 119 121 106 120 97 121 91 97 106 121 122 123 124 123 125 124 122 124 126 124 125 126 122 127 123 123 128 125 123 127 128 128 129 125 126 125 129 127 130 128 128 130 129 122 131 127 122 126 131 127 132 130 127 131 132 130 133 129 132 133 130 126 129 134 134 129 133 126 135 131 131 135 132 126 134 136 126 136 135 132 137 133 132 135 137 134 133 138 137 139 133 133 139 138 135 140 137 137 140 139 135 141 140 136 141 135 140 142 139 141 142 140 138 139 142 136 143 141 143 142 141 138 142 143 134 143 136 134 138 143 144 145 146 144 147 145 146 145 148 145 147 148 144 146 149 144 150 147 144 149 150 150 151 147 149 151 150 149 146 152 146 148 152 149 153 151 149 152 153 147 154 148 147 151 154 153 152 155 151 153 155 152 148 156 152 156 155 148 154 157 148 157 156 151 158 154 154 158 157 156 157 159 158 159 157 155 156 159 151 160 158 151 155 160 160 159 158 155 159 160 161 162 163 161 163 164 162 165 163 164 163 165 161 166 162 161 164 167 161 167 166 167 164 168 166 167 168 164 165 169 164 169 168 162 170 165 166 170 162 165 171 169 170 171 165 168 169 171 166 172 170 166 168 172 170 172 171 168 171 172 173 174 175 173 175 176 174 177 175 176 175 177 173 178 174 179 173 176 179 178 173 179 176 180 179 180 178 176 177 181 176 181 180 174 182 177 178 182 174 177 183 181 177 182 183 180 181 183 178 184 182 178 180 184 184 183 182 180 183 184 185 186 187 185 188 186 187 186 189 188 189 186 185 187 190 185 191 188 185 190 191 187 189 192 187 192 190 188 193 189 191 194 188 188 194 193 190 194 191 189 193 195 194 195 193 192 189 195 190 196 194 190 192 196 196 195 194 192 195 196 197 198 199 200 198 197 201 199 198 200 201 198 197 199 202 203 200 197 203 197 202 201 204 199 202 199 204 203 205 200 203 202 205 200 206 201 200 205 206 201 206 207 205 207 206 201 207 204 202 208 205 205 208 207 202 204 208 208 204 207 209 210 211 210 212 211 209 213 210 210 213 212 209 211 214 211 212 215 211 215 214 212 216 215 213 216 212 214 215 217 215 216 217 209 214 218 209 218 213 214 217 219 214 219 218 217 216 220 217 220 219 213 221 216 221 220 216 213 218 222 218 219 222 213 223 221 213 222 223 219 220 224 219 224 222 221 225 220 220 226 224 220 225 226 222 224 227 224 226 227 222 227 228 223 222 228 227 226 229 228 227 229 225 229 226 223 228 230 230 228 229 225 230 229 221 223 230 221 230 225 231 232 233 231 233 234 232 235 233 233 235 234 231 236 232 231 234 237 231 237 236 237 234 238 237 238 236 236 239 232 232 239 235 236 240 239 236 238 240 240 241 239 238 241 240 239 242 235 239 241 242 234 235 243 234 243 238 235 242 244 235 244 243 241 245 242 242 245 244 243 244 246 246 244 245 238 243 246 247 245 241 238 247 241 247 246 245 238 246 247 248 249 250 251 248 250 248 252 249 251 252 248 250 249 253 251 250 254 249 255 253 249 252 255 250 253 256 250 256 254 253 255 257 254 256 258 256 253 259 260 254 258 251 254 260 258 256 261 256 259 261 262 251 260 262 252 251 260 258 263 262 260 264 264 260 263 263 258 265 258 261 265 266 262 264 266 252 262 265 261 267 263 265 267 264 263 268 263 267 268 264 268 269 266 264 269 268 267 270 269 268 270 267 261 271 261 259 271 267 271 272 271 259 272 270 267 273 267 272 273 269 270 274 270 273 274 272 259 275 253 275 259 253 257 275 273 272 276 272 275 276 257 277 275 276 275 277 257 278 277 255 278 257 273 276 279 273 279 274 255 280 278 255 252 280 278 280 281 280 252 281 277 278 282 278 281 282 277 282 283 276 277 283 282 281 284 283 282 284 284 281 285 281 252 285 276 283 286 279 276 287 276 286 287 279 287 274 283 288 286 283 284 288 287 286 289 286 288 290 286 290 289 288 291 290 289 290 291 288 284 292 288 292 291 284 293 292 284 285 293 291 292 294 285 295 293 285 252 295 292 293 296 292 296 294 293 295 297 293 297 296 252 297 295 298 296 297 298 294 296 299 297 252 298 297 299 300 291 294 289 291 300 300 294 301 301 294 298 289 300 301 302 298 299 302 301 298 289 301 303 303 301 302 304 289 303 287 289 304 274 287 304 304 303 305 274 304 305 305 303 302 306 274 305 269 274 306 266 269 306 307 305 302 306 305 307 307 302 299 307 299 252 266 306 308 306 307 308 266 308 252 308 307 252 309 310 311 311 310 312 313 309 311 313 311 312 309 314 310 313 315 309 315 314 309 312 310 316 315 317 314 314 318 310 317 318 314 310 318 316 319 317 315 313 319 315 317 320 318 319 320 317 316 318 321 320 321 318 319 322 320 322 321 320 313 322 319 323 321 322 313 323 322 324 316 321 324 321 323 313 324 323 312 316 324 313 312 324 325 326 327 325 327 328 329 326 325 329 325 328 326 330 327 329 331 326 326 331 330 328 327 332 327 330 333 332 327 333 331 334 330 330 334 333 335 328 332 329 328 335 336 332 333 335 332 336 336 333 337 337 333 334 335 336 338 338 336 337 329 335 338 338 337 339 329 338 339 339 337 334 329 339 340 340 339 334 329 340 331 331 340 334 </p>
        </polylist>
      </mesh>
    </geometry>
    <geometry id="CapHair__HairMT_HairMT_0" name="CapHair__HairMT_HairMT_0" >
      <mesh>
        <source id="CapHair__HairMT_HairMT_0-positions" name="CapHair__HairMT_HairMT_0-positions">
          <float_array id="CapHair__HairMT_HairMT_0-positions-array" count="165"> -0.00712302793 3.23719645 0.729790151 -0.0453345776 3.35612798 0.755523086 -0.242502704 3.18751979 0.675932288 0.26691401 3.18669724 0.625380635 -0.364252865 3.48802686 0.621612549 -0.481139481 3.20549059 0.49536255 0.406710058 3.46034431 0.591384828 0.474413186 3.19122648 0.513774395 -0.524745584 3.35663295 0.407412082 -0.633132994 3.08365011 0.331264853 0.525864542 3.34095001 0.427655488 0.62891084 3.06481099 0.355582237 -0.705257177 3.28915858 0.0575148948 -0.748935044 2.90224195 0.0228417311 0.717624307 3.26791859 0.0849313289 0.751041114 2.87985086 0.0517436452 0.514359176 3.55039907 0.427096397 0.259769022 3.54323149 0.613915801 0.558636367 3.01997876 -0.360178173 0.589345872 2.72286296 -0.248622119 0.145259306 3.54360771 0.71795994 0.00628920505 3.62333488 0.332860649 -0.129820898 3.6068573 0.725022078 -0.201263666 3.61883473 0.540500164 -0.506982982 3.56564522 0.40741694 -0.383494407 3.59348702 0.101343803 0.403635919 3.58173728 0.116510428 0.0128806429 3.60289764 -0.0250607561 0.491174072 3.38105559 -0.226687536 -0.463698596 3.39530945 -0.245086268 0.0147884842 3.26003766 -0.389697015 0.324333727 2.93808889 -0.57292968 -0.536713183 3.03632951 -0.381283641 -0.58054775 2.74032664 -0.271163911 -0.29693836 2.94736314 -0.584900498 -0.347521693 2.59398532 -0.617388248 -0.516134322 2.50724363 -0.245929658 0.0145624587 2.96558022 -0.606089294 0.00902134739 2.58866286 -0.610518336 0.365564376 2.58334064 -0.603648365 0.517082453 2.4918201 -0.226021379 0.0082960194 2.37339425 -0.739648104 0.412228316 2.54734325 -0.683010578 0.262438029 2.40975022 -0.736963868 0.593860269 2.34932041 -0.510839462 0.378670692 2.23641133 -0.288448393 0.454871982 2.40598583 -0.717163742 0.383183241 2.21555877 -0.538799584 -0.00221634028 2.24209714 -0.295787424 -0.378590852 2.22693014 -0.553477585 -0.3831034 2.24778271 -0.303126454 -0.244562835 2.41731858 -0.746732891 -0.58610338 2.36693454 -0.533575296 -0.392147779 2.55935049 -0.698509514 -0.437643141 2.4193089 -0.734360933 </float_array>
          <technique_common>
            <accessor count="55" offset="0" source="#CapHair__HairMT_HairMT_0-positions-array" stride="3">
              <param name="X" type="float" />
              <param name="Y" type="float" />
              <param name="Z" type="float" />
            </accessor>
          </technique_common>
        </source>
        <source id="CapHair__HairMT_HairMT_0-normals" name="CapHair__HairMT_HairMT_0-normals">
          <float_array id="CapHair__HairMT_HairMT_0-normals-array" count="165"> 0.139242977 -0.16605483 0.976236224 -0.0256829187 -0.0382307284 0.998938859 -0.469826788 -0.056075085 0.880975842 0.384507835 -0.0837823525 0.919311821 -0.578823984 0.25862211 0.77335465 -0.726299703 0.021676546 0.687036276 0.533182442 0.0927381963 0.840901971 0.667200267 -0.00468395883 0.744863689 -0.859780908 0.123538248 0.495494813 -0.908500612 0.155389056 0.387918711 0.851466179 0.0971690714 0.515328526 0.897117794 0.128438815 0.422709256 -0.906009257 0.39285785 -0.157511771 -0.961342156 0.0918996781 -0.259568214 0.922719657 0.365564585 -0.122274242 0.972939551 0.0630256161 -0.222297996 0.548615217 0.820225537 0.162022814 0.187382266 0.949280024 0.25249818 0.790517867 0.171392098 -0.587967873 0.874442458 -0.13921535 -0.464725196 0.331162661 0.591827691 0.734895408 0.0399274044 0.998987317 0.020741161 -0.101990595 0.726246238 0.679826677 -0.188519642 0.978555501 0.0830030441 -0.589158952 0.793707132 0.151395991 -0.33437705 0.916651487 -0.21895662 0.369736999 0.90613997 -0.205438435 0.0220034551 0.892686307 -0.450141072 0.428904891 0.661003709 -0.615722895 -0.3849594 0.673152685 -0.631404519 0.0243374407 0.650343776 -0.759250104 0.249313399 0.278765023 -0.927433491 -0.761820793 0.194564611 -0.617878437 -0.859659672 -0.113329485 -0.498138249 -0.204981014 0.285546571 -0.93618691 -0.327691108 0.212214783 -0.920642912 -0.985148787 -0.1185304 -0.124227375 0.022265913 0.238432571 -0.970903754 0.0216272846 0.179538339 -0.983513236 0.369057059 0.201821864 -0.907229185 0.98522675 -0.147943273 -0.0862616673 -0.00120757346 -0.820495069 -0.571652293 0.564644039 0.70330447 -0.431902707 0.0277827363 -0.192139581 -0.980974257 0.995165586 -0.0687434375 -0.0701414347 0.0524159968 -0.99780786 -0.0403977707 0.504284322 -0.307610482 -0.806891024 -0.00802880526 -0.972673237 -0.232039347 -0.011722466 -0.987576365 -0.156702057 -0.0120765185 -0.972618818 -0.232092112 -0.0805698633 -0.995822728 -0.0429602638 0.00429803645 -0.191788912 -0.981426775 -0.99333185 -0.0390513912 -0.108475201 -0.526340008 0.719617307 -0.452898592 -0.48176685 -0.292893589 -0.825901985 </float_array>
          <technique_common>
            <accessor count="55" offset="0" source="#CapHair__HairMT_HairMT_0-normals-array" stride="3">
              <param name="X" type="float" />
              <param name="Y" type="float" />
              <param name="Z" type="float" />
            </accessor>
          </technique_common>
        </source>
        <source id="CapHair__HairMT_HairMT_0-tex0" name="CapHair__HairMT_HairMT_0-tex0">
          <float_array id="CapHair__HairMT_HairMT_0-tex0-array" count="110"> 0.271179527 0.269241631 0.271179527 0.269241631 0.271179527 0.269241631 0.271179527 0.269241631 0.271179527 0.269241631 0.271179527 0.269241631 0.271179527 0.269241631 0.271179527 0.269241631 0.271179527 0.269241631 0.271179527 0.269241631 0.271179527 0.269241631 0.271179527 0.269241631 0.271179527 0.269241631 0.271179527 0.269241631 0.271179527 0.269241631 0.271179527 0.269241631 0.271179527 0.269241631 0.271179527 0.269241631 0.271179527 0.269241631 0.271179527 0.269241631 0.271179527 0.269241631 0.271179527 0.269241631 0.271179527 0.269241631 0.271179527 0.269241631 0.271179527 0.269241631 0.271179527 0.269241631 0.271179527 0.269241631 0.271179527 0.269241631 0.271179527 0.269241631 0.271179527 0.269241631 0.271179527 0.269241631 0.271179527 0.269241631 0.271179527 0.269241631 0.271179527 0.269241631 0.271179527 0.269241631 0.271179527 0.269241631 0.271179527 0.269241631 0.271179527 0.269241631 0.271179527 0.269241631 0.271179527 0.269241631 0.271179527 0.269241631 0.271179527 0.269241631 0.271179527 0.269241631 0.271179527 0.269241631 0.271179527 0.269241631 0.271179527 0.269241631 0.271179527 0.269241631 0.271179527 0.269241631 0.271179527 0.269241631 0.271179527 0.269241631 0.271179527 0.269241631 0.271179527 0.269241631 0.271179527 0.269241631 0.271179527 0.269241631 0.271179527 0.269241631 </float_array>
          <technique_common>
            <accessor count="55" offset="0" source="#CapHair__HairMT_HairMT_0-tex0-array" stride="2">
              <param name="S" type="float" />
              <param name="T" type="float" />
            </accessor>
          </technique_common>
        </source>
        <source id="CapHair__HairMT_HairMT_0-color0" name="CapHair__HairMT_HairMT_0-color0">
          <float_array id="CapHair__HairMT_HairMT_0-color0-array" count="165"> 0.996078432 0.996078432 0.996078432 0.996078432 0.996078432 0.996078432 0.996078432 0.996078432 0.996078432 0.996078432 0.996078432 0.996078432 0.996078432 0.996078432 0.996078432 0.996078432 0.996078432 0.996078432 0.996078432 0.996078432 0.996078432 0.996078432 0.996078432 0.996078432 0.996078432 0.996078432 0.996078432 0.996078432 0.996078432 0.996078432 0.996078432 0.996078432 0.996078432 0.996078432 0.996078432 0.996078432 0.996078432 0.996078432 0.996078432 0.996078432 0.996078432 0.996078432 0.996078432 0.996078432 0.996078432 0.996078432 0.996078432 0.996078432 0.996078432 0.996078432 0.996078432 0.996078432 0.996078432 0.996078432 0.996078432 0.996078432 0.996078432 0.996078432 0.996078432 0.996078432 0.996078432 0.996078432 0.996078432 0.996078432 0.996078432 0.996078432 0.996078432 0.996078432 0.996078432 0.996078432 0.996078432 0.996078432 0.996078432 0.996078432 0.996078432 0.996078432 0.996078432 0.996078432 0.996078432 0.996078432 0.996078432 0.996078432 0.996078432 0.996078432 0.996078432 0.996078432 0.996078432 0.996078432 0.996078432 0.996078432 0.996078432 0.996078432 0.996078432 0.996078432 0.996078432 0.996078432 0.996078432 0.996078432 0.996078432 0.996078432 0.996078432 0.996078432 0.996078432 0.996078432 0.996078432 0.996078432 0.996078432 0.996078432 0.996078432 0.996078432 0.996078432 0.996078432 0.996078432 0.996078432 0.996078432 0.996078432 0.996078432 0.996078432 0.996078432 0.996078432 0.996078432 0.996078432 0.996078432 0.996078432 0.996078432 0.996078432 0.996078432 0.996078432 0.996078432 0.996078432 0.996078432 0.996078432 0.996078432 0.996078432 0.996078432 0.996078432 0.996078432 0.996078432 0.996078432 0.996078432 0.996078432 0.996078432 0.996078432 0.996078432 0.996078432 0.996078432 0.996078432 0.996078432 0.996078432 0.996078432 0.996078432 0.996078432 0.996078432 0.996078432 0.996078432 0.996078432 0.996078432 0.996078432 0.996078432 0.996078432 0.996078432 0.996078432 0.996078432 0.996078432 0.996078432 </float_array>
          <technique_common>
            <accessor count="55" offset="0" source="#CapHair__HairMT_HairMT_0-color0-array" stride="3">
              <param name="R" type="float" />
              <param name="G" type="float" />
              <param name="B" type="float" />
            </accessor>
          </technique_common>
        </source>
        <vertices id="CapHair__HairMT_HairMT_0-vertices">
          <input semantic="POSITION" source="#CapHair__HairMT_HairMT_0-positions" />
        </vertices>
        <polylist count="92" material="defaultMaterial">
          <input offset="0" semantic="VERTEX" source="#CapHair__HairMT_HairMT_0-vertices" />
          <input offset="0" semantic="NORMAL" source="#CapHair__HairMT_HairMT_0-normals" />
          <input offset="0" semantic="TEXCOORD" source="#CapHair__HairMT_HairMT_0-tex0" set="0" />
          <input offset="0" semantic="COLOR" source="#CapHair__HairMT_HairMT_0-color0" set="0" />
          <vcount>3 3 3 3 3 3 3 3 3 3 3 3 3 3 3 3 3 3 3 3 3 3 3 3 3 3 3 3 3 3 3 3 3 3 3 3 3 3 3 3 3 3 3 3 3 3 3 3 3 3 3 3 3 3 3 3 3 3 3 3 3 3 3 3 3 3 3 3 3 3 3 3 3 3 3 3 3 3 3 3 3 3 3 3 3 3 3 3 3 3 3 3 </vcount>
          <p>0 1 2 0 3 1 2 1 4 2 4 5 3 6 1 3 7 6 5 4 8 5 8 9 7 10 6 7 11 10 8 12 9 9 12 13 11 14 10 11 15 14 6 10 16 10 14 16 6 16 17 15 18 14 15 19 18 6 17 20 6 20 1 16 21 17 20 17 21 20 22 1 20 21 22 1 22 4 22 23 4 22 21 23 24 4 23 24 23 21 8 4 24 8 24 12 24 21 25 24 25 12 16 26 21 16 14 26 21 27 25 21 26 27 26 14 28 26 28 27 28 14 18 25 27 29 25 29 12 27 28 30 27 30 29 28 18 31 28 31 30 32 12 29 13 12 32 13 32 33 29 30 34 32 29 34 32 35 33 32 34 35 33 35 36 34 30 37 30 31 37 34 37 38 31 38 37 34 38 35 18 39 31 31 39 38 19 39 18 19 40 39 38 41 35 38 39 41 40 42 39 41 39 43 42 43 39 40 44 42 40 45 44 42 46 43 44 46 42 47 43 46 44 47 46 44 45 47 41 43 47 45 48 47 41 47 48 49 41 48 50 49 48 51 41 49 35 41 51 52 49 50 36 52 50 36 35 53 36 53 52 53 35 51 52 54 49 53 54 52 51 49 54 53 51 54 </p>
        </polylist>
      </mesh>
    </geometry>
    <geometry id="MarioEye__EyeMT_EyeMT_0" name="MarioEye__EyeMT_EyeMT_0" >
      <mesh>
        <source id="MarioEye__EyeMT_EyeMT_0-positions" name="MarioEye__EyeMT_EyeMT_0-positions">
          <float_array id="MarioEye__EyeMT_EyeMT_0-positions-array" count="123"> -0.466658086 2.99930596 0.651778102 -0.280664682 3.18840289 0.731559515 -0.618389308 3.07952738 0.32131508 -0.634706557 2.69982529 0.384188801 -0.487662643 2.73242545 0.647336721 -0.57485491 2.65556026 0.64295584 -0.189525247 2.66756392 0.764864385 -0.215335593 2.52924562 0.776145101 -0.323417038 2.51242685 0.93599987 -0.29404828 2.68615627 0.945269823 -0.0183355976 2.77827263 0.95616734 -0.0155336699 2.74278998 0.783261299 0.156715274 2.66239524 0.771535814 0.254720837 2.67796445 0.955843627 0.279228151 2.50343084 0.947611809 0.177933455 2.52337503 0.783722699 0.545924306 2.63882995 0.664551258 0.460960329 2.71826482 0.665615022 0.616991699 2.68114042 0.408306837 0.447772652 2.98565555 0.669397593 0.614444613 3.06112432 0.345069647 0.26456961 3.18026376 0.742065251 -0.618389308 3.07952738 0.32131508 -0.280664682 3.18840289 0.731559515 -0.276397407 3.30464387 0.60014832 -0.00441209972 3.29719257 0.635572612 -0.00867935643 3.1809516 0.766983807 0.26456961 3.18026376 0.742065251 0.268836856 3.29650497 0.610654056 0.614444613 3.06112432 0.345069647 0.156715274 2.66239524 0.771535814 0.460960329 2.71826482 0.665615022 0.447772652 2.98565555 0.669397593 0.26456961 3.18026376 0.742065251 -0.0117345573 2.99158573 0.77883929 -0.0155336699 2.74278998 0.783261299 -0.00867935643 3.1809516 0.766983807 -0.189525247 2.66756392 0.764864385 -0.280664682 3.18840289 0.731559515 -0.466658086 2.99930596 0.651778102 -0.487662643 2.73242545 0.647336721 </float_array>
          <technique_common>
            <accessor count="41" offset="0" source="#MarioEye__EyeMT_EyeMT_0-positions-array" stride="3">
              <param name="X" type="float" />
              <param name="Y" type="float" />
              <param name="Z" type="float" />
            </accessor>
          </technique_common>
        </source>
        <source id="MarioEye__EyeMT_EyeMT_0-normals" name="MarioEye__EyeMT_EyeMT_0-normals">
          <float_array id="MarioEye__EyeMT_EyeMT_0-normals-array" count="123"> -0.666423917 0.180053875 0.723505199 -0.377756298 0.120943412 0.917972147 -0.898369908 0.148496464 0.413376719 -0.952100277 0.0337823816 0.30391413 -0.588001192 0.180673838 0.788423479 -0.756641865 0.113115132 0.643970549 -0.594839871 0.370681137 0.713274896 -0.91417408 0.1156976 0.388458282 -0.968410373 0.0362642556 -0.246710911 -0.693450928 0.70218122 -0.161453739 0.0155609651 0.999339461 -0.0328412168 -0.00665993569 0.591413975 0.806340575 0.577722847 0.353177816 0.735867977 0.719796777 0.681084991 -0.134222969 0.977844179 0.00721154222 -0.209209949 0.901579618 0.0885930955 0.423444718 0.734316707 0.0908588022 0.672698736 0.562328696 0.163502261 0.8105883 0.940272808 0.0055338922 0.340376943 0.643140078 0.160505399 0.74873817 0.885813236 0.121862978 0.4477548 0.345561892 0.110146105 0.931909204 -0.898363769 0.148486897 0.413393527 -0.377776921 0.120921887 0.917966485 -0.426382452 0.11510139 0.897189856 -0.0173100699 0.119488105 0.992684722 -0.0182568319 0.0625976846 0.997871816 0.345582306 0.11012388 0.931904316 0.394755036 0.10284432 0.913012326 0.885806024 0.121853516 0.447771609 0.577724934 0.353147358 0.735881031 0.562325776 0.163521141 0.810586572 0.64312762 0.160522178 0.748745263 0.345577925 0.11013829 0.931904197 -0.0186688676 0.0389487259 0.99906677 -0.0066728564 0.591431916 0.806327343 -0.0182900466 0.0627680644 0.997860551 -0.594843328 0.370651066 0.713287592 -0.377772301 0.120936148 0.917966545 -0.666411281 0.180070415 0.723512709 -0.587997496 0.180692762 0.788421869 </float_array>
          <technique_common>
            <accessor count="41" offset="0" source="#MarioEye__EyeMT_EyeMT_0-normals-array" stride="3">
              <param name="X" type="float" />
              <param name="Y" type="float" />
              <param name="Z" type="float" />
            </accessor>
          </technique_common>
        </source>
        <source id="MarioEye__EyeMT_EyeMT_0-tex0" name="MarioEye__EyeMT_EyeMT_0-tex0">
          <float_array id="MarioEye__EyeMT_EyeMT_0-tex0-array" count="82"> 0.749992371 0.550004601 0.749992371 0.550004601 0.749992371 0.550004601 0.749992371 0.550004601 0.749992371 0.550004601 0.749992371 0.550004601 0.749992371 0.550004601 0.749992371 0.550004601 0.749992371 0.550004601 0.749992371 0.550004601 0.749992371 0.550004601 0.749992371 0.550004601 0.749992371 0.550004601 0.749992371 0.550004601 0.749992371 0.550004601 0.749992371 0.550004601 0.749992371 0.550004601 0.749992371 0.550004601 0.749992371 0.550004601 0.749992371 0.550004601 0.749992371 0.550004601 0.749992371 0.550004601 0.749992371 0.550004601 0.749992371 0.550004601 0.749992371 0.550004601 0.749992371 0.550004601 0.749992371 0.550004601 0.749992371 0.550004601 0.749992371 0.550004601 0.749992371 0.550004601 0.223487049 0.942869365 0.645191789 0.862636209 0.62544632 0.378917813 0.367748052 0.0975371599 -0.00054933317 0.364909828 -0.00054933317 0.829493105 0 0.0975371599 0.223487049 0.942869365 0.367748052 0.0975371599 0.62544632 0.378917813 0.645191789 0.862636209 </float_array>
          <technique_common>
            <accessor count="41" offset="0" source="#MarioEye__EyeMT_EyeMT_0-tex0-array" stride="2">
              <param name="S" type="float" />
              <param name="T" type="float" />
            </accessor>
          </technique_common>
        </source>
        <source id="MarioEye__EyeMT_EyeMT_0-color0" name="MarioEye__EyeMT_EyeMT_0-color0">
          <float_array id="MarioEye__EyeMT_EyeMT_0-color0-array" count="123"> 0.996078432 0.996078432 0.996078432 0.996078432 0.996078432 0.996078432 0.996078432 0.996078432 0.996078432 0.996078432 0.996078432 0.996078432 0.996078432 0.996078432 0.996078432 0.996078432 0.996078432 0.996078432 0.996078432 0.996078432 0.996078432 0.996078432 0.996078432 0.996078432 0.996078432 0.996078432 0.996078432 0.996078432 0.996078432 0.996078432 0.996078432 0.996078432 0.996078432 0.996078432 0.996078432 0.996078432 0.996078432 0.996078432 0.996078432 0.996078432 0.996078432 0.996078432 0.996078432 0.996078432 0.996078432 0.996078432 0.996078432 0.996078432 0.996078432 0.996078432 0.996078432 0.996078432 0.996078432 0.996078432 0.996078432 0.996078432 0.996078432 0.996078432 0.996078432 0.996078432 0.996078432 0.996078432 0.996078432 0.996078432 0.996078432 0.996078432 0 0 0 0 0 0 0 0 0 0 0 0 0 0 0 0 0 0 0 0 0 0 0 0 0.996078432 0.996078432 0.996078432 0.996078432 0.996078432 0.996078432 0.996078432 0.996078432 0.996078432 0.996078432 0.996078432 0.996078432 0.996078432 0.996078432 0.996078432 0.996078432 0.996078432 0.996078432 0.996078432 0.996078432 0.996078432 0.996078432 0.996078432 0.996078432 0.996078432 0.996078432 0.996078432 0.996078432 0.996078432 0.996078432 0.996078432 0.996078432 0.996078432 </float_array>
          <technique_common>
            <accessor count="41" offset="0" source="#MarioEye__EyeMT_EyeMT_0-color0-array" stride="3">
              <param name="R" type="float" />
              <param name="G" type="float" />
              <param name="B" type="float" />
            </accessor>
          </technique_common>
        </source>
        <vertices id="MarioEye__EyeMT_EyeMT_0-vertices">
          <input semantic="POSITION" source="#MarioEye__EyeMT_EyeMT_0-positions" />
        </vertices>
        <polylist count="36" material="defaultMaterial">
          <input offset="0" semantic="VERTEX" source="#MarioEye__EyeMT_EyeMT_0-vertices" />
          <input offset="0" semantic="NORMAL" source="#MarioEye__EyeMT_EyeMT_0-normals" />
          <input offset="0" semantic="TEXCOORD" source="#MarioEye__EyeMT_EyeMT_0-tex0" set="0" />
          <input offset="0" semantic="COLOR" source="#MarioEye__EyeMT_EyeMT_0-color0" set="0" />
          <vcount>3 3 3 3 3 3 3 3 3 3 3 3 3 3 3 3 3 3 3 3 3 3 3 3 3 3 3 3 3 3 3 3 3 3 3 3 </vcount>
          <p>0 1 2 3 0 2 4 0 3 5 4 3 4 5 6 7 6 5 8 9 7 9 6 7 6 9 10 6 10 11 12 11 10 12 10 13 13 14 15 12 13 15 15 16 12 17 12 16 16 18 17 17 18 19 18 20 19 19 20 21 22 23 24 25 24 23 26 25 23 26 27 25 27 28 25 27 29 28 30 31 32 30 32 33 34 30 33 35 30 34 36 34 33 35 34 37 36 38 34 34 38 37 37 38 39 37 39 40 </p>
        </polylist>
      </mesh>
    </geometry>
    <geometry id="Mario64HandL__BodyMT_HandMT_0" name="Mario64HandL__BodyMT_HandMT_0" >
      <mesh>
        <source id="Mario64HandL__BodyMT_HandMT_0-positions" name="Mario64HandL__BodyMT_HandMT_0-positions">
          <float_array id="Mario64HandL__BodyMT_HandMT_0-positions-array" count="81"> 0.711593926 1.3347187 0.0404720418 0.708917379 1.32593918 0.0566950291 0.709512055 1.33896124 0.045956362 0.76643312 1.22295856 -0.104002297 0.712290943 1.33656049 0.0326958857 0.951451719 1.43877029 0.275645107 0.703813553 1.04023743 0.291141152 0.621134341 1.3970623 0.0632184297 0.867906809 1.5078156 0.176137939 1.12242043 1.17011595 0.41642645 0.821968675 1.60236204 0.195965707 0.894499242 0.929998815 0.287127972 0.781315088 1.5772748 -0.188758209 0.807837903 1.16879165 -0.0513357297 0.718488991 1.31089807 -0.371847898 0.77950871 1.27848995 -0.288060993 1.04964995 1.26389134 -0.430159777 1.01311743 1.35476077 -0.392097712 0.967050433 1.42388785 -0.489726692 1.0621562 1.62333274 -0.144847408 1.06716824 1.53035033 -0.103274055 1.21707261 1.49149489 -0.0526527129 1.29481578 1.02300656 -0.307476103 1.41680157 1.21354127 0.0687689483 1.18583548 0.892409265 0.0648972392 0.980569482 0.920789361 -0.193694636 0.925730586 0.901875556 0.127137318 </float_array>
          <technique_common>
            <accessor count="27" offset="0" source="#Mario64HandL__BodyMT_HandMT_0-positions-array" stride="3">
              <param name="X" type="float" />
              <param name="Y" type="float" />
              <param name="Z" type="float" />
            </accessor>
          </technique_common>
        </source>
        <source id="Mario64HandL__BodyMT_HandMT_0-normals" name="Mario64HandL__BodyMT_HandMT_0-normals">
          <float_array id="Mario64HandL__BodyMT_HandMT_0-normals-array" count="81"> -0.957318604 -0.18834421 -0.219243035 -0.902764201 0.283926129 0.323114157 -0.786908805 -0.0495539978 0.615076363 -0.777013898 -0.54037106 -0.32287541 -0.744610667 -0.666736722 -0.0318923779 -0.017850494 0.632736742 0.77416122 -0.795875788 -0.178817883 0.578451276 -0.953760803 0.288993001 0.082603395 0.111690119 0.495511025 0.861390829 0.39329654 0.0530968085 0.917877197 -0.341343611 0.870373964 0.354871362 -0.121465936 -0.823304355 0.554451048 -0.528818846 0.792523742 -0.303737909 -0.732913971 -0.527740717 -0.429333091 -0.783894122 0.18824923 -0.591669023 -0.313603848 -0.910305738 -0.27017799 0.208851159 0.0429668799 -0.977003098 0.607633114 0.125668809 -0.784212589 -0.0306800846 0.516894102 -0.855499387 0.241495118 0.947863281 -0.207930937 0.650547028 0.759027541 -0.0258016642 0.714271963 0.699317396 -0.0277619325 0.709467351 -0.300302863 -0.637553334 0.967012525 0.120332807 0.224514633 0.548521876 -0.803085327 0.232760966 -0.440389842 -0.728976011 -0.524071276 -0.555034459 -0.829645991 -0.0602016263 </float_array>
          <technique_common>
            <accessor count="27" offset="0" source="#Mario64HandL__BodyMT_HandMT_0-normals-array" stride="3">
              <param name="X" type="float" />
              <param name="Y" type="float" />
              <param name="Z" type="float" />
            </accessor>
          </technique_common>
        </source>
        <source id="Mario64HandL__BodyMT_HandMT_0-tex0" name="Mario64HandL__BodyMT_HandMT_0-tex0">
          <float_array id="Mario64HandL__BodyMT_HandMT_0-tex0-array" count="54"> 0.139038086 -1.015625 0.139282227 -1.01464844 0.138916016 -1.015625 0.141235352 -1.01367188 0.138916016 -1.015625 0.142700195 -1.02441406 0.148925781 -1.01074219 0.136108398 -1.01367188 0.138549805 -1.02246094 0.153808594 -1.02441406 0.135620117 -1.0234375 0.154907227 -1.01367188 0.131591797 -1.02050781 0.143798828 -1.01464844 0.135498047 -1.01367188 0.138183594 -1.01464844 0.141479492 -1.02148438 0.138916016 -1.02148438 0.135375977 -1.02148438 0.135498047 -1.02929688 0.138427734 -1.02734375 0.142333984 -1.03125 0.152954102 -1.0234375 0.153930664 -1.03125 0.158325195 -1.01953125 0.151489258 -1.01367188 0.154418945 -1.01269531 </float_array>
          <technique_common>
            <accessor count="27" offset="0" source="#Mario64HandL__BodyMT_HandMT_0-tex0-array" stride="2">
              <param name="S" type="float" />
              <param name="T" type="float" />
            </accessor>
          </technique_common>
        </source>
        <source id="Mario64HandL__BodyMT_HandMT_0-color0" name="Mario64HandL__BodyMT_HandMT_0-color0">
          <float_array id="Mario64HandL__BodyMT_HandMT_0-color0-array" count="81"> 1 1 1 1 1 1 1 1 1 1 1 1 1 1 1 1 1 1 1 1 1 1 1 1 1 1 1 1 1 1 1 1 1 1 1 1 1 1 1 1 1 1 1 1 1 1 1 1 1 1 1 1 1 1 1 1 1 1 1 1 1 1 1 1 1 1 1 1 1 1 1 1 1 1 1 1 1 1 1 1 1 </float_array>
          <technique_common>
            <accessor count="27" offset="0" source="#Mario64HandL__BodyMT_HandMT_0-color0-array" stride="3">
              <param name="R" type="float" />
              <param name="G" type="float" />
              <param name="B" type="float" />
            </accessor>
          </technique_common>
        </source>
        <vertices id="Mario64HandL__BodyMT_HandMT_0-vertices">
          <input semantic="POSITION" source="#Mario64HandL__BodyMT_HandMT_0-positions" />
        </vertices>
        <polylist count="50" material="defaultMaterial">
          <input offset="0" semantic="VERTEX" source="#Mario64HandL__BodyMT_HandMT_0-vertices" />
          <input offset="0" semantic="NORMAL" source="#Mario64HandL__BodyMT_HandMT_0-normals" />
          <input offset="0" semantic="TEXCOORD" source="#Mario64HandL__BodyMT_HandMT_0-tex0" set="0" />
          <input offset="0" semantic="COLOR" source="#Mario64HandL__BodyMT_HandMT_0-color0" set="0" />
          <vcount>3 3 3 3 3 3 3 3 3 3 3 3 3 3 3 3 3 3 3 3 3 3 3 3 3 3 3 3 3 3 3 3 3 3 3 3 3 3 3 3 3 3 3 3 3 3 3 3 3 3 </vcount>
          <p>0 1 2 0 3 1 0 2 4 0 4 3 1 5 2 3 6 1 1 6 5 2 7 4 2 5 8 2 8 7 6 9 5 7 8 10 6 11 9 7 10 12 6 13 11 3 13 6 7 12 14 4 7 14 3 4 15 4 14 15 3 15 16 3 16 13 15 14 17 15 17 16 14 12 18 14 18 17 12 19 18 18 19 17 12 10 19 10 8 19 17 19 20 19 8 20 17 20 21 21 20 8 16 17 21 5 21 8 5 9 21 16 21 22 9 23 21 23 22 21 9 24 23 24 22 23 11 24 9 25 16 22 25 22 24 13 16 25 11 26 24 13 26 11 25 24 26 13 25 26 </p>
        </polylist>
      </mesh>
    </geometry>
    <geometry id="Face__FaceMT_FaceMT_0" name="Face__FaceMT_FaceMT_0" >
      <mesh>
        <source id="Face__FaceMT_FaceMT_0-positions" name="Face__FaceMT_FaceMT_0-positions">
          <float_array id="Face__FaceMT_FaceMT_0-positions-array" count="309"> -0.223713547 2.53154397 0.777638972 -0.534314513 2.36163521 0.666432261 -0.23030889 2.36959815 0.773341417 -0.581927121 2.66523623 0.650285006 -0.23253046 2.22285867 0.680665612 -0.0215836093 2.30046844 0.754564762 -0.0218361393 2.212852 0.699792325 0.189643115 2.21655631 0.688800216 0.188233241 2.36335039 0.781405985 -0.388249546 2.09965014 0.374737024 -0.0197266787 2.01275325 0.435295284 0.353283614 2.08858085 0.389025182 0.495757788 2.3462584 0.686280072 0.186312243 2.52542329 0.785539448 -0.661424935 2.3706243 0.330410659 -0.487662643 2.73242521 0.647336483 -0.647568583 2.70500875 0.391967177 0.635926902 2.35125804 0.35540852 0.55299437 2.64829469 0.672153056 0.629693449 2.68594241 0.416577995 0.46096012 2.71826506 0.665614903 -0.487662643 2.73242521 0.647336483 -0.466658026 2.99930596 0.651777923 -0.647568583 2.70500875 0.391967177 -0.280664712 3.18840289 0.731559336 -0.633133113 3.08365059 0.331264585 -0.223713547 2.53154397 0.777638972 -0.189525291 2.66756392 0.764864147 -0.581927121 2.66523623 0.650285006 -0.487662643 2.73242521 0.647336483 -0.223713547 2.53154397 0.777638972 -0.32871592 2.51334572 0.932443976 -0.298739135 2.68971872 0.941886067 -0.189525291 2.66756392 0.764864147 -0.23030889 2.36959815 0.773341417 -0.33425656 2.50972199 1.14078283 -0.302764714 2.33130574 0.908751249 -0.305169106 2.34056401 1.13067389 -0.0181676932 2.78654075 0.953853846 -0.304350376 2.67622399 1.1494844 -0.015533763 2.74278998 0.783261061 -0.0215836093 2.30046844 0.754564762 -0.0258323792 2.22892642 0.919645905 -0.0300579146 2.37932944 1.25546193 -0.0263774041 2.64741302 1.27213812 -0.0301309675 2.21683455 1.13336992 -0.0223134868 2.77826881 1.16260743 0.156715125 2.66239524 0.771535635 0.259642452 2.68138337 0.952645123 0.256849021 2.66784668 1.16029775 0.188233241 2.36335039 0.781405985 0.248376042 2.3323009 1.14133978 0.254245311 2.32299089 0.91948384 0.282086879 2.50052166 1.1526587 0.186312243 2.52542329 0.785539448 0.284684777 2.50418901 0.94426316 -0.748934984 2.90224171 0.0228413958 -0.888911247 2.8032136 -0.139371037 -0.745166063 2.684237 -0.0839878097 -0.58054769 2.74032688 -0.271164119 -0.88839066 2.54812551 -0.11413943 -0.691283345 2.3883462 0.0428723693 -0.516134322 2.50724363 -0.245929912 -0.516134322 2.50724363 -0.245929912 -0.383103371 2.24778295 -0.303126663 -0.691283345 2.3883462 0.0428723693 -0.00221638149 2.24209738 -0.295787662 -0.388249546 2.09965014 0.374737024 -0.661424935 2.3706243 0.330410659 -0.647568583 2.70500875 0.391967177 0.378670603 2.23641157 -0.288448513 0.353283614 2.08858085 0.389025182 -0.0197266787 2.01275325 0.435295284 0.517082274 2.49182057 -0.226021498 0.677352905 2.36791587 0.0692437664 0.635926902 2.35125804 0.35540852 0.629693449 2.68594241 0.416577995 -0.633133113 3.08365059 0.331264585 -0.748934984 2.90224171 0.0228413958 -0.647568583 2.70500875 0.391967177 -0.745166063 2.684237 -0.0839878097 -0.691283345 2.3883462 0.0428723693 0.46096012 2.71826506 0.665614903 0.629693449 2.68594241 0.416577995 0.447772473 2.98565555 0.669397533 0.628910601 3.06481099 0.355582029 0.264569461 3.18026376 0.742065132 0.186312243 2.52542329 0.785539448 0.55299437 2.64829469 0.672153056 0.156715125 2.66239524 0.771535635 0.46096012 2.71826506 0.665614903 0.751040876 2.87985063 0.0517434515 0.744886041 2.66199422 -0.0552769341 0.894143462 2.77659702 -0.105014481 0.589345753 2.7228632 -0.248622179 0.885040641 2.52165246 -0.0799682885 0.677352905 2.36791587 0.0692437664 0.517082274 2.49182057 -0.226021498 0.628910601 3.06481099 0.355582029 0.629693449 2.68594241 0.416577995 0.751040876 2.87985063 0.0517434515 0.677352905 2.36791587 0.0692437664 0.744886041 2.66199422 -0.0552769341 </float_array>
          <technique_common>
            <accessor count="103" offset="0" source="#Face__FaceMT_FaceMT_0-positions-array" stride="3">
              <param name="X" type="float" />
              <param name="Y" type="float" />
              <param name="Z" type="float" />
            </accessor>
          </technique_common>
        </source>
        <source id="Face__FaceMT_FaceMT_0-normals" name="Face__FaceMT_FaceMT_0-normals">
          <float_array id="Face__FaceMT_FaceMT_0-normals-array" count="309"> -0.914217055 0.116534129 0.388106942 -0.667105496 -0.413263708 0.619825304 -0.672036529 -0.714643955 0.194038585 -0.756542206 0.113901041 0.643949091 -0.267341316 -0.74941206 0.60573107 -0.0138257109 -0.998477638 -0.0533974618 -0.0239990409 -0.740911841 0.671173394 0.221783131 -0.755990446 0.615865827 0.642611206 -0.734128058 0.21933274 -0.277086318 -0.956083715 -0.0955359861 -0.01237961 -0.991782427 -0.127335533 0.251787841 -0.964011431 -0.0853510275 0.630612493 -0.431298584 0.645220399 0.90170604 0.0893955901 0.423006684 -0.89724654 -0.406824648 0.171587646 -0.588028371 0.18140775 0.788234651 -0.952075839 0.0337850787 0.303990364 0.877475739 -0.433242321 0.205760643 0.734177291 0.0923788473 0.67264396 0.940270543 0.00557006616 0.340382546 0.562633872 0.162128896 0.810652435 -0.58802104 0.18140094 0.788241684 -0.666535437 0.180044577 0.723404765 -0.952074826 0.0338184834 0.303989887 -0.377740592 0.120971791 0.917974889 -0.898601174 0.147022039 0.413401008 -0.914231718 0.116525821 0.388074845 -0.595383048 0.368361145 0.714023173 -0.756540716 0.11390318 0.643950522 -0.588008344 0.181400165 0.78825134 -0.914228022 0.116501279 0.388090938 -0.96835804 0.0347524323 -0.247133434 -0.693135738 0.702528119 -0.16129826 -0.595371246 0.368414432 0.71400553 -0.672042072 -0.714650691 0.193994492 -0.884874105 -0.0211618617 0.465349346 -0.749452651 -0.609673202 -0.258107185 -0.755335391 -0.536029637 0.377015412 0.0155559191 0.999340177 -0.0328218713 -0.665045857 0.676062703 0.317258894 -0.00674488768 0.591870725 0.806004703 -0.0138594545 -0.998475254 -0.0534331761 -0.0100459848 -0.972603142 -0.23225455 -0.0225798897 -0.270054102 0.962580323 -0.0159076788 0.198923275 0.979885936 -0.020777123 -0.935015559 0.353997409 0.00961044058 0.967915714 0.251091272 0.577581644 0.353015363 0.736056805 0.719487607 0.681440294 -0.134077251 0.672870874 0.655282378 0.343292564 0.642585337 -0.734161437 0.219296858 0.723919034 -0.558121026 0.405514717 0.740312278 -0.631911755 -0.229401916 0.865361392 -0.0472819209 0.498912841 0.901712775 0.0893991366 0.422991544 0.977751791 0.00571275642 -0.209687516 -0.968668163 0.17476958 0.176458314 -0.617510855 0.450743318 -0.644601285 -0.868068278 -0.0565343387 0.493215263 -0.788539529 -0.266313255 -0.554330826 -0.737175286 -0.462183535 -0.492908657 -0.784235358 -0.609523118 -0.116001882 -0.571998 -0.396475255 -0.718070745 -0.571981132 -0.39649716 -0.718072116 -0.249448553 -0.926446736 -0.281907618 -0.784225881 -0.609529138 -0.116034545 -0.00942207314 -0.965784431 -0.259174883 -0.277062982 -0.956091464 -0.0955257788 -0.897254467 -0.406812787 0.171574429 -0.952076197 0.0337993391 0.303987712 0.232373416 -0.93364203 -0.272608042 0.251800567 -0.964009225 -0.0853386968 -0.0123420302 -0.991782963 -0.127335042 0.58673209 -0.41502586 -0.695340931 0.769576728 -0.632723629 -0.0860955119 0.877485693 -0.433232695 0.20573847 0.940262496 0.00554829836 0.340405196 -0.898605585 0.147024468 0.413390577 -0.968667805 0.17480211 0.176428229 -0.952076256 0.033803124 0.303987175 -0.868072391 -0.0565649904 0.493204564 -0.784220576 -0.60954684 -0.115977287 0.562656403 0.162094146 0.810643733 0.940261304 0.00555821555 0.340408266 0.643395603 0.161357969 0.748335302 0.885745764 0.121098876 0.448095411 0.34571299 0.110182941 0.931848824 0.901697516 0.0894121379 0.423021376 0.73416388 0.0923657566 0.672660351 0.577571571 0.353022009 0.736061513 0.562683761 0.162124917 0.810618579 0.966001809 0.145204827 0.21390672 0.8463763 -0.0821310729 0.52621448 0.655311167 0.431587219 -0.619919121 0.801268458 -0.289296508 -0.523714006 0.74149251 -0.484259009 -0.464415818 0.769585371 -0.63271755 -0.086063154 0.586735904 -0.415026754 -0.695337176 0.885754585 0.121079788 0.448083133 0.94026798 0.00554874819 0.340389997 0.966001868 0.14520213 0.213908285 0.769568741 -0.632741213 -0.0860378891 0.846382797 -0.0821656808 0.526198566 </float_array>
          <technique_common>
            <accessor count="103" offset="0" source="#Face__FaceMT_FaceMT_0-normals-array" stride="3">
              <param name="X" type="float" />
              <param name="Y" type="float" />
              <param name="Z" type="float" />
            </accessor>
          </technique_common>
        </source>
        <source id="Face__FaceMT_FaceMT_0-tex0" name="Face__FaceMT_FaceMT_0-tex0">
          <float_array id="Face__FaceMT_FaceMT_0-tex0-array" count="206"> 0.33782959 0.600585938 0.482299805 0.637939453 0.346191406 0.660644531 0.485839844 0.481689453 0.377563477 0.729980469 0.286315918 0.720214844 0.27671814 0.764648438 0.377563477 0.729980469 0.346191406 0.660644531 0.495849609 0.823242188 0.308349609 0.893066406 0.495849609 0.823242188 0.482299805 0.637939453 0.33782959 0.600585938 0.596435547 0.665039062 0.474121094 0.434936523 0.602050781 0.500732422 0.596435547 0.665039062 0.485839844 0.481689453 0.602050781 0.500732422 0.474121094 0.434936523 0.280105591 0.455810547 0.304656982 0.385253906 0.355834961 0.494873047 0.284362793 0.311035156 0.407348633 0.399902344 0.638671875 0.554931641 0.638671875 0.554931641 0.638671875 0.554931641 0.638671875 0.554931641 0.607421875 -0.356933594 0.588867188 -0.350097656 0.580322266 -0.370605469 0.591064453 -0.388183594 0.594970703 -0.316894531 0.571533203 -0.3515625 0.581298828 -0.328613281 0.568847656 -0.340332031 0.546142578 -0.38671875 0.568359375 -0.362304688 0.546142578 -0.405273438 0.546142578 -0.291992188 0.546142578 -0.3125 0.546142578 -0.345214844 0.546142578 -0.359375 0.546142578 -0.331054688 0.546142578 -0.37109375 0.591064453 -0.388183594 0.580322266 -0.370605469 0.568359375 -0.362304688 0.594970703 -0.316894531 0.568847656 -0.340332031 0.581298828 -0.328613281 0.571533203 -0.3515625 0.607421875 -0.356933594 0.588867188 -0.350097656 0.817382812 -0.460449219 0.857421875 -0.4296875 0.815917969 -0.397949219 0.771484375 -0.411132812 0.855957031 -0.358886719 0.799316406 -0.317382812 0.751953125 -0.346679688 1.69628906 0.625244141 1.67480469 0.630615234 1.69433594 0.602050781 1.64550781 0.630126953 1.66992188 0.594726562 1.6875 0.585449219 1.69628906 0.559570312 1.67480469 0.630615234 1.66992188 0.594726562 1.64550781 0.599853516 1.69628906 0.625244141 1.69433594 0.602050781 1.6875 0.585449219 1.69628906 0.559570312 0.495727539 0.244678497 0.733398438 0.288421631 0.477539062 0.427490234 0.755859375 0.443115234 0.655273438 0.557373047 0.280105591 0.455810547 0.355834961 0.494873047 0.304656982 0.385253906 0.407348633 0.399902344 0.284362793 0.311035156 0.638671875 0.554931641 0.638671875 0.554931641 0.638671875 0.554931641 0.638671875 0.554931641 0.817382812 -0.460449219 0.815917969 -0.397949219 0.857421875 -0.4296875 0.771484375 -0.411132812 0.855957031 -0.358886719 0.799316406 -0.317382812 0.751953125 -0.346679688 0.495727539 0.244678497 0.477539062 0.427490234 0.733398438 0.288421631 0.655273438 0.557373047 0.755859375 0.443115234 </float_array>
          <technique_common>
            <accessor count="103" offset="0" source="#Face__FaceMT_FaceMT_0-tex0-array" stride="2">
              <param name="S" type="float" />
              <param name="T" type="float" />
            </accessor>
          </technique_common>
        </source>
        <source id="Face__FaceMT_FaceMT_0-color0" name="Face__FaceMT_FaceMT_0-color0">
          <float_array id="Face__FaceMT_FaceMT_0-color0-array" count="309"> 0.996078432 0.996078432 0.996078432 0.996078432 0.996078432 0.996078432 0.996078432 0.996078432 0.996078432 0.996078432 0.996078432 0.996078432 0.996078432 0.996078432 0.996078432 0.996078432 0.996078432 0.996078432 0.996078432 0.996078432 0.996078432 0.996078432 0.996078432 0.996078432 0.996078432 0.996078432 0.996078432 0.996078432 0.996078432 0.996078432 0.996078432 0.996078432 0.996078432 0.996078432 0.996078432 0.996078432 0.996078432 0.996078432 0.996078432 0.996078432 0.996078432 0.996078432 0.996078432 0.996078432 0.996078432 0.996078432 0.996078432 0.996078432 0.996078432 0.996078432 0.996078432 0.996078432 0.996078432 0.996078432 0.996078432 0.996078432 0.996078432 0.996078432 0.996078432 0.996078432 0.996078432 0.996078432 0.996078432 0.996078432 0.996078432 0.996078432 0.996078432 0.996078432 0.996078432 0.996078432 0.996078432 0.996078432 0.996078432 0.996078432 0.996078432 0.996078432 0.996078432 0.996078432 0.996078432 0.996078432 0.996078432 0.996078432 0.996078432 0.996078432 0.996078432 0.996078432 0.996078432 0.996078432 0.996078432 0.996078432 0.996078432 0.996078432 0.996078432 0.996078432 0.996078432 0.996078432 0.996078432 0.996078432 0.996078432 0.996078432 0.996078432 0.996078432 0.996078432 0.996078432 0.996078432 0.996078432 0.996078432 0.996078432 0.996078432 0.996078432 0.996078432 0.996078432 0.996078432 0.996078432 0.996078432 0.996078432 0.996078432 0.996078432 0.996078432 0.996078432 0.996078432 0.996078432 0.996078432 0.996078432 0.996078432 0.996078432 0.996078432 0.996078432 0.996078432 0.996078432 0.996078432 0.996078432 0.996078432 0.996078432 0.996078432 0.996078432 0.996078432 0.996078432 0.996078432 0.996078432 0.996078432 0.996078432 0.996078432 0.996078432 0.996078432 0.996078432 0.996078432 0.996078432 0.996078432 0.996078432 0.996078432 0.996078432 0.996078432 0.996078432 0.996078432 0.996078432 0.996078432 0.996078432 0.996078432 0.996078432 0.996078432 0.996078432 0.996078432 0.996078432 0.996078432 0.996078432 0.996078432 0.996078432 0.996078432 0.996078432 0.996078432 0.996078432 0.996078432 0.996078432 0.996078432 0.996078432 0.996078432 0.996078432 0.996078432 0.996078432 0.996078432 0.996078432 0.996078432 0.996078432 0.996078432 0.996078432 0.996078432 0.996078432 0.996078432 0.996078432 0.996078432 0.996078432 0.996078432 0.996078432 0.996078432 0.996078432 0.996078432 0.996078432 0.996078432 0.996078432 0.996078432 0.996078432 0.996078432 0.996078432 0.996078432 0.996078432 0.996078432 0.996078432 0.996078432 0.996078432 0.996078432 0.996078432 0.996078432 0.996078432 0.996078432 0.996078432 0.996078432 0.996078432 0.996078432 0.996078432 0.996078432 0.996078432 0.996078432 0.996078432 0.996078432 0.996078432 0.996078432 0.996078432 0.996078432 0.996078432 0.996078432 0.996078432 0.996078432 0.996078432 0.996078432 0.996078432 0.996078432 0.996078432 0.996078432 0.996078432 0.996078432 0.996078432 0.996078432 0.996078432 0.996078432 0.996078432 0.996078432 0.996078432 0.996078432 0.996078432 0.996078432 0.996078432 0.996078432 0.996078432 0.996078432 0.996078432 0.996078432 0.996078432 0.996078432 0.996078432 0.996078432 0.996078432 0.996078432 0.996078432 0.996078432 0.996078432 0.996078432 0.996078432 0.996078432 0.996078432 0.996078432 0.996078432 0.996078432 0.996078432 0.996078432 0.996078432 0.996078432 0.996078432 0.996078432 0.996078432 0.996078432 0.996078432 0.996078432 0.996078432 0.996078432 0.996078432 0.996078432 0.996078432 0.996078432 0.996078432 0.996078432 0.996078432 0.996078432 0.996078432 0.996078432 0.996078432 0.996078432 0.996078432 0.996078432 0.996078432 0.996078432 0.996078432 0.996078432 0.996078432 0.996078432 0.996078432 0.996078432 0.996078432 0.996078432 </float_array>
          <technique_common>
            <accessor count="103" offset="0" source="#Face__FaceMT_FaceMT_0-color0-array" stride="3">
              <param name="R" type="float" />
              <param name="G" type="float" />
              <param name="B" type="float" />
            </accessor>
          </technique_common>
        </source>
        <vertices id="Face__FaceMT_FaceMT_0-vertices">
          <input semantic="POSITION" source="#Face__FaceMT_FaceMT_0-positions" />
        </vertices>
        <polylist count="108" material="defaultMaterial">
          <input offset="0" semantic="VERTEX" source="#Face__FaceMT_FaceMT_0-vertices" />
          <input offset="0" semantic="NORMAL" source="#Face__FaceMT_FaceMT_0-normals" />
          <input offset="0" semantic="TEXCOORD" source="#Face__FaceMT_FaceMT_0-tex0" set="0" />
          <input offset="0" semantic="COLOR" source="#Face__FaceMT_FaceMT_0-color0" set="0" />
          <vcount>3 3 3 3 3 3 3 3 3 3 3 3 3 3 3 3 3 3 3 3 3 3 3 3 3 3 3 3 3 3 3 3 3 3 3 3 3 3 3 3 3 3 3 3 3 3 3 3 3 3 3 3 3 3 3 3 3 3 3 3 3 3 3 3 3 3 3 3 3 3 3 3 3 3 3 3 3 3 3 3 3 3 3 3 3 3 3 3 3 3 3 3 3 3 3 3 3 3 3 3 3 3 3 3 3 3 3 3 </vcount>
          <p>0 1 2 0 3 1 2 1 4 2 4 5 5 6 7 5 7 8 5 4 6 4 9 10 4 10 6 4 1 9 6 10 7 7 10 11 7 12 8 7 11 12 8 12 13 9 1 14 1 3 14 3 15 16 3 16 14 11 17 12 12 18 13 12 17 18 17 19 18 18 19 20 21 22 23 22 24 25 22 25 23 26 27 28 27 29 28 30 31 32 30 32 33 30 34 31 31 35 32 31 36 37 31 37 35 31 34 36 32 38 33 32 39 38 32 35 39 33 38 40 34 41 42 34 42 36 35 37 43 35 44 39 35 43 44 36 42 37 37 42 45 37 45 43 39 46 38 39 44 46 40 38 47 38 48 47 38 49 48 38 46 49 41 50 42 42 51 45 42 52 51 42 50 52 43 51 53 43 45 51 43 53 44 44 49 46 44 53 49 47 48 54 48 53 55 48 49 53 48 55 54 50 54 55 50 55 52 51 52 55 51 55 53 56 57 58 56 59 57 57 60 58 57 59 60 58 60 61 59 62 60 60 62 61 63 64 65 64 66 67 64 67 65 65 67 68 65 68 69 66 70 71 66 71 72 66 72 67 70 73 74 70 74 71 71 74 75 74 76 75 77 78 79 78 80 79 79 80 81 82 83 84 83 85 84 84 85 86 87 88 89 88 90 89 91 92 93 91 93 94 92 95 93 92 96 95 93 95 94 94 95 97 95 96 97 98 99 100 99 101 102 99 102 100 </p>
        </polylist>
      </mesh>
    </geometry>
    <geometry id="Hair__HairMT_HairMT.001_0" name="Hair__HairMT_HairMT.001_0" >
      <mesh>
        <source id="Hair__HairMT_HairMT.001_0-positions" name="Hair__HairMT_HairMT.001_0-positions">
          <float_array id="Hair__HairMT_HairMT.001_0-positions-array" count="132"> -0.633132994 3.08365011 0.331264853 -0.764451444 3.29854417 0.0789436549 -0.748935044 2.90224195 0.0228417311 -0.506982982 3.56564522 0.40741694 -0.383494407 3.59348702 0.101343803 -0.764451444 3.29854417 0.0789436549 0.000493615691 3.60743022 0.621323407 -0.225214437 3.51656079 0.652767241 0.145259306 3.54360771 0.71795994 0.259769022 3.54323149 0.613915801 0.000493615691 3.60743022 0.621323407 0.514359176 3.55039907 0.427096397 0.403635919 3.58173728 0.116510428 0.776202977 3.27554607 0.108629368 0.589345872 2.72286296 -0.248622119 0.517082453 2.4918201 -0.226021379 0.365564376 2.58334064 -0.603648365 -0.58054775 2.74032664 -0.271163911 -0.347521693 2.59398532 -0.617388248 -0.516134322 2.50724363 -0.245929658 -0.392147779 2.55935049 -0.698509514 0.00902134739 2.58866286 -0.610518336 0.0082960194 2.37339425 -0.739648104 -0.58610338 2.36693454 -0.533575296 -0.3831034 2.24778271 -0.303126454 -0.244562835 2.41731858 -0.746732891 -0.437643141 2.4193089 -0.734360933 -0.378590852 2.22693014 -0.553477585 -0.00221634028 2.24209714 -0.295787424 0.383183241 2.21555877 -0.538799584 0.378670692 2.23641133 -0.288448393 0.262438029 2.40975022 -0.736963868 0.593860269 2.34932041 -0.510839462 0.454871982 2.40598583 -0.717163742 0.412228316 2.54734325 -0.683010578 -0.748935044 2.90224195 0.0228417311 -0.58054775 2.74032664 -0.271163911 0.0122791417 3.43632054 -0.00254287128 -0.516134322 2.50724363 -0.245929658 -0.3831034 2.24778271 -0.303126454 0.589345872 2.72286296 -0.248622119 0.517082453 2.4918201 -0.226021379 -0.00221634028 2.24209714 -0.295787424 0.378670692 2.23641133 -0.288448393 </float_array>
          <technique_common>
            <accessor count="44" offset="0" source="#Hair__HairMT_HairMT.001_0-positions-array" stride="3">
              <param name="X" type="float" />
              <param name="Y" type="float" />
              <param name="Z" type="float" />
            </accessor>
          </technique_common>
        </source>
        <source id="Hair__HairMT_HairMT.001_0-normals" name="Hair__HairMT_HairMT.001_0-normals">
          <float_array id="Hair__HairMT_HairMT.001_0-normals-array" count="132"> -0.911751866 -0.173015788 0.372523874 -0.900140345 0.433664054 -0.0410221443 -0.987005472 -0.136797249 -0.0843013749 -0.491909921 0.863144159 0.114047311 -0.394018292 0.914378345 -0.0930690393 -0.900129557 0.433684647 -0.0410410315 0.0263134651 0.993071556 0.1145273 -0.361062229 0.929798245 0.0714790747 0.352816999 0.868124664 0.349112719 0.298859388 0.863078535 0.40715909 0.0262890849 0.993071079 0.114536881 0.526041865 0.84025842 0.13132304 0.42443344 0.902158439 -0.0772425532 0.913581312 0.406610459 -0.00609390344 0.857835591 -0.376140177 -0.35019514 0.98522675 -0.147943273 -0.0862616673 0.366745949 -0.198464334 -0.908905566 -0.854552686 -0.350578427 -0.383189887 -0.337226838 -0.187955245 -0.922469974 -0.985148787 -0.118530363 -0.124227375 -0.52633965 0.719617546 -0.452898562 0.0170373321 -0.138784453 -0.990176022 -0.00164143892 -0.820488453 -0.571660757 -0.99333173 -0.0390507467 -0.108476505 -0.0805698633 -0.995822728 -0.0429602638 0.00430741254 -0.191791177 -0.981426299 -0.481766909 -0.292893589 -0.825901926 -0.0120607112 -0.972609997 -0.23213011 -0.011722466 -0.987576365 -0.156702057 -0.00802003033 -0.972679019 -0.232015461 0.0524159968 -0.99780786 -0.0403977707 0.0277854148 -0.192139059 -0.980974317 0.995165229 -0.0687391907 -0.0701506212 0.504263878 -0.307612568 -0.806903005 0.5646348 0.703321397 -0.43188718 0.51265204 -0.708589196 0.484860033 0.0586406924 -0.401548743 0.913958371 -0.00902201887 -0.857183516 0.514932036 -0.121330053 -0.185332149 0.975156903 -0.0268146209 -0.237164885 0.971099257 -0.105771549 -0.399088115 0.910791457 0.0781058744 -0.18982327 0.978706598 -0.026112251 -0.237637088 0.971002996 -0.0261482317 -0.237626225 0.971004665 </float_array>
          <technique_common>
            <accessor count="44" offset="0" source="#Hair__HairMT_HairMT.001_0-normals-array" stride="3">
              <param name="X" type="float" />
              <param name="Y" type="float" />
              <param name="Z" type="float" />
            </accessor>
          </technique_common>
        </source>
        <source id="Hair__HairMT_HairMT.001_0-tex0" name="Hair__HairMT_HairMT.001_0-tex0">
          <float_array id="Hair__HairMT_HairMT.001_0-tex0-array" count="88"> 0.267212182 0.267212152 0.267212182 0.267212152 0.267212182 0.267212152 0.267212182 0.267212152 0.267212182 0.267212152 0.267212182 0.267212152 0.267212182 0.267212152 0.267212182 0.267212152 0.267212182 0.267212152 0.267212182 0.267212152 0.267212182 0.267212152 0.267212182 0.267212152 0.267212182 0.267212152 0.267212182 0.267212152 0.267212182 0.267212152 0.267212182 0.267212152 0.267212182 0.267212152 0.267212182 0.267212152 0.267212182 0.267212152 0.267212182 0.267212152 0.267212182 0.267212152 0.267212182 0.267212152 0.267212182 0.267212152 0.267212182 0.267212152 0.267212182 0.267212152 0.267212182 0.267212152 0.267212182 0.267212152 0.267212182 0.267212152 0.267212182 0.267212152 0.267212182 0.267212152 0.267212182 0.267212152 0.267212182 0.267212152 0.267212182 0.267212152 0.267212182 0.267212152 0.267212182 0.267212152 0.255577177 0.253875792 0.255577177 0.253875792 0.255577177 0.253875792 0.255577177 0.253875792 0.255577177 0.253875792 0.255577177 0.253875792 0.255577177 0.253875792 0.255577177 0.253875792 0.255577177 0.253875792 </float_array>
          <technique_common>
            <accessor count="44" offset="0" source="#Hair__HairMT_HairMT.001_0-tex0-array" stride="2">
              <param name="S" type="float" />
              <param name="T" type="float" />
            </accessor>
          </technique_common>
        </source>
        <source id="Hair__HairMT_HairMT.001_0-color0" name="Hair__HairMT_HairMT.001_0-color0">
          <float_array id="Hair__HairMT_HairMT.001_0-color0-array" count="132"> 0.996078432 0.996078432 0.996078432 0.996078432 0.996078432 0.996078432 0.996078432 0.996078432 0.996078432 0.996078432 0.996078432 0.996078432 0.996078432 0.996078432 0.996078432 0.996078432 0.996078432 0.996078432 0.996078432 0.996078432 0.996078432 0.996078432 0.996078432 0.996078432 0.996078432 0.996078432 0.996078432 0.996078432 0.996078432 0.996078432 0.996078432 0.996078432 0.996078432 0.996078432 0.996078432 0.996078432 0.996078432 0.996078432 0.996078432 0.996078432 0.996078432 0.996078432 0.996078432 0.996078432 0.996078432 0.996078432 0.996078432 0.996078432 0.996078432 0.996078432 0.996078432 0.996078432 0.996078432 0.996078432 0.996078432 0.996078432 0.996078432 0.996078432 0.996078432 0.996078432 0.996078432 0.996078432 0.996078432 0.996078432 0.996078432 0.996078432 0.996078432 0.996078432 0.996078432 0.996078432 0.996078432 0.996078432 0.996078432 0.996078432 0.996078432 0.996078432 0.996078432 0.996078432 0.996078432 0.996078432 0.996078432 0.996078432 0.996078432 0.996078432 0.996078432 0.996078432 0.996078432 0.996078432 0.996078432 0.996078432 0.996078432 0.996078432 0.996078432 0.996078432 0.996078432 0.996078432 0.996078432 0.996078432 0.996078432 0.996078432 0.996078432 0.996078432 0.996078432 0.996078432 0.996078432 0.996078432 0.996078432 0.996078432 0.996078432 0.996078432 0.996078432 0.996078432 0.996078432 0.996078432 0.996078432 0.996078432 0.996078432 0.996078432 0.996078432 0.996078432 0.996078432 0.996078432 0.996078432 0.996078432 0.996078432 0.996078432 0.996078432 0.996078432 0.996078432 0.996078432 0.996078432 0.996078432 </float_array>
          <technique_common>
            <accessor count="44" offset="0" source="#Hair__HairMT_HairMT.001_0-color0-array" stride="3">
              <param name="R" type="float" />
              <param name="G" type="float" />
              <param name="B" type="float" />
            </accessor>
          </technique_common>
        </source>
        <vertices id="Hair__HairMT_HairMT.001_0-vertices">
          <input semantic="POSITION" source="#Hair__HairMT_HairMT.001_0-positions" />
        </vertices>
        <polylist count="45" material="defaultMaterial">
          <input offset="0" semantic="VERTEX" source="#Hair__HairMT_HairMT.001_0-vertices" />
          <input offset="0" semantic="NORMAL" source="#Hair__HairMT_HairMT.001_0-normals" />
          <input offset="0" semantic="TEXCOORD" source="#Hair__HairMT_HairMT.001_0-tex0" set="0" />
          <input offset="0" semantic="COLOR" source="#Hair__HairMT_HairMT.001_0-color0" set="0" />
          <vcount>3 3 3 3 3 3 3 3 3 3 3 3 3 3 3 3 3 3 3 3 3 3 3 3 3 3 3 3 3 3 3 3 3 3 3 3 3 3 3 3 3 3 3 3 3 </vcount>
          <p>0 1 2 3 4 5 6 4 3 6 3 7 8 9 10 11 10 9 11 12 10 11 13 12 14 15 16 17 18 19 18 20 19 21 16 22 18 21 22 19 20 23 19 23 24 18 25 20 18 22 25 20 26 23 20 25 26 23 27 24 23 26 27 25 27 26 22 27 25 24 27 28 22 28 27 22 29 28 28 29 30 22 31 29 22 16 31 29 32 30 15 30 32 29 31 33 29 33 32 31 16 34 31 34 33 15 34 16 32 33 34 15 32 34 35 36 37 36 38 37 38 39 37 40 37 41 39 42 37 41 37 43 43 37 42 </p>
        </polylist>
      </mesh>
    </geometry>
    <geometry id="Cap__CapMT_CapMT_0" name="Cap__CapMT_CapMT_0" >
      <mesh>
        <source id="Cap__CapMT_CapMT_0-positions" name="Cap__CapMT_CapMT_0-positions">
          <float_array id="Cap__CapMT_CapMT_0-positions-array" count="165"> 0.62891072 3.06481123 0.355581999 0.473555386 3.70926476 0.619535863 0.196011811 3.32785749 0.783486903 0.000835158979 3.82706976 0.773753345 -0.209379643 3.3339088 0.775675714 -0.468899041 3.72333336 0.601376474 -0.633132875 3.08365035 0.331264734 0.62891072 3.06481123 0.355581999 0.411389232 3.14991975 1.02666605 0.264569819 3.18026423 0.742065191 -0.0161950812 3.19481516 1.16778302 -0.244847104 3.18108606 0.792616785 -0.439176112 3.16261649 1.01027727 -0.633132875 3.08365035 0.331264734 0.62891072 3.06481123 0.355581999 0.196011811 3.32785749 0.783486903 0.411389232 3.14991975 1.02666605 -0.0161950812 3.19481516 1.16778302 -0.209379643 3.3339088 0.775675714 -0.439176112 3.16261649 1.01027727 -0.633132875 3.08365035 0.331264734 0.891553402 3.31355882 0.134285599 0.62891072 3.06481123 0.355581999 0.751040995 2.87985063 0.0517434888 0.473555386 3.70926476 0.619535863 0.823214591 2.9834106 -0.23036854 0.589345694 2.72286296 -0.248622164 0.300673425 3.88017344 0.22586818 0.365564317 2.58334041 -0.603648305 0.000835158979 3.82706976 0.773753345 0.490073085 3.2273469 -0.442849517 -0.275961518 3.88878107 0.214757457 -0.468899041 3.72333336 0.601376474 0.352553546 2.98209262 -0.793500066 -0.879518867 3.33999658 0.100160249 -0.633132875 3.08365035 0.331264734 -0.748935044 2.90224147 0.0228416678 -0.458860159 3.24151206 -0.461133748 -0.807067871 3.0077467 -0.261781126 -0.58054775 2.7403264 -0.271163881 -0.347521842 2.59398508 -0.617388189 -0.315316826 2.99206233 -0.806368768 -0.323184013 2.6946435 -0.82310456 0.352181613 2.68456197 -0.810091496 -0.347521842 2.59398508 -0.617388189 0.0063089598 3.27296996 0.105866164 -0.58054775 2.7403264 -0.271163881 -0.748935044 2.90224147 0.0228416678 0.365564317 2.58334041 -0.603648305 -0.633132875 3.08365035 0.331264734 0.589345694 2.72286296 -0.248622164 -0.244847104 3.18108606 0.792616785 0.751040995 2.87985063 0.0517434888 0.264569819 3.18026423 0.742065191 0.62891072 3.06481123 0.355581999 </float_array>
          <technique_common>
            <accessor count="55" offset="0" source="#Cap__CapMT_CapMT_0-positions-array" stride="3">
              <param name="X" type="float" />
              <param name="Y" type="float" />
              <param name="Z" type="float" />
            </accessor>
          </technique_common>
        </source>
        <source id="Cap__CapMT_CapMT_0-normals" name="Cap__CapMT_CapMT_0-normals">
          <float_array id="Cap__CapMT_CapMT_0-normals-array" count="165"> 0.755362868 -0.0467013232 0.653640509 0.681150615 0.479492515 0.553281844 0.470516145 0.468865067 0.747515976 -0.00274050352 0.717613935 0.69643575 -0.484757334 0.483124793 0.729109585 -0.687343776 0.499920756 0.526913404 -0.781033397 -0.0237665847 0.624036849 -0.26752013 -0.962890387 0.035707999 -0.17901662 -0.983763158 -0.0127697848 -0.158011213 -0.987286329 0.0172664486 -0.0111455889 -0.999911308 0.00729298824 0.0940697566 -0.994867444 0.037278641 0.129501566 -0.991132379 0.0297641642 0.167946443 -0.983523309 0.0669022799 0.755368114 -0.0466887318 0.653635383 0.470515966 0.468847156 0.747527301 0.456535757 0.860843956 0.224772751 0.00601228327 0.91714704 0.398503721 -0.484757841 0.483106941 0.729121089 -0.438965261 0.87421149 0.207518086 -0.781038165 -0.0237540323 0.624031305 0.872622848 0.4769108 -0.105287321 0.75537771 -0.0467072651 0.653622925 0.8725425 -0.431510001 0.229060546 0.681172132 0.479477376 0.553268373 0.901548803 0.0449835993 -0.43033275 0.739272416 -0.651100397 -0.171885356 0.184910119 0.828623474 -0.528385699 0.342361152 -0.838512003 -0.423894346 -0.00267717754 0.717598617 0.696451783 0.203525841 0.729305923 -0.65321523 -0.139625296 0.833441496 -0.534677565 -0.687365115 0.499906301 0.526899278 0.192233756 0.559035242 -0.806551814 -0.853295386 0.502692699 -0.13851741 -0.781047404 -0.0237720776 0.624019086 -0.893203437 -0.405151725 0.195037782 -0.156378567 0.734665096 -0.660161316 -0.88255918 0.0716120675 -0.464716047 -0.75120163 -0.628851473 -0.200604066 -0.350659132 -0.828163087 -0.437245995 -0.144286498 0.564039767 -0.813044012 -0.243476093 -0.416974187 -0.875700831 0.265200317 -0.422965229 -0.866469383 0.0856139362 -0.74673146 0.659592569 -0.0130027123 -0.93359828 0.358085424 0.32613951 -0.758277178 0.564489782 0.332689792 -0.793340623 0.509831488 -0.133197188 -0.743465722 0.655375659 0.33298251 -0.928304315 0.165450022 -0.370601892 -0.747044802 0.551886141 0.139534518 -0.986925185 -0.0806772411 -0.377367556 -0.782102585 0.495892376 -0.161995515 -0.983812213 -0.0766225159 -0.375404328 -0.909231484 0.17991595 </float_array>
          <technique_common>
            <accessor count="55" offset="0" source="#Cap__CapMT_CapMT_0-normals-array" stride="3">
              <param name="X" type="float" />
              <param name="Y" type="float" />
              <param name="Z" type="float" />
            </accessor>
          </technique_common>
        </source>
        <source id="Cap__CapMT_CapMT_0-tex0" name="Cap__CapMT_CapMT_0-tex0">
          <float_array id="Cap__CapMT_CapMT_0-tex0-array" count="110"> 1.00488281 0.787109375 0.808105469 0.33026123 0.624511719 0.616699219 0.49987793 0.261260986 0.375244141 0.616699219 0.191436768 0.33026123 -0.00512695312 0.787109375 0.713867188 0.298461914 0.706054688 0.293914795 0.700195312 0.293457031 0.689941406 0.292144775 0.680908203 0.293579102 0.673828125 0.293914795 0.666015625 0.298461914 0.713867188 0.298461914 0.697509766 0.287811279 0.706054688 0.293914795 0.689941406 0.292144775 0.682128906 0.287811279 0.673828125 0.293914795 0.666015625 0.298461914 0.723388672 0.289337158 0.713867188 0.298461914 0.718261719 0.306030273 0.707763672 0.27355957 0.720947266 0.30267334 0.712158203 0.312683105 0.700927734 0.268005371 0.703369141 0.318847656 0.689941406 0.26902771 0.708007812 0.294036865 0.678955078 0.268005371 0.672119141 0.27355957 0.702636719 0.304138184 0.65625 0.289337158 0.666015625 0.298461914 0.661376953 0.306030273 0.671875 0.294036865 0.658935547 0.30267334 0.667724609 0.312683105 0.676269531 0.318847656 0.677246094 0.304138184 0.677001953 0.315429688 0.702636719 0.315429688 0.697998047 0.695068359 0.704833984 0.708007812 0.693603516 0.701660156 0.690429688 0.70703125 0.711669922 0.695068359 0.692871094 0.712646484 0.715820312 0.701660156 0.700195312 0.721191406 0.718994141 0.70703125 0.709960938 0.720214844 0.716796875 0.712646484 </float_array>
          <technique_common>
            <accessor count="55" offset="0" source="#Cap__CapMT_CapMT_0-tex0-array" stride="2">
              <param name="S" type="float" />
              <param name="T" type="float" />
            </accessor>
          </technique_common>
        </source>
        <source id="Cap__CapMT_CapMT_0-color0" name="Cap__CapMT_CapMT_0-color0">
          <float_array id="Cap__CapMT_CapMT_0-color0-array" count="165"> 0.996078432 0.996078432 0.996078432 0.996078432 0.996078432 0.996078432 0.996078432 0.996078432 0.996078432 0.996078432 0.996078432 0.996078432 0.996078432 0.996078432 0.996078432 0.996078432 0.996078432 0.996078432 0.996078432 0.996078432 0.996078432 0.996078432 0.996078432 0.996078432 0.996078432 0.996078432 0.996078432 0.996078432 0.996078432 0.996078432 0.996078432 0.996078432 0.996078432 0.996078432 0.996078432 0.996078432 0.996078432 0.996078432 0.996078432 0.996078432 0.996078432 0.996078432 0.996078432 0.996078432 0.996078432 0.996078432 0.996078432 0.996078432 0.996078432 0.996078432 0.996078432 0.996078432 0.996078432 0.996078432 0.996078432 0.996078432 0.996078432 0.996078432 0.996078432 0.996078432 0.996078432 0.996078432 0.996078432 0.996078432 0.996078432 0.996078432 0.996078432 0.996078432 0.996078432 0.996078432 0.996078432 0.996078432 0.996078432 0.996078432 0.996078432 0.996078432 0.996078432 0.996078432 0.996078432 0.996078432 0.996078432 0.996078432 0.996078432 0.996078432 0.996078432 0.996078432 0.996078432 0.996078432 0.996078432 0.996078432 0.996078432 0.996078432 0.996078432 0.996078432 0.996078432 0.996078432 0.996078432 0.996078432 0.996078432 0.996078432 0.996078432 0.996078432 0.996078432 0.996078432 0.996078432 0.996078432 0.996078432 0.996078432 0.996078432 0.996078432 0.996078432 0.996078432 0.996078432 0.996078432 0.996078432 0.996078432 0.996078432 0.996078432 0.996078432 0.996078432 0.996078432 0.996078432 0.996078432 0.996078432 0.996078432 0.996078432 0.996078432 0.996078432 0.996078432 0.996078432 0.996078432 0.996078432 0.996078432 0.996078432 0.996078432 0.996078432 0.996078432 0.996078432 0.996078432 0.996078432 0.996078432 0.996078432 0.996078432 0.996078432 0.996078432 0.996078432 0.996078432 0.996078432 0.996078432 0.996078432 0.996078432 0.996078432 0.996078432 0.996078432 0.996078432 0.996078432 0.996078432 0.996078432 0.996078432 0.996078432 0.996078432 0.996078432 0.996078432 0.996078432 0.996078432 </float_array>
          <technique_common>
            <accessor count="55" offset="0" source="#Cap__CapMT_CapMT_0-color0-array" stride="3">
              <param name="R" type="float" />
              <param name="G" type="float" />
              <param name="B" type="float" />
            </accessor>
          </technique_common>
        </source>
        <vertices id="Cap__CapMT_CapMT_0-vertices">
          <input semantic="POSITION" source="#Cap__CapMT_CapMT_0-positions" />
        </vertices>
        <polylist count="58" material="defaultMaterial">
          <input offset="0" semantic="VERTEX" source="#Cap__CapMT_CapMT_0-vertices" />
          <input offset="0" semantic="NORMAL" source="#Cap__CapMT_CapMT_0-normals" />
          <input offset="0" semantic="TEXCOORD" source="#Cap__CapMT_CapMT_0-tex0" set="0" />
          <input offset="0" semantic="COLOR" source="#Cap__CapMT_CapMT_0-color0" set="0" />
          <vcount>3 3 3 3 3 3 3 3 3 3 3 3 3 3 3 3 3 3 3 3 3 3 3 3 3 3 3 3 3 3 3 3 3 3 3 3 3 3 3 3 3 3 3 3 3 3 3 3 3 3 3 3 3 3 3 3 3 3 </vcount>
          <p>0 1 2 1 3 2 2 3 4 3 5 4 4 5 6 7 8 9 8 10 9 9 10 11 10 12 11 11 12 13 14 15 16 15 17 16 18 17 15 19 17 18 20 19 18 21 22 23 21 24 22 25 21 23 25 23 26 21 27 24 28 25 26 27 29 24 25 30 21 21 30 27 31 29 27 30 31 27 31 32 29 25 33 30 34 32 31 34 35 32 36 35 34 37 31 30 37 34 31 33 37 30 38 36 34 38 34 37 38 39 36 38 40 39 41 37 33 41 38 37 42 40 38 42 38 41 42 28 40 43 41 33 42 41 43 42 43 28 43 33 25 43 25 28 44 45 46 46 45 47 44 48 45 47 45 49 48 50 45 49 45 51 50 52 45 51 45 53 52 54 45 45 54 53 </p>
        </polylist>
      </mesh>
    </geometry>
    <geometry id="Mario64HandR__BodyMT_HandMT_0" name="Mario64HandR__BodyMT_HandMT_0" >
      <mesh>
        <source id="Mario64HandR__BodyMT_HandMT_0-positions" name="Mario64HandR__BodyMT_HandMT_0-positions">
          <float_array id="Mario64HandR__BodyMT_HandMT_0-positions-array" count="81"> -1.31473112 1.01701176 -0.228100464 -1.14094555 0.901715517 0.124177307 -1.38931584 1.20747447 0.160364836 -1.04239595 1.19044018 0.458304703 -1.22970259 1.49490631 0.0060934308 -0.98056823 0.937526166 -0.163583279 -1.10806715 1.270329 -0.390283734 -0.875546396 0.929092765 0.144957587 -0.821837664 0.962604761 0.297783226 -0.804706335 1.19905961 -0.052767083 -0.640573502 1.08483899 0.270732135 -0.913514495 1.46634126 0.289506167 -0.775648892 1.25460446 -0.111865439 -0.700889707 1.36449528 0.036700204 -0.70400387 1.37721741 0.0260375962 -0.70662421 1.37273312 0.0209940858 -0.70863837 1.37435818 0.0134013956 -0.820741892 1.30519426 -0.292252779 -1.07218945 1.36414504 -0.359430462 -0.775728524 1.33960712 -0.384899914 -0.618071258 1.44119573 0.0286323186 -0.851165056 1.53840446 0.177398533 -0.826961875 1.60533392 -0.197310075 -1.09236538 1.5421375 -0.0677391142 -0.809085965 1.63609481 0.18873252 -1.10003686 1.6343292 -0.110646516 -1.04649615 1.43394065 -0.463836163 </float_array>
          <technique_common>
            <accessor count="27" offset="0" source="#Mario64HandR__BodyMT_HandMT_0-positions-array" stride="3">
              <param name="X" type="float" />
              <param name="Y" type="float" />
              <param name="Z" type="float" />
            </accessor>
          </technique_common>
        </source>
        <source id="Mario64HandR__BodyMT_HandMT_0-normals" name="Mario64HandR__BodyMT_HandMT_0-normals">
          <float_array id="Mario64HandR__BodyMT_HandMT_0-normals-array" count="81"> -0.778177321 -0.358652741 -0.515565932 -0.451360226 -0.831206143 0.324607939 -0.92639327 0.0639180616 0.371093005 -0.250259399 0.0484038219 0.966968119 -0.754695237 0.651648343 0.076089032 0.401369363 -0.710636377 -0.577839553 -0.360099792 0.00841882173 -0.932875812 0.592816651 -0.793672979 -0.136570707 0.260824859 -0.801795065 0.537675679 0.690937698 -0.489098608 -0.532341719 0.885679901 -0.115157001 0.449788779 0.0948918983 0.649364471 0.754533827 0.751825511 -0.496237159 -0.434174061 0.92136097 0.347080082 0.175012603 0.874238729 0.0140362112 0.485293299 0.922144353 -0.131602034 -0.363772839 0.773256898 -0.618432105 -0.140055388 0.327257514 -0.894228816 -0.305380642 -0.7287907 0.0696717575 -0.681182742 0.668523192 0.225005835 -0.708836436 0.933833003 0.350713193 -0.070399791 -0.0100859189 0.50609535 0.862418592 0.421599567 0.817874849 -0.391579479 -0.695625365 0.715246022 0.0672940165 0.335000426 0.897426426 0.287054986 -0.332922488 0.925874412 -0.178659558 -0.138052434 0.499639601 -0.855161846 </float_array>
          <technique_common>
            <accessor count="27" offset="0" source="#Mario64HandR__BodyMT_HandMT_0-normals-array" stride="3">
              <param name="X" type="float" />
              <param name="Y" type="float" />
              <param name="Z" type="float" />
            </accessor>
          </technique_common>
        </source>
        <source id="Mario64HandR__BodyMT_HandMT_0-tex0" name="Mario64HandR__BodyMT_HandMT_0-tex0">
          <float_array id="Mario64HandR__BodyMT_HandMT_0-tex0-array" count="54"> 0.152954102 -1.0234375 0.158325195 -1.01953125 0.153930664 -1.03125 0.153808594 -1.02441406 0.142333984 -1.03125 0.151489258 -1.01367188 0.141479492 -1.02148438 0.154418945 -1.01269531 0.154907227 -1.01367188 0.143798828 -1.01464844 0.148925781 -1.01074219 0.142700195 -1.02441406 0.141235352 -1.01367188 0.139282227 -1.01464844 0.138916016 -1.015625 0.139038086 -1.015625 0.138916016 -1.015625 0.138183594 -1.01464844 0.138916016 -1.02148438 0.135498047 -1.01367188 0.136108398 -1.01367188 0.138549805 -1.02246094 0.131591797 -1.02050781 0.138427734 -1.02734375 0.135620117 -1.0234375 0.135498047 -1.02929688 0.135375977 -1.02148438 </float_array>
          <technique_common>
            <accessor count="27" offset="0" source="#Mario64HandR__BodyMT_HandMT_0-tex0-array" stride="2">
              <param name="S" type="float" />
              <param name="T" type="float" />
            </accessor>
          </technique_common>
        </source>
        <source id="Mario64HandR__BodyMT_HandMT_0-color0" name="Mario64HandR__BodyMT_HandMT_0-color0">
          <float_array id="Mario64HandR__BodyMT_HandMT_0-color0-array" count="81"> 1 1 1 1 1 1 1 1 1 1 1 1 1 1 1 1 1 1 1 1 1 1 1 1 1 1 1 1 1 1 1 1 1 1 1 1 1 1 1 1 1 1 1 1 1 1 1 1 1 1 1 1 1 1 1 1 1 1 1 1 1 1 1 1 1 1 1 1 1 1 1 1 1 1 1 1 1 1 1 1 1 </float_array>
          <technique_common>
            <accessor count="27" offset="0" source="#Mario64HandR__BodyMT_HandMT_0-color0-array" stride="3">
              <param name="R" type="float" />
              <param name="G" type="float" />
              <param name="B" type="float" />
            </accessor>
          </technique_common>
        </source>
        <vertices id="Mario64HandR__BodyMT_HandMT_0-vertices">
          <input semantic="POSITION" source="#Mario64HandR__BodyMT_HandMT_0-positions" />
        </vertices>
        <polylist count="50" material="defaultMaterial">
          <input offset="0" semantic="VERTEX" source="#Mario64HandR__BodyMT_HandMT_0-vertices" />
          <input offset="0" semantic="NORMAL" source="#Mario64HandR__BodyMT_HandMT_0-normals" />
          <input offset="0" semantic="TEXCOORD" source="#Mario64HandR__BodyMT_HandMT_0-tex0" set="0" />
          <input offset="0" semantic="COLOR" source="#Mario64HandR__BodyMT_HandMT_0-color0" set="0" />
          <vcount>3 3 3 3 3 3 3 3 3 3 3 3 3 3 3 3 3 3 3 3 3 3 3 3 3 3 3 3 3 3 3 3 3 3 3 3 3 3 3 3 3 3 3 3 3 3 3 3 3 3 </vcount>
          <p>0 1 2 2 1 3 4 0 2 4 2 3 0 5 1 4 6 0 0 6 5 1 5 7 1 7 8 3 1 8 5 9 7 8 7 9 6 9 5 3 8 10 8 9 10 3 10 11 4 3 11 10 9 12 6 12 9 11 10 13 10 12 13 11 13 14 13 12 15 14 13 15 12 16 15 14 15 16 6 17 12 17 16 12 6 18 17 4 18 6 17 19 16 17 18 19 14 16 20 20 16 19 11 14 21 14 20 21 4 11 21 20 19 22 4 21 23 4 23 18 20 24 21 20 22 24 23 21 25 21 24 25 23 25 18 22 25 24 18 26 19 19 26 22 18 25 26 22 26 25 </p>
        </polylist>
      </mesh>
    </geometry>
  </library_geometries>
  <library_controllers>
  </library_controllers>
  <library_visual_scenes>
    <visual_scene id="ROOT" name="ROOT">
      <node id="Object_46" name="Object_46" type="NODE">
        <matrix sid="matrix">1 0 0 0 0 1 0 0 0 0 1 0 0 0 0 1</matrix>
        <instance_geometry url="#Mario__BodyMT_BodyMT_0">
          <bind_material>
            <technique_common>
              <instance_material symbol="defaultMaterial" target="#BodyMT">
                <bind_vertex_input semantic="CHANNEL0" input_semantic="TEXCOORD" input_set="0"/>
              </instance_material>
            </technique_common>
          </bind_material>
        </instance_geometry>
      </node>
      <node id="Object_48" name="Object_48" type="NODE">
        <matrix sid="matrix">1 0 0 0 0 1 0 0 0 0 1 0 0 0 0 1</matrix>
        <instance_geometry url="#CapHair__HairMT_HairMT_0">
          <bind_material>
            <technique_common>
              <instance_material symbol="defaultMaterial" target="#HairMT">
                <bind_vertex_input semantic="CHANNEL0" input_semantic="TEXCOORD" input_set="0"/>
              </instance_material>
            </technique_common>
          </bind_material>
        </instance_geometry>
      </node>
      <node id="Object_50" name="Object_50" type="NODE">
        <matrix sid="matrix">1 0 0 0 0 1 0 0 0 0 1 0 0 0 0 1</matrix>
        <instance_geometry url="#MarioEye__EyeMT_EyeMT_0">
          <bind_material>
            <technique_common>
              <instance_material symbol="defaultMaterial" target="#EyeMT">
                <bind_vertex_input semantic="CHANNEL0" input_semantic="TEXCOORD" input_set="0"/>
              </instance_material>
            </technique_common>
          </bind_material>
        </instance_geometry>
      </node>
      <node id="Object_52" name="Object_52" type="NODE">
        <matrix sid="matrix">1 0 0 0 0 1 0 0 0 0 1 0 0 0 0 1</matrix>
        <instance_geometry url="#Mario64HandL__BodyMT_HandMT_0">
          <bind_material>
            <technique_common>
              <instance_material symbol="defaultMaterial" target="#HandMT">
                <bind_vertex_input semantic="CHANNEL0" input_semantic="TEXCOORD" input_set="0"/>
              </instance_material>
            </technique_common>
          </bind_material>
        </instance_geometry>
      </node>
      <node id="Object_54" name="Object_54" type="NODE">
        <matrix sid="matrix">1 0 0 0 0 1 0 0 0 0 1 0 0 0 0 1</matrix>
        <instance_geometry url="#Face__FaceMT_FaceMT_0">
          <bind_material>
            <technique_common>
              <instance_material symbol="defaultMaterial" target="#FaceMT">
                <bind_vertex_input semantic="CHANNEL0" input_semantic="TEXCOORD" input_set="0"/>
              </instance_material>
            </technique_common>
          </bind_material>
        </instance_geometry>
      </node>
      <node id="Object_56" name="Object_56" type="NODE">
        <matrix sid="matrix">1 0 0 0 0 1 0 0 0 0 1 0 0 0 0 1</matrix>
        <instance_geometry url="#Hair__HairMT_HairMT.001_0">
          <bind_material>
            <technique_common>
              <instance_material symbol="defaultMaterial" target="#HairMT.001">
                <bind_vertex_input semantic="CHANNEL0" input_semantic="TEXCOORD" input_set="0"/>
              </instance_material>
            </technique_common>
          </bind_material>
        </instance_geometry>
      </node>
      <node id="Object_58" name="Object_58" type="NODE">
        <matrix sid="matrix">1 0 0 0 0 1 0 0 0 0 1 0 0 0 0 1</matrix>
        <instance_geometry url="#Cap__CapMT_CapMT_0">
          <bind_material>
            <technique_common>
              <instance_material symbol="defaultMaterial" target="#CapMT">
                <bind_vertex_input semantic="CHANNEL0" input_semantic="TEXCOORD" input_set="0"/>
              </instance_material>
            </technique_common>
          </bind_material>
        </instance_geometry>
      </node>
      <node id="Object_60" name="Object_60" type="NODE">
        <matrix sid="matrix">1 0 0 0 0 1 0 0 0 0 1 0 0 0 0 1</matrix>
        <instance_geometry url="#Mario64HandR__BodyMT_HandMT_0">
          <bind_material>
            <technique_common>
              <instance_material symbol="defaultMaterial" target="#HandMT">
                <bind_vertex_input semantic="CHANNEL0" input_semantic="TEXCOORD" input_set="0"/>
              </instance_material>
            </technique_common>
          </bind_material>
        </instance_geometry>
      </node>
    </visual_scene>
  </library_visual_scenes>
  <scene>
    <instance_visual_scene url="#ROOT" />
  </scene>
</COLLADA>
