<?xml version="1.0" encoding="UTF-8" standalone="no" ?>
<COLLADA xmlns="http://www.collada.org/2005/11/COLLADASchema" version="1.4.1">
  <asset>
    <contributor>
      <author>Assimp</author>
      <authoring_tool>Sketchfab-16.60.0</authoring_tool>
    </contributor>
    <created>2026-09-14T16:26:09</created>
    <modified>2026-09-14T16:26:09</modified>
    <unit name="meter" meter="1" />
    <up_axis>Y_UP</up_axis>
  </asset>
  <library_images>
    <image id="BodyMT-diffuse-image">
      <init_from>mario-idle_texture_0001.png</init_from>
    </image>
    <image id="HairMT-diffuse-image">
      <init_from>mario-idle_texture_0002.png</init_from>
    </image>
    <image id="EyeMT-diffuse-image">
      <init_from>mario-idle_texture_0003.png</init_from>
    </image>
    <image id="HandMT-diffuse-image">
      <init_from>mario-idle_texture_0004.png</init_from>
    </image>
    <image id="FaceMT-diffuse-image">
      <init_from>mario-idle_texture_0005.png</init_from>
    </image>
    <image id="HairMT.001-diffuse-image">
      <init_from>mario-idle_texture_0002.png</init_from>
    </image>
    <image id="CapMT-diffuse-image">
      <init_from>mario-idle_texture_0002.png</init_from>
    </image>
  </library_images>
  <library_effects>
    <effect id="BodyMT-fx" name="BodyMT">
      <profile_COMMON>
        <newparam sid="BodyMT-diffuse-surface">
          <surface type="2D">
            <init_from>BodyMT-diffuse-image</init_from>
          </surface>
        </newparam>
        <newparam sid="BodyMT-diffuse-sampler">
          <sampler2D>
            <source>BodyMT-diffuse-surface</source>
          </sampler2D>
        </newparam>
        <technique sid="standard">
          <phong>
            <emission>
              <color sid="emission">0   0   0   1</color>
            </emission>
            <diffuse>
              <texture texture="BodyMT-diffuse-sampler" texcoord="CHANNEL0" />
            </diffuse>
            <shininess>
              <float sid="shininess">4.88955736</float>
            </shininess>
            <transparency>
              <float sid="transparency">1</float>
            </transparency>
          </phong>
        </technique>
      </profile_COMMON>
    </effect>
    <effect id="HairMT-fx" name="HairMT">
      <profile_COMMON>
        <newparam sid="HairMT-diffuse-surface">
          <surface type="2D">
            <init_from>HairMT-diffuse-image</init_from>
          </surface>
        </newparam>
        <newparam sid="HairMT-diffuse-sampler">
          <sampler2D>
            <source>HairMT-diffuse-surface</source>
          </sampler2D>
        </newparam>
        <technique sid="standard">
          <phong>
            <emission>
              <color sid="emission">0   0   0   1</color>
            </emission>
            <diffuse>
              <texture texture="HairMT-diffuse-sampler" texcoord="CHANNEL0" />
            </diffuse>
            <shininess>
              <float sid="shininess">4.88955736</float>
            </shininess>
            <transparency>
              <float sid="transparency">1</float>
            </transparency>
          </phong>
        </technique>
      </profile_COMMON>
    </effect>
    <effect id="EyeMT-fx" name="EyeMT">
      <profile_COMMON>
        <newparam sid="EyeMT-diffuse-surface">
          <surface type="2D">
            <init_from>EyeMT-diffuse-image</init_from>
          </surface>
        </newparam>
        <newparam sid="EyeMT-diffuse-sampler">
          <sampler2D>
            <source>EyeMT-diffuse-surface</source>
          </sampler2D>
        </newparam>
        <technique sid="standard">
          <phong>
            <emission>
              <color sid="emission">0   0   0   1</color>
            </emission>
            <diffuse>
              <texture texture="EyeMT-diffuse-sampler" texcoord="CHANNEL0" />
            </diffuse>
            <shininess>
              <float sid="shininess">4.88955736</float>
            </shininess>
            <transparency>
              <float sid="transparency">1</float>
            </transparency>
          </phong>
        </technique>
      </profile_COMMON>
    </effect>
    <effect id="HandMT-fx" name="HandMT">
      <profile_COMMON>
        <newparam sid="HandMT-diffuse-surface">
          <surface type="2D">
            <init_from>HandMT-diffuse-image</init_from>
          </surface>
        </newparam>
        <newparam sid="HandMT-diffuse-sampler">
          <sampler2D>
            <source>HandMT-diffuse-surface</source>
          </sampler2D>
        </newparam>
        <technique sid="standard">
          <phong>
            <emission>
              <color sid="emission">0   0   0   1</color>
            </emission>
            <diffuse>
              <texture texture="HandMT-diffuse-sampler" texcoord="CHANNEL0" />
            </diffuse>
            <shininess>
              <float sid="shininess">4.88955736</float>
            </shininess>
            <transparency>
              <float sid="transparency">1</float>
            </transparency>
          </phong>
        </technique>
      </profile_COMMON>
    </effect>
    <effect id="FaceMT-fx" name="FaceMT">
      <profile_COMMON>
        <newparam sid="FaceMT-diffuse-surface">
          <surface type="2D">
            <init_from>FaceMT-diffuse-image</init_from>
          </surface>
        </newparam>
        <newparam sid="FaceMT-diffuse-sampler">
          <sampler2D>
            <source>FaceMT-diffuse-surface</source>
          </sampler2D>
        </newparam>
        <technique sid="standard">
          <phong>
            <emission>
              <color sid="emission">0   0   0   1</color>
            </emission>
            <diffuse>
              <texture texture="FaceMT-diffuse-sampler" texcoord="CHANNEL0" />
            </diffuse>
            <shininess>
              <float sid="shininess">4.88955736</float>
            </shininess>
            <transparency>
              <float sid="transparency">1</float>
            </transparency>
          </phong>
        </technique>
      </profile_COMMON>
    </effect>
    <effect id="HairMT.001-fx" name="HairMT.001">
      <profile_COMMON>
        <newparam sid="HairMT.001-diffuse-surface">
          <surface type="2D">
            <init_from>HairMT.001-diffuse-image</init_from>
          </surface>
        </newparam>
        <newparam sid="HairMT.001-diffuse-sampler">
          <sampler2D>
            <source>HairMT.001-diffuse-surface</source>
          </sampler2D>
        </newparam>
        <technique sid="standard">
          <phong>
            <emission>
              <color sid="emission">0   0   0   1</color>
            </emission>
            <diffuse>
              <texture texture="HairMT.001-diffuse-sampler" texcoord="CHANNEL0" />
            </diffuse>
            <shininess>
              <float sid="shininess">4.88955736</float>
            </shininess>
            <transparency>
              <float sid="transparency">1</float>
            </transparency>
          </phong>
        </technique>
      </profile_COMMON>
    </effect>
    <effect id="CapMT-fx" name="CapMT">
      <profile_COMMON>
        <newparam sid="CapMT-diffuse-surface">
          <surface type="2D">
            <init_from>CapMT-diffuse-image</init_from>
          </surface>
        </newparam>
        <newparam sid="CapMT-diffuse-sampler">
          <sampler2D>
            <source>CapMT-diffuse-surface</source>
          </sampler2D>
        </newparam>
        <technique sid="standard">
          <phong>
            <emission>
              <color sid="emission">0   0   0   1</color>
            </emission>
            <diffuse>
              <texture texture="CapMT-diffuse-sampler" texcoord="CHANNEL0" />
            </diffuse>
            <shininess>
              <float sid="shininess">4.88955736</float>
            </shininess>
            <transparency>
              <float sid="transparency">1</float>
            </transparency>
          </phong>
        </technique>
      </profile_COMMON>
    </effect>
    <effect id="material_7-fx" name="">
      <profile_COMMON>
        <technique sid="standard">
          <phong>
            <emission>
              <color sid="emission">0   0   0   1</color>
            </emission>
            <diffuse>
              <color sid="diffuse">1   1   1   1</color>
            </diffuse>
            <shininess>
              <float sid="shininess">0</float>
            </shininess>
            <transparency>
              <float sid="transparency">1</float>
            </transparency>
          </phong>
        </technique>
      </profile_COMMON>
    </effect>
  </library_effects>
  <library_materials>
    <material id="BodyMT" name="BodyMT">
      <instance_effect url="#BodyMT-fx"/>
    </material>
    <material id="HairMT" name="HairMT">
      <instance_effect url="#HairMT-fx"/>
    </material>
    <material id="EyeMT" name="EyeMT">
      <instance_effect url="#EyeMT-fx"/>
    </material>
    <material id="HandMT" name="HandMT">
      <instance_effect url="#HandMT-fx"/>
    </material>
    <material id="FaceMT" name="FaceMT">
      <instance_effect url="#FaceMT-fx"/>
    </material>
    <material id="HairMT.001" name="HairMT.001">
      <instance_effect url="#HairMT.001-fx"/>
    </material>
    <material id="CapMT" name="CapMT">
      <instance_effect url="#CapMT-fx"/>
    </material>
    <material id="material_7" name="">
      <instance_effect url="#material_7-fx"/>
    </material>
  </library_materials>
  <library_geometries>
    <geometry id="Mario__BodyMT_BodyMT_0" name="Mario__BodyMT_BodyMT_0" >
      <mesh>
        <source id="Mario__BodyMT_BodyMT_0-positions" name="Mario__BodyMT_BodyMT_0-positions">
          <float_array id="Mario__BodyMT_BodyMT_0-positions-array" count="1023"> -0.277940422 1.78530109 0.585733116 -0.436185569 1.8107959 0.501576364 -0.52968663 1.7109437 0.458629668 -0.542565763 1.61104131 0.452543736 -0.449630648 1.50724339 0.511863828 -0.317498028 1.52618444 0.591363251 -0.246664733 1.6534363 0.616905153 0.468375653 1.71119308 0.508031487 0.371040642 1.81099761 0.541532218 0.205270976 1.78542185 0.609651029 0.481842577 1.61129737 0.503249645 0.383555412 1.50745153 0.553104639 0.24420841 1.52632487 0.619166493 0.17113556 1.65354073 0.637585342 -0.214760542 2.07329273 0.395187587 -0.277940422 1.78530109 0.585733116 -0.0362677313 1.78552866 0.596338093 0.161073387 2.07338715 0.413790643 0.205270976 1.78542185 0.609651029 -0.0268416889 2.07319427 0.404452085 -0.190091237 2.22072029 0.165246859 0.159158632 2.22080755 0.18253395 -0.0154553633 2.22886491 0.173628986 -0.00427941699 2.26088619 -0.0523195975 -0.180917546 2.24276066 -0.065670155 0.172822684 2.24284911 -0.0481608026 0.00752343563 2.03344464 -0.289623618 -0.39323929 2.17418671 -0.0130735775 -0.348361164 2.10574746 -0.207062066 -0.575802982 1.90030694 0.102892458 -0.440815926 2.08254457 0.232507765 -0.449032903 1.83411348 -0.32716769 -0.535975337 1.80743814 0.404614508 -0.630606711 1.66272855 -0.0125299646 -0.6426965 1.63349283 0.231866255 0.378946662 2.17437959 0.0251479018 0.40208438 2.08275533 0.274229437 0.549302459 1.90058815 0.158582658 0.353479117 2.10592294 -0.172322541 0.479919672 1.80769205 0.454899043 0.465654999 1.83434224 -0.281892627 0.603265345 1.63380396 0.293538541 0.615355074 1.6630398 0.0491423123 -0.436185569 1.8107959 0.501576364 -0.277940422 1.78530109 0.585733116 -0.214760542 2.07329273 0.395187587 -0.440815926 2.08254457 0.232507765 -0.190091237 2.22072029 0.165246859 -0.535975337 1.80743814 0.404614508 -0.39323929 2.17418671 -0.0130735775 -0.52968663 1.7109437 0.458629668 -0.180917546 2.24276066 -0.065670155 -0.6426965 1.63349283 0.231866255 -0.348361164 2.10574746 -0.207062066 -0.542565763 1.61104131 0.452543736 0.00752343563 2.03344464 -0.289623618 -0.577035248 1.48717046 0.371970117 -0.449032903 1.83411348 -0.32716769 -0.449630648 1.50724339 0.511863828 -0.61278224 1.43306935 0.141680092 -0.630606711 1.66272855 -0.0125299646 -0.512979627 1.34865975 0.382820904 -0.376022398 1.28905046 0.474575847 -0.618341565 1.48243713 -0.0462404639 -0.286396593 1.41202176 0.551057816 -0.317498028 1.52618444 0.591363251 -0.523954928 1.55557311 -0.38409552 -0.0372406319 1.52289701 0.617319465 -0.246664733 1.6534363 0.616905153 -0.0362677313 1.78552866 0.596338093 -0.277940422 1.78530109 0.585733116 -0.0377661511 1.65361166 0.627276599 0.17113556 1.65354073 0.637585342 0.205270976 1.78542185 0.609651029 0.24420841 1.52632487 0.619166493 0.371040642 1.81099761 0.541532218 0.161073387 2.07338715 0.413790643 0.205270976 1.78542185 0.609651029 0.217296228 1.41214776 0.575989544 0.40208438 2.08275533 0.274229437 0.159158632 2.22080755 0.18253395 0.479919672 1.80769205 0.454899043 0.378946662 2.17437959 0.0251479018 0.468375653 1.71119308 0.508031487 0.172822684 2.24284911 -0.0481608026 0.603265345 1.63380396 0.293538541 0.353479117 2.10592294 -0.172322541 0.481842577 1.61129737 0.503249645 0.465654999 1.83434224 -0.281892627 0.524162292 1.48744547 0.426476866 0.383555412 1.50745153 0.553104639 0.582503438 1.43336809 0.200844064 0.615355074 1.6630398 0.0491423123 0.459417254 1.34890282 0.43095243 0.31409815 1.28922284 0.50873524 0.145658463 1.24665332 0.515553534 0.319446146 1.1407007 0.342292219 0.445683539 1.20589888 0.282948077 -0.0357683152 1.40815115 0.588153601 0.137215286 1.10140073 0.38830772 -0.209058195 1.24656475 0.497995853 -0.0310884938 1.24485838 0.494431853 -0.364833415 1.14052975 0.30842191 -0.18801792 1.10131943 0.3722094 -0.0248407498 1.09975553 0.368941665 -0.484625787 1.20566654 0.236899853 -0.00748015894 1.1392132 0.0180075653 -0.560188353 1.26199186 0.086053133 -0.565285861 1.30725551 -0.0862476528 -0.478744805 1.3743124 -0.396020263 -0.379307479 1.55552924 -0.459703177 -0.346119702 1.37427258 -0.465343505 0.0126443552 1.77589285 -0.391780972 0.0152992997 1.53767693 -0.444215983 0.0156871323 1.35790431 -0.451143801 0.409497648 1.55572641 -0.420659095 0.377119482 1.37445331 -0.429544806 0.545971453 1.55584049 -0.331136554 0.502250314 1.37455761 -0.347463191 0.606568813 1.48274314 0.0143898632 0.557810605 1.30753601 -0.0306569152 0.535745323 1.26226556 0.14029938 0.350839585 2.18054843 0.279562294 0.313011914 2.07247829 0.278402895 0.290935695 2.12042332 0.381796241 0.261031687 1.99638975 0.344693661 0.323150665 2.1504817 0.514679492 0.366898894 2.09566188 0.15746814 0.302453905 1.9798578 0.219528928 0.258645922 1.88293421 0.434647083 0.347995639 1.84727371 0.164660215 0.452366471 2.28017473 0.294155389 0.461253673 2.09186888 0.0940996483 0.615860224 1.76718414 0.276308745 0.532084107 1.80062008 0.529453754 0.713720262 2.17308044 0.39772594 0.592565 2.05147791 0.604493678 0.728117466 1.99737728 0.194896504 0.631686926 1.84540403 0.497729003 0.680945456 1.82574439 0.348885447 0.74695015 1.96109271 0.301017016 0.738484919 2.0644021 0.420276076 0.69306308 1.93790901 0.421951681 0.667248309 1.99290252 0.541850865 0.741543531 1.92207873 0.68127948 0.585594118 2.04133606 0.654385686 0.577065229 1.825176 0.64089942 0.788692653 2.10320497 0.610762596 0.517784059 2.06621861 0.414369047 0.774892688 1.75345111 0.588941395 0.918934524 1.92319953 0.567031026 0.861433923 1.94062829 0.324040145 0.508498371 1.83087659 0.399686009 0.723881006 1.75278676 0.343117148 0.738905549 2.13357782 0.366874725 0.689546943 1.83565664 0.300797492 0.562906742 1.88157165 0.334058702 0.568366528 2.01994729 0.342691928 0.698380947 2.05955291 0.314766407 0.657910109 1.94913387 0.316423357 0.770183861 1.94637394 0.289657056 0.304561436 0.724464655 -0.490590334 0.50987488 0.866587579 -0.644604683 0.56633395 0.685254335 -0.362112731 0.265120864 0.616885304 -0.219047979 0.654132187 1.12154984 -0.062219236 0.173769087 0.910288453 -0.67612946 0.0225027781 0.755963981 -0.413120925 -0.00419001654 1.20714581 -0.123966023 0.289505988 1.03878725 0.110964395 0.552911818 1.32335269 -0.372248888 0.343273729 1.25482512 -0.162804455 0.199115574 1.36935377 -0.405432969 0.312711447 0.839980602 -0.417551428 0.50987488 0.866587579 -0.644604683 0.173769087 0.910288453 -0.67612946 0.0225027781 0.755963981 -0.413120925 0.190896213 1.12542367 -0.87848115 0.56633395 0.685254335 -0.362112731 0.265120864 0.616885304 -0.219047979 0.294114888 0.515789032 -0.864437521 0.0214447845 0.782859862 -0.88475579 0.568293393 1.07006872 -0.854284883 0.344483167 0.836855769 -0.915557921 0.632085741 0.69329375 -0.845605433 -0.322980493 0.945785761 0.599041045 -0.609249234 1.01079082 0.572373688 -0.454498559 0.740706921 0.434613198 -0.368720949 1.22568607 0.681173027 -0.670240283 1.27084827 0.0706616193 -0.118329763 0.78868103 0.458271682 -0.0653162748 1.08841467 0.610654116 -0.462444812 0.983734429 -0.0758818388 -0.379074454 1.53098476 0.202366054 -0.0117947422 1.36481416 0.117001057 -0.324083507 1.24201894 0.00694148242 -0.108582191 1.03423357 -0.0509780198 -0.323342472 0.994904339 0.504578173 -0.118329763 0.78868103 0.458271682 -0.454498559 0.740706921 0.434613198 -0.0653162748 1.08841467 0.610654116 -0.0920672566 0.558801055 0.847964108 -0.609249234 1.01079082 0.572373688 -0.368720949 1.22568607 0.681173027 -0.469520718 0.504935145 0.821400106 -0.373208761 1.04947388 1.09823859 -0.0325434059 0.895344496 1.01905966 -0.322011083 0.737802684 1.00275743 -0.64327544 0.808187604 0.976078391 -0.437983185 2.09005451 -0.0156112779 -0.439485103 1.96873009 0.0385496281 -0.369969726 2.00367236 -0.0476066247 -0.347745687 1.89506316 -0.0231936071 -0.558696032 1.91052961 0.0867010579 -0.338219076 2.10850453 -0.12550807 -0.289545625 1.97085893 -0.11551401 -0.36080879 1.75162566 -0.0464826599 -0.235268086 1.91512096 -0.24562268 -0.55545634 2.17223287 -0.0301269032 -0.361217052 2.16274834 -0.224398524 -0.461782068 1.82840014 -0.442776471 -0.579491496 1.67510366 -0.256058931 -0.761996865 2.06947327 -0.240723416 -0.765034378 1.82409501 -0.131183296 -0.574576497 2.07213378 -0.433298677 -0.644962668 1.74601185 -0.318797976 -0.575752079 1.83614671 -0.428583771 -0.642072678 1.97945654 -0.423010945 -0.752271533 1.97789204 -0.309781134 -0.673823297 1.87462449 -0.345109552 -0.754057586 1.8336153 -0.245373964 -0.913923562 1.76222134 -0.556348145 -0.817043364 1.61499465 -0.46737957 -0.963519156 1.73656642 -0.363715202 -0.969377458 1.93080294 -0.459777564 -0.77858603 1.82037532 -0.184751019 -0.732374489 1.73409581 -0.627509832 -0.822714567 1.93869722 -0.632163882 -0.630824566 2.0267396 -0.463418573 -0.619111776 1.68801522 -0.297614574 -0.526929438 1.81768525 -0.471954912 -0.543009102 1.86163461 -0.381548792 -0.597210228 1.78539145 -0.279040605 -0.784963965 2.03184843 -0.289337873 -0.690977335 1.86321604 -0.21267949 -0.626395524 1.89675999 -0.304498851 -0.694727421 1.98755741 -0.274174243 -0.604325771 1.98450589 -0.376242071 0.563631713 1.51905966 0.196866706 0.445602655 1.42166317 0.365755141 0.671366453 1.42098856 0.158314914 0.54614234 1.53641331 -0.0545362569 0.0421319082 1.57020855 0.0972764492 0.522352874 1.28343189 0.4353154 0.633295298 1.46157825 -0.0953359678 0.263801783 1.37870383 0.451545268 0.657027185 1.19998312 0.0565262809 0.271329254 1.25418258 0.518602014 0.661701024 1.24016702 -0.135914207 0.533584714 1.10748303 0.245911792 0.599275649 1.49784839 -0.32199356 0.562656522 1.01517451 -0.04771455 0.460736513 1.59724009 -0.286319792 0.608597517 1.27091575 -0.379464924 0.491233885 1.50399792 -0.474263847 0.530307591 1.05217099 -0.279953122 0.228116751 1.59045136 -0.406362981 0.397919208 1.06363773 -0.398041844 0.522247851 1.27891672 -0.521817625 0.256770849 1.48279452 -0.521013558 0.287769854 1.24220085 -0.568818152 0.499668121 0.974884689 0.0901615396 0.323686033 0.948169708 0.162681535 0.234274149 1.06436503 -0.430196822 -0.0679249167 1.21679366 -0.507368803 0.299418837 1.06515253 0.378282785 0.0331166387 0.95622772 0.207583219 0.0704319254 1.07188749 0.413729697 0.0981621221 1.2568469 0.539873481 -0.0568589121 1.04620636 -0.390258193 0.0917272866 1.38110459 0.464927018 -0.0757642314 1.39326477 0.504841626 -0.0728004947 1.2689395 0.57261461 -0.158146366 1.08477366 0.450099677 -0.33390221 1.3201493 0.569708407 -0.270834029 1.45238495 0.478202969 -0.256869555 0.97306478 0.25380221 -0.34367153 1.08914816 -0.339485735 -0.417177558 1.14825308 0.395138144 -0.489102811 1.10167456 -0.258819818 -0.443719685 1.01533842 0.238230422 -0.54225713 1.06255472 0.125706509 -0.584440887 1.25321901 0.251380205 -0.548446834 1.47329581 0.34977001 -0.644367099 1.29617298 0.0690789297 -0.426285714 1.56150866 0.352238655 -0.58651799 1.5138855 0.0961191133 -0.485130876 1.58063591 0.107326627 -0.620537639 1.55015552 -0.130538508 -0.469930798 1.63714826 -0.140247479 -0.579507411 1.09976137 -0.10576275 -0.665914655 1.32556856 -0.179424614 -0.564121366 1.54925323 -0.308621228 -0.626883924 1.32819295 -0.341456354 -0.421941668 1.27263439 -0.457425803 -0.357820511 1.50914896 -0.424550712 -0.0499964096 1.48666871 -0.466873974 -0.286587894 1.61252248 -0.325577825 -0.031227909 1.59139001 -0.375905663 -0.0406273454 0.510469079 1.22240448 -0.0975089595 1.12893212 1.08209264 -0.081805639 1.07505906 1.48709428 -0.252402008 1.2622484 1.57500088 -0.412287295 1.02375805 1.46336079 -0.0995515659 0.621653974 0.885726392 -0.157432333 0.294904709 1.12146997 -0.407740295 1.30584323 1.17258441 -0.261190534 0.483051509 0.765496373 -0.370724469 1.09613538 0.870078146 -0.374325514 0.261236042 1.10589385 -0.524782836 0.554142594 0.822427809 -0.685950279 1.03758764 1.03983402 -0.593910873 0.422633946 1.18175733 -0.742769361 0.972456872 1.43962741 -0.616735458 1.20569253 1.54883647 -0.0579363033 0.602979302 -1.29597402 0.0632021651 0.404122144 -1.42887259 0.0346776098 0.541788936 -0.943831325 0.034004651 1.14808547 -1.00448275 0.273306727 0.613905668 -1.34669554 0.291592598 0.336772412 -1.11031926 0.428375036 0.416167706 -1.48478961 0.146337882 1.02780402 -0.727784634 0.34747082 0.538042963 -0.815444767 0.624474585 0.561243951 -1.03414392 0.197141081 1.34090328 -0.923803985 0.346424699 1.1407789 -0.64661622 0.57960546 1.04271829 -0.763787091 0.414534032 1.34807408 -0.957092285 0.589017391 1.16824269 -1.08842635 0.604550183 0.624831975 -1.39741719 </float_array>
          <technique_common>
            <accessor count="341" offset="0" source="#Mario__BodyMT_BodyMT_0-positions-array" stride="3">
              <param name="X" type="float" />
              <param name="Y" type="float" />
              <param name="Z" type="float" />
            </accessor>
          </technique_common>
        </source>
        <source id="Mario__BodyMT_BodyMT_0-normals" name="Mario__BodyMT_BodyMT_0-normals">
          <float_array id="Mario__BodyMT_BodyMT_0-normals-array" count="1023"> -0.16325292 0.443919152 0.881069958 -0.45762527 0.50008148 0.735185444 -0.723734438 0.108730234 0.68145889 -0.709388256 -0.000906067726 0.704817295 -0.548175633 -0.118300937 0.827954352 -0.270517975 -0.152190924 0.950609267 -0.117786586 0.0471738651 0.991917789 0.652766883 0.109088652 0.749663293 0.382592887 0.50024271 0.776775301 0.0751472786 0.44397378 0.892883062 0.636209428 -0.000550070428 0.771516204 0.463832289 -0.118759952 0.877926946 0.175302222 -0.152047232 0.972702801 0.0191368442 0.0471956544 0.998702347 -0.168149352 0.690552711 0.703464806 -0.163273692 0.443937123 0.881057024 -0.0438506454 0.46611613 0.883636177 0.0976717398 0.690030575 0.717159688 0.0751576126 0.443982661 0.892877758 -0.0363111198 0.682325244 0.730146408 -0.175924033 0.921810031 0.345422924 0.140492156 0.921889365 0.361084431 -0.0181500744 0.932013452 0.361968964 0.0110726105 0.973487377 -0.228472531 -0.125372604 0.939598203 -0.318491578 0.155918643 0.93964833 -0.304549575 0.0426892042 0.499222428 -0.865421653 -0.660772145 0.741112292 -0.118881285 -0.463628531 0.592643797 -0.65865165 -0.905183315 0.418638945 -0.0733799189 -0.623906434 0.687888026 0.370878518 -0.552945971 0.445055723 -0.704397738 -0.817745209 0.417947918 0.395742714 -0.953342617 0.202208579 -0.224164024 -0.985830963 0.0918724462 0.140345111 0.668867588 0.74148339 -0.0530893356 0.584706247 0.687434852 0.430757403 0.907727003 0.419243932 0.0163142104 0.526317418 0.591855228 -0.610489428 0.774383247 0.418422133 0.474608839 0.619733155 0.444697797 -0.646664262 0.967014432 0.0930303708 0.237125352 0.970600605 0.203375116 -0.128736213 -0.457619429 0.500076056 0.735192776 -0.163272157 0.443944097 0.881053805 -0.168179527 0.690545797 0.703464389 -0.623904824 0.687888622 0.370880038 -0.175927207 0.921811402 0.345417649 -0.817741036 0.417945385 0.395754009 -0.660772085 0.74110955 -0.118898682 -0.723758101 0.108733341 0.68143326 -0.125367537 0.93960017 -0.318487793 -0.985830009 0.0918614864 0.14035891 -0.463635296 0.592665434 -0.658627391 -0.709360719 -0.000888997631 0.704845071 0.0427127741 0.499182314 -0.865443587 -0.882005572 -0.243741199 0.403306872 -0.552931607 0.445072681 -0.704398274 -0.548179686 -0.118267886 0.827956378 -0.952595055 -0.286573291 0.102168798 -0.953347385 0.202189445 -0.224161103 -0.763599217 -0.463383794 0.449657261 -0.465776682 -0.567963481 0.678579092 -0.965380847 -0.167885333 -0.199635461 -0.172928318 -0.354686141 0.918854475 -0.270516247 -0.152186289 0.950610459 -0.854225159 0.0339252613 -0.518795192 -0.0482570753 -0.212460503 0.975977361 -0.11776296 0.0471707135 0.991920769 -0.0438433439 0.466145247 0.883621156 -0.163285226 0.443926871 0.881060064 -0.0493724234 0.0513351448 0.997460306 0.019153839 0.0472134836 0.998701155 0.0751642287 0.443985879 0.892875612 0.175308123 -0.152058333 0.9727 0.382615626 0.500266075 0.776749074 0.0976966023 0.690029323 0.717157543 0.0751291215 0.443990171 0.892876446 0.081495598 -0.354983866 0.931313515 0.584702432 0.687440395 0.430753767 0.140496865 0.921890616 0.361079425 0.774388373 0.418420017 0.474602282 0.668874562 0.741478264 -0.0530742332 0.652747571 0.109069131 0.749682963 0.155915067 0.939646125 -0.304558098 0.96701467 0.093022719 0.237127453 0.526317239 0.59187007 -0.610475242 0.636202693 -0.000564047426 0.771521747 0.619707644 0.444720984 -0.646672785 0.838049531 -0.242591947 0.48869431 0.463836163 -0.118791305 0.877920628 0.937991738 -0.286100596 0.195749819 0.970593214 0.203415379 -0.128728405 0.71560508 -0.463315755 0.522731185 0.396743059 -0.567479432 0.72149986 0.0713907555 -0.572614253 0.816710651 0.386693627 -0.893628597 0.227806836 0.608357191 -0.778719068 0.153291285 -0.0458475687 -0.369470119 0.928110898 0.119184032 -0.922270715 0.367711663 -0.151452288 -0.572673976 0.805671573 -0.0415428802 -0.537844539 0.842019856 -0.40701884 -0.893734217 0.188612998 -0.154552773 -0.92232275 0.354166865 -0.0183689333 -0.926528096 0.375776857 -0.619952857 -0.77918452 0.0923577473 0.0150414743 -0.954119384 -0.299048394 -0.662095368 -0.7463817 -0.0674092397 -0.618770242 -0.735283792 -0.276552171 -0.583878338 -0.664137363 -0.466912895 -0.135930374 0.186513618 -0.973003387 -0.108181037 -0.564798594 -0.818107247 0.0464051031 0.340094924 -0.939245462 0.0491103157 0.109710172 -0.992749631 0.039045915 -0.617223024 -0.785818756 0.231172696 0.186980397 -0.954776168 0.188774973 -0.56450212 -0.803555489 0.90118587 0.0343589596 -0.432068855 0.62746352 -0.663835227 -0.406954974 0.9805336 -0.167032078 -0.103218913 0.643645465 -0.734782934 -0.214043394 0.665954351 -0.745990753 -0.00159626419 -0.667918742 0.68255204 -0.296660155 -0.888042688 0.314439744 -0.33542192 -0.887607217 0.456530929 0.0610978231 -0.99695462 0.0156968106 -0.0763880238 -0.322040081 0.450951934 0.832425714 -0.624873161 0.357040524 -0.694302261 -0.853458405 -0.0562635809 -0.518114984 -0.583187878 -0.638789475 0.501836598 -0.214725152 -0.777079403 -0.59164232 0.206333399 0.976047814 -0.0689724013 0.256930977 0.219561577 -0.941158414 0.0773272291 -0.87536931 -0.477230668 -0.283769011 -0.731945097 0.619460702 0.48750478 0.871897161 0.0461999327 -0.0307920203 0.346550047 0.937525928 0.546325386 0.117103554 -0.829346299 0.560911596 -0.605625093 0.564443469 0.736327231 -0.675769687 0.0340226702 0.971561372 -0.193351701 -0.136687994 0.941385806 0.174920261 0.288436592 0.88804251 -0.314439863 0.335422158 0.687759936 -0.079317078 0.721592069 0.229204357 -0.071062915 0.970780849 -0.683859348 0.571802378 0.453186929 -0.729804814 -0.562183619 0.389017463 0.378414422 0.897539198 0.226331353 -0.786606848 0.608152032 0.106774539 0.306460232 -0.944546938 0.117954232 0.999231935 -0.0385399722 0.00708493637 0.93543303 -0.0138515765 -0.353232414 -0.828310132 -0.558750629 0.0412312821 0.2320292 -0.942821085 -0.239271507 0.308210999 0.941734314 -0.134693861 -0.075527817 -0.388011128 -0.918554783 -0.584292114 -0.20574221 -0.785030484 -0.562235534 0.346568197 -0.750853956 -0.0411500148 0.505106747 -0.862075329 -0.229718596 0.0696292371 -0.970763147 0.262820244 0.0509421006 -0.963499069 -0.0601502806 -0.845436811 -0.530677438 0.637605965 0.0461376533 -0.768979788 0.804559529 -0.580469429 0.125456125 -0.158866361 -0.784056425 0.60001415 0.877875984 -0.0131776221 0.478706688 -0.447786003 0.193175137 -0.873024106 -0.934389472 -0.354287803 -0.0373690203 -0.924064279 0.22199446 0.311165005 -0.123530626 -0.259013265 0.957941711 0.669704139 0.593518257 -0.446354657 0.0602135137 0.845430434 0.530680418 -0.399969071 0.732744992 -0.550553799 -0.0621781275 0.0124412486 0.997987509 0.644509971 0.680354476 -0.348890692 -0.390825599 0.813824952 -0.430051535 -0.869164646 0.316925585 0.379619539 -0.404014081 0.814735651 -0.415906787 0.836409986 0.0948694944 0.539831519 -0.106201477 -0.105611533 0.988720119 -0.109819211 -0.916981757 -0.383515567 -0.892969489 -0.160289988 -0.420609832 0.658184409 0.672764778 -0.337906569 0.0621425472 -0.0125883836 -0.997987866 0.856152952 -0.41450572 -0.308524132 0.0018277386 -0.453523755 0.891242325 -0.906231165 -0.0503593199 0.419772536 -0.42183578 -0.904077709 -0.0685421154 -0.144566923 0.648007274 0.747788072 -0.941336274 0.25979659 -0.215387359 0.658411264 -0.75265497 0.00225049234 0.817838669 0.196345046 0.540914536 -0.412410259 -0.614460468 -0.672574222 -0.150800169 0.975008547 0.163149267 0.851137161 0.517111778 -0.0903379768 -0.00198847498 0.45347032 -0.891269147 0.6523031 -0.466485918 -0.597404003 -0.00199777703 0.453585714 -0.891210437 0.629663646 -0.351331085 -0.692885399 -0.390211135 -0.512965322 -0.764592588 0.799097359 0.565136373 -0.205095842 0.642911792 -0.761655569 0.0809027404 -0.888844132 0.324408978 -0.323596776 -0.141293809 0.989967585 -0.000467399659 -0.396845698 -0.917848945 -0.00817220751 -0.142124042 0.602131128 0.785645485 0.816341817 0.186457917 0.546643794 0.00166699186 -0.453521758 0.891243637 -0.903145075 -0.0600171052 0.425119877 0.380766928 0.570612133 0.727611363 0.388061225 0.146105111 0.909978986 0.683744133 0.29038921 0.669453561 0.709414184 -0.104500733 0.697001517 -0.484050065 -0.25703752 0.836437225 0.720324636 0.592082322 0.361346006 0.915258169 0.144293234 0.376140893 0.322939634 -0.900494814 0.291237175 0.824129641 -0.233179286 -0.516176045 -0.469226003 0.808019042 0.356275469 0.344152957 0.816724122 -0.463163495 0.585969746 -0.327968806 -0.740996599 0.0761112049 -0.994905412 0.0661080107 -0.697707653 0.703073382 0.137447476 -0.713470101 -0.352449656 0.605590343 0.111836918 0.716438651 -0.68862772 -0.505900443 -0.701849699 -0.501469612 -0.26580444 -0.390235066 -0.881512702 -0.495793372 0.106278159 -0.861912906 -0.876791239 0.100466125 -0.47025913 -0.683744133 -0.29038915 -0.669453621 -0.882974505 -0.399004877 -0.247287467 -0.709156334 -0.326835304 -0.624720693 0.0414232239 -0.997860253 0.0505865887 -0.719608724 -0.359184027 0.594264388 -0.75173527 0.652705967 0.0941751003 -0.455566913 -0.240577981 0.857077003 0.484598815 -0.380844444 -0.787477911 0.00197851728 0.651078701 -0.759007692 0.287242085 0.797746062 -0.530182242 0.328816652 -0.898057103 0.292186618 0.783889055 -0.259633183 -0.564011157 0.948557734 0.16257681 0.271674365 0.742542565 -0.126837552 0.657679796 -0.481753498 0.806270063 0.343281418 0.391199738 0.165347472 0.9053303 0.709982157 0.325751364 0.62434876 0.377355129 0.634269059 0.67476356 0.720652223 0.634586692 0.279213339 0.329252005 0.875607014 0.353419662 0.236120641 0.73553282 0.6350106 0.904260635 0.310752004 0.29282406 0.330162406 0.939355254 0.0927603021 0.074035272 0.975945413 0.20505935 0.623345554 0.0218105167 0.781642258 0.853441536 0.519577444 -0.0409492962 0.107407928 0.730956852 0.673918128 0.945012212 -0.284524441 0.161238149 0.207338616 -0.141218051 0.968022823 0.958851576 -0.238485083 -0.154040828 0.661019266 -0.586482286 0.468072683 0.763400257 0.566366851 -0.310561836 0.601947546 -0.787197173 -0.134088621 0.223253459 0.973147392 -0.0560543239 0.864253223 -0.239210054 -0.442543685 0.436460733 0.511025548 -0.740509927 0.620658576 -0.715025246 -0.321748048 0.000382431201 0.962110162 -0.272660673 0.214989528 -0.872573078 -0.438629389 0.495859653 -0.148467809 -0.855617046 -0.0484430827 0.330560148 -0.942540824 0.00853161514 -0.173667207 -0.984767437 0.202473879 -0.977528274 -0.0586755648 0.0540264845 -0.998442352 -0.0139299128 0.0129161328 -0.910220563 -0.41392228 -0.160361618 -0.207804158 -0.964936078 0.18871747 -0.75672543 0.625901282 -0.0417931527 -0.999104381 0.00661893375 0.0669962764 -0.768175602 0.636724234 0.140140101 -0.244110182 0.959568143 -0.0953280106 -0.930695236 -0.353155762 0.132100239 0.76240027 0.633478761 0.165318727 0.728687763 0.664592981 0.0875481367 -0.13608256 0.986821592 -0.050602708 -0.746691167 0.663243294 -0.350333989 0.0635633767 0.934465528 0.0315171406 0.744291544 0.667110741 -0.138882339 -0.990167141 0.016755769 -0.214836836 -0.900478542 -0.378131628 -0.532781124 -0.53529036 0.655445218 -0.410816312 -0.845823944 -0.340311378 -0.291382164 -0.956422091 0.0187934767 -0.677542686 -0.732454956 0.0666754767 -0.870668352 -0.207393065 0.446009755 -0.74197644 0.381667554 0.551181257 -0.976369798 -0.155899286 0.149657592 -0.131019101 0.895338416 0.425679535 -0.778938353 0.589024484 0.215186417 -0.206283092 0.962360442 0.176945373 -0.770974219 0.633066595 -0.0694654584 -0.147572443 0.989048898 0.00214868807 -0.746884406 -0.656259477 -0.107178293 -0.974995494 -0.160339683 -0.153866813 -0.598187625 0.55458945 -0.578447938 -0.744346082 -0.0952862054 -0.660961032 -0.323871166 -0.160243273 -0.932432055 -0.214636192 0.338058949 -0.916322768 -0.131088808 0.344912112 -0.929436028 -0.00344309257 0.962307751 -0.271941006 -0.00683078682 0.952701449 -0.303831041 0.385881186 -0.433197111 0.814515769 0.788468003 0.45987004 -0.408457845 0.531443834 -0.207403824 0.821310639 0.301514596 0.766684353 0.566819251 0.00109461986 -0.430503637 0.902588189 0.773866177 0.0832539797 -0.627853453 0.221535787 -0.657414079 0.720228136 -0.109733745 0.937243164 -0.330958843 0.146957174 -0.206880212 -0.967266321 -0.00572564593 0.472690761 -0.881209791 -0.10167975 -0.720061481 0.686420202 -0.608185828 -0.130290717 -0.78302896 -0.809724271 0.274198592 -0.518808007 -0.364045054 -0.549928784 0.751697779 -0.538200557 -0.345603257 0.768699229 -0.581151366 0.664126515 0.470318079 -0.709711194 0.29857859 -0.638091624 -0.514959097 -0.696861207 -0.49920094 -0.76493603 -0.373420298 0.524814367 -0.534330606 0.526398122 -0.661359072 -0.14791593 0.485251546 -0.861772478 0.051420521 -0.977868557 0.202802822 0.373402268 -0.700917542 -0.607688487 -0.652014732 -0.00254272553 0.758202016 0.141415566 -0.531464338 0.835192978 0.886321008 -0.381912559 0.261873692 -0.305287272 0.74541527 -0.592583954 0.0941690505 0.212820157 0.972542942 0.804107249 0.0430240072 0.59292531 0.0572758876 0.770199358 -0.635226309 0.296128333 0.553637564 -0.778327346 0.439601481 0.309081703 -0.843338013 </float_array>
          <technique_common>
            <accessor count="341" offset="0" source="#Mario__BodyMT_BodyMT_0-normals-array" stride="3">
              <param name="X" type="float" />
              <param name="Y" type="float" />
              <param name="Z" type="float" />
            </accessor>
          </technique_common>
        </source>
        <source id="Mario__BodyMT_BodyMT_0-tex0" name="Mario__BodyMT_BodyMT_0-tex0">
          <float_array id="Mario__BodyMT_BodyMT_0-tex0-array" count="682"> 0.0509643555 0.0429077148 0.341308594 0.0172729492 0.498046875 0.186889648 0.512207031 0.348876953 0.326660156 0.506835938 0.0696411133 0.470703125 -0.0297393799 0.251708984 0.498046875 0.186889648 0.341308594 0.0172729492 0.0509643555 0.0429077148 0.512207031 0.348876953 0.326660156 0.506835938 0.0696411133 0.470703125 -0.0297393799 0.251708984 0.756835938 0.87890625 0.759765625 0.892089844 0.74609375 0.892089844 0.756835938 0.87890625 0.759765625 0.892089844 0.74609375 0.87890625 0.755859375 0.874511719 0.755859375 0.874511719 0.74609375 0.874023438 0.74609375 0.875488281 0.755859375 0.876464844 0.755859375 0.876464844 0.74609375 0.890625 0.772949219 0.640136719 0.771484375 0.645996094 0.782226562 0.65234375 0.774902344 0.641601562 0.776855469 0.661132812 0.779296875 0.653320312 0.78515625 0.665527344 0.78515625 0.6640625 0.772949219 0.640136719 0.774902344 0.641601562 0.782226562 0.65234375 0.771484375 0.645996094 0.779296875 0.653320312 0.776855469 0.661132812 0.78515625 0.6640625 0.78515625 0.665527344 0.12512207 -1.265625 0.0892944336 -1.26464844 0.0774536133 -1.31542969 0.12902832 -1.30957031 0.0744628906 -1.33496094 0.148193359 -1.25976562 0.121276855 -1.31542969 0.146240234 -1.2421875 0.075012207 -1.32714844 0.173583984 -1.21386719 0.113464355 -1.29003906 0.149169922 -1.22070312 0.0358886719 -1.26953125 0.160766602 -1.18945312 0.136962891 -1.22558594 0.127929688 -1.20117188 0.16796875 -1.15820312 0.173583984 -1.20703125 0.148071289 -1.15234375 0.118408203 -1.14257812 0.171264648 -1.15820312 0.0915527344 -1.17480469 0.0979614258 -1.20996094 0.154174805 -1.15527344 0.0358886719 -1.20898438 0.0820922852 -1.23828125 0.0358886719 -1.26464844 0.0892944336 -1.26464844 0.0358886719 -1.23828125 0.0820922852 -1.23828125 0.0892944336 -1.26464844 0.0979614258 -1.20996094 0.12512207 -1.265625 0.0774536133 -1.31542969 0.0892944336 -1.26464844 0.0915527344 -1.17480469 0.12902832 -1.30957031 0.0744628906 -1.33496094 0.148193359 -1.25976562 0.121276855 -1.31542969 0.146240234 -1.2421875 0.075012207 -1.32714844 0.173583984 -1.21386719 0.113464355 -1.29003906 0.149169922 -1.22070312 0.136962891 -1.22558594 0.160766602 -1.18945312 0.127929688 -1.20117188 0.16796875 -1.15820312 0.173583984 -1.20703125 0.148071289 -1.15234375 0.118408203 -1.14257812 0.0750732422 -1.13671875 0.11151123 -1.10351562 0.138671875 -1.11425781 0.0358886719 -1.17578125 0.0718383789 -1.09863281 0.0750732422 -1.13671875 0.0358886719 -1.13476562 0.11151123 -1.10351562 0.0718383789 -1.09863281 0.0358886719 -1.09765625 0.138671875 -1.11425781 0.0358886719 -1.08691406 0.156982422 -1.11816406 0.16003418 -1.11816406 0.144287109 -1.11621094 0.12310791 -1.15039062 0.115844727 -1.11132812 0.0358886719 -1.20898438 0.0358886719 -1.14648438 0.0358886719 -1.10742188 0.12310791 -1.15039062 0.115844727 -1.11132812 0.154174805 -1.15527344 0.144287109 -1.11621094 0.171264648 -1.15820312 0.16003418 -1.11816406 0.156982422 -1.11816406 0.639648438 0.8125 0.639648438 0.814941406 0.639648438 0.813964844 0.639648438 0.816894531 0.641113281 0.813476562 0.639648438 0.813964844 0.639648438 0.816894531 0.641113281 0.819335938 0.641113281 0.819335938 0.641113281 0.809570312 0.641113281 0.813476562 0.648925781 0.818847656 0.648925781 0.818847656 0.648925781 0.810058594 0.648925781 0.813476562 0.648925781 0.813476562 0.649902344 0.817382812 0.649902344 0.817382812 0.649902344 0.813964844 0.649902344 0.812011719 0.649902344 0.814941406 0.649902344 0.813964844 0.658691406 0.814941406 0.657226562 0.813476562 0.657226562 0.817871094 0.657226562 0.811035156 0.650390625 0.813476562 0.657226562 0.817871094 0.657226562 0.813476562 0.650390625 0.813476562 0.650390625 0.818359375 0.650390625 0.818359375 0.650390625 0.810546875 0.649414062 0.816894531 0.649414062 0.816894531 0.649414062 0.813964844 0.649414062 0.8125 0.649414062 0.814941406 0.649414062 0.813964844 0.836425781 0.314453125 0.866210938 0.306152344 0.881835938 0.306152344 0.834960938 0.306152344 0.891113281 0.217773438 0.809570312 0.306152344 0.790527344 0.306152344 0.780761719 0.217773438 0.834472656 0.217773438 0.867675781 0.217773438 0.836425781 0.21105957 0.808105469 0.217773438 0.836425781 0.297851562 0.866210938 0.306152344 0.809570312 0.306152344 0.790527344 0.306152344 0.806640625 0.372070312 0.881835938 0.306152344 0.834960938 0.306152344 0.834960938 0.372070312 0.784667969 0.372070312 0.869628906 0.372070312 0.836425781 0.380371094 0.887207031 0.372070312 0.836425781 0.314453125 0.881835938 0.306152344 0.866210938 0.306152344 0.834960938 0.306152344 0.891113281 0.217773438 0.809570312 0.306152344 0.790527344 0.306152344 0.867675781 0.217773438 0.834472656 0.217773438 0.780761719 0.217773438 0.836425781 0.21105957 0.808105469 0.217773438 0.836425781 0.297851562 0.809570312 0.306152344 0.866210938 0.306152344 0.790527344 0.306152344 0.806640625 0.372070312 0.881835938 0.306152344 0.834960938 0.306152344 0.869628906 0.372070312 0.834960938 0.372070312 0.784667969 0.372070312 0.836425781 0.380371094 0.887207031 0.372070312 0.639648438 0.8125 0.639648438 0.813964844 0.639648438 0.814941406 0.639648438 0.816894531 0.641113281 0.813476562 0.639648438 0.813964844 0.639648438 0.816894531 0.641113281 0.819335938 0.641113281 0.819335938 0.641113281 0.809570312 0.641113281 0.813476562 0.648925781 0.818847656 0.648925781 0.818847656 0.648925781 0.810058594 0.648925781 0.813476562 0.648925781 0.813476562 0.649902344 0.817382812 0.649902344 0.817382812 0.649902344 0.813964844 0.649902344 0.812011719 0.649902344 0.814941406 0.649902344 0.813964844 0.658691406 0.814941406 0.657226562 0.817871094 0.657226562 0.813476562 0.657226562 0.811035156 0.650390625 0.813476562 0.657226562 0.817871094 0.657226562 0.813476562 0.650390625 0.813476562 0.650390625 0.818359375 0.650390625 0.818359375 0.649414062 0.816894531 0.649414062 0.816894531 0.650390625 0.810546875 0.649414062 0.813964844 0.649414062 0.814941406 0.649414062 0.8125 0.649414062 0.813964844 0.86328125 0.153808594 0.840332031 0.166870117 0.882324219 0.169555664 0.866699219 0.151367188 0.780273438 0.147583008 0.852050781 0.186889648 0.882324219 0.169555664 0.80859375 0.173706055 0.884277344 0.208374023 0.809082031 0.192382812 0.889648438 0.206542969 0.859863281 0.220214844 0.882324219 0.169555664 0.873046875 0.2421875 0.858398438 0.153930664 0.887207031 0.208007812 0.868652344 0.173461914 0.873535156 0.2421875 0.823242188 0.160522461 0.854492188 0.244628906 0.876464844 0.211181641 0.831542969 0.180664062 0.83984375 0.220825195 0.859375 0.24609375 0.828613281 0.250488281 0.828613281 0.247192383 0.780273438 0.227416992 0.818359375 0.22644043 0.780273438 0.251220703 0.780273438 0.226928711 0.780273438 0.193359375 0.780273438 0.252197266 0.780273438 0.174926758 0.80859375 0.173706055 0.809082031 0.192382812 0.818359375 0.22644043 0.852050781 0.186889648 0.840332031 0.166870117 0.828613281 0.250488281 0.828613281 0.247192383 0.859863281 0.220214844 0.854492188 0.244628906 0.859375 0.24609375 0.873046875 0.2421875 0.884277344 0.208374023 0.882324219 0.169555664 0.889648438 0.206542969 0.86328125 0.153808594 0.882324219 0.169555664 0.866699219 0.151367188 0.882324219 0.169555664 0.858398438 0.153930664 0.873535156 0.2421875 0.887207031 0.208007812 0.868652344 0.173461914 0.876464844 0.211181641 0.83984375 0.220825195 0.831542969 0.180664062 0.780273438 0.182006836 0.823242188 0.160522461 0.780273438 0.162475586 0.920898438 0.948242188 0.920410156 0.937011719 0.918945312 0.948242188 0.923339844 0.948242188 0.9296875 0.948242188 0.923339844 0.937988281 0.926269531 0.948242188 0.929199219 0.9375 0.929199219 0.936523438 0.9296875 0.932128906 0.933105469 0.948242188 0.9375 0.9375 0.939453125 0.937011719 0.939453125 0.948242188 0.940917969 0.948242188 0.935546875 0.948242188 0.918945312 0.948242188 0.923339844 0.948242188 0.920410156 0.937011719 0.920898438 0.948242188 0.9296875 0.948242188 0.929199219 0.9375 0.935546875 0.948242188 0.923339844 0.937988281 0.9296875 0.932128906 0.939453125 0.937011719 0.926269531 0.948242188 0.929199219 0.936523438 0.9375 0.9375 0.933105469 0.948242188 0.939453125 0.948242188 0.940917969 0.948242188 </float_array>
          <technique_common>
            <accessor count="341" offset="0" source="#Mario__BodyMT_BodyMT_0-tex0-array" stride="2">
              <param name="S" type="float" />
              <param name="T" type="float" />
            </accessor>
          </technique_common>
        </source>
        <source id="Mario__BodyMT_BodyMT_0-color0" name="Mario__BodyMT_BodyMT_0-color0">
          <float_array id="Mario__BodyMT_BodyMT_0-color0-array" count="1023"> 0.996078432 0.996078432 0.996078432 0.996078432 0.996078432 0.996078432 0.996078432 0.996078432 0.996078432 0.996078432 0.996078432 0.996078432 0.996078432 0.996078432 0.996078432 0.996078432 0.996078432 0.996078432 0.996078432 0.996078432 0.996078432 0.996078432 0.996078432 0.996078432 0.996078432 0.996078432 0.996078432 0.996078432 0.996078432 0.996078432 0.996078432 0.996078432 0.996078432 0.996078432 0.996078432 0.996078432 0.996078432 0.996078432 0.996078432 0.996078432 0.996078432 0.996078432 0.996078432 0.996078432 0.996078432 0.996078432 0.996078432 0.996078432 0.996078432 0.996078432 0.996078432 0.996078432 0.996078432 0.996078432 0.996078432 0.996078432 0.996078432 0.996078432 0.996078432 0.996078432 0.996078432 0.996078432 0.996078432 0.996078432 0.996078432 0.996078432 0.996078432 0.996078432 0.996078432 0.996078432 0.996078432 0.996078432 0.996078432 0.996078432 0.996078432 0.996078432 0.996078432 0.996078432 0.996078432 0.996078432 0.996078432 0.996078432 0.996078432 0.996078432 0.996078432 0.996078432 0.996078432 0.996078432 0.996078432 0.996078432 0.996078432 0.996078432 0.996078432 0.996078432 0.996078432 0.996078432 0.996078432 0.996078432 0.996078432 0.996078432 0.996078432 0.996078432 0.996078432 0.996078432 0.996078432 0.996078432 0.996078432 0.996078432 0.996078432 0.996078432 0.996078432 0.996078432 0.996078432 0.996078432 0.996078432 0.996078432 0.996078432 0.996078432 0.996078432 0.996078432 0.996078432 0.996078432 0.996078432 0.996078432 0.996078432 0.996078432 0.996078432 0.996078432 0.996078432 0.996078432 0.996078432 0.996078432 0.996078432 0.996078432 0.996078432 0.996078432 0.996078432 0.996078432 0.996078432 0.996078432 0.996078432 0.996078432 0.996078432 0.996078432 0.996078432 0.996078432 0.996078432 0.996078432 0.996078432 0.996078432 0.996078432 0.996078432 0.996078432 0.996078432 0.996078432 0.996078432 0.996078432 0.996078432 0.996078432 0.996078432 0.996078432 0.996078432 0.996078432 0.996078432 0.996078432 0.996078432 0.996078432 0.996078432 0.996078432 0.996078432 0.996078432 0.996078432 0.996078432 0.996078432 0.996078432 0.996078432 0.996078432 0.996078432 0.996078432 0.996078432 0.996078432 0.996078432 0.996078432 0.996078432 0.996078432 0.996078432 0.996078432 0.996078432 0.996078432 0.996078432 0.996078432 0.996078432 0.996078432 0.996078432 0.996078432 0.996078432 0.996078432 0.996078432 0.996078432 0.996078432 0.996078432 0.996078432 0.996078432 0.996078432 0.996078432 0.996078432 0.996078432 0.996078432 0.996078432 0.996078432 0.996078432 0.996078432 0.996078432 0.996078432 0.996078432 0.996078432 0.996078432 0.996078432 0.996078432 0.996078432 0.996078432 0.996078432 0.996078432 0.996078432 0.996078432 0.996078432 0.996078432 0.996078432 0.996078432 0.996078432 0.996078432 0.996078432 0.996078432 0.996078432 0.996078432 0.996078432 0.996078432 0.996078432 0.996078432 0.996078432 0.996078432 0.996078432 0.996078432 0.996078432 0.996078432 0.996078432 0.996078432 0.996078432 0.996078432 0.996078432 0.996078432 0.996078432 0.996078432 0.996078432 0.996078432 0.996078432 0.996078432 0.996078432 0.996078432 0.996078432 0.996078432 0.996078432 0.996078432 0.996078432 0.996078432 0.996078432 0.996078432 0.996078432 0.996078432 0.996078432 0.996078432 0.996078432 0.996078432 0.996078432 0.996078432 0.996078432 0.996078432 0.996078432 0.996078432 0.996078432 0.996078432 0.996078432 0.996078432 0.996078432 0.996078432 0.996078432 0.996078432 0.996078432 0.996078432 0.996078432 0.996078432 0.996078432 0.996078432 0.996078432 0.996078432 0.996078432 0.996078432 0.996078432 0.996078432 0.996078432 0.996078432 0.996078432 0.996078432 0.996078432 0.996078432 0.996078432 0.996078432 0.996078432 0.996078432 0.996078432 0.996078432 0.996078432 0.996078432 0.996078432 0.996078432 0.996078432 0.996078432 0.996078432 0.996078432 0.996078432 0.996078432 0.996078432 0.996078432 0.996078432 0.996078432 0.996078432 0.996078432 0.996078432 0.996078432 0.996078432 0.996078432 0.996078432 0.996078432 0.996078432 0.996078432 0.996078432 0.996078432 0.996078432 0.996078432 0.996078432 0.996078432 0.996078432 0.996078432 0.996078432 0.996078432 0.996078432 0.996078432 0.996078432 0.996078432 0.996078432 0.996078432 0.996078432 0.996078432 0.996078432 0.996078432 0.996078432 0.996078432 0.996078432 0.996078432 0.996078432 0.996078432 0.996078432 0.996078432 0.996078432 0.996078432 0.996078432 0.996078432 0.996078432 0.996078432 0.996078432 0.996078432 0.996078432 0.996078432 0.996078432 0.996078432 0.996078432 0.996078432 0.996078432 0.996078432 0.996078432 0.996078432 0.996078432 0.996078432 0.996078432 0.996078432 0.996078432 0.996078432 0.996078432 0.996078432 0.996078432 0.996078432 0.996078432 0.996078432 0.996078432 0.996078432 0.996078432 0.996078432 0.996078432 0.996078432 0.996078432 0.996078432 0.996078432 0.996078432 0.996078432 0.996078432 0.996078432 0.996078432 0.996078432 0.996078432 0.996078432 0.996078432 0.996078432 0.996078432 0.996078432 0.996078432 0.996078432 0.996078432 0.996078432 0.996078432 0.996078432 0.996078432 0.996078432 0.996078432 0.996078432 0.996078432 0.996078432 0.996078432 0.996078432 0.996078432 0.996078432 0.996078432 0.996078432 0.996078432 0.996078432 0.996078432 0.996078432 0.996078432 0.996078432 0.996078432 0.996078432 0.996078432 0.996078432 0.996078432 0.996078432 0.996078432 0.996078432 0.996078432 0.996078432 0.996078432 0.996078432 0.996078432 0.996078432 0.996078432 0.996078432 0.996078432 0.996078432 0.996078432 0.996078432 0.996078432 0.996078432 0.996078432 0.996078432 0.996078432 0.996078432 0.996078432 0.996078432 0.996078432 0.996078432 0.996078432 0.996078432 0.996078432 0.996078432 0.996078432 0.996078432 0.996078432 0.996078432 0.996078432 0.996078432 0.996078432 0.996078432 0.996078432 0.996078432 0.996078432 0.996078432 0.996078432 0.996078432 0.996078432 0.996078432 0.996078432 0.996078432 0.996078432 0.996078432 0.996078432 0.996078432 0.996078432 0.996078432 0.996078432 0.996078432 0.996078432 0.996078432 0.996078432 0.996078432 0.996078432 0.996078432 0.996078432 0.996078432 0.996078432 0.996078432 0.996078432 0.996078432 0.996078432 0.996078432 0.996078432 0.996078432 0.996078432 0.996078432 0.996078432 0.996078432 0.996078432 0.996078432 0.996078432 0.996078432 0.996078432 0.996078432 0.996078432 0.996078432 0.996078432 0.996078432 0.996078432 0.996078432 0.996078432 0.996078432 0.996078432 0.996078432 0.996078432 0.996078432 0.996078432 0.996078432 0.996078432 0.996078432 0.996078432 0.996078432 0.996078432 0.996078432 0.996078432 0.996078432 0.996078432 0.996078432 0.996078432 0.996078432 0.996078432 0.996078432 0.996078432 0.996078432 0.996078432 0.996078432 0.996078432 0.996078432 0.996078432 0.996078432 0.996078432 0.996078432 0.996078432 0.996078432 0.996078432 0.996078432 0.996078432 0.996078432 0.996078432 0.996078432 0.996078432 0.996078432 0.996078432 0.996078432 0.996078432 0.996078432 0.996078432 0.996078432 0.996078432 0.996078432 0.996078432 0.996078432 0.996078432 0.996078432 0.996078432 0.996078432 0.996078432 0.996078432 0.996078432 0.996078432 0.996078432 0.996078432 0.996078432 0.996078432 0.996078432 0.996078432 0.996078432 0.996078432 0.996078432 0.996078432 0.996078432 0.996078432 0.996078432 0.996078432 0.996078432 0.996078432 0.996078432 0.996078432 0.996078432 0.996078432 0.996078432 0.996078432 0.996078432 0.996078432 0.996078432 0.996078432 0.996078432 0.996078432 0.996078432 0.996078432 0.996078432 0.996078432 0.996078432 0.996078432 0.996078432 0.996078432 0.996078432 0.996078432 0.996078432 0.996078432 0.996078432 0.996078432 0.996078432 0.996078432 0.996078432 0.996078432 0.996078432 0.996078432 0.996078432 0.996078432 0.996078432 0.996078432 0.996078432 0.996078432 0.996078432 0.996078432 0.996078432 0.996078432 0.996078432 0.996078432 0.996078432 0.996078432 0.996078432 0.996078432 0.996078432 0.996078432 0.996078432 0.996078432 0.996078432 0.996078432 0.996078432 0.996078432 0.996078432 0.996078432 0.996078432 0.996078432 0.996078432 0.996078432 0.996078432 0.996078432 0.996078432 0.996078432 0.996078432 0.996078432 0.996078432 0.996078432 0.996078432 0.996078432 0.996078432 0.996078432 0.996078432 0.996078432 0.996078432 0.996078432 0.996078432 0.996078432 0.996078432 0.996078432 0.996078432 0.996078432 0.996078432 0.996078432 0.996078432 0.996078432 0.996078432 0.996078432 0.996078432 0.996078432 0.996078432 0.996078432 0.996078432 0.996078432 0.996078432 0.996078432 0.996078432 0.996078432 0.996078432 0.996078432 0.996078432 0.996078432 0.996078432 0.996078432 0.996078432 0.996078432 0.996078432 0.996078432 0.996078432 0.996078432 0.996078432 0.996078432 0.996078432 0.996078432 0.996078432 0.996078432 0.996078432 0.996078432 0.996078432 0.996078432 0.996078432 0.996078432 0.996078432 0.996078432 0.996078432 0.996078432 0.996078432 0.996078432 0.996078432 0.996078432 0.996078432 0.996078432 0.996078432 0.996078432 0.996078432 0.996078432 0.996078432 0.996078432 0.996078432 0.996078432 0.996078432 0.996078432 0.996078432 0.996078432 0.996078432 0.996078432 0.996078432 0.996078432 0.996078432 0.996078432 0.996078432 0.996078432 0.996078432 0.996078432 0.996078432 0.996078432 0.996078432 0.996078432 0.996078432 0.996078432 0.996078432 0.996078432 0.996078432 0.996078432 0.996078432 0.996078432 0.996078432 0.996078432 0.996078432 0.996078432 0.996078432 0.996078432 0.996078432 0.996078432 0.996078432 0.996078432 0.996078432 0.996078432 0.996078432 0.996078432 0.996078432 0.996078432 0.996078432 0.996078432 0.996078432 0.996078432 0.996078432 0.996078432 0.996078432 0.996078432 0.996078432 0.996078432 0.996078432 0.996078432 0.996078432 0.996078432 0.996078432 0.996078432 0.996078432 0.996078432 0.996078432 0.996078432 0.996078432 0.996078432 0.996078432 0.996078432 0.996078432 0.996078432 0.996078432 0.996078432 0.996078432 0.996078432 0.996078432 0.996078432 0.996078432 0.996078432 0.996078432 0.996078432 0.996078432 0.996078432 0.996078432 0.996078432 0.996078432 0.996078432 0.996078432 0.996078432 0.996078432 0.996078432 0.996078432 0.996078432 0.996078432 0.996078432 0.996078432 0.996078432 0.996078432 0.996078432 0.996078432 0.996078432 0.996078432 0.996078432 0.996078432 0.996078432 0.996078432 0.996078432 0.996078432 0.996078432 0.996078432 0.996078432 0.996078432 0.996078432 0.996078432 0.996078432 0.996078432 0.996078432 0.996078432 0.996078432 0.996078432 0.996078432 0.996078432 0.996078432 0.996078432 0.996078432 0.996078432 0.996078432 0.996078432 0.996078432 0.996078432 0.996078432 0.996078432 0.996078432 0.996078432 0.996078432 0.996078432 0.996078432 0.996078432 0.996078432 0.996078432 0.996078432 0.996078432 0.996078432 0.996078432 0.996078432 0.996078432 0.996078432 0.996078432 0.996078432 0.996078432 0.996078432 0.996078432 0.996078432 0.996078432 0.996078432 0.996078432 0.996078432 0.996078432 0.996078432 0.996078432 0.996078432 0.996078432 0.996078432 0.996078432 0.996078432 0.996078432 0.996078432 0.996078432 0.996078432 0.996078432 0.996078432 0.996078432 0.996078432 0.996078432 0.996078432 0.996078432 0.996078432 0.996078432 0.996078432 0.996078432 0.996078432 0.996078432 0.996078432 0.996078432 0.996078432 0.996078432 0.996078432 0.996078432 0.996078432 0.996078432 0.996078432 0.996078432 0.996078432 0.996078432 0.996078432 0.996078432 0.996078432 0.996078432 0.996078432 0.996078432 0.996078432 0.996078432 0.996078432 0.996078432 0.996078432 0.996078432 0.996078432 0.996078432 0.996078432 0.996078432 0.996078432 0.996078432 0.996078432 0.996078432 0.996078432 0.996078432 0.996078432 0.996078432 0.996078432 0.996078432 0.996078432 0.996078432 0.996078432 0.996078432 0.996078432 0.996078432 0.996078432 0.996078432 0.996078432 0.996078432 0.996078432 0.996078432 0.996078432 0.996078432 0.996078432 0.996078432 0.996078432 0.996078432 0.996078432 0.996078432 0.996078432 0.996078432 0.996078432 0.996078432 0.996078432 0.996078432 0.996078432 0.996078432 0.996078432 0.996078432 0.996078432 0.996078432 0.996078432 0.996078432 0.996078432 0.996078432 0.996078432 0.996078432 0.996078432 0.996078432 0.996078432 0.996078432 0.996078432 0.996078432 0.996078432 0.996078432 0.996078432 0.996078432 0.996078432 0.996078432 0.996078432 0.996078432 0.996078432 0.996078432 0.996078432 0.996078432 0.996078432 0.996078432 </float_array>
          <technique_common>
            <accessor count="341" offset="0" source="#Mario__BodyMT_BodyMT_0-color0-array" stride="3">
              <param name="R" type="float" />
              <param name="G" type="float" />
              <param name="B" type="float" />
            </accessor>
          </technique_common>
        </source>
        <vertices id="Mario__BodyMT_BodyMT_0-vertices">
          <input semantic="POSITION" source="#Mario__BodyMT_BodyMT_0-positions" />
        </vertices>
        <polylist count="554" material="defaultMaterial">
          <input offset="0" semantic="VERTEX" source="#Mario__BodyMT_BodyMT_0-vertices" />
          <input offset="0" semantic="NORMAL" source="#Mario__BodyMT_BodyMT_0-normals" />
          <input offset="0" semantic="TEXCOORD" source="#Mario__BodyMT_BodyMT_0-tex0" set="0" />
          <input offset="0" semantic="COLOR" source="#Mario__BodyMT_BodyMT_0-color0" set="0" />
          <vcount>3 3 3 3 3 3 3 3 3 3 3 3 3 3 3 3 3 3 3 3 3 3 3 3 3 3 3 3 3 3 3 3 3 3 3 3 3 3 3 3 3 3 3 3 3 3 3 3 3 3 3 3 3 3 3 3 3 3 3 3 3 3 3 3 3 3 3 3 3 3 3 3 3 3 3 3 3 3 3 3 3 3 3 3 3 3 3 3 3 3 3 3 3 3 3 3 3 3 3 3 3 3 3 3 3 3 3 3 3 3 3 3 3 3 3 3 3 3 3 3 3 3 3 3 3 3 3 3 3 3 3 3 3 3 3 3 3 3 3 3 3 3 3 3 3 3 3 3 3 3 3 3 3 3 3 3 3 3 3 3 3 3 3 3 3 3 3 3 3 3 3 3 3 3 3 3 3 3 3 3 3 3 3 3 3 3 3 3 3 3 3 3 3 3 3 3 3 3 3 3 3 3 3 3 3 3 3 3 3 3 3 3 3 3 3 3 3 3 3 3 3 3 3 3 3 3 3 3 3 3 3 3 3 3 3 3 3 3 3 3 3 3 3 3 3 3 3 3 3 3 3 3 3 3 3 3 3 3 3 3 3 3 3 3 3 3 3 3 3 3 3 3 3 3 3 3 3 3 3 3 3 3 3 3 3 3 3 3 3 3 3 3 3 3 3 3 3 3 3 3 3 3 3 3 3 3 3 3 3 3 3 3 3 3 3 3 3 3 3 3 3 3 3 3 3 3 3 3 3 3 3 3 3 3 3 3 3 3 3 3 3 3 3 3 3 3 3 3 3 3 3 3 3 3 3 3 3 3 3 3 3 3 3 3 3 3 3 3 3 3 3 3 3 3 3 3 3 3 3 3 3 3 3 3 3 3 3 3 3 3 3 3 3 3 3 3 3 3 3 3 3 3 3 3 3 3 3 3 3 3 3 3 3 3 3 3 3 3 3 3 3 3 3 3 3 3 3 3 3 3 3 3 3 3 3 3 3 3 3 3 3 3 3 3 3 3 3 3 3 3 3 3 3 3 3 3 3 3 3 3 3 3 3 3 3 3 3 3 3 3 3 3 3 3 3 3 3 3 3 3 3 3 3 3 3 3 3 3 3 3 3 3 3 3 3 3 3 3 3 3 3 3 3 3 3 3 3 3 3 3 3 3 3 3 3 3 3 3 3 3 3 3 3 3 3 3 3 3 3 3 3 3 3 3 3 3 3 3 3 3 3 3 3 3 3 3 3 3 3 3 3 3 3 3 </vcount>
          <p>0 1 2 3 0 2 3 4 0 0 4 5 0 5 6 7 8 9 10 7 9 10 9 11 9 12 11 9 13 12 14 15 16 17 16 18 19 14 16 19 16 17 20 14 19 21 19 17 20 19 22 22 19 21 23 20 22 23 22 21 24 20 23 23 21 25 24 23 26 23 25 26 27 28 29 27 29 30 29 28 31 29 32 30 29 31 33 29 34 32 29 33 34 35 36 37 35 37 38 36 39 37 37 40 38 37 39 41 37 42 40 37 41 42 43 44 45 43 45 46 46 45 47 48 43 46 46 47 49 50 43 48 47 51 49 50 48 52 49 51 53 54 50 52 51 55 53 54 52 56 53 55 57 58 54 56 56 52 59 52 60 59 58 56 61 56 59 61 62 58 61 60 63 59 62 64 58 64 65 58 66 63 60 57 66 60 64 67 65 65 67 68 68 69 70 71 69 68 67 71 68 71 72 69 67 72 71 72 73 69 74 72 67 75 76 77 78 74 67 75 79 76 79 80 76 81 79 75 79 82 80 83 81 75 80 82 84 85 81 83 86 84 82 87 85 83 55 84 86 88 55 86 89 85 87 90 89 87 78 90 74 89 91 85 91 92 85 90 93 89 93 91 89 78 94 90 94 93 90 95 94 78 94 96 93 95 96 94 93 97 91 96 97 93 98 95 78 98 78 67 98 67 64 95 99 96 100 98 64 100 64 62 101 95 98 100 101 98 101 99 95 102 100 62 102 62 61 103 101 100 102 103 100 101 104 99 103 104 101 102 61 105 61 59 105 102 106 103 103 106 104 102 105 106 104 106 99 99 106 96 96 106 97 105 59 107 105 107 106 107 59 63 108 107 63 106 107 108 66 108 63 66 109 108 106 108 109 110 109 66 57 110 66 110 111 109 106 109 111 112 110 57 55 112 57 88 112 55 113 111 110 112 113 110 113 114 111 114 106 111 115 113 112 88 115 112 116 114 113 115 116 113 116 106 114 117 115 88 92 117 88 118 116 115 117 118 115 118 106 116 92 119 117 91 119 92 120 118 117 119 120 117 120 106 118 91 121 119 121 120 119 121 106 120 97 121 91 97 106 121 122 123 124 123 125 124 122 124 126 124 125 126 122 127 123 123 128 125 123 127 128 128 129 125 126 125 129 127 130 128 128 130 129 122 131 127 122 126 131 127 132 130 127 131 132 130 133 129 132 133 130 126 129 134 134 129 133 126 135 131 131 135 132 126 134 136 126 136 135 132 137 133 132 135 137 134 133 138 137 139 133 133 139 138 135 140 137 137 140 139 135 141 140 136 141 135 140 142 139 141 142 140 138 139 142 136 143 141 143 142 141 138 142 143 134 143 136 134 138 143 144 145 146 144 147 145 146 145 148 145 147 148 144 146 149 144 150 147 144 149 150 150 151 147 149 151 150 149 146 152 146 148 152 149 153 151 149 152 153 147 154 148 147 151 154 153 152 155 151 153 155 152 148 156 152 156 155 148 154 157 148 157 156 151 158 154 154 158 157 156 157 159 158 159 157 155 156 159 151 160 158 151 155 160 160 159 158 155 159 160 161 162 163 161 163 164 162 165 163 164 163 165 161 166 162 161 164 167 161 167 166 167 164 168 166 167 168 164 165 169 164 169 168 162 170 165 166 170 162 165 171 169 170 171 165 168 169 171 166 172 170 166 168 172 170 172 171 168 171 172 173 174 175 173 175 176 174 177 175 176 175 177 173 178 174 179 173 176 179 178 173 179 176 180 179 180 178 176 177 181 176 181 180 174 182 177 178 182 174 177 183 181 177 182 183 180 181 183 178 184 182 178 180 184 184 183 182 180 183 184 185 186 187 185 188 186 187 186 189 188 189 186 185 187 190 185 191 188 185 190 191 187 189 192 187 192 190 188 193 189 191 194 188 188 194 193 190 194 191 189 193 195 194 195 193 192 189 195 190 196 194 190 192 196 196 195 194 192 195 196 197 198 199 200 198 197 201 199 198 200 201 198 197 199 202 203 200 197 203 197 202 201 204 199 202 199 204 203 205 200 203 202 205 200 206 201 200 205 206 201 206 207 205 207 206 201 207 204 202 208 205 205 208 207 202 204 208 208 204 207 209 210 211 210 212 211 209 213 210 210 213 212 209 211 214 211 212 215 211 215 214 212 216 215 213 216 212 214 215 217 215 216 217 209 214 218 209 218 213 214 217 219 214 219 218 217 216 220 217 220 219 213 221 216 221 220 216 213 218 222 218 219 222 213 223 221 213 222 223 219 220 224 219 224 222 221 225 220 220 226 224 220 225 226 222 224 227 224 226 227 222 227 228 223 222 228 227 226 229 228 227 229 225 229 226 223 228 230 230 228 229 225 230 229 221 223 230 221 230 225 231 232 233 231 233 234 232 235 233 233 235 234 231 236 232 231 234 237 231 237 236 237 234 238 237 238 236 236 239 232 232 239 235 236 240 239 236 238 240 240 241 239 238 241 240 239 242 235 239 241 242 234 235 243 234 243 238 235 242 244 235 244 243 241 245 242 242 245 244 243 244 246 246 244 245 238 243 246 247 245 241 238 247 241 247 246 245 238 246 247 248 249 250 251 248 250 248 252 249 251 252 248 250 249 253 251 250 254 249 255 253 249 252 255 250 253 256 250 256 254 253 255 257 254 256 258 256 253 259 260 254 258 251 254 260 258 256 261 256 259 261 262 251 260 262 252 251 260 258 263 262 260 264 264 260 263 263 258 265 258 261 265 266 262 264 266 252 262 265 261 267 263 265 267 264 263 268 263 267 268 264 268 269 266 264 269 268 267 270 269 268 270 267 261 271 261 259 271 267 271 272 271 259 272 270 267 273 267 272 273 269 270 274 270 273 274 272 259 275 253 275 259 253 257 275 273 272 276 272 275 276 257 277 275 276 275 277 257 278 277 255 278 257 273 276 279 273 279 274 255 280 278 255 252 280 278 280 281 280 252 281 277 278 282 278 281 282 277 282 283 276 277 283 282 281 284 283 282 284 284 281 285 281 252 285 276 283 286 279 276 287 276 286 287 279 287 274 283 288 286 283 284 288 287 286 289 286 288 290 286 290 289 288 291 290 289 290 291 288 284 292 288 292 291 284 293 292 284 285 293 291 292 294 285 295 293 285 252 295 292 293 296 292 296 294 293 295 297 293 297 296 252 297 295 298 296 297 298 294 296 299 297 252 298 297 299 300 291 294 289 291 300 300 294 301 301 294 298 289 300 301 302 298 299 302 301 298 289 301 303 303 301 302 304 289 303 287 289 304 274 287 304 304 303 305 274 304 305 305 303 302 306 274 305 269 274 306 266 269 306 307 305 302 306 305 307 307 302 299 307 299 252 266 306 308 306 307 308 266 308 252 308 307 252 309 310 311 311 310 312 313 309 311 313 311 312 309 314 310 313 315 309 315 314 309 312 310 316 315 317 314 314 318 310 317 318 314 310 318 316 319 317 315 313 319 315 317 320 318 319 320 317 316 318 321 320 321 318 319 322 320 322 321 320 313 322 319 323 321 322 313 323 322 324 316 321 324 321 323 313 324 323 312 316 324 313 312 324 325 326 327 325 327 328 329 326 325 329 325 328 326 330 327 329 331 326 326 331 330 328 327 332 327 330 333 332 327 333 331 334 330 330 334 333 335 328 332 329 328 335 336 332 333 335 332 336 336 333 337 337 333 334 335 336 338 338 336 337 329 335 338 338 337 339 329 338 339 339 337 334 329 339 340 340 339 334 329 340 331 331 340 334 </p>
        </polylist>
      </mesh>
    </geometry>
    <geometry id="CapHair__HairMT_HairMT_0" name="CapHair__HairMT_HairMT_0" >
      <mesh>
        <source id="CapHair__HairMT_HairMT_0-positions" name="CapHair__HairMT_HairMT_0-positions">
          <float_array id="CapHair__HairMT_HairMT_0-positions-array" count="165"> -0.0384519733 3.26107502 0.94575876 -0.0801348984 3.37902808 0.97058928 -0.271458536 3.20538354 0.887634635 0.238664865 3.21742344 0.846518815 -0.39975521 3.50264454 0.830589116 -0.507085562 3.21709156 0.702651739 0.372089148 3.49448872 0.814676285 0.448015869 3.22708678 0.738763988 -0.552869022 3.3669796 0.613667011 -0.652875185 3.09124947 0.535965621 0.497244954 3.37796903 0.653371632 0.608572662 3.10445046 0.583660781 -0.725095689 3.29455161 0.26059854 -0.758306503 2.9066124 0.225744277 0.697113812 3.30943513 0.314372033 0.740961313 2.92230225 0.282431334 0.48044911 3.58705807 0.652263522 0.222702935 3.57364821 0.83435148 0.552737415 3.05703759 -0.133204356 0.588891327 2.76092315 -0.0206224155 0.106311411 3.57123852 0.936258256 -0.0274711587 3.64697838 0.548526108 -0.170366481 3.62749934 0.938127756 -0.238656834 3.63745165 0.752296627 -0.540410638 3.57637453 0.613664985 -0.412014484 3.60699177 0.309884965 0.374744117 3.61522532 0.339632183 -0.0137300827 3.6263082 0.190821305 0.473685652 3.41643858 -0.00156464882 -0.480736077 3.40645051 -0.03765117 0.00362294726 3.28319311 -0.173166335 0.324569017 2.96899056 -0.350122988 -0.542094886 3.04558015 -0.174599767 -0.58044982 2.74868584 -0.0648350045 -0.296409696 2.96249199 -0.373602092 -0.337412804 2.60790825 -0.406452954 -0.510630667 2.51734042 -0.0380390957 0.0148687242 2.98857927 -0.389052749 0.0189618599 2.61163783 -0.392978489 0.375336498 2.61536741 -0.379504025 0.522098184 2.52814794 0.00100820127 0.0260846317 2.39627361 -0.521753848 0.424360663 2.58047485 -0.45793134 0.279130429 2.43906617 -0.514425993 0.607728362 2.3873179 -0.282111347 0.391382873 2.26924038 -0.0635590926 0.471197784 2.44020581 -0.491062641 0.401062489 2.2482245 -0.313750058 0.0106757125 2.26525617 -0.0779535621 -0.360351861 2.24025631 -0.342538983 -0.370031476 2.26127219 -0.0923480317 -0.227631003 2.43376279 -0.533586562 -0.571678102 2.37497544 -0.326704502 -0.379635572 2.57206082 -0.488330305 -0.420895845 2.43087006 -0.524792552 </float_array>
          <technique_common>
            <accessor count="55" offset="0" source="#CapHair__HairMT_HairMT_0-positions-array" stride="3">
              <param name="X" type="float" />
              <param name="Y" type="float" />
              <param name="Z" type="float" />
            </accessor>
          </technique_common>
        </source>
        <source id="CapHair__HairMT_HairMT_0-normals" name="CapHair__HairMT_HairMT_0-normals">
          <float_array id="CapHair__HairMT_HairMT_0-normals-array" count="165"> 0.125284076 -0.161361247 0.978910863 -0.0432198606 -0.0377352461 0.998352706 -0.484505862 -0.0669717342 0.872220635 0.369398892 -0.0729597956 0.92640239 -0.599427342 0.244737551 0.762096047 -0.739227057 0.0040301769 0.673444211 0.514981508 0.107185349 0.850473583 0.653181851 0.0130843371 0.757088065 -0.871672392 0.102256313 0.479302496 -0.91918081 0.132739112 0.370792329 0.839031577 0.119317025 0.53083849 0.885585427 0.151629284 0.439029664 -0.912595987 0.369575113 -0.174879223 -0.958384812 0.0671947151 -0.277458787 0.915269732 0.388709009 -0.10576681 0.974984109 0.0874275267 -0.204358459 0.524560332 0.834058642 0.170829311 0.158558562 0.95401305 0.254397959 0.796685576 0.190717399 -0.573514581 0.886153519 -0.117521591 -0.448241711 0.302381724 0.600870192 0.739946187 0.0142133227 0.9997015 0.0198727734 -0.132942706 0.724197626 0.676656485 -0.214757651 0.97355336 0.0779297426 -0.611784101 0.778681636 0.139194548 -0.353377104 0.907627344 -0.226577297 0.350405544 0.914991498 -0.200016275 0.00772055751 0.892445445 -0.451089263 0.423360735 0.67096889 -0.608741701 -0.390119463 0.662455738 -0.639499187 0.021923501 0.649889112 -0.759712815 0.259320468 0.283944726 -0.923107922 -0.754920483 0.174479678 -0.632180274 -0.847130239 -0.135660499 -0.513776839 -0.194759518 0.279192805 -0.940276623 -0.31583938 0.20279026 -0.926888108 -0.979357243 -0.143617615 -0.142243996 0.0342126042 0.237817749 -0.970707059 0.035300158 0.178911984 -0.983231604 0.380579948 0.210086107 -0.900568008 0.990088463 -0.123007283 -0.0677795783 0.0301779397 -0.820910454 -0.570258975 0.554553628 0.716907203 -0.422509521 0.050822176 -0.19248715 -0.979982555 0.997716963 -0.0435625985 -0.051605355 0.078419067 -0.996202886 -0.0378192477 0.526787221 -0.295638591 -0.796927273 0.0209198892 -0.972826898 -0.230586529 0.0162090342 -0.987733305 -0.155306667 0.0168737713 -0.972875237 -0.230714262 -0.0545040257 -0.99759388 -0.0428451374 0.0273485612 -0.192732707 -0.980870128 -0.989841938 -0.0643538535 -0.126773521 -0.535916686 0.705522537 -0.46371457 -0.458798259 -0.305955261 -0.834203541 </float_array>
          <technique_common>
            <accessor count="55" offset="0" source="#CapHair__HairMT_HairMT_0-normals-array" stride="3">
              <param name="X" type="float" />
              <param name="Y" type="float" />
              <param name="Z" type="float" />
            </accessor>
          </technique_common>
        </source>
        <source id="CapHair__HairMT_HairMT_0-tex0" name="CapHair__HairMT_HairMT_0-tex0">
          <float_array id="CapHair__HairMT_HairMT_0-tex0-array" count="110"> 0.271179527 0.269241631 0.271179527 0.269241631 0.271179527 0.269241631 0.271179527 0.269241631 0.271179527 0.269241631 0.271179527 0.269241631 0.271179527 0.269241631 0.271179527 0.269241631 0.271179527 0.269241631 0.271179527 0.269241631 0.271179527 0.269241631 0.271179527 0.269241631 0.271179527 0.269241631 0.271179527 0.269241631 0.271179527 0.269241631 0.271179527 0.269241631 0.271179527 0.269241631 0.271179527 0.269241631 0.271179527 0.269241631 0.271179527 0.269241631 0.271179527 0.269241631 0.271179527 0.269241631 0.271179527 0.269241631 0.271179527 0.269241631 0.271179527 0.269241631 0.271179527 0.269241631 0.271179527 0.269241631 0.271179527 0.269241631 0.271179527 0.269241631 0.271179527 0.269241631 0.271179527 0.269241631 0.271179527 0.269241631 0.271179527 0.269241631 0.271179527 0.269241631 0.271179527 0.269241631 0.271179527 0.269241631 0.271179527 0.269241631 0.271179527 0.269241631 0.271179527 0.269241631 0.271179527 0.269241631 0.271179527 0.269241631 0.271179527 0.269241631 0.271179527 0.269241631 0.271179527 0.269241631 0.271179527 0.269241631 0.271179527 0.269241631 0.271179527 0.269241631 0.271179527 0.269241631 0.271179527 0.269241631 0.271179527 0.269241631 0.271179527 0.269241631 0.271179527 0.269241631 0.271179527 0.269241631 0.271179527 0.269241631 0.271179527 0.269241631 </float_array>
          <technique_common>
            <accessor count="55" offset="0" source="#CapHair__HairMT_HairMT_0-tex0-array" stride="2">
              <param name="S" type="float" />
              <param name="T" type="float" />
            </accessor>
          </technique_common>
        </source>
        <source id="CapHair__HairMT_HairMT_0-color0" name="CapHair__HairMT_HairMT_0-color0">
          <float_array id="CapHair__HairMT_HairMT_0-color0-array" count="165"> 0.996078432 0.996078432 0.996078432 0.996078432 0.996078432 0.996078432 0.996078432 0.996078432 0.996078432 0.996078432 0.996078432 0.996078432 0.996078432 0.996078432 0.996078432 0.996078432 0.996078432 0.996078432 0.996078432 0.996078432 0.996078432 0.996078432 0.996078432 0.996078432 0.996078432 0.996078432 0.996078432 0.996078432 0.996078432 0.996078432 0.996078432 0.996078432 0.996078432 0.996078432 0.996078432 0.996078432 0.996078432 0.996078432 0.996078432 0.996078432 0.996078432 0.996078432 0.996078432 0.996078432 0.996078432 0.996078432 0.996078432 0.996078432 0.996078432 0.996078432 0.996078432 0.996078432 0.996078432 0.996078432 0.996078432 0.996078432 0.996078432 0.996078432 0.996078432 0.996078432 0.996078432 0.996078432 0.996078432 0.996078432 0.996078432 0.996078432 0.996078432 0.996078432 0.996078432 0.996078432 0.996078432 0.996078432 0.996078432 0.996078432 0.996078432 0.996078432 0.996078432 0.996078432 0.996078432 0.996078432 0.996078432 0.996078432 0.996078432 0.996078432 0.996078432 0.996078432 0.996078432 0.996078432 0.996078432 0.996078432 0.996078432 0.996078432 0.996078432 0.996078432 0.996078432 0.996078432 0.996078432 0.996078432 0.996078432 0.996078432 0.996078432 0.996078432 0.996078432 0.996078432 0.996078432 0.996078432 0.996078432 0.996078432 0.996078432 0.996078432 0.996078432 0.996078432 0.996078432 0.996078432 0.996078432 0.996078432 0.996078432 0.996078432 0.996078432 0.996078432 0.996078432 0.996078432 0.996078432 0.996078432 0.996078432 0.996078432 0.996078432 0.996078432 0.996078432 0.996078432 0.996078432 0.996078432 0.996078432 0.996078432 0.996078432 0.996078432 0.996078432 0.996078432 0.996078432 0.996078432 0.996078432 0.996078432 0.996078432 0.996078432 0.996078432 0.996078432 0.996078432 0.996078432 0.996078432 0.996078432 0.996078432 0.996078432 0.996078432 0.996078432 0.996078432 0.996078432 0.996078432 0.996078432 0.996078432 0.996078432 0.996078432 0.996078432 0.996078432 0.996078432 0.996078432 </float_array>
          <technique_common>
            <accessor count="55" offset="0" source="#CapHair__HairMT_HairMT_0-color0-array" stride="3">
              <param name="R" type="float" />
              <param name="G" type="float" />
              <param name="B" type="float" />
            </accessor>
          </technique_common>
        </source>
        <vertices id="CapHair__HairMT_HairMT_0-vertices">
          <input semantic="POSITION" source="#CapHair__HairMT_HairMT_0-positions" />
        </vertices>
        <polylist count="92" material="defaultMaterial">
          <input offset="0" semantic="VERTEX" source="#CapHair__HairMT_HairMT_0-vertices" />
          <input offset="0" semantic="NORMAL" source="#CapHair__HairMT_HairMT_0-normals" />
          <input offset="0" semantic="TEXCOORD" source="#CapHair__HairMT_HairMT_0-tex0" set="0" />
          <input offset="0" semantic="COLOR" source="#CapHair__HairMT_HairMT_0-color0" set="0" />
          <vcount>3 3 3 3 3 3 3 3 3 3 3 3 3 3 3 3 3 3 3 3 3 3 3 3 3 3 3 3 3 3 3 3 3 3 3 3 3 3 3 3 3 3 3 3 3 3 3 3 3 3 3 3 3 3 3 3 3 3 3 3 3 3 3 3 3 3 3 3 3 3 3 3 3 3 3 3 3 3 3 3 3 3 3 3 3 3 3 3 3 3 3 3 </vcount>
          <p>0 1 2 0 3 1 2 1 4 2 4 5 3 6 1 3 7 6 5 4 8 5 8 9 7 10 6 7 11 10 8 12 9 9 12 13 11 14 10 11 15 14 6 10 16 10 14 16 6 16 17 15 18 14 15 19 18 6 17 20 6 20 1 16 21 17 20 17 21 20 22 1 20 21 22 1 22 4 22 23 4 22 21 23 24 4 23 24 23 21 8 4 24 8 24 12 24 21 25 24 25 12 16 26 21 16 14 26 21 27 25 21 26 27 26 14 28 26 28 27 28 14 18 25 27 29 25 29 12 27 28 30 27 30 29 28 18 31 28 31 30 32 12 29 13 12 32 13 32 33 29 30 34 32 29 34 32 35 33 32 34 35 33 35 36 34 30 37 30 31 37 34 37 38 31 38 37 34 38 35 18 39 31 31 39 38 19 39 18 19 40 39 38 41 35 38 39 41 40 42 39 41 39 43 42 43 39 40 44 42 40 45 44 42 46 43 44 46 42 47 43 46 44 47 46 44 45 47 41 43 47 45 48 47 41 47 48 49 41 48 50 49 48 51 41 49 35 41 51 52 49 50 36 52 50 36 35 53 36 53 52 53 35 51 52 54 49 53 54 52 51 49 54 53 51 54 </p>
        </polylist>
      </mesh>
    </geometry>
    <geometry id="MarioEye__EyeMT_EyeMT_0" name="MarioEye__EyeMT_EyeMT_0" >
      <mesh>
        <source id="MarioEye__EyeMT_EyeMT_0-positions" name="MarioEye__EyeMT_EyeMT_0-positions">
          <float_array id="MarioEye__EyeMT_EyeMT_0-positions-array" count="123"> -0.490287095 3.01151824 0.859639168 -0.310655266 3.20536184 0.942544758 -0.637849867 3.08749056 0.526296973 -0.645704687 2.70756841 0.589467466 -0.504437387 2.74418616 0.855238318 -0.589558005 2.66512966 0.849368274 -0.206982464 2.68703985 0.978366256 -0.229484826 2.54812455 0.989389539 -0.34005022 2.52875185 1.14724386 -0.315269321 2.70318031 1.15677667 -0.0422284678 2.80227184 1.17262602 -0.0353236422 2.76667547 0.999858618 0.139094546 2.69066167 0.991451383 0.233240649 2.70892048 1.17751575 0.262310356 2.5350554 1.17001903 0.163598508 2.55223823 1.00425196 0.530691922 2.67685294 0.891724706 0.443737596 2.75410891 0.891088665 0.605402529 2.7206614 0.636771619 0.423711807 3.02108335 0.894197345 0.594401896 3.10038614 0.572888196 0.23432152 3.21106505 0.963150263 -0.637849867 3.08749056 0.526296973 -0.310655266 3.20536184 0.942544758 -0.306899071 3.32152438 0.811048627 -0.0355158225 3.32101345 0.8515113 -0.0392720252 3.20485091 0.983007431 0.23432152 3.21106505 0.963150263 0.238077715 3.32722759 0.831654131 0.594401896 3.10038614 0.572888196 0.139094546 2.69066167 0.991451383 0.443737596 2.75410891 0.891088665 0.423711807 3.02108335 0.894197345 0.23432152 3.21106505 0.963150263 -0.0377478078 3.01548219 0.995108366 -0.0353236422 2.76667547 0.999858618 -0.0392720252 3.20485091 0.983007431 -0.206982464 2.68703985 0.978366256 -0.310655266 3.20536184 0.942544758 -0.490287095 3.01151824 0.859639168 -0.504437387 2.74418616 0.855238318 </float_array>
          <technique_common>
            <accessor count="41" offset="0" source="#MarioEye__EyeMT_EyeMT_0-positions-array" stride="3">
              <param name="X" type="float" />
              <param name="Y" type="float" />
              <param name="Z" type="float" />
            </accessor>
          </technique_common>
        </source>
        <source id="MarioEye__EyeMT_EyeMT_0-normals" name="MarioEye__EyeMT_EyeMT_0-normals">
          <float_array id="MarioEye__EyeMT_EyeMT_0-normals-array" count="123"> -0.684069395 0.163916394 0.710760474 -0.397651464 0.112366721 0.910629988 -0.909352422 0.12613456 0.39644447 -0.958120823 0.00997047685 0.286190689 -0.606904447 0.166598752 0.77711767 -0.771072567 0.0946208835 0.629677713 -0.617160618 0.356286019 0.701550424 -0.923855901 0.0929171592 0.371290535 -0.96427834 0.0114125656 -0.264645189 -0.707906306 0.684185028 -0.175384045 -0.00915672444 0.999374688 -0.0341517814 -0.0365882926 0.591970205 0.805128932 0.554848671 0.368551314 0.745863855 0.704674542 0.698967814 -0.121974647 0.981057763 0.0317706838 -0.191092327 0.891040921 0.11191038 0.439911515 0.719182372 0.110216491 0.68602407 0.542882502 0.17863135 0.820590913 0.933359265 0.0297648981 0.357707351 0.624876499 0.177614674 0.760251522 0.873988688 0.14479731 0.463872284 0.32532531 0.119932771 0.937965631 -0.909346342 0.126125172 0.396461397 -0.397671461 0.112344667 0.910624027 -0.445720404 0.105269767 0.888960958 -0.0387310944 0.12013799 0.992001414 -0.0383321978 0.063247785 0.997261405 0.325346351 0.11991106 0.937961161 0.375029504 0.113859452 0.919993937 0.873981416 0.144787684 0.463888973 0.554851234 0.368520945 0.745876908 0.542879105 0.178650156 0.820589066 0.624863505 0.17763114 0.760258317 0.325341612 0.11992535 0.937960923 -0.0381670259 0.0395973623 0.998486519 -0.0366014168 0.591987789 0.805115402 -0.0383695029 0.0634172633 0.997249246 -0.617163539 0.356255889 0.701563179 -0.39766717 0.112359047 0.910624087 -0.684057295 0.163933247 0.710768223 -0.606901228 0.166617766 0.77711612 </float_array>
          <technique_common>
            <accessor count="41" offset="0" source="#MarioEye__EyeMT_EyeMT_0-normals-array" stride="3">
              <param name="X" type="float" />
              <param name="Y" type="float" />
              <param name="Z" type="float" />
            </accessor>
          </technique_common>
        </source>
        <source id="MarioEye__EyeMT_EyeMT_0-tex0" name="MarioEye__EyeMT_EyeMT_0-tex0">
          <float_array id="MarioEye__EyeMT_EyeMT_0-tex0-array" count="82"> 0.749992371 0.550004601 0.749992371 0.550004601 0.749992371 0.550004601 0.749992371 0.550004601 0.749992371 0.550004601 0.749992371 0.550004601 0.749992371 0.550004601 0.749992371 0.550004601 0.749992371 0.550004601 0.749992371 0.550004601 0.749992371 0.550004601 0.749992371 0.550004601 0.749992371 0.550004601 0.749992371 0.550004601 0.749992371 0.550004601 0.749992371 0.550004601 0.749992371 0.550004601 0.749992371 0.550004601 0.749992371 0.550004601 0.749992371 0.550004601 0.749992371 0.550004601 0.749992371 0.550004601 0.749992371 0.550004601 0.749992371 0.550004601 0.749992371 0.550004601 0.749992371 0.550004601 0.749992371 0.550004601 0.749992371 0.550004601 0.749992371 0.550004601 0.749992371 0.550004601 0.223487049 0.942869365 0.645191789 0.862636209 0.62544632 0.378917813 0.367748052 0.0975371599 -0.00054933317 0.364909828 -0.00054933317 0.829493105 0 0.0975371599 0.223487049 0.942869365 0.367748052 0.0975371599 0.62544632 0.378917813 0.645191789 0.862636209 </float_array>
          <technique_common>
            <accessor count="41" offset="0" source="#MarioEye__EyeMT_EyeMT_0-tex0-array" stride="2">
              <param name="S" type="float" />
              <param name="T" type="float" />
            </accessor>
          </technique_common>
        </source>
        <source id="MarioEye__EyeMT_EyeMT_0-color0" name="MarioEye__EyeMT_EyeMT_0-color0">
          <float_array id="MarioEye__EyeMT_EyeMT_0-color0-array" count="123"> 0.996078432 0.996078432 0.996078432 0.996078432 0.996078432 0.996078432 0.996078432 0.996078432 0.996078432 0.996078432 0.996078432 0.996078432 0.996078432 0.996078432 0.996078432 0.996078432 0.996078432 0.996078432 0.996078432 0.996078432 0.996078432 0.996078432 0.996078432 0.996078432 0.996078432 0.996078432 0.996078432 0.996078432 0.996078432 0.996078432 0.996078432 0.996078432 0.996078432 0.996078432 0.996078432 0.996078432 0.996078432 0.996078432 0.996078432 0.996078432 0.996078432 0.996078432 0.996078432 0.996078432 0.996078432 0.996078432 0.996078432 0.996078432 0.996078432 0.996078432 0.996078432 0.996078432 0.996078432 0.996078432 0.996078432 0.996078432 0.996078432 0.996078432 0.996078432 0.996078432 0.996078432 0.996078432 0.996078432 0.996078432 0.996078432 0.996078432 0 0 0 0 0 0 0 0 0 0 0 0 0 0 0 0 0 0 0 0 0 0 0 0 0.996078432 0.996078432 0.996078432 0.996078432 0.996078432 0.996078432 0.996078432 0.996078432 0.996078432 0.996078432 0.996078432 0.996078432 0.996078432 0.996078432 0.996078432 0.996078432 0.996078432 0.996078432 0.996078432 0.996078432 0.996078432 0.996078432 0.996078432 0.996078432 0.996078432 0.996078432 0.996078432 0.996078432 0.996078432 0.996078432 0.996078432 0.996078432 0.996078432 </float_array>
          <technique_common>
            <accessor count="41" offset="0" source="#MarioEye__EyeMT_EyeMT_0-color0-array" stride="3">
              <param name="R" type="float" />
              <param name="G" type="float" />
              <param name="B" type="float" />
            </accessor>
          </technique_common>
        </source>
        <vertices id="MarioEye__EyeMT_EyeMT_0-vertices">
          <input semantic="POSITION" source="#MarioEye__EyeMT_EyeMT_0-positions" />
        </vertices>
        <polylist count="36" material="defaultMaterial">
          <input offset="0" semantic="VERTEX" source="#MarioEye__EyeMT_EyeMT_0-vertices" />
          <input offset="0" semantic="NORMAL" source="#MarioEye__EyeMT_EyeMT_0-normals" />
          <input offset="0" semantic="TEXCOORD" source="#MarioEye__EyeMT_EyeMT_0-tex0" set="0" />
          <input offset="0" semantic="COLOR" source="#MarioEye__EyeMT_EyeMT_0-color0" set="0" />
          <vcount>3 3 3 3 3 3 3 3 3 3 3 3 3 3 3 3 3 3 3 3 3 3 3 3 3 3 3 3 3 3 3 3 3 3 3 3 </vcount>
          <p>0 1 2 3 0 2 4 0 3 5 4 3 4 5 6 7 6 5 8 9 7 9 6 7 6 9 10 6 10 11 12 11 10 12 10 13 13 14 15 12 13 15 15 16 12 17 12 16 16 18 17 17 18 19 18 20 19 19 20 21 22 23 24 25 24 23 26 25 23 26 27 25 27 28 25 27 29 28 30 31 32 30 32 33 34 30 33 35 30 34 36 34 33 35 34 37 36 38 34 34 38 37 37 38 39 37 39 40 </p>
        </polylist>
      </mesh>
    </geometry>
    <geometry id="Mario64HandL__BodyMT_HandMT_0" name="Mario64HandL__BodyMT_HandMT_0" >
      <mesh>
        <source id="Mario64HandL__BodyMT_HandMT_0-positions" name="Mario64HandL__BodyMT_HandMT_0-positions">
          <float_array id="Mario64HandL__BodyMT_HandMT_0-positions-array" count="81"> 0.498961538 1.9287076 0.786472201 0.483888954 1.93380225 0.796182513 0.49484697 1.93376851 0.783330858 0.607349992 1.79538596 0.86922276 0.505194604 1.92469954 0.783401251 0.529902995 2.26274419 0.891956985 0.249731749 1.93758714 1.08214128 0.436648458 1.93436599 0.693348229 0.557268739 2.19137144 0.766236365 0.485055208 2.29658532 1.23556721 0.535614491 2.23401642 0.670554876 0.356429875 1.96732986 1.27256286 0.763358891 1.93638241 0.571353674 0.586548984 1.82224905 0.94839257 0.778567374 1.6358 0.704936206 0.755493283 1.70533037 0.78510493 1.03472221 1.73046064 0.906681478 1.00621665 1.78819311 0.823645592 1.05814111 1.73628616 0.718566477 0.938364863 2.12738442 0.697100639 0.890402973 2.10798073 0.784977496 0.94954139 2.19422674 0.909908593 1.0602107 1.80281174 1.26347041 0.935378313 2.22363806 1.27160895 0.699113488 1.93518877 1.40375245 0.740855575 1.67357183 1.20469606 0.479903936 1.85725582 1.27149725 </float_array>
          <technique_common>
            <accessor count="27" offset="0" source="#Mario64HandL__BodyMT_HandMT_0-positions-array" stride="3">
              <param name="X" type="float" />
              <param name="Y" type="float" />
              <param name="Z" type="float" />
            </accessor>
          </technique_common>
        </source>
        <source id="Mario64HandL__BodyMT_HandMT_0-normals" name="Mario64HandL__BodyMT_HandMT_0-normals">
          <float_array id="Mario64HandL__BodyMT_HandMT_0-normals-array" count="81"> -0.556972027 -0.715868056 -0.42108795 -0.771367073 -0.0608165301 -0.633477867 -0.973237574 0.0151133072 -0.229303733 -0.449667841 -0.89065069 -0.0673808381 -0.656894982 -0.743510783 0.125222445 -0.382248908 0.866284609 -0.321615815 -0.986593962 -0.0844530538 -0.139642596 -0.641458511 -0.248012647 -0.725961924 -0.386510611 0.914518535 -0.119437754 -0.340917647 0.849781334 0.402053297 -0.260523677 0.550462663 -0.793169737 -0.66581279 -0.123990782 0.735744238 0.0394755825 -0.0350036435 -0.998607218 -0.343656421 -0.935624659 -0.0806645602 -0.0903191864 -0.683775485 -0.724081159 -0.258246005 -0.830755293 0.49310708 0.819852591 -0.54703927 -0.169084981 0.983828664 -0.176813826 0.0286020376 0.689869404 -0.322558224 -0.648102164 0.543480098 0.487686187 -0.683221459 0.654317677 0.708380878 -0.26469779 0.684713781 0.705499828 -0.182857946 0.848263323 -0.257645071 0.462675273 0.543160498 0.687318265 0.482255399 0.0198057424 -0.0099618677 0.99975419 -0.127635524 -0.968278229 0.214817271 -0.547504187 -0.75954771 0.351178706 </float_array>
          <technique_common>
            <accessor count="27" offset="0" source="#Mario64HandL__BodyMT_HandMT_0-normals-array" stride="3">
              <param name="X" type="float" />
              <param name="Y" type="float" />
              <param name="Z" type="float" />
            </accessor>
          </technique_common>
        </source>
        <source id="Mario64HandL__BodyMT_HandMT_0-tex0" name="Mario64HandL__BodyMT_HandMT_0-tex0">
          <float_array id="Mario64HandL__BodyMT_HandMT_0-tex0-array" count="54"> 0.139038086 -1.015625 0.139282227 -1.01464844 0.138916016 -1.015625 0.141235352 -1.01367188 0.138916016 -1.015625 0.142700195 -1.02441406 0.148925781 -1.01074219 0.136108398 -1.01367188 0.138549805 -1.02246094 0.153808594 -1.02441406 0.135620117 -1.0234375 0.154907227 -1.01367188 0.131591797 -1.02050781 0.143798828 -1.01464844 0.135498047 -1.01367188 0.138183594 -1.01464844 0.141479492 -1.02148438 0.138916016 -1.02148438 0.135375977 -1.02148438 0.135498047 -1.02929688 0.138427734 -1.02734375 0.142333984 -1.03125 0.152954102 -1.0234375 0.153930664 -1.03125 0.158325195 -1.01953125 0.151489258 -1.01367188 0.154418945 -1.01269531 </float_array>
          <technique_common>
            <accessor count="27" offset="0" source="#Mario64HandL__BodyMT_HandMT_0-tex0-array" stride="2">
              <param name="S" type="float" />
              <param name="T" type="float" />
            </accessor>
          </technique_common>
        </source>
        <source id="Mario64HandL__BodyMT_HandMT_0-color0" name="Mario64HandL__BodyMT_HandMT_0-color0">
          <float_array id="Mario64HandL__BodyMT_HandMT_0-color0-array" count="81"> 1 1 1 1 1 1 1 1 1 1 1 1 1 1 1 1 1 1 1 1 1 1 1 1 1 1 1 1 1 1 1 1 1 1 1 1 1 1 1 1 1 1 1 1 1 1 1 1 1 1 1 1 1 1 1 1 1 1 1 1 1 1 1 1 1 1 1 1 1 1 1 1 1 1 1 1 1 1 1 1 1 </float_array>
          <technique_common>
            <accessor count="27" offset="0" source="#Mario64HandL__BodyMT_HandMT_0-color0-array" stride="3">
              <param name="R" type="float" />
              <param name="G" type="float" />
              <param name="B" type="float" />
            </accessor>
          </technique_common>
        </source>
        <vertices id="Mario64HandL__BodyMT_HandMT_0-vertices">
          <input semantic="POSITION" source="#Mario64HandL__BodyMT_HandMT_0-positions" />
        </vertices>
        <polylist count="50" material="defaultMaterial">
          <input offset="0" semantic="VERTEX" source="#Mario64HandL__BodyMT_HandMT_0-vertices" />
          <input offset="0" semantic="NORMAL" source="#Mario64HandL__BodyMT_HandMT_0-normals" />
          <input offset="0" semantic="TEXCOORD" source="#Mario64HandL__BodyMT_HandMT_0-tex0" set="0" />
          <input offset="0" semantic="COLOR" source="#Mario64HandL__BodyMT_HandMT_0-color0" set="0" />
          <vcount>3 3 3 3 3 3 3 3 3 3 3 3 3 3 3 3 3 3 3 3 3 3 3 3 3 3 3 3 3 3 3 3 3 3 3 3 3 3 3 3 3 3 3 3 3 3 3 3 3 3 </vcount>
          <p>0 1 2 0 3 1 0 2 4 0 4 3 1 5 2 3 6 1 1 6 5 2 7 4 2 5 8 2 8 7 6 9 5 7 8 10 6 11 9 7 10 12 6 13 11 3 13 6 7 12 14 4 7 14 3 4 15 4 14 15 3 15 16 3 16 13 15 14 17 15 17 16 14 12 18 14 18 17 12 19 18 18 19 17 12 10 19 10 8 19 17 19 20 19 8 20 17 20 21 21 20 8 16 17 21 5 21 8 5 9 21 16 21 22 9 23 21 23 22 21 9 24 23 24 22 23 11 24 9 25 16 22 25 22 24 13 16 25 11 26 24 13 26 11 25 24 26 13 25 26 </p>
        </polylist>
      </mesh>
    </geometry>
    <geometry id="Face__FaceMT_FaceMT_0" name="Face__FaceMT_FaceMT_0" >
      <mesh>
        <source id="Face__FaceMT_FaceMT_0-positions" name="Face__FaceMT_FaceMT_0-positions">
          <float_array id="Face__FaceMT_FaceMT_0-positions-array" count="309"> -0.237944573 2.55021143 0.990724385 -0.542026103 2.37235403 0.874062598 -0.240354016 2.38814592 0.98656553 -0.597007751 2.67463136 0.856549799 -0.237138748 2.241292 0.89410013 -0.029632166 2.32431054 0.971765161 -0.026649395 2.23665357 0.917138159 0.184835464 2.24570775 0.910054982 0.177990466 2.39252377 1.00238311 -0.383988202 2.11382651 0.58554095 -0.0145681538 2.03637266 0.653047025 0.357194752 2.12158298 0.613565028 0.487559795 2.3831284 0.912991166 0.171887591 2.55450034 1.0062201 -0.663072407 2.37773514 0.535732627 -0.504437387 2.74418592 0.85523814 -0.658835828 2.71243286 0.596998155 0.633666754 2.39130545 0.584762275 0.537377775 2.6865027 0.899440765 0.617823005 2.72579312 0.645268619 0.443737388 2.75410891 0.891088605 -0.504437387 2.74418592 0.85523814 -0.490287036 3.01151824 0.859638989 -0.658835828 2.71243286 0.596998155 -0.310655326 3.20536184 0.94254458 -0.652875245 3.0912497 0.535965383 -0.237944573 2.55021143 0.990724385 -0.206982508 2.68703985 0.978366077 -0.597007751 2.67463136 0.856549799 -0.504437387 2.74418592 0.85523814 -0.237944573 2.55021143 0.990724385 -0.345303833 2.52953196 1.14358902 -0.31998539 2.70661902 1.153301 -0.206982508 2.68703985 0.978366077 -0.240354016 2.38814592 0.98656553 -0.354612112 2.52600551 1.3517952 -0.314314127 2.34818196 1.12067282 -0.321065903 2.35762835 1.34249783 -0.0422272421 2.81053901 1.17030275 -0.3291004 2.69322205 1.36078131 -0.0353237316 2.76667547 0.999858439 -0.029632166 2.32431054 0.971765161 -0.0351265334 2.25287127 1.13685405 -0.0493858419 2.40349984 1.47229242 -0.0528083369 2.6716094 1.48860347 -0.0430786349 2.24091697 1.35048103 -0.0500312597 2.80240178 1.37895679 0.139094412 2.69066167 0.991451144 0.238132522 2.7124598 1.17440343 0.231833979 2.69909215 1.38199019 0.177990466 2.39252377 1.00238311 0.232217863 2.36341834 1.36341739 0.242432818 2.3540082 1.14172328 0.261440247 2.53245258 1.3750881 0.171887591 2.55450034 1.0062201 0.267807186 2.53594804 1.1667707 -0.758306444 2.90661216 0.225743949 -0.892697632 2.80388212 0.0611284897 -0.747035682 2.68865228 0.11935287 -0.58044982 2.74868608 -0.0648352057 -0.886182249 2.54891801 0.0867748484 -0.688034713 2.39436746 0.24766311 -0.510630667 2.51734042 -0.0380393602 -0.510630667 2.51734042 -0.0380393602 -0.370031446 2.26127219 -0.0923482627 -0.688034713 2.39436746 0.24766311 0.0106756706 2.2652564 -0.0779537931 -0.383988202 2.11382651 0.58554095 -0.663072407 2.37773514 0.535732627 -0.658835828 2.71243286 0.596998155 0.391382784 2.26924062 -0.0635592267 0.357194752 2.12158298 0.613565028 -0.0145681538 2.03637266 0.653047025 0.522097945 2.52814841 0.00100806984 0.679955184 2.40868354 0.29938674 0.633666754 2.39130545 0.584762275 0.617823005 2.72579312 0.645268619 -0.652875245 3.0912497 0.535965383 -0.758306444 2.90661216 0.225743949 -0.658835828 2.71243286 0.596998155 -0.747035682 2.68865228 0.11935287 -0.688034713 2.39436746 0.24766311 0.443737388 2.75410891 0.891088605 0.617823005 2.72579312 0.645268619 0.423711628 3.02108312 0.894197345 0.608572423 3.10445046 0.583660543 0.234321371 3.21106505 0.963150144 0.171887591 2.55450034 1.0062201 0.537377775 2.6865027 0.899440765 0.139094412 2.69066167 0.991451144 0.443737388 2.75410891 0.891088605 0.740961075 2.92230225 0.282431126 0.742312729 2.70423818 0.175665051 0.889514983 2.82253289 0.128513858 0.588891149 2.76092339 -0.0206224825 0.886411548 2.56746817 0.153796539 0.679955184 2.40868354 0.29938674 0.522097945 2.52814841 0.00100806984 0.608572423 3.10445046 0.583660543 0.617823005 2.72579312 0.645268619 0.740961075 2.92230225 0.282431126 0.679955184 2.40868354 0.29938674 0.742312729 2.70423818 0.175665051 </float_array>
          <technique_common>
            <accessor count="103" offset="0" source="#Face__FaceMT_FaceMT_0-positions-array" stride="3">
              <param name="X" type="float" />
              <param name="Y" type="float" />
              <param name="Z" type="float" />
            </accessor>
          </technique_common>
        </source>
        <source id="Face__FaceMT_FaceMT_0-normals" name="Face__FaceMT_FaceMT_0-normals">
          <float_array id="Face__FaceMT_FaceMT_0-normals-array" count="309"> -0.923913538 0.0937519372 0.370937139 -0.667796612 -0.429345012 0.608038247 -0.657196403 -0.731236756 0.182717532 -0.770992458 0.0954090357 0.629656851 -0.259451717 -0.755262673 0.601882994 0.0124679701 -0.998567104 -0.0520412996 -0.0176579207 -0.740519404 0.671802938 0.229410395 -0.749422729 0.621076822 0.656827986 -0.717345178 0.232363656 -0.25095576 -0.962911248 -0.0991117433 0.0151143856 -0.991921365 -0.12595062 0.277669728 -0.957412124 -0.0791300088 0.629267871 -0.414433897 0.657469809 0.891155064 0.112715326 0.439474612 -0.889678001 -0.429253727 0.155609265 -0.606946766 0.167331532 0.776927173 -0.958097875 0.00997388177 0.28626737 0.884205282 -0.410615414 0.222656637 0.719005525 0.111732446 0.685964227 0.933355987 0.0298010111 0.357712835 0.543221056 0.17726624 0.820662856 -0.606939375 0.167324916 0.776934326 -0.68417877 0.163904145 0.710658073 -0.958097696 0.0100072995 0.286266863 -0.397636533 0.112395488 0.910632968 -0.909546733 0.124654777 0.396466851 -0.923927426 0.09374322 0.370904773 -0.617658615 0.353953868 0.702292323 -0.770991027 0.0954112187 0.629658282 -0.606926858 0.167324468 0.77694422 -0.923923373 0.093718797 0.370920956 -0.964179933 0.00990207493 -0.26506424 -0.707602859 0.684539974 -0.175223321 -0.617647827 0.354007423 0.702274799 -0.657200992 -0.73124367 0.182673365 -0.892528355 -0.043067798 0.448930204 -0.728852034 -0.628776729 -0.270951211 -0.748371542 -0.554584742 0.363834828 -0.00916214474 0.999375343 -0.0341325365 -0.687727749 0.659338951 0.303813547 -0.0366785489 0.592424273 0.804790735 0.0124348449 -0.998565614 -0.0520776361 0.0189059172 -0.972808242 -0.230839133 -0.0335709788 -0.269446492 0.96243006 -0.0391046666 0.199568599 0.979103267 -0.0036400957 -0.934839129 0.355052829 -0.0195716806 0.968132615 0.24967207 0.554708123 0.368385553 0.746050239 0.704353809 0.69931531 -0.121835254 0.649573326 0.672525704 0.354631662 0.656803668 -0.717379212 0.232327357 0.730185151 -0.53912133 0.419735461 0.760209799 -0.613193691 -0.214649945 0.856884003 -0.0247536711 0.514914632 0.891161978 0.112719029 0.439459592 0.981012225 0.0302694943 -0.19156912 -0.975889802 0.150347322 0.158223987 -0.616676748 0.434205323 -0.656639576 -0.87535125 -0.0779710189 0.477159023 -0.771127522 -0.286855102 -0.568398178 -0.715964735 -0.481289893 -0.505721807 -0.766255796 -0.629347384 -0.129514247 -0.548359632 -0.411669403 -0.727894247 -0.548342168 -0.411690891 -0.72789526 -0.220627561 -0.932794511 -0.28498742 -0.766245484 -0.629353225 -0.129546717 0.0198558122 -0.966006458 -0.257754207 -0.250932425 -0.962918401 -0.0991010889 -0.889685988 -0.429242074 0.155595884 -0.958098531 0.00998812634 0.286264718 0.260966778 -0.927757502 -0.266762704 0.277682126 -0.957409561 -0.0791174471 0.0151519515 -0.991920948 -0.125949413 0.609847903 -0.400801718 -0.683698416 0.786823809 -0.61310035 -0.0708254576 0.884215415 -0.41060558 0.222634643 0.93334806 0.029779071 0.357735395 -0.909550965 0.124657094 0.396456331 -0.975889623 0.150379822 0.158193856 -0.95809865 0.00999190845 0.286264151 -0.87535435 -0.0780017748 0.477148294 -0.766240776 -0.629370749 -0.129489347 0.54324466 0.177232072 0.820654631 0.93334657 0.0297889579 0.357738405 0.625117779 0.178472996 0.759852052 0.873934329 0.144032136 0.464212805 0.325476497 0.119973354 0.937907994 0.891145825 0.112731673 0.439489126 0.718992174 0.111719042 0.685980439 0.554697871 0.368391961 0.746054769 0.54327172 0.177263498 0.820629954 0.957881451 0.169899717 0.231510788 0.838285029 -0.0600420721 0.541916192 0.655545592 0.447363406 -0.608379781 0.817911506 -0.269477129 -0.508333385 0.76200527 -0.465825438 -0.449838489 0.786831677 -0.613093972 -0.0707929581 0.609851658 -0.400802493 -0.683694601 0.873943865 0.144013256 0.464200735 0.933353841 0.0297796428 0.357720286 0.95788151 0.16989702 0.231512353 0.786815166 -0.613118052 -0.0707679689 0.838292718 -0.0600765161 0.541900456 </float_array>
          <technique_common>
            <accessor count="103" offset="0" source="#Face__FaceMT_FaceMT_0-normals-array" stride="3">
              <param name="X" type="float" />
              <param name="Y" type="float" />
              <param name="Z" type="float" />
            </accessor>
          </technique_common>
        </source>
        <source id="Face__FaceMT_FaceMT_0-tex0" name="Face__FaceMT_FaceMT_0-tex0">
          <float_array id="Face__FaceMT_FaceMT_0-tex0-array" count="206"> 0.33782959 0.600585938 0.482299805 0.637939453 0.346191406 0.660644531 0.485839844 0.481689453 0.377563477 0.729980469 0.286315918 0.720214844 0.27671814 0.764648438 0.377563477 0.729980469 0.346191406 0.660644531 0.495849609 0.823242188 0.308349609 0.893066406 0.495849609 0.823242188 0.482299805 0.637939453 0.33782959 0.600585938 0.596435547 0.665039062 0.474121094 0.434936523 0.602050781 0.500732422 0.596435547 0.665039062 0.485839844 0.481689453 0.602050781 0.500732422 0.474121094 0.434936523 0.280105591 0.455810547 0.304656982 0.385253906 0.355834961 0.494873047 0.284362793 0.311035156 0.407348633 0.399902344 0.638671875 0.554931641 0.638671875 0.554931641 0.638671875 0.554931641 0.638671875 0.554931641 0.607421875 -0.356933594 0.588867188 -0.350097656 0.580322266 -0.370605469 0.591064453 -0.388183594 0.594970703 -0.316894531 0.571533203 -0.3515625 0.581298828 -0.328613281 0.568847656 -0.340332031 0.546142578 -0.38671875 0.568359375 -0.362304688 0.546142578 -0.405273438 0.546142578 -0.291992188 0.546142578 -0.3125 0.546142578 -0.345214844 0.546142578 -0.359375 0.546142578 -0.331054688 0.546142578 -0.37109375 0.591064453 -0.388183594 0.580322266 -0.370605469 0.568359375 -0.362304688 0.594970703 -0.316894531 0.568847656 -0.340332031 0.581298828 -0.328613281 0.571533203 -0.3515625 0.607421875 -0.356933594 0.588867188 -0.350097656 0.817382812 -0.460449219 0.857421875 -0.4296875 0.815917969 -0.397949219 0.771484375 -0.411132812 0.855957031 -0.358886719 0.799316406 -0.317382812 0.751953125 -0.346679688 1.69628906 0.625244141 1.67480469 0.630615234 1.69433594 0.602050781 1.64550781 0.630126953 1.66992188 0.594726562 1.6875 0.585449219 1.69628906 0.559570312 1.67480469 0.630615234 1.66992188 0.594726562 1.64550781 0.599853516 1.69628906 0.625244141 1.69433594 0.602050781 1.6875 0.585449219 1.69628906 0.559570312 0.495727539 0.244678497 0.733398438 0.288421631 0.477539062 0.427490234 0.755859375 0.443115234 0.655273438 0.557373047 0.280105591 0.455810547 0.355834961 0.494873047 0.304656982 0.385253906 0.407348633 0.399902344 0.284362793 0.311035156 0.638671875 0.554931641 0.638671875 0.554931641 0.638671875 0.554931641 0.638671875 0.554931641 0.817382812 -0.460449219 0.815917969 -0.397949219 0.857421875 -0.4296875 0.771484375 -0.411132812 0.855957031 -0.358886719 0.799316406 -0.317382812 0.751953125 -0.346679688 0.495727539 0.244678497 0.477539062 0.427490234 0.733398438 0.288421631 0.655273438 0.557373047 0.755859375 0.443115234 </float_array>
          <technique_common>
            <accessor count="103" offset="0" source="#Face__FaceMT_FaceMT_0-tex0-array" stride="2">
              <param name="S" type="float" />
              <param name="T" type="float" />
            </accessor>
          </technique_common>
        </source>
        <source id="Face__FaceMT_FaceMT_0-color0" name="Face__FaceMT_FaceMT_0-color0">
          <float_array id="Face__FaceMT_FaceMT_0-color0-array" count="309"> 0.996078432 0.996078432 0.996078432 0.996078432 0.996078432 0.996078432 0.996078432 0.996078432 0.996078432 0.996078432 0.996078432 0.996078432 0.996078432 0.996078432 0.996078432 0.996078432 0.996078432 0.996078432 0.996078432 0.996078432 0.996078432 0.996078432 0.996078432 0.996078432 0.996078432 0.996078432 0.996078432 0.996078432 0.996078432 0.996078432 0.996078432 0.996078432 0.996078432 0.996078432 0.996078432 0.996078432 0.996078432 0.996078432 0.996078432 0.996078432 0.996078432 0.996078432 0.996078432 0.996078432 0.996078432 0.996078432 0.996078432 0.996078432 0.996078432 0.996078432 0.996078432 0.996078432 0.996078432 0.996078432 0.996078432 0.996078432 0.996078432 0.996078432 0.996078432 0.996078432 0.996078432 0.996078432 0.996078432 0.996078432 0.996078432 0.996078432 0.996078432 0.996078432 0.996078432 0.996078432 0.996078432 0.996078432 0.996078432 0.996078432 0.996078432 0.996078432 0.996078432 0.996078432 0.996078432 0.996078432 0.996078432 0.996078432 0.996078432 0.996078432 0.996078432 0.996078432 0.996078432 0.996078432 0.996078432 0.996078432 0.996078432 0.996078432 0.996078432 0.996078432 0.996078432 0.996078432 0.996078432 0.996078432 0.996078432 0.996078432 0.996078432 0.996078432 0.996078432 0.996078432 0.996078432 0.996078432 0.996078432 0.996078432 0.996078432 0.996078432 0.996078432 0.996078432 0.996078432 0.996078432 0.996078432 0.996078432 0.996078432 0.996078432 0.996078432 0.996078432 0.996078432 0.996078432 0.996078432 0.996078432 0.996078432 0.996078432 0.996078432 0.996078432 0.996078432 0.996078432 0.996078432 0.996078432 0.996078432 0.996078432 0.996078432 0.996078432 0.996078432 0.996078432 0.996078432 0.996078432 0.996078432 0.996078432 0.996078432 0.996078432 0.996078432 0.996078432 0.996078432 0.996078432 0.996078432 0.996078432 0.996078432 0.996078432 0.996078432 0.996078432 0.996078432 0.996078432 0.996078432 0.996078432 0.996078432 0.996078432 0.996078432 0.996078432 0.996078432 0.996078432 0.996078432 0.996078432 0.996078432 0.996078432 0.996078432 0.996078432 0.996078432 0.996078432 0.996078432 0.996078432 0.996078432 0.996078432 0.996078432 0.996078432 0.996078432 0.996078432 0.996078432 0.996078432 0.996078432 0.996078432 0.996078432 0.996078432 0.996078432 0.996078432 0.996078432 0.996078432 0.996078432 0.996078432 0.996078432 0.996078432 0.996078432 0.996078432 0.996078432 0.996078432 0.996078432 0.996078432 0.996078432 0.996078432 0.996078432 0.996078432 0.996078432 0.996078432 0.996078432 0.996078432 0.996078432 0.996078432 0.996078432 0.996078432 0.996078432 0.996078432 0.996078432 0.996078432 0.996078432 0.996078432 0.996078432 0.996078432 0.996078432 0.996078432 0.996078432 0.996078432 0.996078432 0.996078432 0.996078432 0.996078432 0.996078432 0.996078432 0.996078432 0.996078432 0.996078432 0.996078432 0.996078432 0.996078432 0.996078432 0.996078432 0.996078432 0.996078432 0.996078432 0.996078432 0.996078432 0.996078432 0.996078432 0.996078432 0.996078432 0.996078432 0.996078432 0.996078432 0.996078432 0.996078432 0.996078432 0.996078432 0.996078432 0.996078432 0.996078432 0.996078432 0.996078432 0.996078432 0.996078432 0.996078432 0.996078432 0.996078432 0.996078432 0.996078432 0.996078432 0.996078432 0.996078432 0.996078432 0.996078432 0.996078432 0.996078432 0.996078432 0.996078432 0.996078432 0.996078432 0.996078432 0.996078432 0.996078432 0.996078432 0.996078432 0.996078432 0.996078432 0.996078432 0.996078432 0.996078432 0.996078432 0.996078432 0.996078432 0.996078432 0.996078432 0.996078432 0.996078432 0.996078432 0.996078432 0.996078432 0.996078432 0.996078432 0.996078432 0.996078432 0.996078432 0.996078432 0.996078432 0.996078432 0.996078432 0.996078432 0.996078432 0.996078432 </float_array>
          <technique_common>
            <accessor count="103" offset="0" source="#Face__FaceMT_FaceMT_0-color0-array" stride="3">
              <param name="R" type="float" />
              <param name="G" type="float" />
              <param name="B" type="float" />
            </accessor>
          </technique_common>
        </source>
        <vertices id="Face__FaceMT_FaceMT_0-vertices">
          <input semantic="POSITION" source="#Face__FaceMT_FaceMT_0-positions" />
        </vertices>
        <polylist count="108" material="defaultMaterial">
          <input offset="0" semantic="VERTEX" source="#Face__FaceMT_FaceMT_0-vertices" />
          <input offset="0" semantic="NORMAL" source="#Face__FaceMT_FaceMT_0-normals" />
          <input offset="0" semantic="TEXCOORD" source="#Face__FaceMT_FaceMT_0-tex0" set="0" />
          <input offset="0" semantic="COLOR" source="#Face__FaceMT_FaceMT_0-color0" set="0" />
          <vcount>3 3 3 3 3 3 3 3 3 3 3 3 3 3 3 3 3 3 3 3 3 3 3 3 3 3 3 3 3 3 3 3 3 3 3 3 3 3 3 3 3 3 3 3 3 3 3 3 3 3 3 3 3 3 3 3 3 3 3 3 3 3 3 3 3 3 3 3 3 3 3 3 3 3 3 3 3 3 3 3 3 3 3 3 3 3 3 3 3 3 3 3 3 3 3 3 3 3 3 3 3 3 3 3 3 3 3 3 </vcount>
          <p>0 1 2 0 3 1 2 1 4 2 4 5 5 6 7 5 7 8 5 4 6 4 9 10 4 10 6 4 1 9 6 10 7 7 10 11 7 12 8 7 11 12 8 12 13 9 1 14 1 3 14 3 15 16 3 16 14 11 17 12 12 18 13 12 17 18 17 19 18 18 19 20 21 22 23 22 24 25 22 25 23 26 27 28 27 29 28 30 31 32 30 32 33 30 34 31 31 35 32 31 36 37 31 37 35 31 34 36 32 38 33 32 39 38 32 35 39 33 38 40 34 41 42 34 42 36 35 37 43 35 44 39 35 43 44 36 42 37 37 42 45 37 45 43 39 46 38 39 44 46 40 38 47 38 48 47 38 49 48 38 46 49 41 50 42 42 51 45 42 52 51 42 50 52 43 51 53 43 45 51 43 53 44 44 49 46 44 53 49 47 48 54 48 53 55 48 49 53 48 55 54 50 54 55 50 55 52 51 52 55 51 55 53 56 57 58 56 59 57 57 60 58 57 59 60 58 60 61 59 62 60 60 62 61 63 64 65 64 66 67 64 67 65 65 67 68 65 68 69 66 70 71 66 71 72 66 72 67 70 73 74 70 74 71 71 74 75 74 76 75 77 78 79 78 80 79 79 80 81 82 83 84 83 85 84 84 85 86 87 88 89 88 90 89 91 92 93 91 93 94 92 95 93 92 96 95 93 95 94 94 95 97 95 96 97 98 99 100 99 101 102 99 102 100 </p>
        </polylist>
      </mesh>
    </geometry>
    <geometry id="Hair__HairMT_HairMT.001_0" name="Hair__HairMT_HairMT.001_0" >
      <mesh>
        <source id="Hair__HairMT_HairMT.001_0-positions" name="Hair__HairMT_HairMT.001_0-positions">
          <float_array id="Hair__HairMT_HairMT.001_0-positions-array" count="132"> -0.652875185 3.09124947 0.535965621 -0.784895837 3.30245709 0.280913264 -0.758306503 2.9066124 0.225744277 -0.540410638 3.57637453 0.613664985 -0.412014484 3.60699177 0.309884965 -0.784895837 3.30245709 0.280913264 -0.0382084213 3.63125944 0.836857378 -0.262085795 3.53473067 0.864265323 0.106311411 3.57123852 0.936258256 0.222702935 3.57364821 0.83435148 -0.0382084213 3.63125944 0.836857378 0.48044911 3.58705807 0.652263522 0.374744117 3.61522532 0.339632183 0.755031049 3.31857252 0.339137614 0.588891327 2.76092315 -0.0206224155 0.522098184 2.52814794 0.00100820127 0.375336498 2.61536741 -0.379504025 -0.58044982 2.74868584 -0.0648350045 -0.337412804 2.60790825 -0.406452954 -0.510630667 2.51734042 -0.0380390957 -0.379635572 2.57206082 -0.488330305 0.0189618599 2.61163783 -0.392978489 0.0260846317 2.39627361 -0.521753848 -0.571678102 2.37497544 -0.326704502 -0.370031476 2.26127219 -0.0923480317 -0.227631003 2.43376279 -0.533586562 -0.420895845 2.43087006 -0.524792552 -0.360351861 2.24025631 -0.342538983 0.0106757125 2.26525617 -0.0779535621 0.401062489 2.2482245 -0.313750058 0.391382873 2.26924038 -0.0635590926 0.279130429 2.43906617 -0.514425993 0.607728362 2.3873179 -0.282111347 0.471197784 2.44020581 -0.491062641 0.424360663 2.58047485 -0.45793134 -0.758306503 2.9066124 0.225744277 -0.58044982 2.74868584 -0.0648350045 -0.0105283931 3.459795 0.213591561 -0.510630667 2.51734042 -0.0380390957 -0.370031476 2.26127219 -0.0923480317 0.588891327 2.76092315 -0.0206224155 0.522098184 2.52814794 0.00100820127 0.0106757125 2.26525617 -0.0779535621 0.391382873 2.26924038 -0.0635590926 </float_array>
          <technique_common>
            <accessor count="44" offset="0" source="#Hair__HairMT_HairMT.001_0-positions-array" stride="3">
              <param name="X" type="float" />
              <param name="Y" type="float" />
              <param name="Z" type="float" />
            </accessor>
          </technique_common>
        </source>
        <source id="Hair__HairMT_HairMT.001_0-normals" name="Hair__HairMT_HairMT.001_0-normals">
          <float_array id="Hair__HairMT_HairMT.001_0-normals-array" count="132"> -0.913824797 -0.195659861 0.355867147 -0.909923315 0.410649329 -0.0583665818 -0.981490374 -0.161880329 -0.10232991 -0.515649855 0.850520194 0.103540257 -0.415265024 0.903985262 -0.101811327 -0.909912705 0.410670161 -0.0583852977 -0.000982622616 0.99354887 0.113400333 -0.385766268 0.920422912 0.063293457 0.324176818 0.877189159 0.354187191 0.2692976 0.870842099 0.411233276 -0.00100715749 0.993547797 0.11340946 0.502059639 0.853477716 0.139685005 0.402799428 0.912544012 -0.0708240643 0.90294224 0.429641843 0.0101585295 0.873434365 -0.354661167 -0.333658367 0.990088463 -0.123007283 -0.0677795783 0.388442516 -0.19013159 -0.901644289 -0.838145792 -0.372572929 -0.398372948 -0.315198004 -0.19749473 -0.928248942 -0.979357243 -0.143617585 -0.142243996 -0.535916328 0.705522835 -0.46371451 0.0389008708 -0.139432192 -0.989467204 0.0297442768 -0.820914865 -0.570275486 -0.989841819 -0.0643532053 -0.126774833 -0.0545040257 -0.99759388 -0.0428451374 0.0273579806 -0.192734748 -0.980869412 -0.458798319 -0.305955231 -0.834203541 0.0168900508 -0.972865999 -0.230751976 0.0162090342 -0.987733305 -0.155306667 0.0209283642 -0.972832441 -0.230562478 0.078419067 -0.996202886 -0.0378192477 0.0508248433 -0.192486569 -0.979982555 0.997716725 -0.043558374 -0.051614549 0.526767075 -0.295641214 -0.796939611 0.554543734 0.716923892 -0.422494203 0.521363556 -0.6948089 0.495399505 0.0518424027 -0.398894161 0.915530324 0.00315390946 -0.85655129 0.516052246 -0.134652078 -0.187241971 0.973041236 -0.0387948118 -0.236665606 0.970816314 -0.112492427 -0.400607556 0.909317911 0.0647335127 -0.186669722 0.980287731 -0.0380790383 -0.237119958 0.970733821 -0.0381153077 -0.237110004 0.970734835 </float_array>
          <technique_common>
            <accessor count="44" offset="0" source="#Hair__HairMT_HairMT.001_0-normals-array" stride="3">
              <param name="X" type="float" />
              <param name="Y" type="float" />
              <param name="Z" type="float" />
            </accessor>
          </technique_common>
        </source>
        <source id="Hair__HairMT_HairMT.001_0-tex0" name="Hair__HairMT_HairMT.001_0-tex0">
          <float_array id="Hair__HairMT_HairMT.001_0-tex0-array" count="88"> 0.267212182 0.267212152 0.267212182 0.267212152 0.267212182 0.267212152 0.267212182 0.267212152 0.267212182 0.267212152 0.267212182 0.267212152 0.267212182 0.267212152 0.267212182 0.267212152 0.267212182 0.267212152 0.267212182 0.267212152 0.267212182 0.267212152 0.267212182 0.267212152 0.267212182 0.267212152 0.267212182 0.267212152 0.267212182 0.267212152 0.267212182 0.267212152 0.267212182 0.267212152 0.267212182 0.267212152 0.267212182 0.267212152 0.267212182 0.267212152 0.267212182 0.267212152 0.267212182 0.267212152 0.267212182 0.267212152 0.267212182 0.267212152 0.267212182 0.267212152 0.267212182 0.267212152 0.267212182 0.267212152 0.267212182 0.267212152 0.267212182 0.267212152 0.267212182 0.267212152 0.267212182 0.267212152 0.267212182 0.267212152 0.267212182 0.267212152 0.267212182 0.267212152 0.267212182 0.267212152 0.255577177 0.253875792 0.255577177 0.253875792 0.255577177 0.253875792 0.255577177 0.253875792 0.255577177 0.253875792 0.255577177 0.253875792 0.255577177 0.253875792 0.255577177 0.253875792 0.255577177 0.253875792 </float_array>
          <technique_common>
            <accessor count="44" offset="0" source="#Hair__HairMT_HairMT.001_0-tex0-array" stride="2">
              <param name="S" type="float" />
              <param name="T" type="float" />
            </accessor>
          </technique_common>
        </source>
        <source id="Hair__HairMT_HairMT.001_0-color0" name="Hair__HairMT_HairMT.001_0-color0">
          <float_array id="Hair__HairMT_HairMT.001_0-color0-array" count="132"> 0.996078432 0.996078432 0.996078432 0.996078432 0.996078432 0.996078432 0.996078432 0.996078432 0.996078432 0.996078432 0.996078432 0.996078432 0.996078432 0.996078432 0.996078432 0.996078432 0.996078432 0.996078432 0.996078432 0.996078432 0.996078432 0.996078432 0.996078432 0.996078432 0.996078432 0.996078432 0.996078432 0.996078432 0.996078432 0.996078432 0.996078432 0.996078432 0.996078432 0.996078432 0.996078432 0.996078432 0.996078432 0.996078432 0.996078432 0.996078432 0.996078432 0.996078432 0.996078432 0.996078432 0.996078432 0.996078432 0.996078432 0.996078432 0.996078432 0.996078432 0.996078432 0.996078432 0.996078432 0.996078432 0.996078432 0.996078432 0.996078432 0.996078432 0.996078432 0.996078432 0.996078432 0.996078432 0.996078432 0.996078432 0.996078432 0.996078432 0.996078432 0.996078432 0.996078432 0.996078432 0.996078432 0.996078432 0.996078432 0.996078432 0.996078432 0.996078432 0.996078432 0.996078432 0.996078432 0.996078432 0.996078432 0.996078432 0.996078432 0.996078432 0.996078432 0.996078432 0.996078432 0.996078432 0.996078432 0.996078432 0.996078432 0.996078432 0.996078432 0.996078432 0.996078432 0.996078432 0.996078432 0.996078432 0.996078432 0.996078432 0.996078432 0.996078432 0.996078432 0.996078432 0.996078432 0.996078432 0.996078432 0.996078432 0.996078432 0.996078432 0.996078432 0.996078432 0.996078432 0.996078432 0.996078432 0.996078432 0.996078432 0.996078432 0.996078432 0.996078432 0.996078432 0.996078432 0.996078432 0.996078432 0.996078432 0.996078432 0.996078432 0.996078432 0.996078432 0.996078432 0.996078432 0.996078432 </float_array>
          <technique_common>
            <accessor count="44" offset="0" source="#Hair__HairMT_HairMT.001_0-color0-array" stride="3">
              <param name="R" type="float" />
              <param name="G" type="float" />
              <param name="B" type="float" />
            </accessor>
          </technique_common>
        </source>
        <vertices id="Hair__HairMT_HairMT.001_0-vertices">
          <input semantic="POSITION" source="#Hair__HairMT_HairMT.001_0-positions" />
        </vertices>
        <polylist count="45" material="defaultMaterial">
          <input offset="0" semantic="VERTEX" source="#Hair__HairMT_HairMT.001_0-vertices" />
          <input offset="0" semantic="NORMAL" source="#Hair__HairMT_HairMT.001_0-normals" />
          <input offset="0" semantic="TEXCOORD" source="#Hair__HairMT_HairMT.001_0-tex0" set="0" />
          <input offset="0" semantic="COLOR" source="#Hair__HairMT_HairMT.001_0-color0" set="0" />
          <vcount>3 3 3 3 3 3 3 3 3 3 3 3 3 3 3 3 3 3 3 3 3 3 3 3 3 3 3 3 3 3 3 3 3 3 3 3 3 3 3 3 3 3 3 3 3 </vcount>
          <p>0 1 2 3 4 5 6 4 3 6 3 7 8 9 10 11 10 9 11 12 10 11 13 12 14 15 16 17 18 19 18 20 19 21 16 22 18 21 22 19 20 23 19 23 24 18 25 20 18 22 25 20 26 23 20 25 26 23 27 24 23 26 27 25 27 26 22 27 25 24 27 28 22 28 27 22 29 28 28 29 30 22 31 29 22 16 31 29 32 30 15 30 32 29 31 33 29 33 32 31 16 34 31 34 33 15 34 16 32 33 34 15 32 34 35 36 37 36 38 37 38 39 37 40 37 41 39 42 37 41 37 43 43 37 42 </p>
        </polylist>
      </mesh>
    </geometry>
    <geometry id="Cap__CapMT_CapMT_0" name="Cap__CapMT_CapMT_0" >
      <mesh>
        <source id="Cap__CapMT_CapMT_0-positions" name="Cap__CapMT_CapMT_0-positions">
          <float_array id="Cap__CapMT_CapMT_0-positions-array" count="165"> 0.608572543 3.10444999 0.583660483 0.432073146 3.74505568 0.843659759 0.161290362 3.35691881 1.00305927 -0.0462574065 3.85100913 0.988914788 -0.243909657 3.3526783 0.987738848 -0.509936213 3.73519754 0.808042705 -0.652875066 3.09124899 0.535965562 0.608572543 3.10444999 0.583660483 0.376561701 3.18477678 1.25046718 0.234321788 3.21106482 0.963150144 -0.0545651615 3.21897411 1.38357615 -0.275801808 3.19902444 1.00426602 -0.473601997 3.17587972 1.21832287 -0.652875066 3.09124899 0.535965562 0.608572543 3.10444999 0.583660483 0.161290362 3.35691881 1.00305927 0.376561701 3.18477678 1.25046718 -0.0545651615 3.21897411 1.38357615 -0.243909657 3.3526783 0.987738848 -0.473601997 3.17587972 1.21832287 -0.652875066 3.09124899 0.535965562 0.868885875 3.35952711 0.366862684 0.608572543 3.10444999 0.583660483 0.740961134 2.92230153 0.282431066 0.432073146 3.74505568 0.843659759 0.81570518 3.02733803 0.00153697806 0.588891149 2.76092267 -0.0206225608 0.262244135 3.91107774 0.446586907 0.375336409 2.6153667 -0.379504055 -0.0462574065 3.85100913 0.988914788 0.480486631 3.26250553 -0.217462972 -0.314118505 3.90504599 0.424794823 -0.509936213 3.73519754 0.808042705 0.355748862 3.01344466 -0.570203841 -0.901350021 3.34100151 0.299930632 -0.652875066 3.09124899 0.535965562 -0.758306563 2.90661144 0.225744247 -0.467998505 3.25257969 -0.253324896 -0.813807428 3.01028514 -0.0600743741 -0.580449879 2.74868536 -0.0648349673 -0.337413013 2.60790753 -0.406452894 -0.311806113 3.00645876 -0.595443904 -0.311823905 2.70891738 -0.611845016 0.363222808 2.71598172 -0.586321712 -0.337413013 2.60790753 -0.406452894 -0.0143667301 3.2964685 0.322133631 -0.580449879 2.74868536 -0.0648349673 -0.758306563 2.90661144 0.225744247 0.375336409 2.6153667 -0.379504055 -0.652875066 3.09124899 0.535965562 0.588891149 2.76092267 -0.0206225608 -0.275801808 3.19902444 1.00426602 0.740961134 2.92230153 0.282431066 0.234321788 3.21106482 0.963150144 0.608572543 3.10444999 0.583660483 </float_array>
          <technique_common>
            <accessor count="55" offset="0" source="#Cap__CapMT_CapMT_0-positions-array" stride="3">
              <param name="X" type="float" />
              <param name="Y" type="float" />
              <param name="Z" type="float" />
            </accessor>
          </technique_common>
        </source>
        <source id="Cap__CapMT_CapMT_0-normals" name="Cap__CapMT_CapMT_0-normals">
          <float_array id="Cap__CapMT_CapMT_0-normals-array" count="165"> 0.744056702 -0.0267872717 0.667579234 0.658410013 0.497240961 0.565020144 0.444547921 0.481495559 0.755340457 -0.0338306837 0.718104005 0.695113063 -0.510274649 0.471503139 0.719238877 -0.709438562 0.482926309 0.513302147 -0.791614473 -0.0428580344 0.609515965 -0.243654802 -0.969324112 0.032297451 -0.153767437 -0.988000631 -0.0145008899 -0.133239925 -0.990955889 0.0159244817 0.0140580311 -0.999863386 0.00869046245 0.118537851 -0.992118776 0.0406096503 0.15399687 -0.987494886 0.0337460674 0.191541553 -0.978871047 0.0715769082 0.744061649 -0.0267745573 0.667574227 0.444548011 0.481477678 0.755351782 0.430333942 0.872399926 0.231799528 -0.024614498 0.917456448 0.397074103 -0.510274947 0.471485287 0.719250381 -0.464744419 0.863032818 0.19795692 -0.79161948 -0.0428456143 0.609510303 0.862061739 0.498768121 -0.0898885056 0.74407202 -0.0267928541 0.667561948 0.878798664 -0.408982337 0.245858341 0.658432186 0.497226357 0.56500715 0.907942116 0.0673445687 -0.41364941 0.7585904 -0.632337093 -0.157131881 0.173620418 0.83244586 -0.526203215 0.371294618 -0.830040514 -0.416140646 -0.0337673016 0.718090296 0.695130229 0.197057292 0.733490705 -0.650507331 -0.150760442 0.829024673 -0.538506627 -0.709459245 0.482911289 0.513287723 0.192927197 0.562814415 -0.803753138 -0.86304301 0.480733007 -0.155088931 -0.791628063 -0.042863898 0.609497905 -0.886113942 -0.427452207 0.179127529 -0.162676707 0.729712784 -0.664120138 -0.875323713 0.0486787073 -0.48108089 -0.731180251 -0.647927821 -0.213459596 -0.321398705 -0.837285757 -0.442329526 -0.143433601 0.559275508 -0.816478848 -0.216558218 -0.424009025 -0.879385531 0.291848063 -0.417087108 -0.860734046 0.0922632143 -0.743570566 0.662261546 0.00401883014 -0.933220565 0.359281629 0.334725738 -0.749120593 0.571644127 0.343174368 -0.784068704 0.517172754 -0.126444608 -0.745859861 0.653991461 0.353270382 -0.919372559 0.173072696 -0.361723155 -0.755576134 0.546132803 0.165965617 -0.983159959 -0.0764974058 -0.366559267 -0.790857852 0.490079761 -0.135569796 -0.987690508 -0.0780275837 -0.355518609 -0.918254733 0.174398229 </float_array>
          <technique_common>
            <accessor count="55" offset="0" source="#Cap__CapMT_CapMT_0-normals-array" stride="3">
              <param name="X" type="float" />
              <param name="Y" type="float" />
              <param name="Z" type="float" />
            </accessor>
          </technique_common>
        </source>
        <source id="Cap__CapMT_CapMT_0-tex0" name="Cap__CapMT_CapMT_0-tex0">
          <float_array id="Cap__CapMT_CapMT_0-tex0-array" count="110"> 1.00488281 0.787109375 0.808105469 0.33026123 0.624511719 0.616699219 0.49987793 0.261260986 0.375244141 0.616699219 0.191436768 0.33026123 -0.00512695312 0.787109375 0.713867188 0.298461914 0.706054688 0.293914795 0.700195312 0.293457031 0.689941406 0.292144775 0.680908203 0.293579102 0.673828125 0.293914795 0.666015625 0.298461914 0.713867188 0.298461914 0.697509766 0.287811279 0.706054688 0.293914795 0.689941406 0.292144775 0.682128906 0.287811279 0.673828125 0.293914795 0.666015625 0.298461914 0.723388672 0.289337158 0.713867188 0.298461914 0.718261719 0.306030273 0.707763672 0.27355957 0.720947266 0.30267334 0.712158203 0.312683105 0.700927734 0.268005371 0.703369141 0.318847656 0.689941406 0.26902771 0.708007812 0.294036865 0.678955078 0.268005371 0.672119141 0.27355957 0.702636719 0.304138184 0.65625 0.289337158 0.666015625 0.298461914 0.661376953 0.306030273 0.671875 0.294036865 0.658935547 0.30267334 0.667724609 0.312683105 0.676269531 0.318847656 0.677246094 0.304138184 0.677001953 0.315429688 0.702636719 0.315429688 0.697998047 0.695068359 0.704833984 0.708007812 0.693603516 0.701660156 0.690429688 0.70703125 0.711669922 0.695068359 0.692871094 0.712646484 0.715820312 0.701660156 0.700195312 0.721191406 0.718994141 0.70703125 0.709960938 0.720214844 0.716796875 0.712646484 </float_array>
          <technique_common>
            <accessor count="55" offset="0" source="#Cap__CapMT_CapMT_0-tex0-array" stride="2">
              <param name="S" type="float" />
              <param name="T" type="float" />
            </accessor>
          </technique_common>
        </source>
        <source id="Cap__CapMT_CapMT_0-color0" name="Cap__CapMT_CapMT_0-color0">
          <float_array id="Cap__CapMT_CapMT_0-color0-array" count="165"> 0.996078432 0.996078432 0.996078432 0.996078432 0.996078432 0.996078432 0.996078432 0.996078432 0.996078432 0.996078432 0.996078432 0.996078432 0.996078432 0.996078432 0.996078432 0.996078432 0.996078432 0.996078432 0.996078432 0.996078432 0.996078432 0.996078432 0.996078432 0.996078432 0.996078432 0.996078432 0.996078432 0.996078432 0.996078432 0.996078432 0.996078432 0.996078432 0.996078432 0.996078432 0.996078432 0.996078432 0.996078432 0.996078432 0.996078432 0.996078432 0.996078432 0.996078432 0.996078432 0.996078432 0.996078432 0.996078432 0.996078432 0.996078432 0.996078432 0.996078432 0.996078432 0.996078432 0.996078432 0.996078432 0.996078432 0.996078432 0.996078432 0.996078432 0.996078432 0.996078432 0.996078432 0.996078432 0.996078432 0.996078432 0.996078432 0.996078432 0.996078432 0.996078432 0.996078432 0.996078432 0.996078432 0.996078432 0.996078432 0.996078432 0.996078432 0.996078432 0.996078432 0.996078432 0.996078432 0.996078432 0.996078432 0.996078432 0.996078432 0.996078432 0.996078432 0.996078432 0.996078432 0.996078432 0.996078432 0.996078432 0.996078432 0.996078432 0.996078432 0.996078432 0.996078432 0.996078432 0.996078432 0.996078432 0.996078432 0.996078432 0.996078432 0.996078432 0.996078432 0.996078432 0.996078432 0.996078432 0.996078432 0.996078432 0.996078432 0.996078432 0.996078432 0.996078432 0.996078432 0.996078432 0.996078432 0.996078432 0.996078432 0.996078432 0.996078432 0.996078432 0.996078432 0.996078432 0.996078432 0.996078432 0.996078432 0.996078432 0.996078432 0.996078432 0.996078432 0.996078432 0.996078432 0.996078432 0.996078432 0.996078432 0.996078432 0.996078432 0.996078432 0.996078432 0.996078432 0.996078432 0.996078432 0.996078432 0.996078432 0.996078432 0.996078432 0.996078432 0.996078432 0.996078432 0.996078432 0.996078432 0.996078432 0.996078432 0.996078432 0.996078432 0.996078432 0.996078432 0.996078432 0.996078432 0.996078432 0.996078432 0.996078432 0.996078432 0.996078432 0.996078432 0.996078432 </float_array>
          <technique_common>
            <accessor count="55" offset="0" source="#Cap__CapMT_CapMT_0-color0-array" stride="3">
              <param name="R" type="float" />
              <param name="G" type="float" />
              <param name="B" type="float" />
            </accessor>
          </technique_common>
        </source>
        <vertices id="Cap__CapMT_CapMT_0-vertices">
          <input semantic="POSITION" source="#Cap__CapMT_CapMT_0-positions" />
        </vertices>
        <polylist count="58" material="defaultMaterial">
          <input offset="0" semantic="VERTEX" source="#Cap__CapMT_CapMT_0-vertices" />
          <input offset="0" semantic="NORMAL" source="#Cap__CapMT_CapMT_0-normals" />
          <input offset="0" semantic="TEXCOORD" source="#Cap__CapMT_CapMT_0-tex0" set="0" />
          <input offset="0" semantic="COLOR" source="#Cap__CapMT_CapMT_0-color0" set="0" />
          <vcount>3 3 3 3 3 3 3 3 3 3 3 3 3 3 3 3 3 3 3 3 3 3 3 3 3 3 3 3 3 3 3 3 3 3 3 3 3 3 3 3 3 3 3 3 3 3 3 3 3 3 3 3 3 3 3 3 3 3 </vcount>
          <p>0 1 2 1 3 2 2 3 4 3 5 4 4 5 6 7 8 9 8 10 9 9 10 11 10 12 11 11 12 13 14 15 16 15 17 16 18 17 15 19 17 18 20 19 18 21 22 23 21 24 22 25 21 23 25 23 26 21 27 24 28 25 26 27 29 24 25 30 21 21 30 27 31 29 27 30 31 27 31 32 29 25 33 30 34 32 31 34 35 32 36 35 34 37 31 30 37 34 31 33 37 30 38 36 34 38 34 37 38 39 36 38 40 39 41 37 33 41 38 37 42 40 38 42 38 41 42 28 40 43 41 33 42 41 43 42 43 28 43 33 25 43 25 28 44 45 46 46 45 47 44 48 45 47 45 49 48 50 45 49 45 51 50 52 45 51 45 53 52 54 45 45 54 53 </p>
        </polylist>
      </mesh>
    </geometry>
    <geometry id="Mario64HandR__BodyMT_HandMT_0" name="Mario64HandR__BodyMT_HandMT_0" >
      <mesh>
        <source id="Mario64HandR__BodyMT_HandMT_0-positions" name="Mario64HandR__BodyMT_HandMT_0-positions">
          <float_array id="Mario64HandR__BodyMT_HandMT_0-positions-array" count="81"> -1.16914856 1.65382671 -1.20674229 -1.43483746 1.39698219 -1.02213573 -1.52802896 1.7808758 -0.986528933 -1.64876485 1.51080966 -0.636650681 -1.26483989 1.94474781 -0.747109294 -1.09134066 1.38278937 -0.996378362 -0.883266568 1.76421535 -0.959083438 -1.32953215 1.25956702 -0.808302581 -1.44031358 1.22770369 -0.689580679 -1.06936908 1.46924841 -0.659868121 -1.31272709 1.2240448 -0.492515713 -1.38803482 1.68605924 -0.43207556 -0.992344916 1.5071739 -0.626171827 -1.0766598 1.52484822 -0.444792837 -1.06607294 1.53875232 -0.442890406 -1.06337655 1.53759754 -0.449593604 -1.05701566 1.54142976 -0.452901214 -0.837930381 1.60619247 -0.695051074 -0.879467964 1.81276631 -0.861090362 -0.726418614 1.62381852 -0.676656842 -1.01875758 1.53910053 -0.339617044 -1.24434817 1.72711205 -0.384563059 -0.876915455 1.83314192 -0.468765348 -1.1268028 1.91514719 -0.647727489 -1.21911359 1.7785995 -0.28720364 -1.07500577 2.00105691 -0.610121846 -0.759803355 1.87212908 -0.838052571 </float_array>
          <technique_common>
            <accessor count="27" offset="0" source="#Mario64HandR__BodyMT_HandMT_0-positions-array" stride="3">
              <param name="X" type="float" />
              <param name="Y" type="float" />
              <param name="Z" type="float" />
            </accessor>
          </technique_common>
        </source>
        <source id="Mario64HandR__BodyMT_HandMT_0-normals" name="Mario64HandR__BodyMT_HandMT_0-normals">
          <float_array id="Mario64HandR__BodyMT_HandMT_0-normals-array" count="81"> 0.0612518042 0.256291658 -0.96465683 -0.598128855 -0.425239325 -0.679274142 -0.726412416 0.512503803 -0.457891703 -0.974843621 0.013186696 0.222499564 -0.299332321 0.9504233 -0.0842361376 0.591758549 -0.701076031 -0.397887141 0.695774496 0.382604867 -0.607874453 0.256938845 -0.955457211 -0.145203024 -0.496579558 -0.859428465 -0.12162029 0.714987934 -0.698413193 -0.0318005644 -0.0340759084 -0.688850284 0.724102259 -0.539163291 0.328577787 0.775460899 0.651475668 -0.757376373 0.0442770794 0.302345216 -0.28286016 0.910262346 -0.0496621095 -0.583713412 0.810439587 0.71036756 -0.56673491 0.417360097 0.372276843 -0.923331439 0.0941755697 0.273536295 -0.844964504 -0.45957908 0.310201585 0.604029536 -0.734113932 0.941256821 -0.0813828781 0.327738434 0.519518316 -0.242000967 0.819473147 -0.712325394 0.257493675 0.652908564 0.640619636 0.442474455 0.627553105 -0.253479421 0.967329621 -0.0046473681 0.0384745821 0.451827437 0.891275287 0.168026268 0.94332242 0.286199272 0.784110963 0.6122697 -0.101468258 </float_array>
          <technique_common>
            <accessor count="27" offset="0" source="#Mario64HandR__BodyMT_HandMT_0-normals-array" stride="3">
              <param name="X" type="float" />
              <param name="Y" type="float" />
              <param name="Z" type="float" />
            </accessor>
          </technique_common>
        </source>
        <source id="Mario64HandR__BodyMT_HandMT_0-tex0" name="Mario64HandR__BodyMT_HandMT_0-tex0">
          <float_array id="Mario64HandR__BodyMT_HandMT_0-tex0-array" count="54"> 0.152954102 -1.0234375 0.158325195 -1.01953125 0.153930664 -1.03125 0.153808594 -1.02441406 0.142333984 -1.03125 0.151489258 -1.01367188 0.141479492 -1.02148438 0.154418945 -1.01269531 0.154907227 -1.01367188 0.143798828 -1.01464844 0.148925781 -1.01074219 0.142700195 -1.02441406 0.141235352 -1.01367188 0.139282227 -1.01464844 0.138916016 -1.015625 0.139038086 -1.015625 0.138916016 -1.015625 0.138183594 -1.01464844 0.138916016 -1.02148438 0.135498047 -1.01367188 0.136108398 -1.01367188 0.138549805 -1.02246094 0.131591797 -1.02050781 0.138427734 -1.02734375 0.135620117 -1.0234375 0.135498047 -1.02929688 0.135375977 -1.02148438 </float_array>
          <technique_common>
            <accessor count="27" offset="0" source="#Mario64HandR__BodyMT_HandMT_0-tex0-array" stride="2">
              <param name="S" type="float" />
              <param name="T" type="float" />
            </accessor>
          </technique_common>
        </source>
        <source id="Mario64HandR__BodyMT_HandMT_0-color0" name="Mario64HandR__BodyMT_HandMT_0-color0">
          <float_array id="Mario64HandR__BodyMT_HandMT_0-color0-array" count="81"> 1 1 1 1 1 1 1 1 1 1 1 1 1 1 1 1 1 1 1 1 1 1 1 1 1 1 1 1 1 1 1 1 1 1 1 1 1 1 1 1 1 1 1 1 1 1 1 1 1 1 1 1 1 1 1 1 1 1 1 1 1 1 1 1 1 1 1 1 1 1 1 1 1 1 1 1 1 1 1 1 1 </float_array>
          <technique_common>
            <accessor count="27" offset="0" source="#Mario64HandR__BodyMT_HandMT_0-color0-array" stride="3">
              <param name="R" type="float" />
              <param name="G" type="float" />
              <param name="B" type="float" />
            </accessor>
          </technique_common>
        </source>
        <vertices id="Mario64HandR__BodyMT_HandMT_0-vertices">
          <input semantic="POSITION" source="#Mario64HandR__BodyMT_HandMT_0-positions" />
        </vertices>
        <polylist count="50" material="defaultMaterial">
          <input offset="0" semantic="VERTEX" source="#Mario64HandR__BodyMT_HandMT_0-vertices" />
          <input offset="0" semantic="NORMAL" source="#Mario64HandR__BodyMT_HandMT_0-normals" />
          <input offset="0" semantic="TEXCOORD" source="#Mario64HandR__BodyMT_HandMT_0-tex0" set="0" />
          <input offset="0" semantic="COLOR" source="#Mario64HandR__BodyMT_HandMT_0-color0" set="0" />
          <vcount>3 3 3 3 3 3 3 3 3 3 3 3 3 3 3 3 3 3 3 3 3 3 3 3 3 3 3 3 3 3 3 3 3 3 3 3 3 3 3 3 3 3 3 3 3 3 3 3 3 3 </vcount>
          <p>0 1 2 2 1 3 4 0 2 4 2 3 0 5 1 4 6 0 0 6 5 1 5 7 1 7 8 3 1 8 5 9 7 8 7 9 6 9 5 3 8 10 8 9 10 3 10 11 4 3 11 10 9 12 6 12 9 11 10 13 10 12 13 11 13 14 13 12 15 14 13 15 12 16 15 14 15 16 6 17 12 17 16 12 6 18 17 4 18 6 17 19 16 17 18 19 14 16 20 20 16 19 11 14 21 14 20 21 4 11 21 20 19 22 4 21 23 4 23 18 20 24 21 20 22 24 23 21 25 21 24 25 23 25 18 22 25 24 18 26 19 19 26 22 18 25 26 22 26 25 </p>
        </polylist>
      </mesh>
    </geometry>
  </library_geometries>
  <library_controllers>
  </library_controllers>
  <library_visual_scenes>
    <visual_scene id="ROOT" name="ROOT">
      <node id="Object_46" name="Object_46" type="NODE">
        <matrix sid="matrix">1 0 0 0 0 1 0 0 0 0 1 0 0 0 0 1</matrix>
        <instance_geometry url="#Mario__BodyMT_BodyMT_0">
          <bind_material>
            <technique_common>
              <instance_material symbol="defaultMaterial" target="#BodyMT">
                <bind_vertex_input semantic="CHANNEL0" input_semantic="TEXCOORD" input_set="0"/>
              </instance_material>
            </technique_common>
          </bind_material>
        </instance_geometry>
      </node>
      <node id="Object_48" name="Object_48" type="NODE">
        <matrix sid="matrix">1 0 0 0 0 1 0 0 0 0 1 0 0 0 0 1</matrix>
        <instance_geometry url="#CapHair__HairMT_HairMT_0">
          <bind_material>
            <technique_common>
              <instance_material symbol="defaultMaterial" target="#HairMT">
                <bind_vertex_input semantic="CHANNEL0" input_semantic="TEXCOORD" input_set="0"/>
              </instance_material>
            </technique_common>
          </bind_material>
        </instance_geometry>
      </node>
      <node id="Object_50" name="Object_50" type="NODE">
        <matrix sid="matrix">1 0 0 0 0 1 0 0 0 0 1 0 0 0 0 1</matrix>
        <instance_geometry url="#MarioEye__EyeMT_EyeMT_0">
          <bind_material>
            <technique_common>
              <instance_material symbol="defaultMaterial" target="#EyeMT">
                <bind_vertex_input semantic="CHANNEL0" input_semantic="TEXCOORD" input_set="0"/>
              </instance_material>
            </technique_common>
          </bind_material>
        </instance_geometry>
      </node>
      <node id="Object_52" name="Object_52" type="NODE">
        <matrix sid="matrix">1 0 0 0 0 1 0 0 0 0 1 0 0 0 0 1</matrix>
        <instance_geometry url="#Mario64HandL__BodyMT_HandMT_0">
          <bind_material>
            <technique_common>
              <instance_material symbol="defaultMaterial" target="#HandMT">
                <bind_vertex_input semantic="CHANNEL0" input_semantic="TEXCOORD" input_set="0"/>
              </instance_material>
            </technique_common>
          </bind_material>
        </instance_geometry>
      </node>
      <node id="Object_54" name="Object_54" type="NODE">
        <matrix sid="matrix">1 0 0 0 0 1 0 0 0 0 1 0 0 0 0 1</matrix>
        <instance_geometry url="#Face__FaceMT_FaceMT_0">
          <bind_material>
            <technique_common>
              <instance_material symbol="defaultMaterial" target="#FaceMT">
                <bind_vertex_input semantic="CHANNEL0" input_semantic="TEXCOORD" input_set="0"/>
              </instance_material>
            </technique_common>
          </bind_material>
        </instance_geometry>
      </node>
      <node id="Object_56" name="Object_56" type="NODE">
        <matrix sid="matrix">1 0 0 0 0 1 0 0 0 0 1 0 0 0 0 1</matrix>
        <instance_geometry url="#Hair__HairMT_HairMT.001_0">
          <bind_material>
            <technique_common>
              <instance_material symbol="defaultMaterial" target="#HairMT.001">
                <bind_vertex_input semantic="CHANNEL0" input_semantic="TEXCOORD" input_set="0"/>
              </instance_material>
            </technique_common>
          </bind_material>
        </instance_geometry>
      </node>
      <node id="Object_58" name="Object_58" type="NODE">
        <matrix sid="matrix">1 0 0 0 0 1 0 0 0 0 1 0 0 0 0 1</matrix>
        <instance_geometry url="#Cap__CapMT_CapMT_0">
          <bind_material>
            <technique_common>
              <instance_material symbol="defaultMaterial" target="#CapMT">
                <bind_vertex_input semantic="CHANNEL0" input_semantic="TEXCOORD" input_set="0"/>
              </instance_material>
            </technique_common>
          </bind_material>
        </instance_geometry>
      </node>
      <node id="Object_60" name="Object_60" type="NODE">
        <matrix sid="matrix">1 0 0 0 0 1 0 0 0 0 1 0 0 0 0 1</matrix>
        <instance_geometry url="#Mario64HandR__BodyMT_HandMT_0">
          <bind_material>
            <technique_common>
              <instance_material symbol="defaultMaterial" target="#HandMT">
                <bind_vertex_input semantic="CHANNEL0" input_semantic="TEXCOORD" input_set="0"/>
              </instance_material>
            </technique_common>
          </bind_material>
        </instance_geometry>
      </node>
    </visual_scene>
  </library_visual_scenes>
  <scene>
    <instance_visual_scene url="#ROOT" />
  </scene>
</COLLADA>
