<?xml version="1.0" encoding="UTF-8" standalone="no" ?>
<COLLADA xmlns="http://www.collada.org/2005/11/COLLADASchema" version="1.4.1">
  <asset>
    <contributor>
      <author>Assimp</author>
      <authoring_tool>Sketchfab-16.60.0</authoring_tool>
    </contributor>
    <created>2026-09-14T16:26:09</created>
    <modified>2026-09-14T16:26:09</modified>
    <unit name="meter" meter="1" />
    <up_axis>Y_UP</up_axis>
  </asset>
  <library_images>
    <image id="BodyMT-diffuse-image">
      <init_from>mario-idle_texture_0001.png</init_from>
    </image>
    <image id="HairMT-diffuse-image">
      <init_from>mario-idle_texture_0002.png</init_from>
    </image>
    <image id="EyeMT-diffuse-image">
      <init_from>mario-idle_texture_0003.png</init_from>
    </image>
    <image id="HandMT-diffuse-image">
      <init_from>mario-idle_texture_0004.png</init_from>
    </image>
    <image id="FaceMT-diffuse-image">
      <init_from>mario-idle_texture_0005.png</init_from>
    </image>
    <image id="HairMT.001-diffuse-image">
      <init_from>mario-idle_texture_0002.png</init_from>
    </image>
    <image id="CapMT-diffuse-image">
      <init_from>mario-idle_texture_0002.png</init_from>
    </image>
  </library_images>
  <library_effects>
    <effect id="BodyMT-fx" name="BodyMT">
      <profile_COMMON>
        <newparam sid="BodyMT-diffuse-surface">
          <surface type="2D">
            <init_from>BodyMT-diffuse-image</init_from>
          </surface>
        </newparam>
        <newparam sid="BodyMT-diffuse-sampler">
          <sampler2D>
            <source>BodyMT-diffuse-surface</source>
          </sampler2D>
        </newparam>
        <technique sid="standard">
          <phong>
            <emission>
              <color sid="emission">0   0   0   1</color>
            </emission>
            <diffuse>
              <texture texture="BodyMT-diffuse-sampler" texcoord="CHANNEL0" />
            </diffuse>
            <shininess>
              <float sid="shininess">4.88955736</float>
            </shininess>
            <transparency>
              <float sid="transparency">1</float>
            </transparency>
          </phong>
        </technique>
      </profile_COMMON>
    </effect>
    <effect id="HairMT-fx" name="HairMT">
      <profile_COMMON>
        <newparam sid="HairMT-diffuse-surface">
          <surface type="2D">
            <init_from>HairMT-diffuse-image</init_from>
          </surface>
        </newparam>
        <newparam sid="HairMT-diffuse-sampler">
          <sampler2D>
            <source>HairMT-diffuse-surface</source>
          </sampler2D>
        </newparam>
        <technique sid="standard">
          <phong>
            <emission>
              <color sid="emission">0   0   0   1</color>
            </emission>
            <diffuse>
              <texture texture="HairMT-diffuse-sampler" texcoord="CHANNEL0" />
            </diffuse>
            <shininess>
              <float sid="shininess">4.88955736</float>
            </shininess>
            <transparency>
              <float sid="transparency">1</float>
            </transparency>
          </phong>
        </technique>
      </profile_COMMON>
    </effect>
    <effect id="EyeMT-fx" name="EyeMT">
      <profile_COMMON>
        <newparam sid="EyeMT-diffuse-surface">
          <surface type="2D">
            <init_from>EyeMT-diffuse-image</init_from>
          </surface>
        </newparam>
        <newparam sid="EyeMT-diffuse-sampler">
          <sampler2D>
            <source>EyeMT-diffuse-surface</source>
          </sampler2D>
        </newparam>
        <technique sid="standard">
          <phong>
            <emission>
              <color sid="emission">0   0   0   1</color>
            </emission>
            <diffuse>
              <texture texture="EyeMT-diffuse-sampler" texcoord="CHANNEL0" />
            </diffuse>
            <shininess>
              <float sid="shininess">4.88955736</float>
            </shininess>
            <transparency>
              <float sid="transparency">1</float>
            </transparency>
          </phong>
        </technique>
      </profile_COMMON>
    </effect>
    <effect id="HandMT-fx" name="HandMT">
      <profile_COMMON>
        <newparam sid="HandMT-diffuse-surface">
          <surface type="2D">
            <init_from>HandMT-diffuse-image</init_from>
          </surface>
        </newparam>
        <newparam sid="HandMT-diffuse-sampler">
          <sampler2D>
            <source>HandMT-diffuse-surface</source>
          </sampler2D>
        </newparam>
        <technique sid="standard">
          <phong>
            <emission>
              <color sid="emission">0   0   0   1</color>
            </emission>
            <diffuse>
              <texture texture="HandMT-diffuse-sampler" texcoord="CHANNEL0" />
            </diffuse>
            <shininess>
              <float sid="shininess">4.88955736</float>
            </shininess>
            <transparency>
              <float sid="transparency">1</float>
            </transparency>
          </phong>
        </technique>
      </profile_COMMON>
    </effect>
    <effect id="FaceMT-fx" name="FaceMT">
      <profile_COMMON>
        <newparam sid="FaceMT-diffuse-surface">
          <surface type="2D">
            <init_from>FaceMT-diffuse-image</init_from>
          </surface>
        </newparam>
        <newparam sid="FaceMT-diffuse-sampler">
          <sampler2D>
            <source>FaceMT-diffuse-surface</source>
          </sampler2D>
        </newparam>
        <technique sid="standard">
          <phong>
            <emission>
              <color sid="emission">0   0   0   1</color>
            </emission>
            <diffuse>
              <texture texture="FaceMT-diffuse-sampler" texcoord="CHANNEL0" />
            </diffuse>
            <shininess>
              <float sid="shininess">4.88955736</float>
            </shininess>
            <transparency>
              <float sid="transparency">1</float>
            </transparency>
          </phong>
        </technique>
      </profile_COMMON>
    </effect>
    <effect id="HairMT.001-fx" name="HairMT.001">
      <profile_COMMON>
        <newparam sid="HairMT.001-diffuse-surface">
          <surface type="2D">
            <init_from>HairMT.001-diffuse-image</init_from>
          </surface>
        </newparam>
        <newparam sid="HairMT.001-diffuse-sampler">
          <sampler2D>
            <source>HairMT.001-diffuse-surface</source>
          </sampler2D>
        </newparam>
        <technique sid="standard">
          <phong>
            <emission>
              <color sid="emission">0   0   0   1</color>
            </emission>
            <diffuse>
              <texture texture="HairMT.001-diffuse-sampler" texcoord="CHANNEL0" />
            </diffuse>
            <shininess>
              <float sid="shininess">4.88955736</float>
            </shininess>
            <transparency>
              <float sid="transparency">1</float>
            </transparency>
          </phong>
        </technique>
      </profile_COMMON>
    </effect>
    <effect id="CapMT-fx" name="CapMT">
      <profile_COMMON>
        <newparam sid="CapMT-diffuse-surface">
          <surface type="2D">
            <init_from>CapMT-diffuse-image</init_from>
          </surface>
        </newparam>
        <newparam sid="CapMT-diffuse-sampler">
          <sampler2D>
            <source>CapMT-diffuse-surface</source>
          </sampler2D>
        </newparam>
        <technique sid="standard">
          <phong>
            <emission>
              <color sid="emission">0   0   0   1</color>
            </emission>
            <diffuse>
              <texture texture="CapMT-diffuse-sampler" texcoord="CHANNEL0" />
            </diffuse>
            <shininess>
              <float sid="shininess">4.88955736</float>
            </shininess>
            <transparency>
              <float sid="transparency">1</float>
            </transparency>
          </phong>
        </technique>
      </profile_COMMON>
    </effect>
    <effect id="material_7-fx" name="">
      <profile_COMMON>
        <technique sid="standard">
          <phong>
            <emission>
              <color sid="emission">0   0   0   1</color>
            </emission>
            <diffuse>
              <color sid="diffuse">1   1   1   1</color>
            </diffuse>
            <shininess>
              <float sid="shininess">0</float>
            </shininess>
            <transparency>
              <float sid="transparency">1</float>
            </transparency>
          </phong>
        </technique>
      </profile_COMMON>
    </effect>
  </library_effects>
  <library_materials>
    <material id="BodyMT" name="BodyMT">
      <instance_effect url="#BodyMT-fx"/>
    </material>
    <material id="HairMT" name="HairMT">
      <instance_effect url="#HairMT-fx"/>
    </material>
    <material id="EyeMT" name="EyeMT">
      <instance_effect url="#EyeMT-fx"/>
    </material>
    <material id="HandMT" name="HandMT">
      <instance_effect url="#HandMT-fx"/>
    </material>
    <material id="FaceMT" name="FaceMT">
      <instance_effect url="#FaceMT-fx"/>
    </material>
    <material id="HairMT.001" name="HairMT.001">
      <instance_effect url="#HairMT.001-fx"/>
    </material>
    <material id="CapMT" name="CapMT">
      <instance_effect url="#CapMT-fx"/>
    </material>
    <material id="material_7" name="">
      <instance_effect url="#material_7-fx"/>
    </material>
  </library_materials>
  <library_geometries>
    <geometry id="Mario__BodyMT_BodyMT_0" name="Mario__BodyMT_BodyMT_0" >
      <mesh>
        <source id="Mario__BodyMT_BodyMT_0-positions" name="Mario__BodyMT_BodyMT_0-positions">
          <float_array id="Mario__BodyMT_BodyMT_0-positions-array" count="1023"> -0.156430677 2.51120305 0.432228565 -0.324002564 2.5194025 0.364211559 -0.427872449 2.4211607 0.375025064 -0.446610004 2.32835817 0.409953237 -0.35125345 2.24562597 0.493573397 -0.207890868 2.27926397 0.543107212 -0.127613619 2.39848685 0.508404911 0.564989626 2.33509135 0.30163458 0.479017735 2.44979 0.304853827 0.324263036 2.46953249 0.396696597 0.57246083 2.2400167 0.334625483 0.477591425 2.17377472 0.432306737 0.350888908 2.23082447 0.501803279 0.288009822 2.36245728 0.477682799 -0.107927904 2.69712925 0.138430327 -0.156430677 2.51120305 0.432228565 0.0837876275 2.49000144 0.413153023 0.265947849 2.6647191 0.110794082 0.324263036 2.46953249 0.396696597 0.0789988264 2.68077588 0.124634989 -0.11054875 2.74294233 -0.13195917 0.23688142 2.71282411 -0.157640561 0.0635520816 2.73523116 -0.148198918 0.042307321 2.67787099 -0.368338645 -0.135026544 2.67473316 -0.352506161 0.216870576 2.64422798 -0.378517717 0.00671107415 2.37758827 -0.497742444 -0.340272725 2.6539588 -0.252547443 -0.328580678 2.51279926 -0.408325404 -0.517122149 2.46530676 -0.0181921143 -0.355069369 2.66777301 0.0130880624 -0.459895551 2.22813368 -0.400131911 -0.437256008 2.49007106 0.288817972 -0.600705147 2.20890069 -0.0244438965 -0.57745111 2.27590895 0.211563617 0.427889913 2.58736825 -0.309328556 0.483439177 2.59508443 -0.0488928966 0.602121174 2.3682816 -0.100924455 0.36960277 2.4522748 -0.459933788 0.57334584 2.40246391 0.214116186 0.450026542 2.14925432 -0.46739164 0.662018836 2.16846132 0.119944379 0.638764739 2.10145307 -0.116063133 -0.324002564 2.5194025 0.364211559 -0.156430677 2.51120305 0.432228565 -0.107927904 2.69712925 0.138430327 -0.355069369 2.66777301 0.0130880624 -0.11054875 2.74294233 -0.13195917 -0.437256008 2.49007106 0.288817972 -0.340272725 2.6539588 -0.252547443 -0.427872449 2.4211607 0.375025064 -0.135026544 2.67473316 -0.352506161 -0.57745111 2.27590895 0.211563617 -0.328580678 2.51279926 -0.408325404 -0.446610004 2.32835817 0.409953237 0.00671107415 2.37758827 -0.497742444 -0.49907133 2.18756294 0.388770431 -0.459895551 2.22813368 -0.400131911 -0.35125345 2.24562597 0.493573397 -0.571700275 2.05431271 0.203817144 -0.600705147 2.20890069 -0.0244438965 -0.441279292 2.05758619 0.445093095 -0.29532963 2.02314067 0.535877109 -0.602873445 2.029073 0.0136240898 -0.189070046 2.1557548 0.547130883 -0.207890868 2.27926397 0.543107212 -0.556656182 1.95835066 -0.334608674 0.0725485459 2.25658798 0.534843028 -0.127613619 2.39848685 0.508404911 0.0837876275 2.49000144 0.413153023 -0.156430677 2.51120305 0.432228565 0.080207549 2.38059735 0.493024588 0.288009822 2.36245728 0.477682799 0.324263036 2.46953249 0.396696597 0.350888908 2.23082447 0.501803279 0.479017735 2.44979 0.304853827 0.265947849 2.6647191 0.110794082 0.324263036 2.46953249 0.396696597 0.311998367 2.11231828 0.510092854 0.483439177 2.59508443 -0.0488928966 0.23688142 2.71282411 -0.157640561 0.57334584 2.40246391 0.214116186 0.427889913 2.58736825 -0.309328556 0.564989626 2.33509135 0.30163458 0.216870576 2.64422798 -0.378517717 0.662018836 2.16846132 0.119944379 0.36960277 2.4522748 -0.459933788 0.57246083 2.2400167 0.334625483 0.450026542 2.14925432 -0.46739164 0.596388578 2.09259915 0.30779615 0.477591425 2.17377472 0.432306737 0.617357552 1.95123553 0.115924247 0.638764739 2.10145307 -0.116063133 0.526051104 1.97373021 0.373589844 0.391195148 1.9636271 0.485130489 0.223733708 1.94479597 0.527939796 0.363897473 1.76343644 0.39042455 0.482963085 1.78760827 0.29583323 0.0637574494 2.13988161 0.552781403 0.188870326 1.76391649 0.469388247 -0.129134759 1.97538543 0.554023147 0.045960851 1.95373929 0.530320704 -0.316816747 1.82244623 0.440741628 -0.13466832 1.79196346 0.493303597 0.0258736853 1.77211702 0.471571028 -0.442499012 1.86783504 0.36424163 -0.0076456964 1.67357898 0.133666143 -0.536868811 1.87040758 0.21349448 -0.565451145 1.84726524 0.0391103551 -0.5230757 1.78242111 -0.280177295 -0.425190449 1.91443777 -0.420793563 -0.40253666 1.74215853 -0.359198838 -0.0167355742 2.10153985 -0.49120146 -0.0341647007 1.86237109 -0.446503758 -0.0440131798 1.69441986 -0.382772207 0.35950473 1.84641397 -0.47879675 0.316934228 1.67978895 -0.412380755 0.507695556 1.86608386 -0.413283527 0.452808172 1.69782364 -0.352312803 0.615654767 1.92344105 -0.0764471963 0.551793635 1.75041318 -0.0434742384 0.553354681 1.77589798 0.132907242 0.4723306 2.59994578 -0.269062549 0.412511319 2.50303459 -0.257177889 0.443545252 2.5427866 -0.152617276 0.373326719 2.43268752 -0.177167073 0.53010875 2.55049825 -0.0428604297 0.420048833 2.52764344 -0.389102429 0.35871461 2.42180157 -0.308785081 0.378643274 2.31300783 -0.0958157033 0.347123981 2.28952646 -0.379722536 0.59220022 2.67379379 -0.294039071 0.479315341 2.51117277 -0.484752715 0.61012423 2.14312148 -0.384998173 0.639677286 2.16513801 -0.118801549 0.839912355 2.50341797 -0.304659665 0.781694174 2.38781357 -0.0691496208 0.733876228 2.35218978 -0.499864787 0.727192163 2.1912477 -0.186567515 0.709815621 2.17830229 -0.34308517 0.782579005 2.30122972 -0.410623997 0.844925821 2.3901484 -0.295847863 0.775041401 2.27662063 -0.278699547 0.810694873 2.32217574 -0.157373264 1.04386365 2.10701489 -0.292319417 1.03477681 2.20910454 -0.122728728 0.920233011 2.02950573 -0.162775487 1.08173275 2.30234504 -0.312679142 0.825940251 2.34551239 -0.0981167406 0.896397173 2.01174831 -0.377476126 0.99604702 2.18142104 -0.483888894 0.784009576 2.31384659 -0.471301347 0.701231897 2.14997602 -0.1417173 0.67528069 2.13064265 -0.375470519 0.877062976 2.44702697 -0.304923415 0.66904676 2.22010207 -0.333098739 0.684305429 2.23146963 -0.195657045 0.757630944 2.34644032 -0.170020968 0.787689984 2.40612864 -0.291618586 0.726628125 2.30685616 -0.275825262 0.7331025 2.32799435 -0.389142215 0.488650531 1.43130791 0.530433834 0.595367551 1.23726475 0.337999523 0.756410897 1.51767397 0.444332808 0.531212509 1.71188736 0.609977126 0.689905941 1.77109742 -0.0239350386 0.270639777 1.25817549 0.437926054 0.230989754 1.55150843 0.60601747 0.0538695231 1.81205499 0.171788543 0.417297482 2.00619769 0.176581785 0.47664988 1.46956742 -0.127326757 0.342077047 1.71424222 -0.0067652259 0.13483049 1.4915787 -0.0221407469 0.456156194 1.50071192 0.409917593 0.595367551 1.23726475 0.337999523 0.270639777 1.25817549 0.437926054 0.230989754 1.55150843 0.60601747 0.149252892 1.1014111 0.175210357 0.756410897 1.51767397 0.444332808 0.531212509 1.71188736 0.609977126 0.488169044 1.02381396 0.68663168 0.132732347 1.07610428 0.556215286 0.514900208 1.06476128 0.0701528415 0.395884424 1.00692928 0.371329904 0.724361658 1.01680362 0.38622874 -0.417656213 1.14573658 -0.223193422 -0.696157515 1.22058392 -0.164858878 -0.533942521 1.27601516 -0.458941668 -0.464713037 1.12878811 0.0672576949 -0.687264323 1.73890531 -0.0263486449 -0.202244252 1.21847808 -0.408578396 -0.159458101 1.12748671 -0.0833692402 -0.471908152 1.79215491 -0.339197665 -0.407094687 1.62778413 0.254634589 -0.0375751592 1.62620866 0.0722967833 -0.337235779 1.74599516 -0.070416458 -0.122751407 1.73158944 -0.286183566 -0.401458234 1.28802204 -0.170659512 -0.202244252 1.21847808 -0.408578396 -0.533942521 1.27601516 -0.458941668 -0.159458101 1.12748671 -0.0833692402 -0.0930356756 1.62017047 -0.492017895 -0.696157515 1.22058392 -0.164858878 -0.464713037 1.12878811 0.0672576949 -0.464237243 1.6749438 -0.564733744 -0.332820296 1.08140659 -0.678228319 -0.0118157519 1.2533443 -0.562161446 -0.291855425 1.40589476 -0.642926753 -0.612431943 1.34196925 -0.679818153 -0.248989269 2.78502536 -0.130777776 -0.146295443 2.80011988 -0.0375518128 -0.241302595 2.72446227 -0.0272000525 -0.171693936 2.71364641 0.0689473525 -0.0834773481 2.93555164 -0.0122128604 -0.358879536 2.67998505 -0.0913541391 -0.290084958 2.64510822 0.041541528 -0.1382633 2.74902344 0.217512131 -0.393638939 2.60118318 0.158396527 -0.304993361 2.90299225 -0.213306174 -0.481046885 2.70354891 -0.101355992 -0.571990609 2.87240863 0.313117057 -0.3325454 3.01102662 0.368545026 -0.488874793 3.15539074 -0.0353987254 -0.281176984 3.18591905 0.153150499 -0.668607414 2.96163058 0.0634663105 -0.428394973 3.0765729 0.322755098 -0.569183409 2.99506855 0.290164798 -0.625991762 3.04752922 0.143375829 -0.520313084 3.16145563 0.0852455497 -0.508414924 3.09200644 0.207529888 -0.398191482 3.17940569 0.196108177 -0.737169325 3.41542149 0.421758235 -0.567061603 3.32218528 0.542807579 -0.522522032 3.47382236 0.356051207 -0.702606976 3.4473567 0.192574263 -0.324113131 3.22585702 0.191367343 -0.774673343 3.20200276 0.494752228 -0.871685505 3.27326012 0.27278623 -0.685002506 3.01637363 0.108728103 -0.372605115 3.06076336 0.394696623 -0.598640382 2.9299159 0.342376947 -0.517616391 2.93786025 0.251836181 -0.384712726 3.01479554 0.282599062 -0.520178735 3.1970427 0.0133833624 -0.356200576 3.11186671 0.163046271 -0.459528565 3.03003955 0.173596904 -0.471482754 3.09492445 0.0583957881 -0.568097711 2.9889729 0.114360154 0.50461328 2.10771227 0.239919201 0.367268503 2.05144405 0.412865877 0.620892584 2.01199174 0.24517706 0.52354449 2.05340934 -0.00605495321 0.00172212056 2.08636665 0.0634500012 0.438736379 1.94460678 0.528257549 0.61883229 1.97762764 -0.0122147826 0.176813707 2.01910067 0.483135879 0.631024778 1.77106118 0.20968385 0.179661453 1.91901863 0.583306968 0.66222769 1.75673437 0.0160577837 0.485110849 1.72470248 0.40000245 0.616991222 1.94692063 -0.242215261 0.560897112 1.55754495 0.151210815 0.470636934 2.04058218 -0.254558295 0.644243419 1.71450508 -0.230874777 0.532339394 1.90185702 -0.402528763 0.561496675 1.52612805 -0.0840816796 0.258683085 1.98181331 -0.396650493 0.44753617 1.49360502 -0.216589764 0.579492748 1.67573547 -0.379497886 0.308401436 1.84939158 -0.471137881 0.356232673 1.60834587 -0.443923026 0.480089307 1.55190396 0.285519809 0.296648383 1.53192496 0.339304626 0.290511072 1.47198462 -0.268453598 -0.003235257 1.5718112 -0.42421633 0.236034438 1.70153821 0.507575512 0.00255708233 1.52820539 0.342155218 0.00424672989 1.69899237 0.509770691 0.00529234856 1.91323781 0.580403328 -0.00229955232 1.44174373 -0.262912452 0.00469507417 2.01097679 0.472955167 -0.167206585 2.01990724 0.485781848 -0.168982431 1.91983604 0.585988402 -0.227532879 1.70262504 0.511141002 -0.428750634 1.94664061 0.534929693 -0.358566016 2.05314589 0.418448478 -0.291522622 1.53330398 0.34382841 -0.295015812 1.47335744 -0.263950109 -0.478123069 1.72696078 0.407411039 -0.45112139 1.49571204 -0.209677875 -0.475673437 1.55414474 0.292870939 -0.558510244 1.56016946 0.159820586 -0.626728296 1.77401006 0.219357699 -0.614921629 2.01488924 0.254682183 -0.660972774 1.75983655 0.0262350142 -0.498289466 2.11006355 0.247632906 -0.616981983 1.98052514 -0.00270968117 -0.521256447 2.05585885 0.00198098808 -0.618823051 1.9498179 -0.232710123 -0.472238421 2.0427928 -0.247306272 -0.562876403 1.52876401 -0.0754337013 -0.64698714 1.7175324 -0.220943406 -0.536859512 1.90436387 -0.394305229 -0.584712803 1.67846489 -0.37054354 -0.362788528 1.61003172 -0.438392848 -0.31425184 1.85085142 -0.466348767 -0.00287804077 1.84288979 -0.460410714 -0.262773186 1.9830358 -0.392639756 -0.00212693564 1.96984696 -0.401458532 0.00492269592 1.53648126 -0.862643778 -0.0757379234 1.00732088 -0.571620166 -0.0152574657 0.914972126 -0.923901856 -0.177693993 0.70538342 -0.963242054 -0.345096052 0.963932037 -0.958861768 -0.0918373764 1.55023921 -0.555924952 -0.118887961 1.77079868 -0.855324566 -0.37632817 0.803323984 -0.632942915 -0.263356715 1.71851933 -0.515405238 -0.369518578 1.10674953 -0.436940491 -0.335359097 1.80293083 -0.87826854 -0.519788265 1.62620568 -0.573970199 -0.663034201 1.09449697 -0.633868277 -0.547355533 1.62059021 -0.920978606 -0.674935043 1.01289213 -0.99382174 -0.541318476 0.759358406 -1.00178289 0.193703383 0.589449227 0.723940194 0.387587517 0.492235303 0.881480932 0.231752574 0.955385745 0.754454017 0.0756812617 0.860121667 0.173267812 0.512539327 0.598129988 0.620591581 0.561657429 0.849785924 0.879917502 0.739082396 0.501805305 0.767546058 0.162746072 1.15895808 0.255393296 0.503604412 1.13752246 0.669280946 0.799458027 0.970842361 0.570435941 0.161297575 0.957156181 -0.0581221841 0.305078834 1.26775551 0.0902164206 0.573917568 1.20007217 0.119430311 0.370547861 0.962853312 -0.125949264 0.609200716 0.875582039 -0.00167861651 0.831375718 0.606810749 0.517242789 </float_array>
          <technique_common>
            <accessor count="341" offset="0" source="#Mario__BodyMT_BodyMT_0-positions-array" stride="3">
              <param name="X" type="float" />
              <param name="Y" type="float" />
              <param name="Z" type="float" />
            </accessor>
          </technique_common>
        </source>
        <source id="Mario__BodyMT_BodyMT_0-normals" name="Mario__BodyMT_BodyMT_0-normals">
          <float_array id="Mario__BodyMT_BodyMT_0-normals-array" count="1023"> -0.00623547751 0.759211302 0.650814354 -0.315909952 0.786538482 0.530620456 -0.606725931 0.434366286 0.665739894 -0.594660521 0.340907633 0.728121459 -0.423006207 0.262673736 0.867218673 -0.132183149 0.248779744 0.959497929 0.0350096561 0.431661367 0.901356101 0.762614727 0.315701693 0.56458056 0.519928098 0.714036584 0.468856633 0.230924278 0.738652825 0.633297741 0.743941426 0.224922076 0.62925452 0.58367449 0.174701869 0.792971194 0.311319828 0.210373461 0.926726997 0.171220124 0.419844866 0.891299009 -0.025119774 0.919179559 0.393036842 -0.00625701295 0.75922513 0.650798023 0.1131761 0.768028021 0.630336523 0.239366889 0.895918548 0.374210417 0.230934128 0.738657892 0.633288205 0.108634755 0.907853782 0.404969156 -0.0747169107 0.996935546 -0.0231704544 0.240050629 0.969649017 -0.0464379191 0.0840661004 0.995985389 -0.0307576563 0.0264100339 0.807289541 -0.589564323 -0.123553932 0.756375313 -0.642363489 0.156273469 0.732106209 -0.663022697 -0.0622324608 0.126540795 -0.990007341 -0.632364392 0.705865562 -0.319169402 -0.526329577 0.344067335 -0.777556956 -0.883340359 0.452340633 -0.122872777 -0.525169909 0.838649809 0.144440591 -0.628929615 0.200435564 -0.751181126 -0.726625383 0.620282531 0.295406818 -0.964589834 0.201278627 -0.170450464 -0.947592974 0.241386428 0.209284827 0.690346122 0.591229379 -0.416977227 0.677115142 0.733749866 0.0559126809 0.920125604 0.296125829 -0.256278008 0.458279699 0.257427931 -0.850711823 0.857220292 0.483075589 0.178357318 0.53755945 0.098591283 -0.837442338 0.995129347 0.0736408234 0.0655335337 0.949393451 0.0360696167 -0.312011302 -0.315903336 0.78653568 0.530628562 -0.00625562575 0.759230137 0.650792181 -0.0251499824 0.919176221 0.393042713 -0.525168121 0.838650763 0.144441575 -0.0747207701 0.996935129 -0.0231754333 -0.726619661 0.620284021 0.295417637 -0.632367074 0.705856442 -0.319184244 -0.606752992 0.434361905 0.665718079 -0.123548269 0.756377995 -0.642361403 -0.94759053 0.241381481 0.209301576 -0.526331544 0.344097167 -0.777542472 -0.594628334 0.340930939 0.728136837 -0.0622145385 0.126493111 -0.990014553 -0.822768271 0.0215457436 0.567968428 -0.628914714 0.200449437 -0.751189947 -0.423008233 0.262705326 0.867208123 -0.939857423 -0.124525569 0.318058729 -0.964595079 0.201262638 -0.17043978 -0.710132658 -0.175290629 0.681897938 -0.387062699 -0.21602875 0.896389425 -0.991716146 -0.128428176 -0.00230283546 -0.0509481728 0.0403006896 0.99788785 -0.132181004 0.248784289 0.959497035 -0.919556856 -0.0755254254 -0.385630786 0.087991938 0.179593444 0.979797721 0.0350332707 0.431657106 0.901357174 0.113182552 0.768048346 0.630310655 -0.00626845798 0.759218037 0.650806129 0.103602909 0.430388898 0.896678209 0.171237633 0.419859022 0.891288996 0.230940506 0.738659322 0.633284211 0.311324686 0.210361585 0.92672807 0.519947767 0.714045703 0.4688209 0.239391044 0.895913959 0.374205977 0.230906188 0.738667309 0.63328743 0.202111498 0.0179769397 0.979197502 0.677111089 0.733753979 0.055907663 0.240054592 0.969647765 -0.0464435332 0.857224286 0.483070612 0.178351521 0.690355003 0.591229618 -0.416962236 0.762597561 0.315693229 0.564608455 0.156268552 0.732101381 -0.663029194 0.995129466 0.0736345574 0.0655383989 0.458282381 0.257446915 -0.85070461 0.74393487 0.224912032 0.629265845 0.537534118 0.0986120477 -0.837456107 0.888398707 -0.126030147 0.441434145 0.583675742 0.174670249 0.792977214 0.940878749 -0.28756246 0.179039285 0.949389398 0.0361103639 -0.312018991 0.761327505 -0.303183675 0.573114336 0.471010983 -0.290076137 0.833069324 0.16380468 -0.224481508 0.960612357 0.370306402 -0.775973141 0.510625899 0.583855033 -0.721886456 0.371474504 0.0751582012 0.0168439783 0.997029364 0.125717893 -0.721140623 0.681286395 -0.0578788109 -0.205271348 0.97699219 0.0578768216 -0.171039343 0.983562827 -0.419251859 -0.707405567 0.569038868 -0.146591142 -0.697517753 0.701412857 -0.00910164695 -0.707524717 0.706629992 -0.638083458 -0.616158128 0.461734354 -0.0788207799 -0.992138505 0.0972033143 -0.701997757 -0.642109454 0.308049649 -0.690047264 -0.715721071 0.107601419 -0.680533707 -0.726118386 -0.0981116071 -0.270729065 -0.182941422 -0.945112824 -0.258493245 -0.817927778 -0.513979971 -0.0777810067 -0.0481300727 -0.995808005 -0.094920598 -0.280509144 -0.955146432 -0.110962808 -0.869383276 -0.481518388 0.0944889411 -0.214232892 -0.972201705 0.0369048566 -0.843387544 -0.536036849 0.826683104 -0.226972118 -0.514857948 0.524496436 -0.830581129 -0.187185675 0.944092751 -0.295862406 -0.145445183 0.565803647 -0.824408591 0.014720045 0.619147062 -0.75655216 0.210441932 -0.548501253 0.836131215 0.00556125399 -0.847101271 0.529046774 0.0502881035 -0.661919475 0.623047292 0.41674304 -0.916366339 0.233003944 0.325548589 0.136261865 0.413428336 0.900283098 -0.738653719 0.55494976 -0.382650524 -0.973560452 0.181923464 -0.138144508 -0.48100993 -0.553709745 0.679731548 -0.601328671 -0.644231498 -0.472619981 0.389051944 0.91247642 -0.126591265 -0.0772463903 0.263636857 -0.961524129 -0.319965363 -0.813700557 -0.485297352 -0.190623835 -0.720093727 0.66717881 0.659594297 0.739513993 -0.134366751 0.411910176 0.239222556 0.879262507 0.199764192 0.0909647867 -0.975612462 0.573164821 -0.768611848 0.284109026 0.511111915 -0.814801276 -0.273611814 0.770402253 -0.376639277 -0.514415443 0.99265188 -0.0596667342 -0.105271704 0.847101212 -0.529046893 -0.0502878316 0.870973051 -0.301390588 0.388033092 0.846308053 -0.530333102 -0.050094761 0.463954538 0.201511145 0.862635195 -0.131730363 -0.744099498 0.654952705 0.711650729 0.69036907 -0.130168319 0.161431134 0.398326755 0.902926266 -0.258762121 -0.843387246 -0.470892876 0.257697225 0.0523760803 -0.964805126 -0.0514661595 0.249662563 -0.966964245 -0.449628115 -0.574482024 0.683962703 -0.578908682 -0.668328762 -0.467120379 0.409266084 0.904194772 -0.12220107 -0.975094676 0.123421408 -0.184275672 -0.914899826 0.167258292 0.367400318 -0.622395575 0.626316309 0.469416291 -0.501423657 0.865017891 -0.0178428795 -0.847101092 0.529047072 0.0502883159 -0.71675688 0.553227842 -0.424497962 0.234089985 -0.459371239 0.856842995 0.460955083 -0.863861024 -0.203136623 0.982141256 0.0292306356 0.185860589 0.257603496 0.666182935 0.699886262 0.854405344 0.329275012 -0.401957035 -0.590451777 -0.798912108 0.114482224 -0.697972178 0.137690052 0.702763319 -0.886744082 0.442775548 0.132795885 0.113887064 0.979679644 0.165098652 0.300686359 -0.586001337 -0.752456069 -0.234030023 0.459364235 -0.856863141 -0.733322382 -0.523270488 -0.434080958 0.11967431 0.990263164 0.0711117536 0.253645539 -0.491427034 -0.833164692 -0.744241536 -0.411237478 -0.526296735 -0.868602455 0.495249152 0.0160654131 -0.763907671 -0.248506621 -0.595558167 0.779425561 0.389388382 -0.490787596 0.069195874 0.99748683 0.0152310412 0.198413506 -0.476493239 0.856496513 -0.814526498 -0.306680262 0.492436618 0.26153183 -0.340203434 -0.903251171 -0.119647548 -0.990277052 -0.0709633976 0.879269481 -0.476312697 0.00338061433 -0.128379554 -0.959277332 -0.251606226 -0.959446371 -0.27719447 0.0512439944 -0.439588368 -0.0506755225 -0.896768689 -0.217374504 -0.551167905 0.805581927 -0.903587699 0.37420249 0.208570674 0.633947015 -0.232452154 -0.737615883 0.756526351 -0.574529469 0.312384039 -0.346504778 0.561456859 -0.751465678 -0.141057834 0.0531608835 0.988573015 0.874805212 0.0670645535 0.479810566 0.128212497 0.959315598 0.251545548 0.709878922 0.377182722 -0.594815195 -0.219653443 -0.230073512 0.948060393 0.706763268 0.493182182 -0.507205069 -0.311688185 0.66641283 -0.677306712 0.842932284 0.190195426 0.503280103 0.679952085 0.730294883 -0.0658375621 -0.840400219 0.481940418 0.247913033 -0.11167106 0.207236886 0.971896291 -0.364391208 0.8949911 -0.257312924 -0.000737648399 -0.79826355 -0.602307916 0.914250851 -0.317743242 -0.251365513 0.219296545 0.229991093 -0.948163033 -0.806311667 -0.0626744479 -0.588160992 0.462359071 -0.474047601 -0.749334991 0.773092508 -0.438952416 -0.457874179 0.522309959 -0.718693793 -0.45898968 0.694520235 -0.70633626 -0.136860237 0.858093441 0.488959491 -0.156825602 0.154364958 -0.785372555 -0.599467576 0.337850094 -0.917926192 -0.208011568 0.642117679 -0.23423402 0.729944766 -0.34391281 -0.796307206 0.497613132 -0.00278398884 0.361649126 -0.932310104 -0.727141678 -0.43775028 -0.528809667 -0.536610246 -0.523147285 0.662092388 0.447076172 0.0470782034 0.893256128 -0.185806364 0.624412358 -0.75867331 0.659123421 0.751933575 0.0123401433 -0.918178499 -0.170647383 -0.357530057 -0.225904271 0.601215005 0.766490519 -0.657132924 0.351049781 0.6670385 -0.831111848 0.512127936 0.216744199 -0.50739795 0.860823393 0.0391208827 -0.522310019 0.718693733 0.45898965 -0.133172244 0.915828884 0.378843755 -0.522192061 0.71810925 0.460037559 0.38118723 0.12074063 0.916579485 0.586125851 0.807993352 0.0600274652 -0.23392351 0.689827263 -0.685140967 0.850634396 0.504157007 -0.149153739 -0.566909432 -0.428417504 0.703613579 -0.950287342 -0.0869918689 -0.298975617 -0.738633454 -0.426521391 -0.522015452 0.632414162 -0.212171093 0.745007217 -0.348684222 -0.782362342 0.516070247 0.311624289 -0.929577887 -0.196914375 0.702181518 -0.704156101 -0.105381854 -0.00256192498 0.371762693 -0.928324282 0.784799814 -0.42148006 -0.454360873 0.522292793 -0.718703806 -0.458993554 0.446716487 -0.47073701 -0.760822594 0.151053861 -0.784111977 -0.601956129 0.236421123 0.963126183 0.128425002 0.108921602 0.899185359 0.423794508 0.837450862 0.452697575 0.306171447 0.272934824 0.95219928 -0.137197509 0.0017690846 0.997254491 -0.0740295127 0.500213742 0.288075298 0.816577494 0.827455997 0.5562343 -0.0769415051 -0.0238018613 0.894994318 0.445442021 0.922227383 -0.150325462 0.356228679 0.0685999915 0.149342954 0.986402929 0.980293989 -0.19224444 0.0454505347 0.609244943 -0.377961904 0.697112203 0.776120603 0.51913017 -0.357967407 0.64785248 -0.741431057 0.174834684 0.187726051 0.934652448 -0.301966429 0.929240167 -0.28044036 -0.240553409 0.518555522 0.320476353 -0.792713761 0.69087261 -0.722654939 -0.0215620622 -0.000222293151 0.845926762 -0.533299088 0.313813597 -0.939108551 -0.139986292 0.622052908 -0.337951899 -0.706285119 0.0766770318 0.0520416647 -0.995696902 0.160503671 -0.437769502 -0.884644806 0.250040531 -0.935619712 0.24918972 0.0976471826 -0.955460966 0.278494895 0.112077482 -0.984911919 -0.131860375 -0.00787438732 -0.478836 -0.87786907 0.126499712 -0.536113679 0.834613621 -3.7412854e-05 -0.958278894 0.285834819 0.005103698 -0.55407542 0.832450807 0.00778423622 0.0429685824 0.999046087 -0.00295866514 -0.996605098 -0.0822768211 0.00521408953 0.915952027 0.401253909 0.0348941833 0.894996762 0.444705755 -0.0527613759 0.14962545 0.987334013 -0.115917735 -0.535824597 0.836334288 -0.486238033 0.290388137 0.824164629 -0.0983632058 0.899653375 0.425380468 -0.0978521779 -0.954887152 0.280384541 -0.118668459 -0.984382093 -0.130037084 -0.600215256 -0.375126153 0.706414878 -0.320211589 -0.937678456 -0.134994999 -0.250284255 -0.934526801 0.253016621 -0.648407757 -0.738526642 0.18478556 -0.917209208 -0.146766752 0.370387405 -0.830390453 0.456909269 0.31888175 -0.980289459 -0.18804194 0.0606031939 -0.229890049 0.964219093 0.132030562 -0.826302588 0.5595631 -0.0641340613 -0.270545751 0.953471601 -0.13302964 -0.778458893 0.523714483 -0.34601289 -0.187964201 0.935533345 -0.299076617 -0.694603801 -0.719308197 -0.0110095879 -0.934134781 -0.27607125 -0.226222992 -0.529582322 0.3220734 -0.784736454 -0.634421289 -0.335006148 -0.696620822 -0.176248327 -0.437729537 -0.881662846 -0.091731444 0.0528296493 -0.994381428 -0.00752928853 0.0626238286 -0.998008788 -0.00411693845 0.84600091 -0.533165574 -0.00237181922 0.827710509 -0.561150372 0.52690953 0.138269737 -0.838598728 0.757529974 -0.277254194 0.590997815 0.669330359 -0.0913128927 -0.737332225 0.35084191 -0.911657751 -0.213986099 0.118664145 0.0935784578 -0.988515019 0.72573936 0.167379409 0.667297959 0.340729415 0.403394103 -0.84922123 -0.16778709 -0.80531615 0.568606496 0.0464063734 0.574295104 0.81733197 -0.121898077 -0.146431252 0.981681585 -0.017426528 0.473164797 -0.880801558 -0.718292654 0.402156115 0.567737758 -0.89697969 -0.0942168832 0.431915104 -0.298977047 0.264287323 -0.916932344 -0.482273728 0.0426086411 -0.874983728 -0.535885334 -0.800139785 -0.26944983 -0.631558657 -0.77087605 -0.0829685628 -0.200106934 -0.541331232 0.816650331 -0.717049599 0.400761098 0.570289731 -0.524510324 -0.775790632 -0.350767493 -0.111206964 -0.901252568 -0.418780178 0.27949205 0.265746146 0.922639251 0.659123361 -0.489050716 0.571301818 -0.756489217 0.628392577 0.181237131 0.122783788 0.87669456 0.465113729 0.891614854 0.437804848 0.115541451 -0.381719649 -0.680214643 -0.625778079 -0.152381167 0.959566653 -0.236668155 0.635057092 0.723331094 -0.271098942 -0.0386641324 -0.658828974 -0.751298547 0.273021936 -0.744028151 -0.609820604 0.487821758 -0.767922759 -0.415119916 </float_array>
          <technique_common>
            <accessor count="341" offset="0" source="#Mario__BodyMT_BodyMT_0-normals-array" stride="3">
              <param name="X" type="float" />
              <param name="Y" type="float" />
              <param name="Z" type="float" />
            </accessor>
          </technique_common>
        </source>
        <source id="Mario__BodyMT_BodyMT_0-tex0" name="Mario__BodyMT_BodyMT_0-tex0">
          <float_array id="Mario__BodyMT_BodyMT_0-tex0-array" count="682"> 0.0509643555 0.0429077148 0.341308594 0.0172729492 0.498046875 0.186889648 0.512207031 0.348876953 0.326660156 0.506835938 0.0696411133 0.470703125 -0.0297393799 0.251708984 0.498046875 0.186889648 0.341308594 0.0172729492 0.0509643555 0.0429077148 0.512207031 0.348876953 0.326660156 0.506835938 0.0696411133 0.470703125 -0.0297393799 0.251708984 0.756835938 0.87890625 0.759765625 0.892089844 0.74609375 0.892089844 0.756835938 0.87890625 0.759765625 0.892089844 0.74609375 0.87890625 0.755859375 0.874511719 0.755859375 0.874511719 0.74609375 0.874023438 0.74609375 0.875488281 0.755859375 0.876464844 0.755859375 0.876464844 0.74609375 0.890625 0.772949219 0.640136719 0.771484375 0.645996094 0.782226562 0.65234375 0.774902344 0.641601562 0.776855469 0.661132812 0.779296875 0.653320312 0.78515625 0.665527344 0.78515625 0.6640625 0.772949219 0.640136719 0.774902344 0.641601562 0.782226562 0.65234375 0.771484375 0.645996094 0.779296875 0.653320312 0.776855469 0.661132812 0.78515625 0.6640625 0.78515625 0.665527344 0.12512207 -1.265625 0.0892944336 -1.26464844 0.0774536133 -1.31542969 0.12902832 -1.30957031 0.0744628906 -1.33496094 0.148193359 -1.25976562 0.121276855 -1.31542969 0.146240234 -1.2421875 0.075012207 -1.32714844 0.173583984 -1.21386719 0.113464355 -1.29003906 0.149169922 -1.22070312 0.0358886719 -1.26953125 0.160766602 -1.18945312 0.136962891 -1.22558594 0.127929688 -1.20117188 0.16796875 -1.15820312 0.173583984 -1.20703125 0.148071289 -1.15234375 0.118408203 -1.14257812 0.171264648 -1.15820312 0.0915527344 -1.17480469 0.0979614258 -1.20996094 0.154174805 -1.15527344 0.0358886719 -1.20898438 0.0820922852 -1.23828125 0.0358886719 -1.26464844 0.0892944336 -1.26464844 0.0358886719 -1.23828125 0.0820922852 -1.23828125 0.0892944336 -1.26464844 0.0979614258 -1.20996094 0.12512207 -1.265625 0.0774536133 -1.31542969 0.0892944336 -1.26464844 0.0915527344 -1.17480469 0.12902832 -1.30957031 0.0744628906 -1.33496094 0.148193359 -1.25976562 0.121276855 -1.31542969 0.146240234 -1.2421875 0.075012207 -1.32714844 0.173583984 -1.21386719 0.113464355 -1.29003906 0.149169922 -1.22070312 0.136962891 -1.22558594 0.160766602 -1.18945312 0.127929688 -1.20117188 0.16796875 -1.15820312 0.173583984 -1.20703125 0.148071289 -1.15234375 0.118408203 -1.14257812 0.0750732422 -1.13671875 0.11151123 -1.10351562 0.138671875 -1.11425781 0.0358886719 -1.17578125 0.0718383789 -1.09863281 0.0750732422 -1.13671875 0.0358886719 -1.13476562 0.11151123 -1.10351562 0.0718383789 -1.09863281 0.0358886719 -1.09765625 0.138671875 -1.11425781 0.0358886719 -1.08691406 0.156982422 -1.11816406 0.16003418 -1.11816406 0.144287109 -1.11621094 0.12310791 -1.15039062 0.115844727 -1.11132812 0.0358886719 -1.20898438 0.0358886719 -1.14648438 0.0358886719 -1.10742188 0.12310791 -1.15039062 0.115844727 -1.11132812 0.154174805 -1.15527344 0.144287109 -1.11621094 0.171264648 -1.15820312 0.16003418 -1.11816406 0.156982422 -1.11816406 0.639648438 0.8125 0.639648438 0.814941406 0.639648438 0.813964844 0.639648438 0.816894531 0.641113281 0.813476562 0.639648438 0.813964844 0.639648438 0.816894531 0.641113281 0.819335938 0.641113281 0.819335938 0.641113281 0.809570312 0.641113281 0.813476562 0.648925781 0.818847656 0.648925781 0.818847656 0.648925781 0.810058594 0.648925781 0.813476562 0.648925781 0.813476562 0.649902344 0.817382812 0.649902344 0.817382812 0.649902344 0.813964844 0.649902344 0.812011719 0.649902344 0.814941406 0.649902344 0.813964844 0.658691406 0.814941406 0.657226562 0.813476562 0.657226562 0.817871094 0.657226562 0.811035156 0.650390625 0.813476562 0.657226562 0.817871094 0.657226562 0.813476562 0.650390625 0.813476562 0.650390625 0.818359375 0.650390625 0.818359375 0.650390625 0.810546875 0.649414062 0.816894531 0.649414062 0.816894531 0.649414062 0.813964844 0.649414062 0.8125 0.649414062 0.814941406 0.649414062 0.813964844 0.836425781 0.314453125 0.866210938 0.306152344 0.881835938 0.306152344 0.834960938 0.306152344 0.891113281 0.217773438 0.809570312 0.306152344 0.790527344 0.306152344 0.780761719 0.217773438 0.834472656 0.217773438 0.867675781 0.217773438 0.836425781 0.21105957 0.808105469 0.217773438 0.836425781 0.297851562 0.866210938 0.306152344 0.809570312 0.306152344 0.790527344 0.306152344 0.806640625 0.372070312 0.881835938 0.306152344 0.834960938 0.306152344 0.834960938 0.372070312 0.784667969 0.372070312 0.869628906 0.372070312 0.836425781 0.380371094 0.887207031 0.372070312 0.836425781 0.314453125 0.881835938 0.306152344 0.866210938 0.306152344 0.834960938 0.306152344 0.891113281 0.217773438 0.809570312 0.306152344 0.790527344 0.306152344 0.867675781 0.217773438 0.834472656 0.217773438 0.780761719 0.217773438 0.836425781 0.21105957 0.808105469 0.217773438 0.836425781 0.297851562 0.809570312 0.306152344 0.866210938 0.306152344 0.790527344 0.306152344 0.806640625 0.372070312 0.881835938 0.306152344 0.834960938 0.306152344 0.869628906 0.372070312 0.834960938 0.372070312 0.784667969 0.372070312 0.836425781 0.380371094 0.887207031 0.372070312 0.639648438 0.8125 0.639648438 0.813964844 0.639648438 0.814941406 0.639648438 0.816894531 0.641113281 0.813476562 0.639648438 0.813964844 0.639648438 0.816894531 0.641113281 0.819335938 0.641113281 0.819335938 0.641113281 0.809570312 0.641113281 0.813476562 0.648925781 0.818847656 0.648925781 0.818847656 0.648925781 0.810058594 0.648925781 0.813476562 0.648925781 0.813476562 0.649902344 0.817382812 0.649902344 0.817382812 0.649902344 0.813964844 0.649902344 0.812011719 0.649902344 0.814941406 0.649902344 0.813964844 0.658691406 0.814941406 0.657226562 0.817871094 0.657226562 0.813476562 0.657226562 0.811035156 0.650390625 0.813476562 0.657226562 0.817871094 0.657226562 0.813476562 0.650390625 0.813476562 0.650390625 0.818359375 0.650390625 0.818359375 0.649414062 0.816894531 0.649414062 0.816894531 0.650390625 0.810546875 0.649414062 0.813964844 0.649414062 0.814941406 0.649414062 0.8125 0.649414062 0.813964844 0.86328125 0.153808594 0.840332031 0.166870117 0.882324219 0.169555664 0.866699219 0.151367188 0.780273438 0.147583008 0.852050781 0.186889648 0.882324219 0.169555664 0.80859375 0.173706055 0.884277344 0.208374023 0.809082031 0.192382812 0.889648438 0.206542969 0.859863281 0.220214844 0.882324219 0.169555664 0.873046875 0.2421875 0.858398438 0.153930664 0.887207031 0.208007812 0.868652344 0.173461914 0.873535156 0.2421875 0.823242188 0.160522461 0.854492188 0.244628906 0.876464844 0.211181641 0.831542969 0.180664062 0.83984375 0.220825195 0.859375 0.24609375 0.828613281 0.250488281 0.828613281 0.247192383 0.780273438 0.227416992 0.818359375 0.22644043 0.780273438 0.251220703 0.780273438 0.226928711 0.780273438 0.193359375 0.780273438 0.252197266 0.780273438 0.174926758 0.80859375 0.173706055 0.809082031 0.192382812 0.818359375 0.22644043 0.852050781 0.186889648 0.840332031 0.166870117 0.828613281 0.250488281 0.828613281 0.247192383 0.859863281 0.220214844 0.854492188 0.244628906 0.859375 0.24609375 0.873046875 0.2421875 0.884277344 0.208374023 0.882324219 0.169555664 0.889648438 0.206542969 0.86328125 0.153808594 0.882324219 0.169555664 0.866699219 0.151367188 0.882324219 0.169555664 0.858398438 0.153930664 0.873535156 0.2421875 0.887207031 0.208007812 0.868652344 0.173461914 0.876464844 0.211181641 0.83984375 0.220825195 0.831542969 0.180664062 0.780273438 0.182006836 0.823242188 0.160522461 0.780273438 0.162475586 0.920898438 0.948242188 0.920410156 0.937011719 0.918945312 0.948242188 0.923339844 0.948242188 0.9296875 0.948242188 0.923339844 0.937988281 0.926269531 0.948242188 0.929199219 0.9375 0.929199219 0.936523438 0.9296875 0.932128906 0.933105469 0.948242188 0.9375 0.9375 0.939453125 0.937011719 0.939453125 0.948242188 0.940917969 0.948242188 0.935546875 0.948242188 0.918945312 0.948242188 0.923339844 0.948242188 0.920410156 0.937011719 0.920898438 0.948242188 0.9296875 0.948242188 0.929199219 0.9375 0.935546875 0.948242188 0.923339844 0.937988281 0.9296875 0.932128906 0.939453125 0.937011719 0.926269531 0.948242188 0.929199219 0.936523438 0.9375 0.9375 0.933105469 0.948242188 0.939453125 0.948242188 0.940917969 0.948242188 </float_array>
          <technique_common>
            <accessor count="341" offset="0" source="#Mario__BodyMT_BodyMT_0-tex0-array" stride="2">
              <param name="S" type="float" />
              <param name="T" type="float" />
            </accessor>
          </technique_common>
        </source>
        <source id="Mario__BodyMT_BodyMT_0-color0" name="Mario__BodyMT_BodyMT_0-color0">
          <float_array id="Mario__BodyMT_BodyMT_0-color0-array" count="1023"> 0.996078432 0.996078432 0.996078432 0.996078432 0.996078432 0.996078432 0.996078432 0.996078432 0.996078432 0.996078432 0.996078432 0.996078432 0.996078432 0.996078432 0.996078432 0.996078432 0.996078432 0.996078432 0.996078432 0.996078432 0.996078432 0.996078432 0.996078432 0.996078432 0.996078432 0.996078432 0.996078432 0.996078432 0.996078432 0.996078432 0.996078432 0.996078432 0.996078432 0.996078432 0.996078432 0.996078432 0.996078432 0.996078432 0.996078432 0.996078432 0.996078432 0.996078432 0.996078432 0.996078432 0.996078432 0.996078432 0.996078432 0.996078432 0.996078432 0.996078432 0.996078432 0.996078432 0.996078432 0.996078432 0.996078432 0.996078432 0.996078432 0.996078432 0.996078432 0.996078432 0.996078432 0.996078432 0.996078432 0.996078432 0.996078432 0.996078432 0.996078432 0.996078432 0.996078432 0.996078432 0.996078432 0.996078432 0.996078432 0.996078432 0.996078432 0.996078432 0.996078432 0.996078432 0.996078432 0.996078432 0.996078432 0.996078432 0.996078432 0.996078432 0.996078432 0.996078432 0.996078432 0.996078432 0.996078432 0.996078432 0.996078432 0.996078432 0.996078432 0.996078432 0.996078432 0.996078432 0.996078432 0.996078432 0.996078432 0.996078432 0.996078432 0.996078432 0.996078432 0.996078432 0.996078432 0.996078432 0.996078432 0.996078432 0.996078432 0.996078432 0.996078432 0.996078432 0.996078432 0.996078432 0.996078432 0.996078432 0.996078432 0.996078432 0.996078432 0.996078432 0.996078432 0.996078432 0.996078432 0.996078432 0.996078432 0.996078432 0.996078432 0.996078432 0.996078432 0.996078432 0.996078432 0.996078432 0.996078432 0.996078432 0.996078432 0.996078432 0.996078432 0.996078432 0.996078432 0.996078432 0.996078432 0.996078432 0.996078432 0.996078432 0.996078432 0.996078432 0.996078432 0.996078432 0.996078432 0.996078432 0.996078432 0.996078432 0.996078432 0.996078432 0.996078432 0.996078432 0.996078432 0.996078432 0.996078432 0.996078432 0.996078432 0.996078432 0.996078432 0.996078432 0.996078432 0.996078432 0.996078432 0.996078432 0.996078432 0.996078432 0.996078432 0.996078432 0.996078432 0.996078432 0.996078432 0.996078432 0.996078432 0.996078432 0.996078432 0.996078432 0.996078432 0.996078432 0.996078432 0.996078432 0.996078432 0.996078432 0.996078432 0.996078432 0.996078432 0.996078432 0.996078432 0.996078432 0.996078432 0.996078432 0.996078432 0.996078432 0.996078432 0.996078432 0.996078432 0.996078432 0.996078432 0.996078432 0.996078432 0.996078432 0.996078432 0.996078432 0.996078432 0.996078432 0.996078432 0.996078432 0.996078432 0.996078432 0.996078432 0.996078432 0.996078432 0.996078432 0.996078432 0.996078432 0.996078432 0.996078432 0.996078432 0.996078432 0.996078432 0.996078432 0.996078432 0.996078432 0.996078432 0.996078432 0.996078432 0.996078432 0.996078432 0.996078432 0.996078432 0.996078432 0.996078432 0.996078432 0.996078432 0.996078432 0.996078432 0.996078432 0.996078432 0.996078432 0.996078432 0.996078432 0.996078432 0.996078432 0.996078432 0.996078432 0.996078432 0.996078432 0.996078432 0.996078432 0.996078432 0.996078432 0.996078432 0.996078432 0.996078432 0.996078432 0.996078432 0.996078432 0.996078432 0.996078432 0.996078432 0.996078432 0.996078432 0.996078432 0.996078432 0.996078432 0.996078432 0.996078432 0.996078432 0.996078432 0.996078432 0.996078432 0.996078432 0.996078432 0.996078432 0.996078432 0.996078432 0.996078432 0.996078432 0.996078432 0.996078432 0.996078432 0.996078432 0.996078432 0.996078432 0.996078432 0.996078432 0.996078432 0.996078432 0.996078432 0.996078432 0.996078432 0.996078432 0.996078432 0.996078432 0.996078432 0.996078432 0.996078432 0.996078432 0.996078432 0.996078432 0.996078432 0.996078432 0.996078432 0.996078432 0.996078432 0.996078432 0.996078432 0.996078432 0.996078432 0.996078432 0.996078432 0.996078432 0.996078432 0.996078432 0.996078432 0.996078432 0.996078432 0.996078432 0.996078432 0.996078432 0.996078432 0.996078432 0.996078432 0.996078432 0.996078432 0.996078432 0.996078432 0.996078432 0.996078432 0.996078432 0.996078432 0.996078432 0.996078432 0.996078432 0.996078432 0.996078432 0.996078432 0.996078432 0.996078432 0.996078432 0.996078432 0.996078432 0.996078432 0.996078432 0.996078432 0.996078432 0.996078432 0.996078432 0.996078432 0.996078432 0.996078432 0.996078432 0.996078432 0.996078432 0.996078432 0.996078432 0.996078432 0.996078432 0.996078432 0.996078432 0.996078432 0.996078432 0.996078432 0.996078432 0.996078432 0.996078432 0.996078432 0.996078432 0.996078432 0.996078432 0.996078432 0.996078432 0.996078432 0.996078432 0.996078432 0.996078432 0.996078432 0.996078432 0.996078432 0.996078432 0.996078432 0.996078432 0.996078432 0.996078432 0.996078432 0.996078432 0.996078432 0.996078432 0.996078432 0.996078432 0.996078432 0.996078432 0.996078432 0.996078432 0.996078432 0.996078432 0.996078432 0.996078432 0.996078432 0.996078432 0.996078432 0.996078432 0.996078432 0.996078432 0.996078432 0.996078432 0.996078432 0.996078432 0.996078432 0.996078432 0.996078432 0.996078432 0.996078432 0.996078432 0.996078432 0.996078432 0.996078432 0.996078432 0.996078432 0.996078432 0.996078432 0.996078432 0.996078432 0.996078432 0.996078432 0.996078432 0.996078432 0.996078432 0.996078432 0.996078432 0.996078432 0.996078432 0.996078432 0.996078432 0.996078432 0.996078432 0.996078432 0.996078432 0.996078432 0.996078432 0.996078432 0.996078432 0.996078432 0.996078432 0.996078432 0.996078432 0.996078432 0.996078432 0.996078432 0.996078432 0.996078432 0.996078432 0.996078432 0.996078432 0.996078432 0.996078432 0.996078432 0.996078432 0.996078432 0.996078432 0.996078432 0.996078432 0.996078432 0.996078432 0.996078432 0.996078432 0.996078432 0.996078432 0.996078432 0.996078432 0.996078432 0.996078432 0.996078432 0.996078432 0.996078432 0.996078432 0.996078432 0.996078432 0.996078432 0.996078432 0.996078432 0.996078432 0.996078432 0.996078432 0.996078432 0.996078432 0.996078432 0.996078432 0.996078432 0.996078432 0.996078432 0.996078432 0.996078432 0.996078432 0.996078432 0.996078432 0.996078432 0.996078432 0.996078432 0.996078432 0.996078432 0.996078432 0.996078432 0.996078432 0.996078432 0.996078432 0.996078432 0.996078432 0.996078432 0.996078432 0.996078432 0.996078432 0.996078432 0.996078432 0.996078432 0.996078432 0.996078432 0.996078432 0.996078432 0.996078432 0.996078432 0.996078432 0.996078432 0.996078432 0.996078432 0.996078432 0.996078432 0.996078432 0.996078432 0.996078432 0.996078432 0.996078432 0.996078432 0.996078432 0.996078432 0.996078432 0.996078432 0.996078432 0.996078432 0.996078432 0.996078432 0.996078432 0.996078432 0.996078432 0.996078432 0.996078432 0.996078432 0.996078432 0.996078432 0.996078432 0.996078432 0.996078432 0.996078432 0.996078432 0.996078432 0.996078432 0.996078432 0.996078432 0.996078432 0.996078432 0.996078432 0.996078432 0.996078432 0.996078432 0.996078432 0.996078432 0.996078432 0.996078432 0.996078432 0.996078432 0.996078432 0.996078432 0.996078432 0.996078432 0.996078432 0.996078432 0.996078432 0.996078432 0.996078432 0.996078432 0.996078432 0.996078432 0.996078432 0.996078432 0.996078432 0.996078432 0.996078432 0.996078432 0.996078432 0.996078432 0.996078432 0.996078432 0.996078432 0.996078432 0.996078432 0.996078432 0.996078432 0.996078432 0.996078432 0.996078432 0.996078432 0.996078432 0.996078432 0.996078432 0.996078432 0.996078432 0.996078432 0.996078432 0.996078432 0.996078432 0.996078432 0.996078432 0.996078432 0.996078432 0.996078432 0.996078432 0.996078432 0.996078432 0.996078432 0.996078432 0.996078432 0.996078432 0.996078432 0.996078432 0.996078432 0.996078432 0.996078432 0.996078432 0.996078432 0.996078432 0.996078432 0.996078432 0.996078432 0.996078432 0.996078432 0.996078432 0.996078432 0.996078432 0.996078432 0.996078432 0.996078432 0.996078432 0.996078432 0.996078432 0.996078432 0.996078432 0.996078432 0.996078432 0.996078432 0.996078432 0.996078432 0.996078432 0.996078432 0.996078432 0.996078432 0.996078432 0.996078432 0.996078432 0.996078432 0.996078432 0.996078432 0.996078432 0.996078432 0.996078432 0.996078432 0.996078432 0.996078432 0.996078432 0.996078432 0.996078432 0.996078432 0.996078432 0.996078432 0.996078432 0.996078432 0.996078432 0.996078432 0.996078432 0.996078432 0.996078432 0.996078432 0.996078432 0.996078432 0.996078432 0.996078432 0.996078432 0.996078432 0.996078432 0.996078432 0.996078432 0.996078432 0.996078432 0.996078432 0.996078432 0.996078432 0.996078432 0.996078432 0.996078432 0.996078432 0.996078432 0.996078432 0.996078432 0.996078432 0.996078432 0.996078432 0.996078432 0.996078432 0.996078432 0.996078432 0.996078432 0.996078432 0.996078432 0.996078432 0.996078432 0.996078432 0.996078432 0.996078432 0.996078432 0.996078432 0.996078432 0.996078432 0.996078432 0.996078432 0.996078432 0.996078432 0.996078432 0.996078432 0.996078432 0.996078432 0.996078432 0.996078432 0.996078432 0.996078432 0.996078432 0.996078432 0.996078432 0.996078432 0.996078432 0.996078432 0.996078432 0.996078432 0.996078432 0.996078432 0.996078432 0.996078432 0.996078432 0.996078432 0.996078432 0.996078432 0.996078432 0.996078432 0.996078432 0.996078432 0.996078432 0.996078432 0.996078432 0.996078432 0.996078432 0.996078432 0.996078432 0.996078432 0.996078432 0.996078432 0.996078432 0.996078432 0.996078432 0.996078432 0.996078432 0.996078432 0.996078432 0.996078432 0.996078432 0.996078432 0.996078432 0.996078432 0.996078432 0.996078432 0.996078432 0.996078432 0.996078432 0.996078432 0.996078432 0.996078432 0.996078432 0.996078432 0.996078432 0.996078432 0.996078432 0.996078432 0.996078432 0.996078432 0.996078432 0.996078432 0.996078432 0.996078432 0.996078432 0.996078432 0.996078432 0.996078432 0.996078432 0.996078432 0.996078432 0.996078432 0.996078432 0.996078432 0.996078432 0.996078432 0.996078432 0.996078432 0.996078432 0.996078432 0.996078432 0.996078432 0.996078432 0.996078432 0.996078432 0.996078432 0.996078432 0.996078432 0.996078432 0.996078432 0.996078432 0.996078432 0.996078432 0.996078432 0.996078432 0.996078432 0.996078432 0.996078432 0.996078432 0.996078432 0.996078432 0.996078432 0.996078432 0.996078432 0.996078432 0.996078432 0.996078432 0.996078432 0.996078432 0.996078432 0.996078432 0.996078432 0.996078432 0.996078432 0.996078432 0.996078432 0.996078432 0.996078432 0.996078432 0.996078432 0.996078432 0.996078432 0.996078432 0.996078432 0.996078432 0.996078432 0.996078432 0.996078432 0.996078432 0.996078432 0.996078432 0.996078432 0.996078432 0.996078432 0.996078432 0.996078432 0.996078432 0.996078432 0.996078432 0.996078432 0.996078432 0.996078432 0.996078432 0.996078432 0.996078432 0.996078432 0.996078432 0.996078432 0.996078432 0.996078432 0.996078432 0.996078432 0.996078432 0.996078432 0.996078432 0.996078432 0.996078432 0.996078432 0.996078432 0.996078432 0.996078432 0.996078432 0.996078432 0.996078432 0.996078432 0.996078432 0.996078432 0.996078432 0.996078432 0.996078432 0.996078432 0.996078432 0.996078432 0.996078432 0.996078432 0.996078432 0.996078432 0.996078432 0.996078432 0.996078432 0.996078432 0.996078432 0.996078432 0.996078432 0.996078432 0.996078432 0.996078432 0.996078432 0.996078432 0.996078432 0.996078432 0.996078432 0.996078432 0.996078432 0.996078432 0.996078432 0.996078432 0.996078432 0.996078432 0.996078432 0.996078432 0.996078432 0.996078432 0.996078432 0.996078432 0.996078432 0.996078432 0.996078432 0.996078432 0.996078432 0.996078432 0.996078432 0.996078432 0.996078432 0.996078432 0.996078432 0.996078432 0.996078432 0.996078432 0.996078432 0.996078432 0.996078432 0.996078432 0.996078432 0.996078432 0.996078432 0.996078432 0.996078432 0.996078432 0.996078432 0.996078432 0.996078432 0.996078432 0.996078432 0.996078432 0.996078432 0.996078432 0.996078432 0.996078432 0.996078432 0.996078432 0.996078432 0.996078432 0.996078432 0.996078432 0.996078432 0.996078432 0.996078432 0.996078432 0.996078432 0.996078432 0.996078432 0.996078432 0.996078432 0.996078432 0.996078432 0.996078432 0.996078432 0.996078432 0.996078432 0.996078432 0.996078432 0.996078432 0.996078432 0.996078432 0.996078432 0.996078432 0.996078432 0.996078432 0.996078432 0.996078432 0.996078432 0.996078432 0.996078432 0.996078432 0.996078432 0.996078432 0.996078432 0.996078432 0.996078432 0.996078432 0.996078432 0.996078432 0.996078432 0.996078432 0.996078432 0.996078432 0.996078432 0.996078432 </float_array>
          <technique_common>
            <accessor count="341" offset="0" source="#Mario__BodyMT_BodyMT_0-color0-array" stride="3">
              <param name="R" type="float" />
              <param name="G" type="float" />
              <param name="B" type="float" />
            </accessor>
          </technique_common>
        </source>
        <vertices id="Mario__BodyMT_BodyMT_0-vertices">
          <input semantic="POSITION" source="#Mario__BodyMT_BodyMT_0-positions" />
        </vertices>
        <polylist count="554" material="defaultMaterial">
          <input offset="0" semantic="VERTEX" source="#Mario__BodyMT_BodyMT_0-vertices" />
          <input offset="0" semantic="NORMAL" source="#Mario__BodyMT_BodyMT_0-normals" />
          <input offset="0" semantic="TEXCOORD" source="#Mario__BodyMT_BodyMT_0-tex0" set="0" />
          <input offset="0" semantic="COLOR" source="#Mario__BodyMT_BodyMT_0-color0" set="0" />
          <vcount>3 3 3 3 3 3 3 3 3 3 3 3 3 3 3 3 3 3 3 3 3 3 3 3 3 3 3 3 3 3 3 3 3 3 3 3 3 3 3 3 3 3 3 3 3 3 3 3 3 3 3 3 3 3 3 3 3 3 3 3 3 3 3 3 3 3 3 3 3 3 3 3 3 3 3 3 3 3 3 3 3 3 3 3 3 3 3 3 3 3 3 3 3 3 3 3 3 3 3 3 3 3 3 3 3 3 3 3 3 3 3 3 3 3 3 3 3 3 3 3 3 3 3 3 3 3 3 3 3 3 3 3 3 3 3 3 3 3 3 3 3 3 3 3 3 3 3 3 3 3 3 3 3 3 3 3 3 3 3 3 3 3 3 3 3 3 3 3 3 3 3 3 3 3 3 3 3 3 3 3 3 3 3 3 3 3 3 3 3 3 3 3 3 3 3 3 3 3 3 3 3 3 3 3 3 3 3 3 3 3 3 3 3 3 3 3 3 3 3 3 3 3 3 3 3 3 3 3 3 3 3 3 3 3 3 3 3 3 3 3 3 3 3 3 3 3 3 3 3 3 3 3 3 3 3 3 3 3 3 3 3 3 3 3 3 3 3 3 3 3 3 3 3 3 3 3 3 3 3 3 3 3 3 3 3 3 3 3 3 3 3 3 3 3 3 3 3 3 3 3 3 3 3 3 3 3 3 3 3 3 3 3 3 3 3 3 3 3 3 3 3 3 3 3 3 3 3 3 3 3 3 3 3 3 3 3 3 3 3 3 3 3 3 3 3 3 3 3 3 3 3 3 3 3 3 3 3 3 3 3 3 3 3 3 3 3 3 3 3 3 3 3 3 3 3 3 3 3 3 3 3 3 3 3 3 3 3 3 3 3 3 3 3 3 3 3 3 3 3 3 3 3 3 3 3 3 3 3 3 3 3 3 3 3 3 3 3 3 3 3 3 3 3 3 3 3 3 3 3 3 3 3 3 3 3 3 3 3 3 3 3 3 3 3 3 3 3 3 3 3 3 3 3 3 3 3 3 3 3 3 3 3 3 3 3 3 3 3 3 3 3 3 3 3 3 3 3 3 3 3 3 3 3 3 3 3 3 3 3 3 3 3 3 3 3 3 3 3 3 3 3 3 3 3 3 3 3 3 3 3 3 3 3 3 3 3 3 3 3 3 3 3 3 3 3 3 3 3 3 3 3 3 3 3 3 3 3 3 3 3 3 3 3 3 3 3 3 3 3 3 3 3 3 3 </vcount>
          <p>0 1 2 3 0 2 3 4 0 0 4 5 0 5 6 7 8 9 10 7 9 10 9 11 9 12 11 9 13 12 14 15 16 17 16 18 19 14 16 19 16 17 20 14 19 21 19 17 20 19 22 22 19 21 23 20 22 23 22 21 24 20 23 23 21 25 24 23 26 23 25 26 27 28 29 27 29 30 29 28 31 29 32 30 29 31 33 29 34 32 29 33 34 35 36 37 35 37 38 36 39 37 37 40 38 37 39 41 37 42 40 37 41 42 43 44 45 43 45 46 46 45 47 48 43 46 46 47 49 50 43 48 47 51 49 50 48 52 49 51 53 54 50 52 51 55 53 54 52 56 53 55 57 58 54 56 56 52 59 52 60 59 58 56 61 56 59 61 62 58 61 60 63 59 62 64 58 64 65 58 66 63 60 57 66 60 64 67 65 65 67 68 68 69 70 71 69 68 67 71 68 71 72 69 67 72 71 72 73 69 74 72 67 75 76 77 78 74 67 75 79 76 79 80 76 81 79 75 79 82 80 83 81 75 80 82 84 85 81 83 86 84 82 87 85 83 55 84 86 88 55 86 89 85 87 90 89 87 78 90 74 89 91 85 91 92 85 90 93 89 93 91 89 78 94 90 94 93 90 95 94 78 94 96 93 95 96 94 93 97 91 96 97 93 98 95 78 98 78 67 98 67 64 95 99 96 100 98 64 100 64 62 101 95 98 100 101 98 101 99 95 102 100 62 102 62 61 103 101 100 102 103 100 101 104 99 103 104 101 102 61 105 61 59 105 102 106 103 103 106 104 102 105 106 104 106 99 99 106 96 96 106 97 105 59 107 105 107 106 107 59 63 108 107 63 106 107 108 66 108 63 66 109 108 106 108 109 110 109 66 57 110 66 110 111 109 106 109 111 112 110 57 55 112 57 88 112 55 113 111 110 112 113 110 113 114 111 114 106 111 115 113 112 88 115 112 116 114 113 115 116 113 116 106 114 117 115 88 92 117 88 118 116 115 117 118 115 118 106 116 92 119 117 91 119 92 120 118 117 119 120 117 120 106 118 91 121 119 121 120 119 121 106 120 97 121 91 97 106 121 122 123 124 123 125 124 122 124 126 124 125 126 122 127 123 123 128 125 123 127 128 128 129 125 126 125 129 127 130 128 128 130 129 122 131 127 122 126 131 127 132 130 127 131 132 130 133 129 132 133 130 126 129 134 134 129 133 126 135 131 131 135 132 126 134 136 126 136 135 132 137 133 132 135 137 134 133 138 137 139 133 133 139 138 135 140 137 137 140 139 135 141 140 136 141 135 140 142 139 141 142 140 138 139 142 136 143 141 143 142 141 138 142 143 134 143 136 134 138 143 144 145 146 144 147 145 146 145 148 145 147 148 144 146 149 144 150 147 144 149 150 150 151 147 149 151 150 149 146 152 146 148 152 149 153 151 149 152 153 147 154 148 147 151 154 153 152 155 151 153 155 152 148 156 152 156 155 148 154 157 148 157 156 151 158 154 154 158 157 156 157 159 158 159 157 155 156 159 151 160 158 151 155 160 160 159 158 155 159 160 161 162 163 161 163 164 162 165 163 164 163 165 161 166 162 161 164 167 161 167 166 167 164 168 166 167 168 164 165 169 164 169 168 162 170 165 166 170 162 165 171 169 170 171 165 168 169 171 166 172 170 166 168 172 170 172 171 168 171 172 173 174 175 173 175 176 174 177 175 176 175 177 173 178 174 179 173 176 179 178 173 179 176 180 179 180 178 176 177 181 176 181 180 174 182 177 178 182 174 177 183 181 177 182 183 180 181 183 178 184 182 178 180 184 184 183 182 180 183 184 185 186 187 185 188 186 187 186 189 188 189 186 185 187 190 185 191 188 185 190 191 187 189 192 187 192 190 188 193 189 191 194 188 188 194 193 190 194 191 189 193 195 194 195 193 192 189 195 190 196 194 190 192 196 196 195 194 192 195 196 197 198 199 200 198 197 201 199 198 200 201 198 197 199 202 203 200 197 203 197 202 201 204 199 202 199 204 203 205 200 203 202 205 200 206 201 200 205 206 201 206 207 205 207 206 201 207 204 202 208 205 205 208 207 202 204 208 208 204 207 209 210 211 210 212 211 209 213 210 210 213 212 209 211 214 211 212 215 211 215 214 212 216 215 213 216 212 214 215 217 215 216 217 209 214 218 209 218 213 214 217 219 214 219 218 217 216 220 217 220 219 213 221 216 221 220 216 213 218 222 218 219 222 213 223 221 213 222 223 219 220 224 219 224 222 221 225 220 220 226 224 220 225 226 222 224 227 224 226 227 222 227 228 223 222 228 227 226 229 228 227 229 225 229 226 223 228 230 230 228 229 225 230 229 221 223 230 221 230 225 231 232 233 231 233 234 232 235 233 233 235 234 231 236 232 231 234 237 231 237 236 237 234 238 237 238 236 236 239 232 232 239 235 236 240 239 236 238 240 240 241 239 238 241 240 239 242 235 239 241 242 234 235 243 234 243 238 235 242 244 235 244 243 241 245 242 242 245 244 243 244 246 246 244 245 238 243 246 247 245 241 238 247 241 247 246 245 238 246 247 248 249 250 251 248 250 248 252 249 251 252 248 250 249 253 251 250 254 249 255 253 249 252 255 250 253 256 250 256 254 253 255 257 254 256 258 256 253 259 260 254 258 251 254 260 258 256 261 256 259 261 262 251 260 262 252 251 260 258 263 262 260 264 264 260 263 263 258 265 258 261 265 266 262 264 266 252 262 265 261 267 263 265 267 264 263 268 263 267 268 264 268 269 266 264 269 268 267 270 269 268 270 267 261 271 261 259 271 267 271 272 271 259 272 270 267 273 267 272 273 269 270 274 270 273 274 272 259 275 253 275 259 253 257 275 273 272 276 272 275 276 257 277 275 276 275 277 257 278 277 255 278 257 273 276 279 273 279 274 255 280 278 255 252 280 278 280 281 280 252 281 277 278 282 278 281 282 277 282 283 276 277 283 282 281 284 283 282 284 284 281 285 281 252 285 276 283 286 279 276 287 276 286 287 279 287 274 283 288 286 283 284 288 287 286 289 286 288 290 286 290 289 288 291 290 289 290 291 288 284 292 288 292 291 284 293 292 284 285 293 291 292 294 285 295 293 285 252 295 292 293 296 292 296 294 293 295 297 293 297 296 252 297 295 298 296 297 298 294 296 299 297 252 298 297 299 300 291 294 289 291 300 300 294 301 301 294 298 289 300 301 302 298 299 302 301 298 289 301 303 303 301 302 304 289 303 287 289 304 274 287 304 304 303 305 274 304 305 305 303 302 306 274 305 269 274 306 266 269 306 307 305 302 306 305 307 307 302 299 307 299 252 266 306 308 306 307 308 266 308 252 308 307 252 309 310 311 311 310 312 313 309 311 313 311 312 309 314 310 313 315 309 315 314 309 312 310 316 315 317 314 314 318 310 317 318 314 310 318 316 319 317 315 313 319 315 317 320 318 319 320 317 316 318 321 320 321 318 319 322 320 322 321 320 313 322 319 323 321 322 313 323 322 324 316 321 324 321 323 313 324 323 312 316 324 313 312 324 325 326 327 325 327 328 329 326 325 329 325 328 326 330 327 329 331 326 326 331 330 328 327 332 327 330 333 332 327 333 331 334 330 330 334 333 335 328 332 329 328 335 336 332 333 335 332 336 336 333 337 337 333 334 335 336 338 338 336 337 329 335 338 338 337 339 329 338 339 339 337 334 329 339 340 340 339 334 329 340 331 331 340 334 </p>
        </polylist>
      </mesh>
    </geometry>
    <geometry id="CapHair__HairMT_HairMT_0" name="CapHair__HairMT_HairMT_0" >
      <mesh>
        <source id="CapHair__HairMT_HairMT_0-positions" name="CapHair__HairMT_HairMT_0-positions">
          <float_array id="CapHair__HairMT_HairMT_0-positions-array" count="165"> 0.315396965 3.91008496 0.315685958 0.287705183 4.03373098 0.33023721 0.0730958283 3.86766267 0.331888944 0.551882565 3.82692599 0.155352116 -0.0521269962 4.16330338 0.26121968 -0.203735977 3.87264633 0.216931656 0.683905661 4.0827055 0.0425334498 0.72342813 3.80111933 -0.00414238637 -0.26540339 4.01089573 0.119130932 -0.395620376 3.736835 0.118896693 0.753994107 3.93225336 -0.123935342 0.828929305 3.64236593 -0.1730863 -0.53180337 3.90189266 -0.157843024 -0.591222405 3.5177865 -0.116053164 0.848805666 3.79538417 -0.487036973 0.864190936 3.40550709 -0.463083535 0.747210562 4.13942385 -0.156122983 0.549623728 4.17717791 0.0873991475 0.574668527 3.49241614 -0.830450535 0.626882553 3.21467471 -0.682805717 0.466015875 4.20078993 0.215422526 0.233750895 4.22889709 -0.129879534 0.203573525 4.28160286 0.281094223 0.0870352462 4.2695179 0.121192276 -0.243788451 4.21587515 0.0801719278 -0.20325157 4.18842316 -0.247407809 0.560493886 4.12950325 -0.429516107 0.146945968 4.153234 -0.46945107 0.551819563 3.87326622 -0.745725155 -0.374684781 3.94474244 -0.524808407 0.0469960012 3.75890303 -0.761048913 0.291552126 3.39370346 -0.960710883 -0.488139272 3.57440758 -0.57703346 -0.508254707 3.30224609 -0.412142336 -0.311262578 3.4402082 -0.816975057 -0.37606746 3.08994579 -0.776893377 -0.444493592 3.07223082 -0.365870476 -0.0155728478 3.4352541 -0.918742537 -0.0301169697 3.06325698 -0.859382212 0.315833509 3.0365684 -0.941870987 0.558027267 2.99489045 -0.604912639 -0.0688687786 2.83115721 -0.946809351 0.339562714 2.98591185 -1.02337277 0.178006709 2.85138321 -1.01434088 0.555330157 2.80568981 -0.872341514 0.402748138 2.74216533 -0.587392092 0.368873954 2.83857632 -1.0433706 0.341797173 2.68278193 -0.823801696 0.0331768878 2.77067614 -0.499271125 -0.397345334 2.73980379 -0.647559762 -0.33639437 2.79918718 -0.411150157 -0.313931644 2.8893342 -0.897042513 -0.589577973 2.89401484 -0.599348366 -0.440916151 3.04612255 -0.837274551 -0.497125417 2.90538478 -0.836880744 </float_array>
          <technique_common>
            <accessor count="55" offset="0" source="#CapHair__HairMT_HairMT_0-positions-array" stride="3">
              <param name="X" type="float" />
              <param name="Y" type="float" />
              <param name="Z" type="float" />
            </accessor>
          </technique_common>
        </source>
        <source id="CapHair__HairMT_HairMT_0-normals" name="CapHair__HairMT_HairMT_0-normals">
          <float_array id="CapHair__HairMT_HairMT_0-normals-array" count="165"> 0.383842677 -0.0222554281 0.923130274 0.233198002 0.117688909 0.965281308 -0.226618931 0.109960891 0.967756391 0.607682526 0.0346318781 0.793424606 -0.353034198 0.41058442 0.840706408 -0.52286154 0.172959551 0.834686041 0.734698415 0.187241539 0.652042091 0.837146223 0.0679372698 0.542743742 -0.69920516 0.252340615 0.668906868 -0.773441613 0.270262659 0.5733639 0.957780838 0.121411435 0.260605216 0.978533745 0.135107934 0.155619889 -0.907281697 0.420307159 0.0134839937 -0.993578374 0.111324921 -0.0202193148 0.867118061 0.283424735 -0.409605533 0.883237958 -0.0334638208 -0.467729479 0.589240134 0.799117804 -0.119192116 0.266623318 0.963094771 0.0368850417 0.61466068 0.0286160056 -0.788272381 0.721000016 -0.263988048 -0.640678763 0.522813499 0.675806165 0.519569159 0.0652537271 0.985739529 -0.155111253 0.0931547806 0.827207029 0.554121554 -0.139643565 0.989591539 -0.0347603969 -0.512734056 0.843127251 0.161988482 -0.360041916 0.89127332 -0.275684118 0.323141038 0.838559151 -0.438632488 -0.076323539 0.809568107 -0.582043111 0.268741518 0.52995044 -0.804319918 -0.520943761 0.590871453 -0.616026402 -0.159329787 0.522874296 -0.837386727 0.00640442735 0.116389111 -0.993183017 -0.891559601 0.144814745 -0.429127246 -0.961583793 -0.134183541 -0.239481553 -0.434393376 0.150394902 -0.88807869 -0.550422549 0.0882207602 -0.830212116 -0.985993147 -0.0738376081 0.149551153 -0.224960253 0.0842541233 -0.970718384 -0.230101094 0.0242799241 -0.972863793 0.125623211 0.0360723212 -0.991421998 0.925844669 -0.221328124 -0.306309551 -0.166789889 -0.896979451 -0.409400821 0.448342383 0.591391861 -0.670257211 -0.23143366 -0.342216164 -0.910673678 0.941309035 -0.141377717 -0.306512117 0.0188470613 -0.993429244 0.112885602 0.271322727 -0.459348887 -0.845802903 -0.0886351764 -0.994330108 -0.0587494373 -0.0730009153 -0.99719578 0.0164756328 -0.0925562233 -0.994029105 -0.0577879213 -0.11018797 -0.983474731 0.143652767 -0.254220665 -0.340458155 -0.905240357 -0.98811698 0.00747492909 0.153521791 -0.610222578 0.67308706 -0.417830318 -0.685436964 -0.385543138 -0.617683291 </float_array>
          <technique_common>
            <accessor count="55" offset="0" source="#CapHair__HairMT_HairMT_0-normals-array" stride="3">
              <param name="X" type="float" />
              <param name="Y" type="float" />
              <param name="Z" type="float" />
            </accessor>
          </technique_common>
        </source>
        <source id="CapHair__HairMT_HairMT_0-tex0" name="CapHair__HairMT_HairMT_0-tex0">
          <float_array id="CapHair__HairMT_HairMT_0-tex0-array" count="110"> 0.271179527 0.269241631 0.271179527 0.269241631 0.271179527 0.269241631 0.271179527 0.269241631 0.271179527 0.269241631 0.271179527 0.269241631 0.271179527 0.269241631 0.271179527 0.269241631 0.271179527 0.269241631 0.271179527 0.269241631 0.271179527 0.269241631 0.271179527 0.269241631 0.271179527 0.269241631 0.271179527 0.269241631 0.271179527 0.269241631 0.271179527 0.269241631 0.271179527 0.269241631 0.271179527 0.269241631 0.271179527 0.269241631 0.271179527 0.269241631 0.271179527 0.269241631 0.271179527 0.269241631 0.271179527 0.269241631 0.271179527 0.269241631 0.271179527 0.269241631 0.271179527 0.269241631 0.271179527 0.269241631 0.271179527 0.269241631 0.271179527 0.269241631 0.271179527 0.269241631 0.271179527 0.269241631 0.271179527 0.269241631 0.271179527 0.269241631 0.271179527 0.269241631 0.271179527 0.269241631 0.271179527 0.269241631 0.271179527 0.269241631 0.271179527 0.269241631 0.271179527 0.269241631 0.271179527 0.269241631 0.271179527 0.269241631 0.271179527 0.269241631 0.271179527 0.269241631 0.271179527 0.269241631 0.271179527 0.269241631 0.271179527 0.269241631 0.271179527 0.269241631 0.271179527 0.269241631 0.271179527 0.269241631 0.271179527 0.269241631 0.271179527 0.269241631 0.271179527 0.269241631 0.271179527 0.269241631 0.271179527 0.269241631 0.271179527 0.269241631 </float_array>
          <technique_common>
            <accessor count="55" offset="0" source="#CapHair__HairMT_HairMT_0-tex0-array" stride="2">
              <param name="S" type="float" />
              <param name="T" type="float" />
            </accessor>
          </technique_common>
        </source>
        <source id="CapHair__HairMT_HairMT_0-color0" name="CapHair__HairMT_HairMT_0-color0">
          <float_array id="CapHair__HairMT_HairMT_0-color0-array" count="165"> 0.996078432 0.996078432 0.996078432 0.996078432 0.996078432 0.996078432 0.996078432 0.996078432 0.996078432 0.996078432 0.996078432 0.996078432 0.996078432 0.996078432 0.996078432 0.996078432 0.996078432 0.996078432 0.996078432 0.996078432 0.996078432 0.996078432 0.996078432 0.996078432 0.996078432 0.996078432 0.996078432 0.996078432 0.996078432 0.996078432 0.996078432 0.996078432 0.996078432 0.996078432 0.996078432 0.996078432 0.996078432 0.996078432 0.996078432 0.996078432 0.996078432 0.996078432 0.996078432 0.996078432 0.996078432 0.996078432 0.996078432 0.996078432 0.996078432 0.996078432 0.996078432 0.996078432 0.996078432 0.996078432 0.996078432 0.996078432 0.996078432 0.996078432 0.996078432 0.996078432 0.996078432 0.996078432 0.996078432 0.996078432 0.996078432 0.996078432 0.996078432 0.996078432 0.996078432 0.996078432 0.996078432 0.996078432 0.996078432 0.996078432 0.996078432 0.996078432 0.996078432 0.996078432 0.996078432 0.996078432 0.996078432 0.996078432 0.996078432 0.996078432 0.996078432 0.996078432 0.996078432 0.996078432 0.996078432 0.996078432 0.996078432 0.996078432 0.996078432 0.996078432 0.996078432 0.996078432 0.996078432 0.996078432 0.996078432 0.996078432 0.996078432 0.996078432 0.996078432 0.996078432 0.996078432 0.996078432 0.996078432 0.996078432 0.996078432 0.996078432 0.996078432 0.996078432 0.996078432 0.996078432 0.996078432 0.996078432 0.996078432 0.996078432 0.996078432 0.996078432 0.996078432 0.996078432 0.996078432 0.996078432 0.996078432 0.996078432 0.996078432 0.996078432 0.996078432 0.996078432 0.996078432 0.996078432 0.996078432 0.996078432 0.996078432 0.996078432 0.996078432 0.996078432 0.996078432 0.996078432 0.996078432 0.996078432 0.996078432 0.996078432 0.996078432 0.996078432 0.996078432 0.996078432 0.996078432 0.996078432 0.996078432 0.996078432 0.996078432 0.996078432 0.996078432 0.996078432 0.996078432 0.996078432 0.996078432 0.996078432 0.996078432 0.996078432 0.996078432 0.996078432 0.996078432 </float_array>
          <technique_common>
            <accessor count="55" offset="0" source="#CapHair__HairMT_HairMT_0-color0-array" stride="3">
              <param name="R" type="float" />
              <param name="G" type="float" />
              <param name="B" type="float" />
            </accessor>
          </technique_common>
        </source>
        <vertices id="CapHair__HairMT_HairMT_0-vertices">
          <input semantic="POSITION" source="#CapHair__HairMT_HairMT_0-positions" />
        </vertices>
        <polylist count="92" material="defaultMaterial">
          <input offset="0" semantic="VERTEX" source="#CapHair__HairMT_HairMT_0-vertices" />
          <input offset="0" semantic="NORMAL" source="#CapHair__HairMT_HairMT_0-normals" />
          <input offset="0" semantic="TEXCOORD" source="#CapHair__HairMT_HairMT_0-tex0" set="0" />
          <input offset="0" semantic="COLOR" source="#CapHair__HairMT_HairMT_0-color0" set="0" />
          <vcount>3 3 3 3 3 3 3 3 3 3 3 3 3 3 3 3 3 3 3 3 3 3 3 3 3 3 3 3 3 3 3 3 3 3 3 3 3 3 3 3 3 3 3 3 3 3 3 3 3 3 3 3 3 3 3 3 3 3 3 3 3 3 3 3 3 3 3 3 3 3 3 3 3 3 3 3 3 3 3 3 3 3 3 3 3 3 3 3 3 3 3 3 </vcount>
          <p>0 1 2 0 3 1 2 1 4 2 4 5 3 6 1 3 7 6 5 4 8 5 8 9 7 10 6 7 11 10 8 12 9 9 12 13 11 14 10 11 15 14 6 10 16 10 14 16 6 16 17 15 18 14 15 19 18 6 17 20 6 20 1 16 21 17 20 17 21 20 22 1 20 21 22 1 22 4 22 23 4 22 21 23 24 4 23 24 23 21 8 4 24 8 24 12 24 21 25 24 25 12 16 26 21 16 14 26 21 27 25 21 26 27 26 14 28 26 28 27 28 14 18 25 27 29 25 29 12 27 28 30 27 30 29 28 18 31 28 31 30 32 12 29 13 12 32 13 32 33 29 30 34 32 29 34 32 35 33 32 34 35 33 35 36 34 30 37 30 31 37 34 37 38 31 38 37 34 38 35 18 39 31 31 39 38 19 39 18 19 40 39 38 41 35 38 39 41 40 42 39 41 39 43 42 43 39 40 44 42 40 45 44 42 46 43 44 46 42 47 43 46 44 47 46 44 45 47 41 43 47 45 48 47 41 47 48 49 41 48 50 49 48 51 41 49 35 41 51 52 49 50 36 52 50 36 35 53 36 53 52 53 35 51 52 54 49 53 54 52 51 49 54 53 51 54 </p>
        </polylist>
      </mesh>
    </geometry>
    <geometry id="MarioEye__EyeMT_EyeMT_0" name="MarioEye__EyeMT_EyeMT_0" >
      <mesh>
        <source id="MarioEye__EyeMT_EyeMT_0-positions" name="MarioEye__EyeMT_EyeMT_0-positions">
          <float_array id="MarioEye__EyeMT_EyeMT_0-positions-array" count="123"> -0.153628379 3.69249797 0.396440655 0.0506772175 3.8795042 0.394408464 -0.384049505 3.73030782 0.106371447 -0.391621321 3.3666048 0.233082622 -0.180758536 3.42997837 0.44153443 -0.267728776 3.35901189 0.472028106 0.136193633 3.36529899 0.489111274 0.111240767 3.23227334 0.529197276 0.0479329899 3.24711537 0.711652339 0.0824023262 3.41799736 0.684421837 0.353425115 3.49310994 0.61008215 0.310575217 3.43132973 0.450362265 0.472147673 3.33938146 0.409006 0.614868045 3.37691975 0.557460129 0.632674158 3.20200491 0.572225988 0.492826164 3.20283556 0.43821162 0.81975317 3.27511692 0.212727711 0.73968178 3.35897017 0.222063631 0.822890222 3.27291012 -0.0565068573 0.733635485 3.62404919 0.18488048 0.812158108 3.63802528 -0.178853616 0.579713106 3.83869123 0.268264562 -0.384049505 3.73030782 0.106371447 0.0506772175 3.8795042 0.394408464 0.0232319627 3.97362804 0.248852491 0.294884712 3.95457101 0.215266526 0.322329968 3.86044717 0.360822499 0.579713106 3.83869123 0.268264562 0.552267849 3.93281507 0.122708581 0.812158108 3.63802528 -0.178853616 0.472147673 3.33938146 0.409006 0.73968178 3.35897017 0.222063631 0.733635485 3.62404919 0.18488048 0.579713106 3.83869123 0.268264562 0.318409055 3.6757381 0.404139996 0.310575217 3.43132973 0.450362265 0.322329968 3.86044717 0.360822499 0.136193633 3.36529899 0.489111274 0.0506772175 3.8795042 0.394408464 -0.153628379 3.69249797 0.396440655 -0.180758536 3.42997837 0.44153443 </float_array>
          <technique_common>
            <accessor count="41" offset="0" source="#MarioEye__EyeMT_EyeMT_0-positions-array" stride="3">
              <param name="X" type="float" />
              <param name="Y" type="float" />
              <param name="Z" type="float" />
            </accessor>
          </technique_common>
        </source>
        <source id="MarioEye__EyeMT_EyeMT_0-normals" name="MarioEye__EyeMT_EyeMT_0-normals">
          <float_array id="MarioEye__EyeMT_EyeMT_0-normals-array" count="123"> -0.452214867 0.33096531 0.828229249 -0.124349922 0.284397751 0.950607717 -0.757210493 0.266745597 0.596220672 -0.839902818 0.140170947 0.524323702 -0.359655619 0.336620986 0.87024945 -0.561366379 0.258409441 0.786188483 -0.381673306 0.512844443 0.768970788 -0.779627502 0.231565356 0.581857741 -0.998259962 0.0588899143 0.00300183101 -0.696449935 0.71130079 -0.0949142873 0.0278499741 0.979376376 -0.200115576 0.215107843 0.707712471 0.67295742 0.756053865 0.425073504 0.497689724 0.67481184 0.605513573 -0.4218795 0.890173435 -0.086794965 -0.447278321 0.982182145 0.0956491381 0.161769897 0.885297477 0.146805227 0.441244394 0.756499171 0.250514179 0.604112267 0.996249914 -0.00148075877 0.0865095183 0.818443418 0.232939273 0.525252044 0.973966479 0.133192316 0.183436885 0.577479243 0.230254531 0.783262789 -0.75720042 0.266738355 0.596236706 -0.124371774 0.284376949 0.950611055 -0.176813379 0.278506458 0.944018662 0.243029416 0.27171886 0.931185007 0.242244691 0.216479421 0.945755899 0.577497184 0.230230555 0.78325659 0.619929194 0.217041582 0.754042923 0.973963678 0.133186027 0.183456287 0.756058574 0.425045371 0.497706622 0.75649631 0.250532717 0.604108214 0.818433583 0.232957706 0.525259137 0.57749325 0.230245024 0.783255219 0.241651595 0.193369955 0.950900912 0.215092316 0.707728982 0.672945023 0.242213324 0.216647789 0.945725381 -0.381673992 0.512816966 0.768988788 -0.124366991 0.284390718 0.950607598 -0.452200353 0.33098197 0.8282305 -0.359652102 0.336639166 0.870243907 </float_array>
          <technique_common>
            <accessor count="41" offset="0" source="#MarioEye__EyeMT_EyeMT_0-normals-array" stride="3">
              <param name="X" type="float" />
              <param name="Y" type="float" />
              <param name="Z" type="float" />
            </accessor>
          </technique_common>
        </source>
        <source id="MarioEye__EyeMT_EyeMT_0-tex0" name="MarioEye__EyeMT_EyeMT_0-tex0">
          <float_array id="MarioEye__EyeMT_EyeMT_0-tex0-array" count="82"> 0.749992371 0.550004601 0.749992371 0.550004601 0.749992371 0.550004601 0.749992371 0.550004601 0.749992371 0.550004601 0.749992371 0.550004601 0.749992371 0.550004601 0.749992371 0.550004601 0.749992371 0.550004601 0.749992371 0.550004601 0.749992371 0.550004601 0.749992371 0.550004601 0.749992371 0.550004601 0.749992371 0.550004601 0.749992371 0.550004601 0.749992371 0.550004601 0.749992371 0.550004601 0.749992371 0.550004601 0.749992371 0.550004601 0.749992371 0.550004601 0.749992371 0.550004601 0.749992371 0.550004601 0.749992371 0.550004601 0.749992371 0.550004601 0.749992371 0.550004601 0.749992371 0.550004601 0.749992371 0.550004601 0.749992371 0.550004601 0.749992371 0.550004601 0.749992371 0.550004601 0.223487049 0.942869365 0.645191789 0.862636209 0.62544632 0.378917813 0.367748052 0.0975371599 -0.00054933317 0.364909828 -0.00054933317 0.829493105 0 0.0975371599 0.223487049 0.942869365 0.367748052 0.0975371599 0.62544632 0.378917813 0.645191789 0.862636209 </float_array>
          <technique_common>
            <accessor count="41" offset="0" source="#MarioEye__EyeMT_EyeMT_0-tex0-array" stride="2">
              <param name="S" type="float" />
              <param name="T" type="float" />
            </accessor>
          </technique_common>
        </source>
        <source id="MarioEye__EyeMT_EyeMT_0-color0" name="MarioEye__EyeMT_EyeMT_0-color0">
          <float_array id="MarioEye__EyeMT_EyeMT_0-color0-array" count="123"> 0.996078432 0.996078432 0.996078432 0.996078432 0.996078432 0.996078432 0.996078432 0.996078432 0.996078432 0.996078432 0.996078432 0.996078432 0.996078432 0.996078432 0.996078432 0.996078432 0.996078432 0.996078432 0.996078432 0.996078432 0.996078432 0.996078432 0.996078432 0.996078432 0.996078432 0.996078432 0.996078432 0.996078432 0.996078432 0.996078432 0.996078432 0.996078432 0.996078432 0.996078432 0.996078432 0.996078432 0.996078432 0.996078432 0.996078432 0.996078432 0.996078432 0.996078432 0.996078432 0.996078432 0.996078432 0.996078432 0.996078432 0.996078432 0.996078432 0.996078432 0.996078432 0.996078432 0.996078432 0.996078432 0.996078432 0.996078432 0.996078432 0.996078432 0.996078432 0.996078432 0.996078432 0.996078432 0.996078432 0.996078432 0.996078432 0.996078432 0 0 0 0 0 0 0 0 0 0 0 0 0 0 0 0 0 0 0 0 0 0 0 0 0.996078432 0.996078432 0.996078432 0.996078432 0.996078432 0.996078432 0.996078432 0.996078432 0.996078432 0.996078432 0.996078432 0.996078432 0.996078432 0.996078432 0.996078432 0.996078432 0.996078432 0.996078432 0.996078432 0.996078432 0.996078432 0.996078432 0.996078432 0.996078432 0.996078432 0.996078432 0.996078432 0.996078432 0.996078432 0.996078432 0.996078432 0.996078432 0.996078432 </float_array>
          <technique_common>
            <accessor count="41" offset="0" source="#MarioEye__EyeMT_EyeMT_0-color0-array" stride="3">
              <param name="R" type="float" />
              <param name="G" type="float" />
              <param name="B" type="float" />
            </accessor>
          </technique_common>
        </source>
        <vertices id="MarioEye__EyeMT_EyeMT_0-vertices">
          <input semantic="POSITION" source="#MarioEye__EyeMT_EyeMT_0-positions" />
        </vertices>
        <polylist count="36" material="defaultMaterial">
          <input offset="0" semantic="VERTEX" source="#MarioEye__EyeMT_EyeMT_0-vertices" />
          <input offset="0" semantic="NORMAL" source="#MarioEye__EyeMT_EyeMT_0-normals" />
          <input offset="0" semantic="TEXCOORD" source="#MarioEye__EyeMT_EyeMT_0-tex0" set="0" />
          <input offset="0" semantic="COLOR" source="#MarioEye__EyeMT_EyeMT_0-color0" set="0" />
          <vcount>3 3 3 3 3 3 3 3 3 3 3 3 3 3 3 3 3 3 3 3 3 3 3 3 3 3 3 3 3 3 3 3 3 3 3 3 </vcount>
          <p>0 1 2 3 0 2 4 0 3 5 4 3 4 5 6 7 6 5 8 9 7 9 6 7 6 9 10 6 10 11 12 11 10 12 10 13 13 14 15 12 13 15 15 16 12 17 12 16 16 18 17 17 18 19 18 20 19 19 20 21 22 23 24 25 24 23 26 25 23 26 27 25 27 28 25 27 29 28 30 31 32 30 32 33 34 30 33 35 30 34 36 34 33 35 34 37 36 38 34 34 38 37 37 38 39 37 39 40 </p>
        </polylist>
      </mesh>
    </geometry>
    <geometry id="Mario64HandL__BodyMT_HandMT_0" name="Mario64HandL__BodyMT_HandMT_0" >
      <mesh>
        <source id="Mario64HandL__BodyMT_HandMT_0-positions" name="Mario64HandL__BodyMT_HandMT_0-positions">
          <float_array id="Mario64HandL__BodyMT_HandMT_0-positions-array" count="81"> 0.998754323 1.97064781 -0.0904887915 1.00014305 1.96730852 -0.0722035915 0.994833589 1.97502315 -0.086258471 1.1020354 1.85538876 -0.201928541 0.998668671 1.97000897 -0.0984844863 1.15821433 2.23979068 0.0701335073 1.12368774 1.80121875 0.234010965 0.88926369 1.98975241 -0.0751959682 1.0541302 2.22844172 -0.0332413018 1.43158209 2.13641238 0.259362966 0.969165683 2.2933712 -0.0360107049 1.34379506 1.79271984 0.237200081 0.952356279 2.13112235 -0.387702644 1.16281617 1.84540761 -0.141693562 1.02399945 1.82180738 -0.474977821 1.09143531 1.84871984 -0.394218564 1.34019446 1.91137707 -0.560273945 1.26490831 1.98326004 -0.545941949 1.19393408 1.98927796 -0.65251857 1.17878056 2.30880761 -0.396713644 1.22557771 2.24660873 -0.330830961 1.37535989 2.29711318 -0.291357309 1.66672063 1.85847902 -0.406113446 1.67889071 2.19257569 -0.121551514 1.62356687 1.81994474 -0.000839434972 1.43370378 1.66943967 -0.226913646 1.38764215 1.73190272 0.0897483081 </float_array>
          <technique_common>
            <accessor count="27" offset="0" source="#Mario64HandL__BodyMT_HandMT_0-positions-array" stride="3">
              <param name="X" type="float" />
              <param name="Y" type="float" />
              <param name="Z" type="float" />
            </accessor>
          </technique_common>
        </source>
        <source id="Mario64HandL__BodyMT_HandMT_0-normals" name="Mario64HandL__BodyMT_HandMT_0-normals">
          <float_array id="Mario64HandL__BodyMT_HandMT_0-normals-array" count="81"> -0.75590831 -0.654160559 -0.0260123126 -0.937516689 -0.0613745749 0.342484504 -0.685811162 -0.195108622 0.701138854 -0.430772811 -0.901329875 -0.0451585464 -0.349108756 -0.899392664 0.263089091 -0.324769706 0.768898666 0.550744474 -0.633013129 -0.318903327 0.705404222 -0.980311394 -0.156853169 0.119944148 -0.148060277 0.739804685 0.656328559 0.30560413 0.513455093 0.801854074 -0.713330865 0.689232409 0.126955882 0.263862729 -0.564966381 0.781786084 -0.830277443 0.329778403 -0.44931677 -0.395503044 -0.905202925 -0.155515268 -0.769912958 -0.38125971 -0.511737287 0.150289789 -0.987296879 0.0515548885 0.184121057 -0.183798194 -0.965565979 0.495044053 0.124730259 -0.859868467 -0.250407904 0.144624203 -0.957277238 -0.222208664 0.83351475 -0.505842388 0.224097982 0.916178465 -0.332260668 0.308286369 0.894019127 -0.325098991 0.780127764 -0.139096782 -0.609961331 0.795967698 0.603304029 0.0495955236 0.854018271 -0.352552563 0.382569522 -0.0411932655 -0.973455429 -0.225139186 -0.105051436 -0.960200787 0.258802265 </float_array>
          <technique_common>
            <accessor count="27" offset="0" source="#Mario64HandL__BodyMT_HandMT_0-normals-array" stride="3">
              <param name="X" type="float" />
              <param name="Y" type="float" />
              <param name="Z" type="float" />
            </accessor>
          </technique_common>
        </source>
        <source id="Mario64HandL__BodyMT_HandMT_0-tex0" name="Mario64HandL__BodyMT_HandMT_0-tex0">
          <float_array id="Mario64HandL__BodyMT_HandMT_0-tex0-array" count="54"> 0.139038086 -1.015625 0.139282227 -1.01464844 0.138916016 -1.015625 0.141235352 -1.01367188 0.138916016 -1.015625 0.142700195 -1.02441406 0.148925781 -1.01074219 0.136108398 -1.01367188 0.138549805 -1.02246094 0.153808594 -1.02441406 0.135620117 -1.0234375 0.154907227 -1.01367188 0.131591797 -1.02050781 0.143798828 -1.01464844 0.135498047 -1.01367188 0.138183594 -1.01464844 0.141479492 -1.02148438 0.138916016 -1.02148438 0.135375977 -1.02148438 0.135498047 -1.02929688 0.138427734 -1.02734375 0.142333984 -1.03125 0.152954102 -1.0234375 0.153930664 -1.03125 0.158325195 -1.01953125 0.151489258 -1.01367188 0.154418945 -1.01269531 </float_array>
          <technique_common>
            <accessor count="27" offset="0" source="#Mario64HandL__BodyMT_HandMT_0-tex0-array" stride="2">
              <param name="S" type="float" />
              <param name="T" type="float" />
            </accessor>
          </technique_common>
        </source>
        <source id="Mario64HandL__BodyMT_HandMT_0-color0" name="Mario64HandL__BodyMT_HandMT_0-color0">
          <float_array id="Mario64HandL__BodyMT_HandMT_0-color0-array" count="81"> 1 1 1 1 1 1 1 1 1 1 1 1 1 1 1 1 1 1 1 1 1 1 1 1 1 1 1 1 1 1 1 1 1 1 1 1 1 1 1 1 1 1 1 1 1 1 1 1 1 1 1 1 1 1 1 1 1 1 1 1 1 1 1 1 1 1 1 1 1 1 1 1 1 1 1 1 1 1 1 1 1 </float_array>
          <technique_common>
            <accessor count="27" offset="0" source="#Mario64HandL__BodyMT_HandMT_0-color0-array" stride="3">
              <param name="R" type="float" />
              <param name="G" type="float" />
              <param name="B" type="float" />
            </accessor>
          </technique_common>
        </source>
        <vertices id="Mario64HandL__BodyMT_HandMT_0-vertices">
          <input semantic="POSITION" source="#Mario64HandL__BodyMT_HandMT_0-positions" />
        </vertices>
        <polylist count="50" material="defaultMaterial">
          <input offset="0" semantic="VERTEX" source="#Mario64HandL__BodyMT_HandMT_0-vertices" />
          <input offset="0" semantic="NORMAL" source="#Mario64HandL__BodyMT_HandMT_0-normals" />
          <input offset="0" semantic="TEXCOORD" source="#Mario64HandL__BodyMT_HandMT_0-tex0" set="0" />
          <input offset="0" semantic="COLOR" source="#Mario64HandL__BodyMT_HandMT_0-color0" set="0" />
          <vcount>3 3 3 3 3 3 3 3 3 3 3 3 3 3 3 3 3 3 3 3 3 3 3 3 3 3 3 3 3 3 3 3 3 3 3 3 3 3 3 3 3 3 3 3 3 3 3 3 3 3 </vcount>
          <p>0 1 2 0 3 1 0 2 4 0 4 3 1 5 2 3 6 1 1 6 5 2 7 4 2 5 8 2 8 7 6 9 5 7 8 10 6 11 9 7 10 12 6 13 11 3 13 6 7 12 14 4 7 14 3 4 15 4 14 15 3 15 16 3 16 13 15 14 17 15 17 16 14 12 18 14 18 17 12 19 18 18 19 17 12 10 19 10 8 19 17 19 20 19 8 20 17 20 21 21 20 8 16 17 21 5 21 8 5 9 21 16 21 22 9 23 21 23 22 21 9 24 23 24 22 23 11 24 9 25 16 22 25 22 24 13 16 25 11 26 24 13 26 11 25 24 26 13 25 26 </p>
        </polylist>
      </mesh>
    </geometry>
    <geometry id="Face__FaceMT_FaceMT_0" name="Face__FaceMT_FaceMT_0" >
      <mesh>
        <source id="Face__FaceMT_FaceMT_0-positions" name="Face__FaceMT_FaceMT_0-positions">
          <float_array id="Face__FaceMT_FaceMT_0-positions-array" count="309"> 0.103586964 3.23529816 0.532355309 -0.228774205 3.07023835 0.532682598 0.0926479027 3.07536387 0.556639612 -0.272452354 3.37012744 0.479203701 0.0633590072 2.91654396 0.493042618 0.287856162 2.99113655 0.497502387 0.271551013 2.89632583 0.459795594 0.472990215 2.88494229 0.395369828 0.498755544 3.04403448 0.459806859 -0.168898866 2.75778675 0.260936022 0.20078823 2.65816855 0.240076855 0.550604045 2.70228004 0.0893770382 0.770695686 2.99313283 0.294368029 0.501431286 3.20460606 0.437492877 -0.438381761 3.0353992 0.242856339 -0.180758595 3.42997813 0.441534281 -0.401915163 3.37372494 0.242887869 0.820427001 2.93828726 -0.0572952442 0.828751683 3.28517389 0.216631472 0.837400675 3.2781167 -0.0526157692 0.739681542 3.35897017 0.222063571 -0.180758595 3.42997813 0.441534281 -0.153628379 3.69249797 0.396440446 -0.401915163 3.37372494 0.242887869 0.0506771244 3.8795042 0.394408286 -0.395620525 3.73683548 0.118896395 0.103586964 3.23529816 0.532355309 0.136193544 3.36529899 0.489111096 -0.272452354 3.37012744 0.479203701 -0.180758595 3.42997813 0.441534281 0.103586964 3.23529816 0.532355309 0.0419146419 3.24780822 0.70944649 0.0770720989 3.42128539 0.68179065 0.136193544 3.36529899 0.489111096 0.0926479027 3.07536387 0.556639612 0.090465419 3.27665448 0.9100945 0.056949053 3.06302071 0.710344553 0.112322658 3.106462 0.921028614 0.353164345 3.50089622 0.60646975 0.125152141 3.44028831 0.883378923 0.310575098 3.43132973 0.450362086 0.287856162 2.99113655 0.497502387 0.324996948 2.94627047 0.667783618 0.411133558 3.14653611 0.964238346 0.424730897 3.41321874 0.934981048 0.375961542 2.96751666 0.8746503 0.403070241 3.52513456 0.807928264 0.472147495 3.33938146 0.409005851 0.618864715 3.37948823 0.552605033 0.669678867 3.39828038 0.75354141 0.498755544 3.04403448 0.459806859 0.649422526 3.065027 0.792961955 0.597410858 3.0213263 0.581476271 0.688497901 3.23051858 0.76749897 0.501431286 3.20460606 0.437492877 0.637091815 3.20189285 0.567531824 -0.591222405 3.51778626 -0.116053477 -0.770527303 3.40400147 -0.219085231 -0.619915068 3.28613758 -0.182898864 -0.508254647 3.30224609 -0.412142575 -0.76893276 3.1563189 -0.153072029 -0.541333258 3.01049757 -0.0267076455 -0.444493651 3.07223082 -0.365870714 -0.444493651 3.07223082 -0.365870714 -0.336394399 2.79918742 -0.411150396 -0.541333258 3.01049757 -0.0267076455 0.0331767909 2.77067637 -0.499271363 -0.168898866 2.75778675 0.260936022 -0.438381761 3.0353992 0.242856339 -0.401915163 3.37372494 0.242887869 0.402748019 2.74216557 -0.587392271 0.550604045 2.70228004 0.0893770382 0.20078823 2.65816855 0.240076855 0.558027089 2.99489093 -0.604912817 0.786642134 2.90804958 -0.343351394 0.820427001 2.93828726 -0.0572952442 0.837400675 3.2781167 -0.0526157692 -0.395620525 3.73683548 0.118896395 -0.591222405 3.51778626 -0.116053477 -0.401915163 3.37372494 0.242887869 -0.619915068 3.28613758 -0.182898864 -0.541333258 3.01049757 -0.0267076455 0.739681542 3.35897017 0.222063571 0.837400675 3.2781167 -0.0526157692 0.733635306 3.62404895 0.18488054 0.828929067 3.64236593 -0.17308642 0.579712927 3.83869123 0.268264502 0.501431286 3.20460606 0.437492877 0.828751683 3.28517389 0.216631472 0.472147495 3.33938146 0.409005851 0.739681542 3.35897017 0.222063571 0.864190638 3.40550709 -0.463083625 0.825869083 3.17460108 -0.527633071 0.959554613 3.27053261 -0.631607652 0.626882374 3.21467495 -0.682805777 0.951811671 3.02357054 -0.563368022 0.786642134 2.90804958 -0.343351394 0.558027089 2.99489093 -0.604912817 0.828929067 3.64236593 -0.17308642 0.837400675 3.2781167 -0.0526157692 0.864190638 3.40550709 -0.463083625 0.786642134 2.90804958 -0.343351394 0.825869083 3.17460108 -0.527633071 </float_array>
          <technique_common>
            <accessor count="103" offset="0" source="#Face__FaceMT_FaceMT_0-positions-array" stride="3">
              <param name="X" type="float" />
              <param name="Y" type="float" />
              <param name="Z" type="float" />
            </accessor>
          </technique_common>
        </source>
        <source id="Face__FaceMT_FaceMT_0-normals" name="Face__FaceMT_FaceMT_0-normals">
          <float_array id="Face__FaceMT_FaceMT_0-normals-array" count="309"> -0.779742181 0.232338861 0.581395566 -0.492400825 -0.270000666 0.827430427 -0.613912463 -0.632411122 0.472406179 -0.561258972 0.259174794 0.786013246 -0.117208906 -0.62885958 0.768633664 -0.0484994724 -0.991910756 0.117306441 0.13490352 -0.625759244 0.768261909 0.357583642 -0.664650202 0.656029046 0.661671996 -0.730685115 0.168194622 -0.312721193 -0.939982116 0.136524975 -0.066116713 -0.996781409 0.0453365371 0.200438604 -0.979603827 0.0141662443 0.766893089 -0.365761757 0.527345538 0.982207835 0.0963650495 0.161187947 -0.830624998 -0.31812641 0.457009494 -0.359715164 0.337317318 0.869955182 -0.839859426 0.140183806 0.524389803 0.891367912 -0.450901449 0.0463805236 0.885181069 0.148304448 0.44097653 0.996249974 -0.0014440848 0.0865094587 0.756781101 0.249150574 0.60432303 -0.359706402 0.337311208 0.869961202 -0.452348769 0.330947727 0.828163147 -0.839857817 0.140216604 0.524383545 -0.124333441 0.284425139 0.950601697 -0.757458985 0.265310049 0.596545398 -0.779764831 0.232326657 0.581370056 -0.382053435 0.510706246 0.770204067 -0.561257064 0.259177029 0.786013842 -0.359691679 0.337311149 0.869967282 -0.779757619 0.232304692 0.581388474 -0.998351216 0.057330817 0.00283518597 -0.696097851 0.711646855 -0.0949027613 -0.382045478 0.510755301 0.770175457 -0.613929451 -0.632424235 0.472366661 -0.734334826 0.106600031 0.670364678 -0.803571999 -0.593616843 0.0434863716 -0.643127203 -0.422864109 0.638414681 0.0278501287 0.979380429 -0.200095981 -0.54554987 0.757441938 0.358687967 0.214948535 0.708116531 0.672583163 -0.048541259 -0.991911829 0.117280506 -0.0906372592 -0.994166791 -0.0584574826 0.22182554 -0.116696402 0.968078196 0.242763266 0.347988516 0.905521929 0.0516943485 -0.866184294 0.497043729 0.0949970111 0.992471695 0.0773016587 0.755962908 0.424951315 0.497932166 0.67455864 0.605905831 -0.42172122 0.752667546 0.656535327 0.0495270789 0.661637008 -0.730721891 0.168172419 0.792179167 -0.533602357 0.296176821 0.64193368 -0.705131769 -0.301181495 0.963861644 -0.0244302582 0.265280813 0.982210517 0.0963657871 0.161171228 0.88992852 -0.0883405432 -0.447463095 -0.885913849 0.2606197 0.383710921 -0.753666401 0.38420409 -0.533267438 -0.711642206 0.0749494135 0.698532701 -0.910733581 -0.298172861 -0.285757482 -0.849402785 -0.485100091 -0.207828805 -0.800337732 -0.569399834 0.187732205 -0.746839046 -0.465389341 -0.47502023 -0.746823549 -0.465412199 -0.475022137 -0.333687872 -0.941190183 -0.0530417301 -0.800337136 -0.569411397 0.187699646 -0.096864 -0.991626322 -0.0854085833 -0.312696189 -0.939989686 0.136530101 -0.830635846 -0.318116218 0.456996918 -0.839860141 0.140197486 0.524385035 0.133823752 -0.977256954 -0.164499298 0.200454116 -0.979600549 0.014174425 -0.066080302 -0.99678421 0.0453276299 0.377544165 -0.55329901 -0.742509663 0.707303762 -0.685719848 -0.171783924 0.891371965 -0.450895995 0.0463552922 0.99624759 -0.00146155083 0.086536698 -0.757465899 0.265311122 0.59653616 -0.885920525 0.260647118 0.383676767 -0.839860201 0.140201136 0.524383903 -0.711649597 0.0749178007 0.698528588 -0.800317526 -0.569420397 0.187755823 0.756799936 0.249113545 0.604314744 0.99624747 -0.001451227 0.0865382776 0.818603933 0.23370184 0.524662793 0.973973274 0.132495552 0.183904722 0.577610314 0.230272025 0.783160985 0.982203722 0.0963841677 0.161201373 0.885172069 0.148294911 0.44099772 0.755954564 0.424959213 0.497938067 0.7568205 0.249138296 0.604278803 0.991308808 0.115152806 -0.063613303 0.951858878 -0.053393282 0.301850677 0.481378853 0.2887986 -0.827568591 0.631854832 -0.416440606 -0.653709948 0.585335791 -0.595786631 -0.549927533 0.707320631 -0.685709357 -0.171756268 0.377548814 -0.553299546 -0.742506921 0.973978221 0.132474273 0.183893964 0.99624896 -0.00146379496 0.0865207389 0.991309226 0.115150385 -0.0636113882 0.707310557 -0.685727775 -0.171724066 0.951860309 -0.053430263 0.30183956 </float_array>
          <technique_common>
            <accessor count="103" offset="0" source="#Face__FaceMT_FaceMT_0-normals-array" stride="3">
              <param name="X" type="float" />
              <param name="Y" type="float" />
              <param name="Z" type="float" />
            </accessor>
          </technique_common>
        </source>
        <source id="Face__FaceMT_FaceMT_0-tex0" name="Face__FaceMT_FaceMT_0-tex0">
          <float_array id="Face__FaceMT_FaceMT_0-tex0-array" count="206"> 0.33782959 0.600585938 0.482299805 0.637939453 0.346191406 0.660644531 0.485839844 0.481689453 0.377563477 0.729980469 0.286315918 0.720214844 0.27671814 0.764648438 0.377563477 0.729980469 0.346191406 0.660644531 0.495849609 0.823242188 0.308349609 0.893066406 0.495849609 0.823242188 0.482299805 0.637939453 0.33782959 0.600585938 0.596435547 0.665039062 0.474121094 0.434936523 0.602050781 0.500732422 0.596435547 0.665039062 0.485839844 0.481689453 0.602050781 0.500732422 0.474121094 0.434936523 0.280105591 0.455810547 0.304656982 0.385253906 0.355834961 0.494873047 0.284362793 0.311035156 0.407348633 0.399902344 0.638671875 0.554931641 0.638671875 0.554931641 0.638671875 0.554931641 0.638671875 0.554931641 0.607421875 -0.356933594 0.588867188 -0.350097656 0.580322266 -0.370605469 0.591064453 -0.388183594 0.594970703 -0.316894531 0.571533203 -0.3515625 0.581298828 -0.328613281 0.568847656 -0.340332031 0.546142578 -0.38671875 0.568359375 -0.362304688 0.546142578 -0.405273438 0.546142578 -0.291992188 0.546142578 -0.3125 0.546142578 -0.345214844 0.546142578 -0.359375 0.546142578 -0.331054688 0.546142578 -0.37109375 0.591064453 -0.388183594 0.580322266 -0.370605469 0.568359375 -0.362304688 0.594970703 -0.316894531 0.568847656 -0.340332031 0.581298828 -0.328613281 0.571533203 -0.3515625 0.607421875 -0.356933594 0.588867188 -0.350097656 0.817382812 -0.460449219 0.857421875 -0.4296875 0.815917969 -0.397949219 0.771484375 -0.411132812 0.855957031 -0.358886719 0.799316406 -0.317382812 0.751953125 -0.346679688 1.69628906 0.625244141 1.67480469 0.630615234 1.69433594 0.602050781 1.64550781 0.630126953 1.66992188 0.594726562 1.6875 0.585449219 1.69628906 0.559570312 1.67480469 0.630615234 1.66992188 0.594726562 1.64550781 0.599853516 1.69628906 0.625244141 1.69433594 0.602050781 1.6875 0.585449219 1.69628906 0.559570312 0.495727539 0.244678497 0.733398438 0.288421631 0.477539062 0.427490234 0.755859375 0.443115234 0.655273438 0.557373047 0.280105591 0.455810547 0.355834961 0.494873047 0.304656982 0.385253906 0.407348633 0.399902344 0.284362793 0.311035156 0.638671875 0.554931641 0.638671875 0.554931641 0.638671875 0.554931641 0.638671875 0.554931641 0.817382812 -0.460449219 0.815917969 -0.397949219 0.857421875 -0.4296875 0.771484375 -0.411132812 0.855957031 -0.358886719 0.799316406 -0.317382812 0.751953125 -0.346679688 0.495727539 0.244678497 0.477539062 0.427490234 0.733398438 0.288421631 0.655273438 0.557373047 0.755859375 0.443115234 </float_array>
          <technique_common>
            <accessor count="103" offset="0" source="#Face__FaceMT_FaceMT_0-tex0-array" stride="2">
              <param name="S" type="float" />
              <param name="T" type="float" />
            </accessor>
          </technique_common>
        </source>
        <source id="Face__FaceMT_FaceMT_0-color0" name="Face__FaceMT_FaceMT_0-color0">
          <float_array id="Face__FaceMT_FaceMT_0-color0-array" count="309"> 0.996078432 0.996078432 0.996078432 0.996078432 0.996078432 0.996078432 0.996078432 0.996078432 0.996078432 0.996078432 0.996078432 0.996078432 0.996078432 0.996078432 0.996078432 0.996078432 0.996078432 0.996078432 0.996078432 0.996078432 0.996078432 0.996078432 0.996078432 0.996078432 0.996078432 0.996078432 0.996078432 0.996078432 0.996078432 0.996078432 0.996078432 0.996078432 0.996078432 0.996078432 0.996078432 0.996078432 0.996078432 0.996078432 0.996078432 0.996078432 0.996078432 0.996078432 0.996078432 0.996078432 0.996078432 0.996078432 0.996078432 0.996078432 0.996078432 0.996078432 0.996078432 0.996078432 0.996078432 0.996078432 0.996078432 0.996078432 0.996078432 0.996078432 0.996078432 0.996078432 0.996078432 0.996078432 0.996078432 0.996078432 0.996078432 0.996078432 0.996078432 0.996078432 0.996078432 0.996078432 0.996078432 0.996078432 0.996078432 0.996078432 0.996078432 0.996078432 0.996078432 0.996078432 0.996078432 0.996078432 0.996078432 0.996078432 0.996078432 0.996078432 0.996078432 0.996078432 0.996078432 0.996078432 0.996078432 0.996078432 0.996078432 0.996078432 0.996078432 0.996078432 0.996078432 0.996078432 0.996078432 0.996078432 0.996078432 0.996078432 0.996078432 0.996078432 0.996078432 0.996078432 0.996078432 0.996078432 0.996078432 0.996078432 0.996078432 0.996078432 0.996078432 0.996078432 0.996078432 0.996078432 0.996078432 0.996078432 0.996078432 0.996078432 0.996078432 0.996078432 0.996078432 0.996078432 0.996078432 0.996078432 0.996078432 0.996078432 0.996078432 0.996078432 0.996078432 0.996078432 0.996078432 0.996078432 0.996078432 0.996078432 0.996078432 0.996078432 0.996078432 0.996078432 0.996078432 0.996078432 0.996078432 0.996078432 0.996078432 0.996078432 0.996078432 0.996078432 0.996078432 0.996078432 0.996078432 0.996078432 0.996078432 0.996078432 0.996078432 0.996078432 0.996078432 0.996078432 0.996078432 0.996078432 0.996078432 0.996078432 0.996078432 0.996078432 0.996078432 0.996078432 0.996078432 0.996078432 0.996078432 0.996078432 0.996078432 0.996078432 0.996078432 0.996078432 0.996078432 0.996078432 0.996078432 0.996078432 0.996078432 0.996078432 0.996078432 0.996078432 0.996078432 0.996078432 0.996078432 0.996078432 0.996078432 0.996078432 0.996078432 0.996078432 0.996078432 0.996078432 0.996078432 0.996078432 0.996078432 0.996078432 0.996078432 0.996078432 0.996078432 0.996078432 0.996078432 0.996078432 0.996078432 0.996078432 0.996078432 0.996078432 0.996078432 0.996078432 0.996078432 0.996078432 0.996078432 0.996078432 0.996078432 0.996078432 0.996078432 0.996078432 0.996078432 0.996078432 0.996078432 0.996078432 0.996078432 0.996078432 0.996078432 0.996078432 0.996078432 0.996078432 0.996078432 0.996078432 0.996078432 0.996078432 0.996078432 0.996078432 0.996078432 0.996078432 0.996078432 0.996078432 0.996078432 0.996078432 0.996078432 0.996078432 0.996078432 0.996078432 0.996078432 0.996078432 0.996078432 0.996078432 0.996078432 0.996078432 0.996078432 0.996078432 0.996078432 0.996078432 0.996078432 0.996078432 0.996078432 0.996078432 0.996078432 0.996078432 0.996078432 0.996078432 0.996078432 0.996078432 0.996078432 0.996078432 0.996078432 0.996078432 0.996078432 0.996078432 0.996078432 0.996078432 0.996078432 0.996078432 0.996078432 0.996078432 0.996078432 0.996078432 0.996078432 0.996078432 0.996078432 0.996078432 0.996078432 0.996078432 0.996078432 0.996078432 0.996078432 0.996078432 0.996078432 0.996078432 0.996078432 0.996078432 0.996078432 0.996078432 0.996078432 0.996078432 0.996078432 0.996078432 0.996078432 0.996078432 0.996078432 0.996078432 0.996078432 0.996078432 0.996078432 0.996078432 0.996078432 0.996078432 0.996078432 0.996078432 0.996078432 0.996078432 0.996078432 </float_array>
          <technique_common>
            <accessor count="103" offset="0" source="#Face__FaceMT_FaceMT_0-color0-array" stride="3">
              <param name="R" type="float" />
              <param name="G" type="float" />
              <param name="B" type="float" />
            </accessor>
          </technique_common>
        </source>
        <vertices id="Face__FaceMT_FaceMT_0-vertices">
          <input semantic="POSITION" source="#Face__FaceMT_FaceMT_0-positions" />
        </vertices>
        <polylist count="108" material="defaultMaterial">
          <input offset="0" semantic="VERTEX" source="#Face__FaceMT_FaceMT_0-vertices" />
          <input offset="0" semantic="NORMAL" source="#Face__FaceMT_FaceMT_0-normals" />
          <input offset="0" semantic="TEXCOORD" source="#Face__FaceMT_FaceMT_0-tex0" set="0" />
          <input offset="0" semantic="COLOR" source="#Face__FaceMT_FaceMT_0-color0" set="0" />
          <vcount>3 3 3 3 3 3 3 3 3 3 3 3 3 3 3 3 3 3 3 3 3 3 3 3 3 3 3 3 3 3 3 3 3 3 3 3 3 3 3 3 3 3 3 3 3 3 3 3 3 3 3 3 3 3 3 3 3 3 3 3 3 3 3 3 3 3 3 3 3 3 3 3 3 3 3 3 3 3 3 3 3 3 3 3 3 3 3 3 3 3 3 3 3 3 3 3 3 3 3 3 3 3 3 3 3 3 3 3 </vcount>
          <p>0 1 2 0 3 1 2 1 4 2 4 5 5 6 7 5 7 8 5 4 6 4 9 10 4 10 6 4 1 9 6 10 7 7 10 11 7 12 8 7 11 12 8 12 13 9 1 14 1 3 14 3 15 16 3 16 14 11 17 12 12 18 13 12 17 18 17 19 18 18 19 20 21 22 23 22 24 25 22 25 23 26 27 28 27 29 28 30 31 32 30 32 33 30 34 31 31 35 32 31 36 37 31 37 35 31 34 36 32 38 33 32 39 38 32 35 39 33 38 40 34 41 42 34 42 36 35 37 43 35 44 39 35 43 44 36 42 37 37 42 45 37 45 43 39 46 38 39 44 46 40 38 47 38 48 47 38 49 48 38 46 49 41 50 42 42 51 45 42 52 51 42 50 52 43 51 53 43 45 51 43 53 44 44 49 46 44 53 49 47 48 54 48 53 55 48 49 53 48 55 54 50 54 55 50 55 52 51 52 55 51 55 53 56 57 58 56 59 57 57 60 58 57 59 60 58 60 61 59 62 60 60 62 61 63 64 65 64 66 67 64 67 65 65 67 68 65 68 69 66 70 71 66 71 72 66 72 67 70 73 74 70 74 71 71 74 75 74 76 75 77 78 79 78 80 79 79 80 81 82 83 84 83 85 84 84 85 86 87 88 89 88 90 89 91 92 93 91 93 94 92 95 93 92 96 95 93 95 94 94 95 97 95 96 97 98 99 100 99 101 102 99 102 100 </p>
        </polylist>
      </mesh>
    </geometry>
    <geometry id="Hair__HairMT_HairMT.001_0" name="Hair__HairMT_HairMT.001_0" >
      <mesh>
        <source id="Hair__HairMT_HairMT.001_0-positions" name="Hair__HairMT_HairMT.001_0-positions">
          <float_array id="Hair__HairMT_HairMT.001_0-positions-array" count="132"> -0.395620376 3.736835 0.118896693 -0.583210051 3.91818094 -0.124030627 -0.591222405 3.5177865 -0.116053164 -0.243788451 4.21587515 0.0801719278 -0.20325157 4.18842316 -0.247407809 -0.583210051 3.91818094 -0.124030627 0.302552551 4.25798273 0.149257839 0.0908118859 4.18746185 0.251153827 0.466015875 4.20078993 0.215422526 0.549623728 4.17717791 0.0873991475 0.302552551 4.25798273 0.149257839 0.747210562 4.13942385 -0.156122983 0.560493886 4.12950325 -0.429516107 0.911673009 3.80285668 -0.480472207 0.626882553 3.21467471 -0.682805717 0.558027267 2.99489045 -0.604912639 0.315833509 3.0365684 -0.941870987 -0.508254707 3.30224609 -0.412142336 -0.37606746 3.08994579 -0.776893377 -0.444493592 3.07223082 -0.365870476 -0.440916151 3.04612255 -0.837274551 -0.0301169697 3.06325698 -0.859382212 -0.0688687786 2.83115721 -0.946809351 -0.589577973 2.89401484 -0.599348366 -0.33639437 2.79918718 -0.411150157 -0.313931644 2.8893342 -0.897042513 -0.497125417 2.90538478 -0.836880744 -0.397345334 2.73980379 -0.647559762 0.0331768878 2.77067614 -0.499271125 0.341797173 2.68278193 -0.823801696 0.402748138 2.74216533 -0.587392092 0.178006709 2.85138321 -1.01434088 0.555330157 2.80568981 -0.872341514 0.368873954 2.83857632 -1.0433706 0.339562714 2.98591185 -1.02337277 -0.591222405 3.5177865 -0.116053164 -0.508254707 3.30224609 -0.412142336 0.148643374 3.99248195 -0.420345485 -0.444493592 3.07223082 -0.365870476 -0.33639437 2.79918718 -0.411150157 0.626882553 3.21467471 -0.682805717 0.558027267 2.99489045 -0.604912639 0.0331768878 2.77067614 -0.499271125 0.402748138 2.74216533 -0.587392092 </float_array>
          <technique_common>
            <accessor count="44" offset="0" source="#Hair__HairMT_HairMT.001_0-positions-array" stride="3">
              <param name="X" type="float" />
              <param name="Y" type="float" />
              <param name="Z" type="float" />
            </accessor>
          </technique_common>
        </source>
        <source id="Hair__HairMT_HairMT.001_0-normals" name="Hair__HairMT_HairMT.001_0-normals">
          <float_array id="Hair__HairMT_HairMT.001_0-normals-array" count="132"> -0.787580192 -0.0557303615 0.613686919 -0.870562315 0.478105605 0.116345324 -0.977831542 -0.0855869576 0.191102952 -0.427023023 0.899711132 0.0903945938 -0.385065019 0.912173033 -0.140233099 -0.870556414 0.478122324 0.116321199 0.0762805343 0.995201766 -0.0612760112 -0.310280293 0.950627387 0.00580960885 0.449669361 0.887503147 0.100675926 0.412498385 0.894867122 0.17046389 0.076259464 0.995204329 -0.0612606518 0.559916556 0.815570354 -0.146076903 0.409086049 0.850914896 -0.329533756 0.88927114 0.342358857 -0.303293943 0.729580045 -0.478933811 -0.488196045 0.925844669 -0.221328124 -0.306309551 0.114412352 -0.358748019 -0.926396072 -0.931935072 -0.350754678 -0.0920225531 -0.568646193 -0.306052357 -0.763526976 -0.985993147 -0.0738375708 0.149551138 -0.61022222 0.673087358 -0.417830408 -0.243054718 -0.290342957 -0.925540566 -0.167210892 -0.896946788 -0.409300596 -0.988117218 0.0074753589 0.153520405 -0.11018797 -0.983474731 0.143652767 -0.254211515 -0.340460926 -0.905241907 -0.685437024 -0.385543108 -0.617683291 -0.0925506204 -0.994027197 -0.0578296036 -0.0730009153 -0.99719578 0.0164756328 -0.0886206329 -0.994332671 -0.0587279126 0.0188470613 -0.993429244 0.112885602 -0.231431067 -0.342215836 -0.910674453 0.941306412 -0.141374916 -0.306521475 0.271299839 -0.45935148 -0.845808864 0.448337883 0.591411531 -0.670242906 0.6055215 -0.656429172 0.449938357 0.284849137 -0.258968055 0.922928214 0.106403135 -0.765405953 0.634690523 0.131537661 -0.0249879938 0.990996182 0.220645651 -0.082686983 0.971842766 0.125321805 -0.246654719 0.96096611 0.324940294 -0.0414546132 0.94482553 0.221288845 -0.0832117498 0.971651733 0.221254766 -0.0831984952 0.971660614 </float_array>
          <technique_common>
            <accessor count="44" offset="0" source="#Hair__HairMT_HairMT.001_0-normals-array" stride="3">
              <param name="X" type="float" />
              <param name="Y" type="float" />
              <param name="Z" type="float" />
            </accessor>
          </technique_common>
        </source>
        <source id="Hair__HairMT_HairMT.001_0-tex0" name="Hair__HairMT_HairMT.001_0-tex0">
          <float_array id="Hair__HairMT_HairMT.001_0-tex0-array" count="88"> 0.267212182 0.267212152 0.267212182 0.267212152 0.267212182 0.267212152 0.267212182 0.267212152 0.267212182 0.267212152 0.267212182 0.267212152 0.267212182 0.267212152 0.267212182 0.267212152 0.267212182 0.267212152 0.267212182 0.267212152 0.267212182 0.267212152 0.267212182 0.267212152 0.267212182 0.267212152 0.267212182 0.267212152 0.267212182 0.267212152 0.267212182 0.267212152 0.267212182 0.267212152 0.267212182 0.267212152 0.267212182 0.267212152 0.267212182 0.267212152 0.267212182 0.267212152 0.267212182 0.267212152 0.267212182 0.267212152 0.267212182 0.267212152 0.267212182 0.267212152 0.267212182 0.267212152 0.267212182 0.267212152 0.267212182 0.267212152 0.267212182 0.267212152 0.267212182 0.267212152 0.267212182 0.267212152 0.267212182 0.267212152 0.267212182 0.267212152 0.267212182 0.267212152 0.267212182 0.267212152 0.255577177 0.253875792 0.255577177 0.253875792 0.255577177 0.253875792 0.255577177 0.253875792 0.255577177 0.253875792 0.255577177 0.253875792 0.255577177 0.253875792 0.255577177 0.253875792 0.255577177 0.253875792 </float_array>
          <technique_common>
            <accessor count="44" offset="0" source="#Hair__HairMT_HairMT.001_0-tex0-array" stride="2">
              <param name="S" type="float" />
              <param name="T" type="float" />
            </accessor>
          </technique_common>
        </source>
        <source id="Hair__HairMT_HairMT.001_0-color0" name="Hair__HairMT_HairMT.001_0-color0">
          <float_array id="Hair__HairMT_HairMT.001_0-color0-array" count="132"> 0.996078432 0.996078432 0.996078432 0.996078432 0.996078432 0.996078432 0.996078432 0.996078432 0.996078432 0.996078432 0.996078432 0.996078432 0.996078432 0.996078432 0.996078432 0.996078432 0.996078432 0.996078432 0.996078432 0.996078432 0.996078432 0.996078432 0.996078432 0.996078432 0.996078432 0.996078432 0.996078432 0.996078432 0.996078432 0.996078432 0.996078432 0.996078432 0.996078432 0.996078432 0.996078432 0.996078432 0.996078432 0.996078432 0.996078432 0.996078432 0.996078432 0.996078432 0.996078432 0.996078432 0.996078432 0.996078432 0.996078432 0.996078432 0.996078432 0.996078432 0.996078432 0.996078432 0.996078432 0.996078432 0.996078432 0.996078432 0.996078432 0.996078432 0.996078432 0.996078432 0.996078432 0.996078432 0.996078432 0.996078432 0.996078432 0.996078432 0.996078432 0.996078432 0.996078432 0.996078432 0.996078432 0.996078432 0.996078432 0.996078432 0.996078432 0.996078432 0.996078432 0.996078432 0.996078432 0.996078432 0.996078432 0.996078432 0.996078432 0.996078432 0.996078432 0.996078432 0.996078432 0.996078432 0.996078432 0.996078432 0.996078432 0.996078432 0.996078432 0.996078432 0.996078432 0.996078432 0.996078432 0.996078432 0.996078432 0.996078432 0.996078432 0.996078432 0.996078432 0.996078432 0.996078432 0.996078432 0.996078432 0.996078432 0.996078432 0.996078432 0.996078432 0.996078432 0.996078432 0.996078432 0.996078432 0.996078432 0.996078432 0.996078432 0.996078432 0.996078432 0.996078432 0.996078432 0.996078432 0.996078432 0.996078432 0.996078432 0.996078432 0.996078432 0.996078432 0.996078432 0.996078432 0.996078432 </float_array>
          <technique_common>
            <accessor count="44" offset="0" source="#Hair__HairMT_HairMT.001_0-color0-array" stride="3">
              <param name="R" type="float" />
              <param name="G" type="float" />
              <param name="B" type="float" />
            </accessor>
          </technique_common>
        </source>
        <vertices id="Hair__HairMT_HairMT.001_0-vertices">
          <input semantic="POSITION" source="#Hair__HairMT_HairMT.001_0-positions" />
        </vertices>
        <polylist count="45" material="defaultMaterial">
          <input offset="0" semantic="VERTEX" source="#Hair__HairMT_HairMT.001_0-vertices" />
          <input offset="0" semantic="NORMAL" source="#Hair__HairMT_HairMT.001_0-normals" />
          <input offset="0" semantic="TEXCOORD" source="#Hair__HairMT_HairMT.001_0-tex0" set="0" />
          <input offset="0" semantic="COLOR" source="#Hair__HairMT_HairMT.001_0-color0" set="0" />
          <vcount>3 3 3 3 3 3 3 3 3 3 3 3 3 3 3 3 3 3 3 3 3 3 3 3 3 3 3 3 3 3 3 3 3 3 3 3 3 3 3 3 3 3 3 3 3 </vcount>
          <p>0 1 2 3 4 5 6 4 3 6 3 7 8 9 10 11 10 9 11 12 10 11 13 12 14 15 16 17 18 19 18 20 19 21 16 22 18 21 22 19 20 23 19 23 24 18 25 20 18 22 25 20 26 23 20 25 26 23 27 24 23 26 27 25 27 26 22 27 25 24 27 28 22 28 27 22 29 28 28 29 30 22 31 29 22 16 31 29 32 30 15 30 32 29 31 33 29 33 32 31 16 34 31 34 33 15 34 16 32 33 34 15 32 34 35 36 37 36 38 37 38 39 37 40 37 41 39 42 37 41 37 43 43 37 42 </p>
        </polylist>
      </mesh>
    </geometry>
    <geometry id="Cap__CapMT_CapMT_0" name="Cap__CapMT_CapMT_0" >
      <mesh>
        <source id="Cap__CapMT_CapMT_0-positions" name="Cap__CapMT_CapMT_0-positions">
          <float_array id="Cap__CapMT_CapMT_0-positions-array" count="165"> 0.828929186 3.64236593 -0.173086539 0.761059999 4.32827234 0.0114494301 0.52739507 3.99492979 0.300699353 0.347063869 4.49800301 0.258277506 0.134047389 4.02527523 0.394489646 -0.153395072 4.39881849 0.229493171 -0.395620346 3.736835 0.118896499 0.828929186 3.64236593 -0.173086539 0.794573843 3.84331393 0.507613361 0.579713345 3.83869123 0.268264353 0.419211209 3.93628669 0.74259603 0.10092634 3.87942767 0.444801301 -0.0307220351 3.90698218 0.704397917 -0.395620346 3.736835 0.118896499 0.828929186 3.64236593 -0.173086539 0.52739507 3.99492979 0.300699353 0.794573843 3.84331393 0.507613361 0.419211209 3.93628669 0.74259603 0.134047389 4.02527523 0.394489646 -0.0307220351 3.90698218 0.704397917 -0.395620346 3.736835 0.118896499 1.03051615 3.83701038 -0.491370857 0.828929186 3.64236593 -0.173086539 0.864190757 3.40550661 -0.463083595 0.761059999 4.32827234 0.0114494301 0.863001525 3.45964384 -0.767367363 0.626882434 3.21467447 -0.682805717 0.49577561 4.44711065 -0.348513931 0.315833479 3.03656793 -0.941870868 0.347063869 4.49800301 0.258277506 0.491470069 3.68849516 -0.926199973 -0.0637281165 4.49027443 -0.215105221 -0.153395072 4.39881849 0.229493171 0.262593687 3.40136075 -1.18540335 -0.687939346 3.96958208 -0.0816203356 -0.395620346 3.736835 0.118896499 -0.591222465 3.51778579 -0.116053157 -0.42927134 3.75952649 -0.70665735 -0.718846917 3.5816772 -0.390189588 -0.508254707 3.30224586 -0.412142277 -0.376067609 3.08994532 -0.776893198 -0.385434926 3.45135355 -1.03088665 -0.403716654 3.15599966 -0.995790541 0.25158456 3.10544586 -1.15204132 -0.376067609 3.08994532 -0.776893198 0.167479008 3.84847188 -0.288520426 -0.508254707 3.30224586 -0.412142277 -0.591222465 3.51778579 -0.116053157 0.315833479 3.03656793 -0.941870868 -0.395620346 3.736835 0.118896499 0.626882434 3.21467447 -0.682805717 0.10092634 3.87942767 0.444801301 0.864190757 3.40550661 -0.463083595 0.579713345 3.83869123 0.268264353 0.828929186 3.64236593 -0.173086539 </float_array>
          <technique_common>
            <accessor count="55" offset="0" source="#Cap__CapMT_CapMT_0-positions-array" stride="3">
              <param name="X" type="float" />
              <param name="Y" type="float" />
              <param name="Z" type="float" />
            </accessor>
          </technique_common>
        </source>
        <source id="Cap__CapMT_CapMT_0-normals" name="Cap__CapMT_CapMT_0-normals">
          <float_array id="Cap__CapMT_CapMT_0-normals-array" count="165"> 0.897745788 0.006900365 0.440459907 0.811315894 0.514996231 0.27666837 0.658020616 0.547706366 0.516746163 0.193111375 0.814988911 0.546352565 -0.268872827 0.619212329 0.737755716 -0.51652211 0.617433548 0.59327966 -0.593005896 0.121905915 0.795916438 -0.269625396 -0.927095234 0.260377735 -0.197170466 -0.960723937 0.195277542 -0.169180423 -0.960900009 0.219201222 -0.0302178785 -0.984151542 0.174735948 0.0792565569 -0.98120141 0.175960824 0.111602962 -0.980910897 0.159243837 0.158510521 -0.970117033 0.183704451 0.897749722 0.006911668 0.440451652 0.658023059 0.547690451 0.516759932 0.517451525 0.85463953 -0.0428392179 0.128631756 0.965328634 0.227144271 -0.268870711 0.619196534 0.737769783 -0.351445287 0.921671331 0.164341599 -0.593011677 0.121917747 0.795910299 0.825521827 0.398995161 -0.399144858 0.897755384 0.00689086784 0.440440416 0.892678022 -0.445295393 0.0695554689 0.811332941 0.514977872 0.276652634 0.760017157 -0.0787723437 -0.645111501 0.655421972 -0.715133786 -0.242910892 0.059342172 0.724074304 -0.687164426 0.202864021 -0.913680315 -0.352185339 0.193176344 0.814972281 0.546354353 0.0428557545 0.605751097 -0.794499218 -0.255562305 0.748335004 -0.612113237 -0.516546667 0.617418408 0.593273938 -0.0114106452 0.414962679 -0.909766853 -0.849114418 0.528208911 0.000180084709 -0.593024194 0.121898651 0.795903921 -0.82060957 -0.313122183 0.478073716 -0.306359559 0.632676542 -0.711241305 -0.971088707 0.0547704436 -0.232350811 -0.790771842 -0.603565991 0.101921327 -0.469567031 -0.861800849 -0.191849038 -0.337935776 0.440132737 -0.831915021 -0.470890343 -0.530596375 -0.704790592 0.0225604959 -0.567180693 -0.823284328 0.237623066 -0.640197039 0.730536103 0.0602908805 -0.864648044 0.49874723 0.444992274 -0.681398273 0.581100881 0.436407477 -0.724799991 0.533116758 0.0253123175 -0.623818815 0.781158984 0.34458366 -0.910911977 0.22693935 -0.23081927 -0.628297806 0.742943048 0.0927666128 -0.994395614 0.0507126264 -0.252608061 -0.671059251 0.697042763 -0.19727917 -0.971675158 0.130108893 -0.335292131 -0.845178604 0.416235894 </float_array>
          <technique_common>
            <accessor count="55" offset="0" source="#Cap__CapMT_CapMT_0-normals-array" stride="3">
              <param name="X" type="float" />
              <param name="Y" type="float" />
              <param name="Z" type="float" />
            </accessor>
          </technique_common>
        </source>
        <source id="Cap__CapMT_CapMT_0-tex0" name="Cap__CapMT_CapMT_0-tex0">
          <float_array id="Cap__CapMT_CapMT_0-tex0-array" count="110"> 1.00488281 0.787109375 0.808105469 0.33026123 0.624511719 0.616699219 0.49987793 0.261260986 0.375244141 0.616699219 0.191436768 0.33026123 -0.00512695312 0.787109375 0.713867188 0.298461914 0.706054688 0.293914795 0.700195312 0.293457031 0.689941406 0.292144775 0.680908203 0.293579102 0.673828125 0.293914795 0.666015625 0.298461914 0.713867188 0.298461914 0.697509766 0.287811279 0.706054688 0.293914795 0.689941406 0.292144775 0.682128906 0.287811279 0.673828125 0.293914795 0.666015625 0.298461914 0.723388672 0.289337158 0.713867188 0.298461914 0.718261719 0.306030273 0.707763672 0.27355957 0.720947266 0.30267334 0.712158203 0.312683105 0.700927734 0.268005371 0.703369141 0.318847656 0.689941406 0.26902771 0.708007812 0.294036865 0.678955078 0.268005371 0.672119141 0.27355957 0.702636719 0.304138184 0.65625 0.289337158 0.666015625 0.298461914 0.661376953 0.306030273 0.671875 0.294036865 0.658935547 0.30267334 0.667724609 0.312683105 0.676269531 0.318847656 0.677246094 0.304138184 0.677001953 0.315429688 0.702636719 0.315429688 0.697998047 0.695068359 0.704833984 0.708007812 0.693603516 0.701660156 0.690429688 0.70703125 0.711669922 0.695068359 0.692871094 0.712646484 0.715820312 0.701660156 0.700195312 0.721191406 0.718994141 0.70703125 0.709960938 0.720214844 0.716796875 0.712646484 </float_array>
          <technique_common>
            <accessor count="55" offset="0" source="#Cap__CapMT_CapMT_0-tex0-array" stride="2">
              <param name="S" type="float" />
              <param name="T" type="float" />
            </accessor>
          </technique_common>
        </source>
        <source id="Cap__CapMT_CapMT_0-color0" name="Cap__CapMT_CapMT_0-color0">
          <float_array id="Cap__CapMT_CapMT_0-color0-array" count="165"> 0.996078432 0.996078432 0.996078432 0.996078432 0.996078432 0.996078432 0.996078432 0.996078432 0.996078432 0.996078432 0.996078432 0.996078432 0.996078432 0.996078432 0.996078432 0.996078432 0.996078432 0.996078432 0.996078432 0.996078432 0.996078432 0.996078432 0.996078432 0.996078432 0.996078432 0.996078432 0.996078432 0.996078432 0.996078432 0.996078432 0.996078432 0.996078432 0.996078432 0.996078432 0.996078432 0.996078432 0.996078432 0.996078432 0.996078432 0.996078432 0.996078432 0.996078432 0.996078432 0.996078432 0.996078432 0.996078432 0.996078432 0.996078432 0.996078432 0.996078432 0.996078432 0.996078432 0.996078432 0.996078432 0.996078432 0.996078432 0.996078432 0.996078432 0.996078432 0.996078432 0.996078432 0.996078432 0.996078432 0.996078432 0.996078432 0.996078432 0.996078432 0.996078432 0.996078432 0.996078432 0.996078432 0.996078432 0.996078432 0.996078432 0.996078432 0.996078432 0.996078432 0.996078432 0.996078432 0.996078432 0.996078432 0.996078432 0.996078432 0.996078432 0.996078432 0.996078432 0.996078432 0.996078432 0.996078432 0.996078432 0.996078432 0.996078432 0.996078432 0.996078432 0.996078432 0.996078432 0.996078432 0.996078432 0.996078432 0.996078432 0.996078432 0.996078432 0.996078432 0.996078432 0.996078432 0.996078432 0.996078432 0.996078432 0.996078432 0.996078432 0.996078432 0.996078432 0.996078432 0.996078432 0.996078432 0.996078432 0.996078432 0.996078432 0.996078432 0.996078432 0.996078432 0.996078432 0.996078432 0.996078432 0.996078432 0.996078432 0.996078432 0.996078432 0.996078432 0.996078432 0.996078432 0.996078432 0.996078432 0.996078432 0.996078432 0.996078432 0.996078432 0.996078432 0.996078432 0.996078432 0.996078432 0.996078432 0.996078432 0.996078432 0.996078432 0.996078432 0.996078432 0.996078432 0.996078432 0.996078432 0.996078432 0.996078432 0.996078432 0.996078432 0.996078432 0.996078432 0.996078432 0.996078432 0.996078432 0.996078432 0.996078432 0.996078432 0.996078432 0.996078432 0.996078432 </float_array>
          <technique_common>
            <accessor count="55" offset="0" source="#Cap__CapMT_CapMT_0-color0-array" stride="3">
              <param name="R" type="float" />
              <param name="G" type="float" />
              <param name="B" type="float" />
            </accessor>
          </technique_common>
        </source>
        <vertices id="Cap__CapMT_CapMT_0-vertices">
          <input semantic="POSITION" source="#Cap__CapMT_CapMT_0-positions" />
        </vertices>
        <polylist count="58" material="defaultMaterial">
          <input offset="0" semantic="VERTEX" source="#Cap__CapMT_CapMT_0-vertices" />
          <input offset="0" semantic="NORMAL" source="#Cap__CapMT_CapMT_0-normals" />
          <input offset="0" semantic="TEXCOORD" source="#Cap__CapMT_CapMT_0-tex0" set="0" />
          <input offset="0" semantic="COLOR" source="#Cap__CapMT_CapMT_0-color0" set="0" />
          <vcount>3 3 3 3 3 3 3 3 3 3 3 3 3 3 3 3 3 3 3 3 3 3 3 3 3 3 3 3 3 3 3 3 3 3 3 3 3 3 3 3 3 3 3 3 3 3 3 3 3 3 3 3 3 3 3 3 3 3 </vcount>
          <p>0 1 2 1 3 2 2 3 4 3 5 4 4 5 6 7 8 9 8 10 9 9 10 11 10 12 11 11 12 13 14 15 16 15 17 16 18 17 15 19 17 18 20 19 18 21 22 23 21 24 22 25 21 23 25 23 26 21 27 24 28 25 26 27 29 24 25 30 21 21 30 27 31 29 27 30 31 27 31 32 29 25 33 30 34 32 31 34 35 32 36 35 34 37 31 30 37 34 31 33 37 30 38 36 34 38 34 37 38 39 36 38 40 39 41 37 33 41 38 37 42 40 38 42 38 41 42 28 40 43 41 33 42 41 43 42 43 28 43 33 25 43 25 28 44 45 46 46 45 47 44 48 45 47 45 49 48 50 45 49 45 51 50 52 45 51 45 53 52 54 45 45 54 53 </p>
        </polylist>
      </mesh>
    </geometry>
    <geometry id="Mario64HandR__BodyMT_HandMT_0" name="Mario64HandR__BodyMT_HandMT_0" >
      <mesh>
        <source id="Mario64HandR__BodyMT_HandMT_0-positions" name="Mario64HandR__BodyMT_HandMT_0-positions">
          <float_array id="Mario64HandR__BodyMT_HandMT_0-positions-array" count="81"> -1.27016723 3.88418889 1.10823512 -1.12280083 4.38547707 0.950713277 -1.49723125 4.17308378 0.667964995 -1.10604656 4.50580311 0.365763694 -1.25911117 3.71709013 0.373329997 -0.825430512 4.00139093 1.03225243 -0.96276027 3.44559312 0.840286434 -0.768368661 4.36077499 0.805083811 -0.740872025 4.50443506 0.648305714 -0.637821972 3.8778367 0.59209162 -0.495606124 4.34532881 0.455369622 -0.904864848 4.04606199 0.105409861 -0.585981667 3.75558639 0.554540157 -0.53475976 3.82304025 0.304107577 -0.537042201 3.79929519 0.297376961 -0.538832188 3.79769659 0.306782186 -0.539573073 3.78751469 0.310515761 -0.60079205 3.50256014 0.628327668 -0.930114627 3.39333272 0.698398113 -0.515963018 3.35874176 0.630609453 -0.425612003 3.73645163 0.189083114 -0.793934286 3.84371424 0.0699752271 -0.660573959 3.34199119 0.222696871 -1.05452561 3.57525682 0.313738406 -0.747624457 3.76451612 -0.0662803575 -1.0604161 3.44206548 0.237366527 -0.87124449 3.20540357 0.674572408 </float_array>
          <technique_common>
            <accessor count="27" offset="0" source="#Mario64HandR__BodyMT_HandMT_0-positions-array" stride="3">
              <param name="X" type="float" />
              <param name="Y" type="float" />
              <param name="Z" type="float" />
            </accessor>
          </technique_common>
        </source>
        <source id="Mario64HandR__BodyMT_HandMT_0-normals" name="Mario64HandR__BodyMT_HandMT_0-normals">
          <float_array id="Mario64HandR__BodyMT_HandMT_0-normals-array" count="81"> -0.642237484 -0.149956256 0.751694202 -0.393457383 0.722227514 0.568839788 -0.94778496 0.317693502 0.0278297029 -0.442775816 0.795235932 -0.414185196 -0.853775918 -0.334646463 -0.398846328 0.594151556 -0.0528995804 0.802611709 -0.175132319 -0.81519413 0.552075326 0.700378835 0.388221353 0.598960519 0.186889604 0.923089623 0.336121738 0.854891956 -0.182909533 0.485493392 0.828964293 0.41775319 -0.371887714 -0.104195602 0.218409166 -0.97027868 0.898783922 -0.0957212225 0.427814066 0.800374627 -0.131467685 -0.584907413 0.792786837 0.357213557 -0.493849695 0.961540163 -0.273576081 0.0244255047 0.883683681 0.251784474 0.394598186 0.455643088 0.318620235 0.831186235 -0.623438418 -0.612268806 0.486262739 0.706471562 -0.706639409 -0.0394797958 0.825999796 -0.316732228 -0.466267109 -0.230521113 0.426044136 -0.874840796 0.380494863 -0.760782599 -0.525769413 -0.792566478 -0.390834033 -0.468067437 0.205911234 -0.345235974 -0.915648758 -0.342848897 -0.727948785 -0.593755186 0.00833551865 -0.999865115 0.0141528584 </float_array>
          <technique_common>
            <accessor count="27" offset="0" source="#Mario64HandR__BodyMT_HandMT_0-normals-array" stride="3">
              <param name="X" type="float" />
              <param name="Y" type="float" />
              <param name="Z" type="float" />
            </accessor>
          </technique_common>
        </source>
        <source id="Mario64HandR__BodyMT_HandMT_0-tex0" name="Mario64HandR__BodyMT_HandMT_0-tex0">
          <float_array id="Mario64HandR__BodyMT_HandMT_0-tex0-array" count="54"> 0.152954102 -1.0234375 0.158325195 -1.01953125 0.153930664 -1.03125 0.153808594 -1.02441406 0.142333984 -1.03125 0.151489258 -1.01367188 0.141479492 -1.02148438 0.154418945 -1.01269531 0.154907227 -1.01367188 0.143798828 -1.01464844 0.148925781 -1.01074219 0.142700195 -1.02441406 0.141235352 -1.01367188 0.139282227 -1.01464844 0.138916016 -1.015625 0.139038086 -1.015625 0.138916016 -1.015625 0.138183594 -1.01464844 0.138916016 -1.02148438 0.135498047 -1.01367188 0.136108398 -1.01367188 0.138549805 -1.02246094 0.131591797 -1.02050781 0.138427734 -1.02734375 0.135620117 -1.0234375 0.135498047 -1.02929688 0.135375977 -1.02148438 </float_array>
          <technique_common>
            <accessor count="27" offset="0" source="#Mario64HandR__BodyMT_HandMT_0-tex0-array" stride="2">
              <param name="S" type="float" />
              <param name="T" type="float" />
            </accessor>
          </technique_common>
        </source>
        <source id="Mario64HandR__BodyMT_HandMT_0-color0" name="Mario64HandR__BodyMT_HandMT_0-color0">
          <float_array id="Mario64HandR__BodyMT_HandMT_0-color0-array" count="81"> 1 1 1 1 1 1 1 1 1 1 1 1 1 1 1 1 1 1 1 1 1 1 1 1 1 1 1 1 1 1 1 1 1 1 1 1 1 1 1 1 1 1 1 1 1 1 1 1 1 1 1 1 1 1 1 1 1 1 1 1 1 1 1 1 1 1 1 1 1 1 1 1 1 1 1 1 1 1 1 1 1 </float_array>
          <technique_common>
            <accessor count="27" offset="0" source="#Mario64HandR__BodyMT_HandMT_0-color0-array" stride="3">
              <param name="R" type="float" />
              <param name="G" type="float" />
              <param name="B" type="float" />
            </accessor>
          </technique_common>
        </source>
        <vertices id="Mario64HandR__BodyMT_HandMT_0-vertices">
          <input semantic="POSITION" source="#Mario64HandR__BodyMT_HandMT_0-positions" />
        </vertices>
        <polylist count="50" material="defaultMaterial">
          <input offset="0" semantic="VERTEX" source="#Mario64HandR__BodyMT_HandMT_0-vertices" />
          <input offset="0" semantic="NORMAL" source="#Mario64HandR__BodyMT_HandMT_0-normals" />
          <input offset="0" semantic="TEXCOORD" source="#Mario64HandR__BodyMT_HandMT_0-tex0" set="0" />
          <input offset="0" semantic="COLOR" source="#Mario64HandR__BodyMT_HandMT_0-color0" set="0" />
          <vcount>3 3 3 3 3 3 3 3 3 3 3 3 3 3 3 3 3 3 3 3 3 3 3 3 3 3 3 3 3 3 3 3 3 3 3 3 3 3 3 3 3 3 3 3 3 3 3 3 3 3 </vcount>
          <p>0 1 2 2 1 3 4 0 2 4 2 3 0 5 1 4 6 0 0 6 5 1 5 7 1 7 8 3 1 8 5 9 7 8 7 9 6 9 5 3 8 10 8 9 10 3 10 11 4 3 11 10 9 12 6 12 9 11 10 13 10 12 13 11 13 14 13 12 15 14 13 15 12 16 15 14 15 16 6 17 12 17 16 12 6 18 17 4 18 6 17 19 16 17 18 19 14 16 20 20 16 19 11 14 21 14 20 21 4 11 21 20 19 22 4 21 23 4 23 18 20 24 21 20 22 24 23 21 25 21 24 25 23 25 18 22 25 24 18 26 19 19 26 22 18 25 26 22 26 25 </p>
        </polylist>
      </mesh>
    </geometry>
  </library_geometries>
  <library_controllers>
  </library_controllers>
  <library_visual_scenes>
    <visual_scene id="ROOT" name="ROOT">
      <node id="Object_46" name="Object_46" type="NODE">
        <matrix sid="matrix">1 0 0 0 0 1 0 0 0 0 1 0 0 0 0 1</matrix>
        <instance_geometry url="#Mario__BodyMT_BodyMT_0">
          <bind_material>
            <technique_common>
              <instance_material symbol="defaultMaterial" target="#BodyMT">
                <bind_vertex_input semantic="CHANNEL0" input_semantic="TEXCOORD" input_set="0"/>
              </instance_material>
            </technique_common>
          </bind_material>
        </instance_geometry>
      </node>
      <node id="Object_48" name="Object_48" type="NODE">
        <matrix sid="matrix">1 0 0 0 0 1 0 0 0 0 1 0 0 0 0 1</matrix>
        <instance_geometry url="#CapHair__HairMT_HairMT_0">
          <bind_material>
            <technique_common>
              <instance_material symbol="defaultMaterial" target="#HairMT">
                <bind_vertex_input semantic="CHANNEL0" input_semantic="TEXCOORD" input_set="0"/>
              </instance_material>
            </technique_common>
          </bind_material>
        </instance_geometry>
      </node>
      <node id="Object_50" name="Object_50" type="NODE">
        <matrix sid="matrix">1 0 0 0 0 1 0 0 0 0 1 0 0 0 0 1</matrix>
        <instance_geometry url="#MarioEye__EyeMT_EyeMT_0">
          <bind_material>
            <technique_common>
              <instance_material symbol="defaultMaterial" target="#EyeMT">
                <bind_vertex_input semantic="CHANNEL0" input_semantic="TEXCOORD" input_set="0"/>
              </instance_material>
            </technique_common>
          </bind_material>
        </instance_geometry>
      </node>
      <node id="Object_52" name="Object_52" type="NODE">
        <matrix sid="matrix">1 0 0 0 0 1 0 0 0 0 1 0 0 0 0 1</matrix>
        <instance_geometry url="#Mario64HandL__BodyMT_HandMT_0">
          <bind_material>
            <technique_common>
              <instance_material symbol="defaultMaterial" target="#HandMT">
                <bind_vertex_input semantic="CHANNEL0" input_semantic="TEXCOORD" input_set="0"/>
              </instance_material>
            </technique_common>
          </bind_material>
        </instance_geometry>
      </node>
      <node id="Object_54" name="Object_54" type="NODE">
        <matrix sid="matrix">1 0 0 0 0 1 0 0 0 0 1 0 0 0 0 1</matrix>
        <instance_geometry url="#Face__FaceMT_FaceMT_0">
          <bind_material>
            <technique_common>
              <instance_material symbol="defaultMaterial" target="#FaceMT">
                <bind_vertex_input semantic="CHANNEL0" input_semantic="TEXCOORD" input_set="0"/>
              </instance_material>
            </technique_common>
          </bind_material>
        </instance_geometry>
      </node>
      <node id="Object_56" name="Object_56" type="NODE">
        <matrix sid="matrix">1 0 0 0 0 1 0 0 0 0 1 0 0 0 0 1</matrix>
        <instance_geometry url="#Hair__HairMT_HairMT.001_0">
          <bind_material>
            <technique_common>
              <instance_material symbol="defaultMaterial" target="#HairMT.001">
                <bind_vertex_input semantic="CHANNEL0" input_semantic="TEXCOORD" input_set="0"/>
              </instance_material>
            </technique_common>
          </bind_material>
        </instance_geometry>
      </node>
      <node id="Object_58" name="Object_58" type="NODE">
        <matrix sid="matrix">1 0 0 0 0 1 0 0 0 0 1 0 0 0 0 1</matrix>
        <instance_geometry url="#Cap__CapMT_CapMT_0">
          <bind_material>
            <technique_common>
              <instance_material symbol="defaultMaterial" target="#CapMT">
                <bind_vertex_input semantic="CHANNEL0" input_semantic="TEXCOORD" input_set="0"/>
              </instance_material>
            </technique_common>
          </bind_material>
        </instance_geometry>
      </node>
      <node id="Object_60" name="Object_60" type="NODE">
        <matrix sid="matrix">1 0 0 0 0 1 0 0 0 0 1 0 0 0 0 1</matrix>
        <instance_geometry url="#Mario64HandR__BodyMT_HandMT_0">
          <bind_material>
            <technique_common>
              <instance_material symbol="defaultMaterial" target="#HandMT">
                <bind_vertex_input semantic="CHANNEL0" input_semantic="TEXCOORD" input_set="0"/>
              </instance_material>
            </technique_common>
          </bind_material>
        </instance_geometry>
      </node>
    </visual_scene>
  </library_visual_scenes>
  <scene>
    <instance_visual_scene url="#ROOT" />
  </scene>
</COLLADA>
