<?xml version="1.0" encoding="UTF-8" standalone="no" ?>
<COLLADA xmlns="http://www.collada.org/2005/11/COLLADASchema" version="1.4.1">
  <asset>
    <contributor>
      <author>Assimp</author>
      <authoring_tool>Sketchfab-16.60.0</authoring_tool>
    </contributor>
    <created>2026-09-14T16:26:09</created>
    <modified>2026-09-14T16:26:09</modified>
    <unit name="meter" meter="1" />
    <up_axis>Y_UP</up_axis>
  </asset>
  <library_images>
    <image id="BodyMT-diffuse-image">
      <init_from>mario-idle_texture_0001.png</init_from>
    </image>
    <image id="HairMT-diffuse-image">
      <init_from>mario-idle_texture_0002.png</init_from>
    </image>
    <image id="EyeMT-diffuse-image">
      <init_from>mario-idle_texture_0003.png</init_from>
    </image>
    <image id="HandMT-diffuse-image">
      <init_from>mario-idle_texture_0004.png</init_from>
    </image>
    <image id="FaceMT-diffuse-image">
      <init_from>mario-idle_texture_0005.png</init_from>
    </image>
    <image id="HairMT.001-diffuse-image">
      <init_from>mario-idle_texture_0002.png</init_from>
    </image>
    <image id="CapMT-diffuse-image">
      <init_from>mario-idle_texture_0002.png</init_from>
    </image>
  </library_images>
  <library_effects>
    <effect id="BodyMT-fx" name="BodyMT">
      <profile_COMMON>
        <newparam sid="BodyMT-diffuse-surface">
          <surface type="2D">
            <init_from>BodyMT-diffuse-image</init_from>
          </surface>
        </newparam>
        <newparam sid="BodyMT-diffuse-sampler">
          <sampler2D>
            <source>BodyMT-diffuse-surface</source>
          </sampler2D>
        </newparam>
        <technique sid="standard">
          <phong>
            <emission>
              <color sid="emission">0   0   0   1</color>
            </emission>
            <diffuse>
              <texture texture="BodyMT-diffuse-sampler" texcoord="CHANNEL0" />
            </diffuse>
            <shininess>
              <float sid="shininess">4.88955736</float>
            </shininess>
            <transparency>
              <float sid="transparency">1</float>
            </transparency>
          </phong>
        </technique>
      </profile_COMMON>
    </effect>
    <effect id="HairMT-fx" name="HairMT">
      <profile_COMMON>
        <newparam sid="HairMT-diffuse-surface">
          <surface type="2D">
            <init_from>HairMT-diffuse-image</init_from>
          </surface>
        </newparam>
        <newparam sid="HairMT-diffuse-sampler">
          <sampler2D>
            <source>HairMT-diffuse-surface</source>
          </sampler2D>
        </newparam>
        <technique sid="standard">
          <phong>
            <emission>
              <color sid="emission">0   0   0   1</color>
            </emission>
            <diffuse>
              <texture texture="HairMT-diffuse-sampler" texcoord="CHANNEL0" />
            </diffuse>
            <shininess>
              <float sid="shininess">4.88955736</float>
            </shininess>
            <transparency>
              <float sid="transparency">1</float>
            </transparency>
          </phong>
        </technique>
      </profile_COMMON>
    </effect>
    <effect id="EyeMT-fx" name="EyeMT">
      <profile_COMMON>
        <newparam sid="EyeMT-diffuse-surface">
          <surface type="2D">
            <init_from>EyeMT-diffuse-image</init_from>
          </surface>
        </newparam>
        <newparam sid="EyeMT-diffuse-sampler">
          <sampler2D>
            <source>EyeMT-diffuse-surface</source>
          </sampler2D>
        </newparam>
        <technique sid="standard">
          <phong>
            <emission>
              <color sid="emission">0   0   0   1</color>
            </emission>
            <diffuse>
              <texture texture="EyeMT-diffuse-sampler" texcoord="CHANNEL0" />
            </diffuse>
            <shininess>
              <float sid="shininess">4.88955736</float>
            </shininess>
            <transparency>
              <float sid="transparency">1</float>
            </transparency>
          </phong>
        </technique>
      </profile_COMMON>
    </effect>
    <effect id="HandMT-fx" name="HandMT">
      <profile_COMMON>
        <newparam sid="HandMT-diffuse-surface">
          <surface type="2D">
            <init_from>HandMT-diffuse-image</init_from>
          </surface>
        </newparam>
        <newparam sid="HandMT-diffuse-sampler">
          <sampler2D>
            <source>HandMT-diffuse-surface</source>
          </sampler2D>
        </newparam>
        <technique sid="standard">
          <phong>
            <emission>
              <color sid="emission">0   0   0   1</color>
            </emission>
            <diffuse>
              <texture texture="HandMT-diffuse-sampler" texcoord="CHANNEL0" />
            </diffuse>
            <shininess>
              <float sid="shininess">4.88955736</float>
            </shininess>
            <transparency>
              <float sid="transparency">1</float>
            </transparency>
          </phong>
        </technique>
      </profile_COMMON>
    </effect>
    <effect id="FaceMT-fx" name="FaceMT">
      <profile_COMMON>
        <newparam sid="FaceMT-diffuse-surface">
          <surface type="2D">
            <init_from>FaceMT-diffuse-image</init_from>
          </surface>
        </newparam>
        <newparam sid="FaceMT-diffuse-sampler">
          <sampler2D>
            <source>FaceMT-diffuse-surface</source>
          </sampler2D>
        </newparam>
        <technique sid="standard">
          <phong>
            <emission>
              <color sid="emission">0   0   0   1</color>
            </emission>
            <diffuse>
              <texture texture="FaceMT-diffuse-sampler" texcoord="CHANNEL0" />
            </diffuse>
            <shininess>
              <float sid="shininess">4.88955736</float>
            </shininess>
            <transparency>
              <float sid="transparency">1</float>
            </transparency>
          </phong>
        </technique>
      </profile_COMMON>
    </effect>
    <effect id="HairMT.001-fx" name="HairMT.001">
      <profile_COMMON>
        <newparam sid="HairMT.001-diffuse-surface">
          <surface type="2D">
            <init_from>HairMT.001-diffuse-image</init_from>
          </surface>
        </newparam>
        <newparam sid="HairMT.001-diffuse-sampler">
          <sampler2D>
            <source>HairMT.001-diffuse-surface</source>
          </sampler2D>
        </newparam>
        <technique sid="standard">
          <phong>
            <emission>
              <color sid="emission">0   0   0   1</color>
            </emission>
            <diffuse>
              <texture texture="HairMT.001-diffuse-sampler" texcoord="CHANNEL0" />
            </diffuse>
            <shininess>
              <float sid="shininess">4.88955736</float>
            </shininess>
            <transparency>
              <float sid="transparency">1</float>
            </transparency>
          </phong>
        </technique>
      </profile_COMMON>
    </effect>
    <effect id="CapMT-fx" name="CapMT">
      <profile_COMMON>
        <newparam sid="CapMT-diffuse-surface">
          <surface type="2D">
            <init_from>CapMT-diffuse-image</init_from>
          </surface>
        </newparam>
        <newparam sid="CapMT-diffuse-sampler">
          <sampler2D>
            <source>CapMT-diffuse-surface</source>
          </sampler2D>
        </newparam>
        <technique sid="standard">
          <phong>
            <emission>
              <color sid="emission">0   0   0   1</color>
            </emission>
            <diffuse>
              <texture texture="CapMT-diffuse-sampler" texcoord="CHANNEL0" />
            </diffuse>
            <shininess>
              <float sid="shininess">4.88955736</float>
            </shininess>
            <transparency>
              <float sid="transparency">1</float>
            </transparency>
          </phong>
        </technique>
      </profile_COMMON>
    </effect>
    <effect id="material_7-fx" name="">
      <profile_COMMON>
        <technique sid="standard">
          <phong>
            <emission>
              <color sid="emission">0   0   0   1</color>
            </emission>
            <diffuse>
              <color sid="diffuse">1   1   1   1</color>
            </diffuse>
            <shininess>
              <float sid="shininess">0</float>
            </shininess>
            <transparency>
              <float sid="transparency">1</float>
            </transparency>
          </phong>
        </technique>
      </profile_COMMON>
    </effect>
  </library_effects>
  <library_materials>
    <material id="BodyMT" name="BodyMT">
      <instance_effect url="#BodyMT-fx"/>
    </material>
    <material id="HairMT" name="HairMT">
      <instance_effect url="#HairMT-fx"/>
    </material>
    <material id="EyeMT" name="EyeMT">
      <instance_effect url="#EyeMT-fx"/>
    </material>
    <material id="HandMT" name="HandMT">
      <instance_effect url="#HandMT-fx"/>
    </material>
    <material id="FaceMT" name="FaceMT">
      <instance_effect url="#FaceMT-fx"/>
    </material>
    <material id="HairMT.001" name="HairMT.001">
      <instance_effect url="#HairMT.001-fx"/>
    </material>
    <material id="CapMT" name="CapMT">
      <instance_effect url="#CapMT-fx"/>
    </material>
    <material id="material_7" name="">
      <instance_effect url="#material_7-fx"/>
    </material>
  </library_materials>
  <library_geometries>
    <geometry id="Mario__BodyMT_BodyMT_0" name="Mario__BodyMT_BodyMT_0" >
      <mesh>
        <source id="Mario__BodyMT_BodyMT_0-positions" name="Mario__BodyMT_BodyMT_0-positions">
          <float_array id="Mario__BodyMT_BodyMT_0-positions-array" count="1023"> -0.226899818 1.83461237 0.602971494 -0.391645133 1.85777032 0.531581223 -0.487757862 1.75669396 0.498366117 -0.500504851 1.65663707 0.495279729 -0.402421385 1.55442417 0.548777103 -0.264342457 1.57548988 0.616809487 -0.192405641 1.70352113 0.634010375 0.510982335 1.76218212 0.465854526 0.416129351 1.86220908 0.505286098 0.256639779 1.83726943 0.58723104 0.524599254 1.66227007 0.46190992 0.431330591 1.55900562 0.521636307 0.297745496 1.57857859 0.598512053 0.225678429 1.70581853 0.620400667 -0.181208834 2.11906838 0.402383178 -0.226899818 1.83461237 0.602971494 0.0148250153 1.83608186 0.593743384 0.194880366 2.12113523 0.390140593 0.256639779 1.83726943 0.58723104 0.00683548162 2.11995554 0.396227628 -0.176295742 2.2620492 0.168399125 0.173191339 2.26396966 0.157022417 -0.00161024195 2.27110362 0.162293419 -0.00914100651 2.29872227 -0.0643858984 -0.186169818 2.27958274 -0.0628748983 0.167810678 2.28152776 -0.0743978843 -0.0154525079 2.06671023 -0.297436684 -0.39307183 2.21114922 0.00824287627 -0.363810003 2.13910055 -0.187415585 -0.563927531 1.93882525 0.144020975 -0.419863313 2.12415242 0.258614093 -0.472371817 1.86472905 -0.293621868 -0.499009937 1.85207963 0.443199784 -0.626592696 1.69879067 0.0380694345 -0.618480086 1.67431569 0.283152223 0.379638582 2.21539545 -0.0169108547 0.423609495 2.12878728 0.231156856 0.561942101 1.94501197 0.107370988 0.338506967 2.14295983 -0.210277811 0.517575085 1.85766578 0.410107285 0.442937344 1.86975884 -0.323417515 0.628327966 1.68116677 0.242565334 0.620215416 1.70564163 -0.00251744827 -0.391645133 1.85777032 0.531581223 -0.226899818 1.83461237 0.602971494 -0.181208834 2.11906838 0.402383178 -0.419863313 2.12415242 0.258614093 -0.176295742 2.2620492 0.168399125 -0.499009937 1.85207963 0.443199784 -0.39307183 2.21114922 0.00824287627 -0.487757862 1.75669396 0.498366117 -0.186169818 2.27958274 -0.0628748983 -0.618480086 1.67431569 0.283152223 -0.363810003 2.13910055 -0.187415585 -0.500504851 1.65663707 0.495279729 -0.0154525079 2.06671023 -0.297436684 -0.540721416 1.53105927 0.420199186 -0.472371817 1.86472905 -0.293621868 -0.402421385 1.55442417 0.548777103 -0.594866574 1.47228706 0.194694445 -0.626592696 1.69879067 0.0380694345 -0.475180835 1.3930639 0.428432435 -0.330829978 1.3358568 0.509793937 -0.616067648 1.51792514 0.00694489386 -0.235972255 1.46069062 0.57629776 -0.264342457 1.57548988 0.616809487 -0.550062537 1.58480513 -0.338850051 0.0171133969 1.57391191 0.619786084 -0.192405641 1.70352113 0.634010375 0.0148250153 1.83608186 0.593743384 -0.226899818 1.83461237 0.602971494 0.0166366659 1.70479357 0.627234459 0.225678429 1.70581853 0.620400667 0.256639779 1.83726943 0.58723104 0.297745496 1.57857859 0.598512053 0.416129351 1.86220908 0.505286098 0.194880366 2.12113523 0.390140593 0.256639779 1.83726943 0.58723104 0.268062681 1.46346045 0.559890151 0.423609495 2.12878728 0.231156856 0.173191339 2.26396966 0.157022417 0.517575085 1.85766578 0.410107285 0.379638582 2.21539545 -0.0169108547 0.510982335 1.76218212 0.465854526 0.167810678 2.28152776 -0.0743978843 0.628327966 1.68116677 0.242565334 0.338506967 2.14295983 -0.210277811 0.524599254 1.66227007 0.46190992 0.442937344 1.86975884 -0.323417515 0.561224043 1.53711438 0.384327978 0.431330591 1.55900562 0.521636307 0.601230919 1.47885966 0.155758366 0.620215416 1.70564163 -0.00251744827 0.497876495 1.39841092 0.396756917 0.359759301 1.33965147 0.487313449 0.192694515 1.29650462 0.508720994 0.352347314 1.18790877 0.323881745 0.472922832 1.25246632 0.253154933 0.0168688409 1.45862186 0.592812061 0.174724683 1.14874268 0.385413975 -0.162263066 1.29455411 0.520275772 0.0148257576 1.29353893 0.502182901 -0.332397014 1.18414617 0.346171945 -0.150729418 1.1469543 0.396008372 0.0116400803 1.14602399 0.379419386 -0.458018363 1.24735093 0.283459514 6.49591266e-06 1.17864597 0.0275479648 -0.545995355 1.30037498 0.138251141 -0.565434456 1.342219 -0.0338928252 -0.504915893 1.4035399 -0.350945354 -0.412086189 1.5838927 -0.426034331 -0.378407419 1.40270364 -0.43088302 -0.0171925724 1.8072232 -0.394693017 -0.0174368732 1.5680356 -0.442573577 -0.0165615752 1.38816488 -0.446047693 0.377254665 1.58823013 -0.451729447 0.345322996 1.40668058 -0.454442322 0.520590544 1.59068835 -0.373702586 0.476745546 1.40893412 -0.382900953 0.609674692 1.52466059 -0.0329562016 0.558424771 1.34839451 -0.0704773813 0.550682664 1.30640113 0.102551401 0.426948935 2.13345575 -0.0208142158 0.359545231 2.0458672 -0.0507542714 0.429385543 2.01341915 0.0361117683 0.338138908 1.93768644 -0.0238364134 0.54870218 1.95736873 0.0858132318 0.326962322 2.14865041 -0.131006718 0.279308707 2.01091766 -0.117812499 0.351877868 1.79400897 -0.0434984528 0.224977821 1.95197248 -0.246209741 0.543446243 2.21629405 -0.0369791053 0.34912312 2.20093679 -0.230790928 0.450274795 1.86315429 -0.439914912 0.569258749 1.71504462 -0.249848798 0.748876929 2.11098742 -0.243736163 0.753805041 1.86821389 -0.128603682 0.56128484 2.10786033 -0.43613711 0.633798718 1.78513002 -0.313914865 0.56383884 1.87221515 -0.425669581 0.629110277 2.01609659 -0.423448235 0.739410102 2.01793528 -0.310320854 0.661693037 1.91331327 -0.343195885 0.742307723 1.8751899 -0.242625579 0.903008759 1.79150033 -0.533156455 0.944868207 1.77596223 -0.337895125 0.80201447 1.64961636 -0.440916359 0.956580997 1.96442103 -0.444450259 0.756370485 1.86905336 -0.174253389 0.725439012 1.75998914 -0.611142099 0.817651331 1.96344995 -0.623356998 0.622685909 2.06023216 -0.470456779 0.600839913 1.7314955 -0.286416769 0.517469049 1.85166287 -0.471748322 0.769122541 2.07423592 -0.290264249 0.530696929 1.90015531 -0.383764446 0.5797171 1.8294996 -0.274793655 0.671165347 1.91038036 -0.20884423 0.678663313 2.03102303 -0.277056009 0.61094147 1.93907273 -0.305196762 0.592777491 2.02275658 -0.382705331 0.332695693 1.0036943 0.599715233 0.551278055 0.863496244 0.46249795 0.580188692 1.16145909 0.624527156 0.26655665 1.27705216 0.68890363 0.631750405 1.44900298 0.151720852 0.219779134 0.794938445 0.426735044 0.0438116156 1.05053008 0.566661417 -0.0175484437 1.31472051 0.08167281 0.252090693 1.58893156 0.229650319 0.560946345 1.11779165 -0.0282077249 0.331529677 1.30936539 0.0292357225 0.211999446 1.04562545 -0.0658529922 0.332048655 1.05447495 0.508353114 0.551278055 0.863496244 0.46249795 0.219779134 0.794938445 0.426735044 0.0438116156 1.05053008 0.566661417 0.208683416 0.558054745 0.787396133 0.580188692 1.16145909 0.624527156 0.26655665 1.27705216 0.68890363 0.261205882 1.09937835 1.08175576 0.0111058243 0.845036447 0.944503725 0.580893457 0.635032415 0.827550471 0.335269421 0.795684397 0.977420688 0.613353848 0.969588816 1.00947464 -0.368680716 0.763118863 -0.498369008 -0.649646282 0.783967197 -0.413565248 -0.511003792 0.944512069 -0.679788172 -0.397142947 0.653385937 -0.226317525 -0.686404586 1.23306143 -0.122218631 -0.172815293 0.913153172 -0.657075286 -0.102445416 0.733227193 -0.376814991 -0.495833099 1.403391 -0.408153325 -0.38074261 1.07498932 0.104449682 -0.024003122 1.17163932 -0.077731438 -0.342050463 1.2936337 -0.1697945 -0.139844522 1.37038147 -0.384245038 -0.362787098 0.876256466 -0.42872557 -0.172815293 0.913153172 -0.657075286 -0.511003792 0.944512069 -0.679788172 -0.102445416 0.733227193 -0.376814991 -0.113552071 1.06714857 -0.887156785 -0.649646282 0.783967197 -0.413565248 -0.397142947 0.653385937 -0.226317525 -0.493026108 1.0961802 -0.922298551 -0.354414135 0.500142157 -0.833067477 -0.0278853811 0.698776782 -0.832008958 -0.322058946 0.815134048 -0.922229707 -0.641886771 0.745750904 -0.888869524 -0.366466522 2.22081947 0.263526887 -0.307634443 2.16388917 0.368183434 -0.328767031 2.11273003 0.2661421 -0.277529746 2.0387187 0.335300833 -0.341564745 2.19799447 0.499908954 -0.38144806 2.13214207 0.144017622 -0.317756057 2.01828957 0.210321605 -0.276627064 1.92799473 0.428979307 -0.3633973 1.88392782 0.159392565 -0.468468606 2.32079649 0.274159223 -0.47565338 2.12628675 0.0800595358 -0.634628952 1.80691147 0.271722585 -0.553271472 1.84822941 0.524492383 -0.733145893 2.21652794 0.379330009 -0.614158273 2.10138631 0.590997398 -0.745797336 2.03453231 0.182007357 -0.652969897 1.89192939 0.490579009 -0.70080626 1.86763525 0.341956019 -0.76617074 2.00147104 0.289205611 -0.758731902 2.10848045 0.405226856 -0.713489711 1.98205912 0.411330014 -0.688769877 2.04077959 0.529682517 -0.788681328 1.96583509 0.671140254 -0.620222449 1.86929977 0.644132555 -0.62964797 2.08564663 0.655565739 -0.829507709 2.14666939 0.595343173 -0.540411949 2.10989928 0.419491202 -0.814256847 1.79661262 0.576843679 -0.956610322 1.96589184 0.542361617 -0.877468109 1.98263633 0.302537411 -0.530149937 1.87435341 0.407043368 -0.741402984 1.79521596 0.333783329 -0.703097522 1.87811637 0.293390512 -0.578885436 1.92464733 0.336465776 -0.758007228 2.17633677 0.353924245 -0.584919214 2.06314254 0.343784839 -0.672560513 1.99185383 0.310820431 -0.712860346 2.10220647 0.305233002 -0.782865167 1.98858738 0.275112599 0.399936259 1.6301316 0.361914366 0.244482487 1.52076173 0.487662494 0.524899721 1.54601347 0.36629644 0.46524322 1.64186502 0.118177168 -0.0608919933 1.61347806 0.0938537866 0.309091538 1.39428663 0.585982502 0.56901443 1.57815564 0.112413645 0.0507283919 1.4562248 0.511143088 0.570825696 1.32367051 0.277614772 0.0498039983 1.33454251 0.583609283 0.63462007 1.3616221 0.0955161899 0.402919054 1.21873713 0.420644552 0.608434498 1.60687745 -0.114451185 0.538493812 1.12705493 0.158354029 0.455446333 1.68836415 -0.131741822 0.662438035 1.38222957 -0.153248593 0.557288229 1.59730804 -0.293865681 0.581251383 1.15663636 -0.0732634738 0.27847001 1.65059137 -0.321006209 0.495329231 1.14969873 -0.228738144 0.628079653 1.37737429 -0.316283822 0.355853349 1.54595542 -0.413844556 0.428501755 1.31063068 -0.435661346 0.438294858 1.0808996 0.269846082 0.252531469 1.03303993 0.28184396 0.352789313 1.12926292 -0.312874526 0.0780760199 1.24114823 -0.493231297 0.14457944 1.14879179 0.47080335 -0.0352910124 1.00478911 0.228255138 -0.0823075399 1.12691081 0.428609133 -0.119653113 1.31551445 0.54661411 0.0691122413 1.07487321 -0.369903952 -0.115049772 1.43697155 0.467082053 -0.286494315 1.42832327 0.449014664 -0.291950941 1.30626607 0.520645797 -0.309828162 1.11119449 0.387085378 -0.54125464 1.32392955 0.429318607 -0.467010111 1.46189332 0.356580287 -0.324017763 0.985336721 0.175623089 -0.221168026 1.08177412 -0.418617845 -0.541282177 1.14061463 0.24668923 -0.385571599 1.0768137 -0.391031295 -0.49858278 1.00338292 0.0972400308 -0.558794975 1.03626597 -0.0438054614 -0.662075222 1.22166121 0.0504707508 -0.686495841 1.44578326 0.143114433 -0.662435055 1.25430465 -0.14344734 -0.58314991 1.54879177 0.180795059 -0.642381132 1.47792566 -0.110768341 -0.55891335 1.557127 -0.0705087557 -0.602961004 1.50664723 -0.337633193 -0.468798548 1.61189258 -0.30202049 -0.520904958 1.06544471 -0.276319742 -0.603278875 1.27750492 -0.386438489 -0.490784109 1.51059127 -0.486957818 -0.513122141 1.28295183 -0.526533663 -0.276312143 1.25231493 -0.565513074 -0.254496783 1.49545538 -0.526292682 0.0502784401 1.51162183 -0.463818789 -0.232682705 1.60829878 -0.415178657 0.0254993029 1.61904895 -0.377566546 -0.0346841775 1.09493363 -1.04997623 -0.0384050421 0.503574908 -0.90337646 0.0493742749 0.513141692 -1.26183271 -0.0750131309 0.298437566 -1.36327338 -0.282505989 0.519556463 -1.30902493 -0.143683478 1.01630259 -0.757463038 -0.195347741 1.29864764 -0.995433986 -0.299089253 0.279147923 -1.03530633 -0.341805071 1.14138734 -0.690526724 -0.349278063 0.520843387 -0.77150023 -0.413158834 1.30285776 -1.02640593 -0.577330709 1.02963448 -0.789256632 -0.629336655 0.514996827 -0.987404883 -0.590737104 1.10766101 -1.12828135 -0.614386678 0.525971293 -1.35621715 -0.440888464 0.305509418 -1.41529953 0.080324471 1.11900699 1.44471836 0.250650257 1.30570614 1.53419685 0.0961582363 1.16827977 1.05575562 0.03996199 0.556230366 1.17596364 0.41087994 1.06810713 1.42109275 0.406130075 1.34490788 1.14768147 0.615065098 1.24959254 1.50815129 0.0989137292 0.66308558 0.854287922 0.369516164 1.13375354 0.851053119 0.684730947 1.07764971 1.01368904 0.157078281 0.341452152 1.07366633 0.260779619 0.524478614 0.73531878 0.5242576 0.595764875 0.792282343 0.37401998 0.308046907 1.05816102 0.593371868 0.469073296 1.13548338 0.741435826 1.01720726 1.39746726 </float_array>
          <technique_common>
            <accessor count="341" offset="0" source="#Mario__BodyMT_BodyMT_0-positions-array" stride="3">
              <param name="X" type="float" />
              <param name="Y" type="float" />
              <param name="Z" type="float" />
            </accessor>
          </technique_common>
        </source>
        <source id="Mario__BodyMT_BodyMT_0-normals" name="Mario__BodyMT_BodyMT_0-normals">
          <float_array id="Mario__BodyMT_BodyMT_0-normals-array" count="1023"> -0.093243666 0.460459679 0.882769823 -0.398886681 0.512482882 0.760427952 -0.666196525 0.119016513 0.736218214 -0.649344444 0.00992315821 0.76042968 -0.477913767 -0.104336888 0.87218821 -0.19095996 -0.134620607 0.972322762 -0.0365346186 0.0661692321 0.997139335 0.711245418 0.126601368 0.691449225 0.441902518 0.517054319 0.733060002 0.145319536 0.461765885 0.875016868 0.697174847 0.0173438564 0.716691315 0.534775913 -0.0994862393 0.839116931 0.25516504 -0.13213636 0.957826078 0.100482471 0.0669098496 0.99268645 -0.114098467 0.703529298 0.70144707 -0.0932655409 0.460477322 0.88275826 0.0258360561 0.483213127 0.875121474 0.151950583 0.704413116 0.693334818 0.145329356 0.461774707 0.87501055 0.0195264239 0.696391881 0.717396021 -0.152490065 0.927664757 0.340859026 0.164140999 0.929404914 0.330551505 0.00604597712 0.938866019 0.344229549 -0.0133674005 0.968844056 -0.247310489 -0.156517074 0.932607949 -0.325184226 0.124966867 0.934134841 -0.334328175 -0.031171117 0.482283205 -0.875460625 -0.672621369 0.735798955 -0.0786153078 -0.51941967 0.577587545 -0.629758537 -0.910594404 0.41324091 -0.00705177383 -0.595508218 0.692375422 0.407414019 -0.611311555 0.428747773 -0.665186822 -0.785075724 0.422150314 0.45326069 -0.969654083 0.193682954 -0.149190888 -0.97157079 0.0903992355 0.218810782 0.657919407 0.743148744 -0.121950842 0.613934219 0.698267341 0.368113428 0.903542936 0.423360765 -0.0661504492 0.471136212 0.581978798 -0.662820756 0.80813849 0.4309825 0.401455253 0.562142432 0.434539109 -0.70368433 0.982606649 0.101809546 0.155302867 0.955607891 0.204951704 -0.211679742 -0.398880243 0.512477636 0.760434866 -0.0932643116 0.460484207 0.882754803 -0.114128537 0.703522265 0.701449275 -0.595506549 0.692376077 0.40741539 -0.152493671 0.927666008 0.340854019 -0.785070598 0.422148019 0.453271657 -0.67262274 0.735795915 -0.0786325932 -0.666222215 0.119019009 0.736194551 -0.156511739 0.932610035 -0.325180888 -0.971568644 0.0903885588 0.21882467 -0.519424558 0.577609599 -0.629734278 -0.64931488 0.0099408878 0.760454714 -0.0311491881 0.482242763 -0.875483692 -0.844616234 -0.239530727 0.478798956 -0.611297429 0.42876479 -0.665188849 -0.47791788 -0.104303822 0.872189879 -0.939347565 -0.28857857 0.185333684 -0.969658434 0.193663865 -0.149187222 -0.721528113 -0.457711011 0.519516945 -0.405370355 -0.556493878 0.725251257 -0.977472663 -0.175905034 -0.116638578 -0.0951074809 -0.337282121 0.936587095 -0.190958142 -0.134615943 0.972323775 -0.893981338 0.0200628471 -0.447654873 0.0329811797 -0.193428814 0.980559826 -0.0365108103 0.066166237 0.997140408 0.0258419365 0.483241975 0.875105381 -0.0932767168 0.46046707 0.882762432 0.0320780464 0.0707311705 0.996979475 0.100499213 0.0669277236 0.99268353 0.145335749 0.461777925 0.875007808 0.255170763 -0.132147491 0.957823038 0.441922873 0.517077267 0.733031571 0.151975185 0.704411924 0.693330646 0.145300806 0.461782068 0.875011444 0.159480393 -0.336246997 0.92817235 0.613930106 0.698272765 0.368110001 0.164145276 0.929406047 0.330546111 0.808143079 0.430980295 0.401448309 0.657927573 0.743143916 -0.121936262 0.711227834 0.126582161 0.691470802 0.124962628 0.934132516 -0.33433634 0.982607067 0.101801939 0.155305088 0.471137077 0.581993878 -0.662806869 0.697168648 0.0173299629 0.716697693 0.562116146 0.434561998 -0.703691244 0.876623154 -0.229348421 0.423002511 0.534779429 -0.0995176882 0.83911097 0.952523291 -0.278182417 0.123749569 0.955600917 0.204992071 -0.211672142 0.758670926 -0.449881613 0.471195251 0.457752317 -0.551478148 0.697376966 0.141313508 -0.556130469 0.818992913 0.409270734 -0.887313902 0.212535799 0.623418212 -0.772945464 0.117919698 0.0323891975 -0.351337731 0.935688376 0.154273495 -0.914342403 0.374403059 -0.0816815943 -0.557359993 0.826243281 0.0306262169 -0.521352828 0.852791429 -0.384973764 -0.8915838 0.23848179 -0.119648956 -0.915831149 0.383324176 0.0178684667 -0.919028401 0.393786132 -0.605736196 -0.779860735 0.157800123 -0.00386784528 -0.959743321 -0.280851871 -0.660997212 -0.750387013 0.00141912117 -0.634989679 -0.743219376 -0.210744053 -0.616203129 -0.675682127 -0.404657036 -0.216152728 0.16675818 -0.962013364 -0.171416536 -0.58123678 -0.795474827 -0.032571815 0.321751893 -0.946263611 -0.0328994393 0.0903730541 -0.995364428 -0.0217366721 -0.632386148 -0.774348259 0.151202112 0.169152871 -0.97392261 0.125727847 -0.579384565 -0.805298746 0.862608671 0.0297072362 -0.504998803 0.595961332 -0.669021845 -0.44411692 0.96976918 -0.164836109 -0.17993544 0.628284216 -0.736091912 -0.251848519 0.667960525 -0.743023813 -0.041765634 -0.381922692 0.586026073 0.71463871 -0.685310245 0.300649077 0.663294792 -0.385987014 0.162980661 0.907993019 -0.707751393 -0.0965685397 0.699830353 0.487705588 -0.234697238 0.84086889 -0.724152327 0.596658587 0.345835149 -0.917127073 0.144960612 0.371300817 -0.3153283 -0.896453977 0.311349183 -0.822151363 -0.251403064 -0.510748148 0.464485437 0.81917125 0.336469531 -0.349706352 0.803134978 -0.482368797 -0.585302651 -0.351758271 -0.730538785 -0.069642283 -0.993513703 0.0898912773 0.691753983 0.711809874 0.12166816 0.715233028 -0.33397916 0.613921523 -0.118165895 0.700605452 -0.703696549 0.508524001 -0.711977899 -0.484242529 0.264792144 -0.408807874 -0.873362005 0.492053539 0.0923766568 -0.865649939 0.87627095 0.0987837389 -0.471583515 0.685310245 -0.300649315 -0.663294673 0.886666894 -0.397789836 -0.235764846 0.732118607 -0.364955932 -0.575160444 0.687578201 -0.328083217 0.64776355 -0.0545396954 -0.992779195 0.106840558 0.750062287 0.654893756 0.0923077911 0.416331589 -0.196969241 0.887621045 -0.456532598 -0.419937521 -0.78436631 0.0341506153 0.608618379 -0.792727828 -0.254208535 0.768262327 -0.587495565 -0.347146451 -0.87909174 0.326629907 -0.759177446 -0.287400872 -0.583995163 0.474680394 0.82091105 0.317464262 -0.959664583 0.179760024 0.216171697 -0.770344198 -0.0921382308 0.630936086 -0.422757864 0.215106145 0.880343735 -0.394900292 0.676209986 0.6219275 -0.732948422 0.363841027 0.574809849 -0.725353301 0.656524062 0.206975296 0.00410627527 -0.478034139 0.878331661 0.710327089 -0.703868449 0.00215534982 0.789454639 0.236924291 0.566240489 -0.210561872 0.621257782 0.754786372 0.821120799 0.569226921 -0.0417288207 -0.355779439 -0.926996112 -0.118739925 -0.916868806 -0.11568322 0.382058918 -0.950571239 0.204264358 -0.233859763 -0.218475521 0.957104981 0.190311521 0.70337683 -0.406342328 -0.583221138 -0.00404580031 0.478043586 -0.878326774 -0.347661883 -0.627686143 -0.696520865 -0.00414890097 0.478137612 -0.878275156 0.665219903 -0.314952344 -0.676969349 -0.350641608 -0.508679032 -0.786318064 -0.901419163 0.272666365 -0.336298227 -0.353474796 -0.934232771 -0.0475887246 0.770113349 0.618617177 -0.155686185 -0.20534569 0.978208601 0.03067616 -0.205265477 0.582766652 0.786288202 -0.916258335 -0.119732924 0.382275611 0.684889674 -0.727036178 0.0484202169 0.0041044536 -0.478020161 0.878339291 0.791667223 0.231408432 0.565431833 -0.0428419933 -0.845540822 -0.532189131 -0.921259046 -0.388651907 -0.0152121922 -0.482302219 0.173760921 -0.858598709 -0.113190502 -0.791160405 0.601043344 -0.924035907 0.185999885 0.334008545 0.611562073 0.0776371807 -0.787378132 0.828290939 -0.550758183 0.102954037 -0.444746852 0.71923995 -0.533754706 -0.0893369615 -0.266452551 0.959698856 0.889085174 0.0187722389 0.457356691 0.0426687002 0.845576108 0.53214699 0.63220042 0.619531512 -0.465299159 -0.0816548243 0.12881057 0.988301754 0.62212342 0.702244341 -0.346143514 -0.416781813 0.799983382 -0.43164748 0.846067667 0.124394804 0.518358409 0.635419011 0.650187016 -0.416532755 -0.870164633 0.283234894 0.403226376 -0.0769968182 -0.112282664 0.990688682 -0.430869937 0.746465385 -0.507090271 -0.0494151376 -0.961434901 -0.270557046 0.884388447 -0.396941453 -0.24554947 0.0812909901 -0.128920466 -0.98831743 -0.874533415 -0.261177421 -0.40862906 0.673715413 0.669944644 -0.311900198 0.888158023 0.456534714 0.0524538197 0.891656578 0.302850991 -0.336496413 0.997492373 0.0144732036 -0.0692786351 0.315734148 0.476960599 0.820256352 0.634435296 0.334400058 -0.696899176 0.859166741 -0.0706422701 -0.506796002 0.578456879 -0.62271589 0.526889503 0.220474213 -0.795043051 -0.565064311 -0.203304455 0.973778069 -0.102095999 -0.246308759 0.190376908 -0.950309753 -0.0765718222 -0.888688564 -0.452072322 0.275562435 -0.712580264 0.645209074 -0.488073438 0.872682273 0.0144914296 0.0203311853 0.376372218 0.926245451 -0.53905803 0.0903400183 -0.837409735 -0.570202351 -0.585025549 0.576727331 -0.739221752 -0.671586215 0.0502307266 -0.970880389 -0.196860492 -0.136518165 -0.94436264 0.181512102 0.274285585 -0.891656578 -0.302850991 0.336496323 -0.696531057 -0.0583078004 0.715153575 -0.312185705 -0.067577377 0.947614551 0.696597517 -0.558246374 0.450680494 0.645038843 0.574568629 0.503781438 -0.398063034 0.897127926 0.191591546 0.775360942 0.60988301 0.163884476 -0.317766339 -0.942833185 0.100449704 -0.996570587 -0.0418175831 -0.071402818 -0.903930545 -0.019815037 -0.427220017 0.824797034 -0.554698169 0.109634608 -0.212709099 -0.943948984 -0.252418607 0.155073419 -0.388695627 -0.908222377 0.648470581 -0.203797936 -0.73345232 -0.296035022 0.940728724 -0.16550763 0.62283808 0.34164992 -0.703809679 0.312692106 0.0661581084 -0.947547734 0.117015533 0.498121232 -0.859175503 -0.177518532 0.0461702719 -0.983033836 0.0896219909 0.914786875 0.393869162 -0.0751227513 0.767705083 0.636384726 0.713042438 0.426623195 0.556383967 0.16988419 0.974748433 0.144930333 -0.111423172 0.980036914 0.164658755 0.32073015 0.110777117 0.940670311 0.752506852 0.622974992 0.21362482 -0.208009705 0.747358561 0.631020725 0.863575757 -0.16034548 0.478044152 -0.111865267 -0.101227894 0.98855406 0.976158321 -0.117018677 0.182815522 0.530453026 -0.491853505 0.690434456 0.752579927 0.654472828 -0.0727236941 0.698715687 -0.70623368 0.114150628 0.115462638 0.992784739 -0.0323553346 0.983729064 -0.133470744 -0.120260864 0.596069813 0.55256772 -0.58255446 0.770370305 -0.634713709 -0.0605647303 -0.0197605994 0.950780571 -0.309234262 0.447754472 -0.843907773 -0.295525938 0.765970826 -0.095517464 -0.635739803 0.230278298 0.309495777 -0.922596455 0.3557612 -0.183950037 -0.916294873 0.321673989 -0.944663286 0.06432008 0.1702566 -0.983640075 0.0588631108 0.254745334 -0.906538069 -0.336591005 0.195024237 -0.238956526 -0.951244116 0.0555046536 -0.718519449 0.693288565 0.0738142282 -0.996173978 0.0467856713 -0.0606991872 -0.745162427 0.664114833 -0.160086751 -0.211907879 0.964088857 0.135571957 -0.939775884 -0.313753992 -0.175063536 0.781150401 0.599296868 -0.150444746 0.752326429 0.641382396 -0.230828002 -0.111072205 0.966634035 -0.182064384 -0.738413155 0.649306238 -0.646230161 0.0307715833 0.762521923 -0.278308153 0.750878096 0.598937929 -0.0214570388 -0.99948281 0.0239520743 0.0285522677 -0.925275743 -0.378218949 -0.655109286 -0.589946091 0.472012162 -0.173754424 -0.895413578 -0.40993163 -0.16875121 -0.985313714 -0.0260752998 -0.571911454 -0.811491132 -0.119997591 -0.93942225 -0.310261309 0.145683751 -0.921862423 0.291674227 0.255138814 -0.945648074 -0.276429176 -0.171279415 -0.367478251 0.876961768 0.309673667 -0.8685202 0.488296896 -0.0850813687 -0.362855405 0.930671096 0.0467682928 -0.771399856 0.529295564 -0.35325405 -0.252804309 0.962314606 -0.100202903 -0.587725639 -0.746960759 -0.31085068 -0.842826962 -0.284598023 -0.456778586 -0.431235999 0.466751367 -0.772126079 -0.465676486 -0.197423279 -0.8626526 0.0256935991 -0.212084115 -0.976913571 0.0651447996 0.296210855 -0.952898383 0.146913096 0.313426584 -0.938179255 -0.0236032698 0.950501025 -0.309823602 -0.0150528075 0.940129817 -0.340483993 0.527879715 0.422294557 -0.736892343 0.770269513 -0.301098078 0.56216085 0.70209384 0.198500738 -0.683857918 0.502951562 -0.765335262 -0.401623696 0.138282716 0.356460273 -0.924020529 0.663358808 0.10003493 0.741584837 0.301354259 0.65068239 -0.696992099 -0.0547118299 -0.938394547 0.341207176 -0.078481026 0.349898279 0.933494449 -0.132570565 -0.40575248 0.904317379 -0.0619725622 0.67191726 -0.738028824 -0.794938147 0.134162188 0.591670394 -0.884851277 -0.332832366 0.325976759 -0.304021776 0.439311743 -0.845325947 -0.450006723 0.189436242 -0.872701466 -0.387404591 -0.777026713 -0.496132195 -0.54864341 -0.203911483 0.810808539 -0.303261459 0.767253339 0.565114856 -0.799530685 0.45773384 -0.388883501 -0.400976032 -0.438056082 0.804565132 -0.00100110343 -0.436872333 0.89952296 0.111235574 0.946639061 -0.302491605 0.580200374 0.664753973 0.470605701 -0.785710156 0.0767911524 -0.613809943 0.00575189572 0.48110041 -0.876646638 0.822455108 0.271616846 -0.499791801 -0.229937255 -0.670717537 0.705171525 -0.150451869 -0.221519306 -0.963479877 0.620669782 -0.139385611 -0.7715832 0.105911277 -0.73520875 0.669515431 0.378185183 -0.558096766 0.738582432 0.555459201 -0.345168442 0.756520867 </float_array>
          <technique_common>
            <accessor count="341" offset="0" source="#Mario__BodyMT_BodyMT_0-normals-array" stride="3">
              <param name="X" type="float" />
              <param name="Y" type="float" />
              <param name="Z" type="float" />
            </accessor>
          </technique_common>
        </source>
        <source id="Mario__BodyMT_BodyMT_0-tex0" name="Mario__BodyMT_BodyMT_0-tex0">
          <float_array id="Mario__BodyMT_BodyMT_0-tex0-array" count="682"> 0.0509643555 0.0429077148 0.341308594 0.0172729492 0.498046875 0.186889648 0.512207031 0.348876953 0.326660156 0.506835938 0.0696411133 0.470703125 -0.0297393799 0.251708984 0.498046875 0.186889648 0.341308594 0.0172729492 0.0509643555 0.0429077148 0.512207031 0.348876953 0.326660156 0.506835938 0.0696411133 0.470703125 -0.0297393799 0.251708984 0.756835938 0.87890625 0.759765625 0.892089844 0.74609375 0.892089844 0.756835938 0.87890625 0.759765625 0.892089844 0.74609375 0.87890625 0.755859375 0.874511719 0.755859375 0.874511719 0.74609375 0.874023438 0.74609375 0.875488281 0.755859375 0.876464844 0.755859375 0.876464844 0.74609375 0.890625 0.772949219 0.640136719 0.771484375 0.645996094 0.782226562 0.65234375 0.774902344 0.641601562 0.776855469 0.661132812 0.779296875 0.653320312 0.78515625 0.665527344 0.78515625 0.6640625 0.772949219 0.640136719 0.774902344 0.641601562 0.782226562 0.65234375 0.771484375 0.645996094 0.779296875 0.653320312 0.776855469 0.661132812 0.78515625 0.6640625 0.78515625 0.665527344 0.12512207 -1.265625 0.0892944336 -1.26464844 0.0774536133 -1.31542969 0.12902832 -1.30957031 0.0744628906 -1.33496094 0.148193359 -1.25976562 0.121276855 -1.31542969 0.146240234 -1.2421875 0.075012207 -1.32714844 0.173583984 -1.21386719 0.113464355 -1.29003906 0.149169922 -1.22070312 0.0358886719 -1.26953125 0.160766602 -1.18945312 0.136962891 -1.22558594 0.127929688 -1.20117188 0.16796875 -1.15820312 0.173583984 -1.20703125 0.148071289 -1.15234375 0.118408203 -1.14257812 0.171264648 -1.15820312 0.0915527344 -1.17480469 0.0979614258 -1.20996094 0.154174805 -1.15527344 0.0358886719 -1.20898438 0.0820922852 -1.23828125 0.0358886719 -1.26464844 0.0892944336 -1.26464844 0.0358886719 -1.23828125 0.0820922852 -1.23828125 0.0892944336 -1.26464844 0.0979614258 -1.20996094 0.12512207 -1.265625 0.0774536133 -1.31542969 0.0892944336 -1.26464844 0.0915527344 -1.17480469 0.12902832 -1.30957031 0.0744628906 -1.33496094 0.148193359 -1.25976562 0.121276855 -1.31542969 0.146240234 -1.2421875 0.075012207 -1.32714844 0.173583984 -1.21386719 0.113464355 -1.29003906 0.149169922 -1.22070312 0.136962891 -1.22558594 0.160766602 -1.18945312 0.127929688 -1.20117188 0.16796875 -1.15820312 0.173583984 -1.20703125 0.148071289 -1.15234375 0.118408203 -1.14257812 0.0750732422 -1.13671875 0.11151123 -1.10351562 0.138671875 -1.11425781 0.0358886719 -1.17578125 0.0718383789 -1.09863281 0.0750732422 -1.13671875 0.0358886719 -1.13476562 0.11151123 -1.10351562 0.0718383789 -1.09863281 0.0358886719 -1.09765625 0.138671875 -1.11425781 0.0358886719 -1.08691406 0.156982422 -1.11816406 0.16003418 -1.11816406 0.144287109 -1.11621094 0.12310791 -1.15039062 0.115844727 -1.11132812 0.0358886719 -1.20898438 0.0358886719 -1.14648438 0.0358886719 -1.10742188 0.12310791 -1.15039062 0.115844727 -1.11132812 0.154174805 -1.15527344 0.144287109 -1.11621094 0.171264648 -1.15820312 0.16003418 -1.11816406 0.156982422 -1.11816406 0.639648438 0.8125 0.639648438 0.814941406 0.639648438 0.813964844 0.639648438 0.816894531 0.641113281 0.813476562 0.639648438 0.813964844 0.639648438 0.816894531 0.641113281 0.819335938 0.641113281 0.819335938 0.641113281 0.809570312 0.641113281 0.813476562 0.648925781 0.818847656 0.648925781 0.818847656 0.648925781 0.810058594 0.648925781 0.813476562 0.648925781 0.813476562 0.649902344 0.817382812 0.649902344 0.817382812 0.649902344 0.813964844 0.649902344 0.812011719 0.649902344 0.814941406 0.649902344 0.813964844 0.658691406 0.814941406 0.657226562 0.813476562 0.657226562 0.817871094 0.657226562 0.811035156 0.650390625 0.813476562 0.657226562 0.817871094 0.657226562 0.813476562 0.650390625 0.813476562 0.650390625 0.818359375 0.650390625 0.818359375 0.650390625 0.810546875 0.649414062 0.816894531 0.649414062 0.816894531 0.649414062 0.813964844 0.649414062 0.8125 0.649414062 0.814941406 0.649414062 0.813964844 0.836425781 0.314453125 0.866210938 0.306152344 0.881835938 0.306152344 0.834960938 0.306152344 0.891113281 0.217773438 0.809570312 0.306152344 0.790527344 0.306152344 0.780761719 0.217773438 0.834472656 0.217773438 0.867675781 0.217773438 0.836425781 0.21105957 0.808105469 0.217773438 0.836425781 0.297851562 0.866210938 0.306152344 0.809570312 0.306152344 0.790527344 0.306152344 0.806640625 0.372070312 0.881835938 0.306152344 0.834960938 0.306152344 0.834960938 0.372070312 0.784667969 0.372070312 0.869628906 0.372070312 0.836425781 0.380371094 0.887207031 0.372070312 0.836425781 0.314453125 0.881835938 0.306152344 0.866210938 0.306152344 0.834960938 0.306152344 0.891113281 0.217773438 0.809570312 0.306152344 0.790527344 0.306152344 0.867675781 0.217773438 0.834472656 0.217773438 0.780761719 0.217773438 0.836425781 0.21105957 0.808105469 0.217773438 0.836425781 0.297851562 0.809570312 0.306152344 0.866210938 0.306152344 0.790527344 0.306152344 0.806640625 0.372070312 0.881835938 0.306152344 0.834960938 0.306152344 0.869628906 0.372070312 0.834960938 0.372070312 0.784667969 0.372070312 0.836425781 0.380371094 0.887207031 0.372070312 0.639648438 0.8125 0.639648438 0.813964844 0.639648438 0.814941406 0.639648438 0.816894531 0.641113281 0.813476562 0.639648438 0.813964844 0.639648438 0.816894531 0.641113281 0.819335938 0.641113281 0.819335938 0.641113281 0.809570312 0.641113281 0.813476562 0.648925781 0.818847656 0.648925781 0.818847656 0.648925781 0.810058594 0.648925781 0.813476562 0.648925781 0.813476562 0.649902344 0.817382812 0.649902344 0.817382812 0.649902344 0.813964844 0.649902344 0.812011719 0.649902344 0.814941406 0.649902344 0.813964844 0.658691406 0.814941406 0.657226562 0.817871094 0.657226562 0.813476562 0.657226562 0.811035156 0.650390625 0.813476562 0.657226562 0.817871094 0.657226562 0.813476562 0.650390625 0.813476562 0.650390625 0.818359375 0.650390625 0.818359375 0.649414062 0.816894531 0.649414062 0.816894531 0.650390625 0.810546875 0.649414062 0.813964844 0.649414062 0.814941406 0.649414062 0.8125 0.649414062 0.813964844 0.86328125 0.153808594 0.840332031 0.166870117 0.882324219 0.169555664 0.866699219 0.151367188 0.780273438 0.147583008 0.852050781 0.186889648 0.882324219 0.169555664 0.80859375 0.173706055 0.884277344 0.208374023 0.809082031 0.192382812 0.889648438 0.206542969 0.859863281 0.220214844 0.882324219 0.169555664 0.873046875 0.2421875 0.858398438 0.153930664 0.887207031 0.208007812 0.868652344 0.173461914 0.873535156 0.2421875 0.823242188 0.160522461 0.854492188 0.244628906 0.876464844 0.211181641 0.831542969 0.180664062 0.83984375 0.220825195 0.859375 0.24609375 0.828613281 0.250488281 0.828613281 0.247192383 0.780273438 0.227416992 0.818359375 0.22644043 0.780273438 0.251220703 0.780273438 0.226928711 0.780273438 0.193359375 0.780273438 0.252197266 0.780273438 0.174926758 0.80859375 0.173706055 0.809082031 0.192382812 0.818359375 0.22644043 0.852050781 0.186889648 0.840332031 0.166870117 0.828613281 0.250488281 0.828613281 0.247192383 0.859863281 0.220214844 0.854492188 0.244628906 0.859375 0.24609375 0.873046875 0.2421875 0.884277344 0.208374023 0.882324219 0.169555664 0.889648438 0.206542969 0.86328125 0.153808594 0.882324219 0.169555664 0.866699219 0.151367188 0.882324219 0.169555664 0.858398438 0.153930664 0.873535156 0.2421875 0.887207031 0.208007812 0.868652344 0.173461914 0.876464844 0.211181641 0.83984375 0.220825195 0.831542969 0.180664062 0.780273438 0.182006836 0.823242188 0.160522461 0.780273438 0.162475586 0.920898438 0.948242188 0.920410156 0.937011719 0.918945312 0.948242188 0.923339844 0.948242188 0.9296875 0.948242188 0.923339844 0.937988281 0.926269531 0.948242188 0.929199219 0.9375 0.929199219 0.936523438 0.9296875 0.932128906 0.933105469 0.948242188 0.9375 0.9375 0.939453125 0.937011719 0.939453125 0.948242188 0.940917969 0.948242188 0.935546875 0.948242188 0.918945312 0.948242188 0.923339844 0.948242188 0.920410156 0.937011719 0.920898438 0.948242188 0.9296875 0.948242188 0.929199219 0.9375 0.935546875 0.948242188 0.923339844 0.937988281 0.9296875 0.932128906 0.939453125 0.937011719 0.926269531 0.948242188 0.929199219 0.936523438 0.9375 0.9375 0.933105469 0.948242188 0.939453125 0.948242188 0.940917969 0.948242188 </float_array>
          <technique_common>
            <accessor count="341" offset="0" source="#Mario__BodyMT_BodyMT_0-tex0-array" stride="2">
              <param name="S" type="float" />
              <param name="T" type="float" />
            </accessor>
          </technique_common>
        </source>
        <source id="Mario__BodyMT_BodyMT_0-color0" name="Mario__BodyMT_BodyMT_0-color0">
          <float_array id="Mario__BodyMT_BodyMT_0-color0-array" count="1023"> 0.996078432 0.996078432 0.996078432 0.996078432 0.996078432 0.996078432 0.996078432 0.996078432 0.996078432 0.996078432 0.996078432 0.996078432 0.996078432 0.996078432 0.996078432 0.996078432 0.996078432 0.996078432 0.996078432 0.996078432 0.996078432 0.996078432 0.996078432 0.996078432 0.996078432 0.996078432 0.996078432 0.996078432 0.996078432 0.996078432 0.996078432 0.996078432 0.996078432 0.996078432 0.996078432 0.996078432 0.996078432 0.996078432 0.996078432 0.996078432 0.996078432 0.996078432 0.996078432 0.996078432 0.996078432 0.996078432 0.996078432 0.996078432 0.996078432 0.996078432 0.996078432 0.996078432 0.996078432 0.996078432 0.996078432 0.996078432 0.996078432 0.996078432 0.996078432 0.996078432 0.996078432 0.996078432 0.996078432 0.996078432 0.996078432 0.996078432 0.996078432 0.996078432 0.996078432 0.996078432 0.996078432 0.996078432 0.996078432 0.996078432 0.996078432 0.996078432 0.996078432 0.996078432 0.996078432 0.996078432 0.996078432 0.996078432 0.996078432 0.996078432 0.996078432 0.996078432 0.996078432 0.996078432 0.996078432 0.996078432 0.996078432 0.996078432 0.996078432 0.996078432 0.996078432 0.996078432 0.996078432 0.996078432 0.996078432 0.996078432 0.996078432 0.996078432 0.996078432 0.996078432 0.996078432 0.996078432 0.996078432 0.996078432 0.996078432 0.996078432 0.996078432 0.996078432 0.996078432 0.996078432 0.996078432 0.996078432 0.996078432 0.996078432 0.996078432 0.996078432 0.996078432 0.996078432 0.996078432 0.996078432 0.996078432 0.996078432 0.996078432 0.996078432 0.996078432 0.996078432 0.996078432 0.996078432 0.996078432 0.996078432 0.996078432 0.996078432 0.996078432 0.996078432 0.996078432 0.996078432 0.996078432 0.996078432 0.996078432 0.996078432 0.996078432 0.996078432 0.996078432 0.996078432 0.996078432 0.996078432 0.996078432 0.996078432 0.996078432 0.996078432 0.996078432 0.996078432 0.996078432 0.996078432 0.996078432 0.996078432 0.996078432 0.996078432 0.996078432 0.996078432 0.996078432 0.996078432 0.996078432 0.996078432 0.996078432 0.996078432 0.996078432 0.996078432 0.996078432 0.996078432 0.996078432 0.996078432 0.996078432 0.996078432 0.996078432 0.996078432 0.996078432 0.996078432 0.996078432 0.996078432 0.996078432 0.996078432 0.996078432 0.996078432 0.996078432 0.996078432 0.996078432 0.996078432 0.996078432 0.996078432 0.996078432 0.996078432 0.996078432 0.996078432 0.996078432 0.996078432 0.996078432 0.996078432 0.996078432 0.996078432 0.996078432 0.996078432 0.996078432 0.996078432 0.996078432 0.996078432 0.996078432 0.996078432 0.996078432 0.996078432 0.996078432 0.996078432 0.996078432 0.996078432 0.996078432 0.996078432 0.996078432 0.996078432 0.996078432 0.996078432 0.996078432 0.996078432 0.996078432 0.996078432 0.996078432 0.996078432 0.996078432 0.996078432 0.996078432 0.996078432 0.996078432 0.996078432 0.996078432 0.996078432 0.996078432 0.996078432 0.996078432 0.996078432 0.996078432 0.996078432 0.996078432 0.996078432 0.996078432 0.996078432 0.996078432 0.996078432 0.996078432 0.996078432 0.996078432 0.996078432 0.996078432 0.996078432 0.996078432 0.996078432 0.996078432 0.996078432 0.996078432 0.996078432 0.996078432 0.996078432 0.996078432 0.996078432 0.996078432 0.996078432 0.996078432 0.996078432 0.996078432 0.996078432 0.996078432 0.996078432 0.996078432 0.996078432 0.996078432 0.996078432 0.996078432 0.996078432 0.996078432 0.996078432 0.996078432 0.996078432 0.996078432 0.996078432 0.996078432 0.996078432 0.996078432 0.996078432 0.996078432 0.996078432 0.996078432 0.996078432 0.996078432 0.996078432 0.996078432 0.996078432 0.996078432 0.996078432 0.996078432 0.996078432 0.996078432 0.996078432 0.996078432 0.996078432 0.996078432 0.996078432 0.996078432 0.996078432 0.996078432 0.996078432 0.996078432 0.996078432 0.996078432 0.996078432 0.996078432 0.996078432 0.996078432 0.996078432 0.996078432 0.996078432 0.996078432 0.996078432 0.996078432 0.996078432 0.996078432 0.996078432 0.996078432 0.996078432 0.996078432 0.996078432 0.996078432 0.996078432 0.996078432 0.996078432 0.996078432 0.996078432 0.996078432 0.996078432 0.996078432 0.996078432 0.996078432 0.996078432 0.996078432 0.996078432 0.996078432 0.996078432 0.996078432 0.996078432 0.996078432 0.996078432 0.996078432 0.996078432 0.996078432 0.996078432 0.996078432 0.996078432 0.996078432 0.996078432 0.996078432 0.996078432 0.996078432 0.996078432 0.996078432 0.996078432 0.996078432 0.996078432 0.996078432 0.996078432 0.996078432 0.996078432 0.996078432 0.996078432 0.996078432 0.996078432 0.996078432 0.996078432 0.996078432 0.996078432 0.996078432 0.996078432 0.996078432 0.996078432 0.996078432 0.996078432 0.996078432 0.996078432 0.996078432 0.996078432 0.996078432 0.996078432 0.996078432 0.996078432 0.996078432 0.996078432 0.996078432 0.996078432 0.996078432 0.996078432 0.996078432 0.996078432 0.996078432 0.996078432 0.996078432 0.996078432 0.996078432 0.996078432 0.996078432 0.996078432 0.996078432 0.996078432 0.996078432 0.996078432 0.996078432 0.996078432 0.996078432 0.996078432 0.996078432 0.996078432 0.996078432 0.996078432 0.996078432 0.996078432 0.996078432 0.996078432 0.996078432 0.996078432 0.996078432 0.996078432 0.996078432 0.996078432 0.996078432 0.996078432 0.996078432 0.996078432 0.996078432 0.996078432 0.996078432 0.996078432 0.996078432 0.996078432 0.996078432 0.996078432 0.996078432 0.996078432 0.996078432 0.996078432 0.996078432 0.996078432 0.996078432 0.996078432 0.996078432 0.996078432 0.996078432 0.996078432 0.996078432 0.996078432 0.996078432 0.996078432 0.996078432 0.996078432 0.996078432 0.996078432 0.996078432 0.996078432 0.996078432 0.996078432 0.996078432 0.996078432 0.996078432 0.996078432 0.996078432 0.996078432 0.996078432 0.996078432 0.996078432 0.996078432 0.996078432 0.996078432 0.996078432 0.996078432 0.996078432 0.996078432 0.996078432 0.996078432 0.996078432 0.996078432 0.996078432 0.996078432 0.996078432 0.996078432 0.996078432 0.996078432 0.996078432 0.996078432 0.996078432 0.996078432 0.996078432 0.996078432 0.996078432 0.996078432 0.996078432 0.996078432 0.996078432 0.996078432 0.996078432 0.996078432 0.996078432 0.996078432 0.996078432 0.996078432 0.996078432 0.996078432 0.996078432 0.996078432 0.996078432 0.996078432 0.996078432 0.996078432 0.996078432 0.996078432 0.996078432 0.996078432 0.996078432 0.996078432 0.996078432 0.996078432 0.996078432 0.996078432 0.996078432 0.996078432 0.996078432 0.996078432 0.996078432 0.996078432 0.996078432 0.996078432 0.996078432 0.996078432 0.996078432 0.996078432 0.996078432 0.996078432 0.996078432 0.996078432 0.996078432 0.996078432 0.996078432 0.996078432 0.996078432 0.996078432 0.996078432 0.996078432 0.996078432 0.996078432 0.996078432 0.996078432 0.996078432 0.996078432 0.996078432 0.996078432 0.996078432 0.996078432 0.996078432 0.996078432 0.996078432 0.996078432 0.996078432 0.996078432 0.996078432 0.996078432 0.996078432 0.996078432 0.996078432 0.996078432 0.996078432 0.996078432 0.996078432 0.996078432 0.996078432 0.996078432 0.996078432 0.996078432 0.996078432 0.996078432 0.996078432 0.996078432 0.996078432 0.996078432 0.996078432 0.996078432 0.996078432 0.996078432 0.996078432 0.996078432 0.996078432 0.996078432 0.996078432 0.996078432 0.996078432 0.996078432 0.996078432 0.996078432 0.996078432 0.996078432 0.996078432 0.996078432 0.996078432 0.996078432 0.996078432 0.996078432 0.996078432 0.996078432 0.996078432 0.996078432 0.996078432 0.996078432 0.996078432 0.996078432 0.996078432 0.996078432 0.996078432 0.996078432 0.996078432 0.996078432 0.996078432 0.996078432 0.996078432 0.996078432 0.996078432 0.996078432 0.996078432 0.996078432 0.996078432 0.996078432 0.996078432 0.996078432 0.996078432 0.996078432 0.996078432 0.996078432 0.996078432 0.996078432 0.996078432 0.996078432 0.996078432 0.996078432 0.996078432 0.996078432 0.996078432 0.996078432 0.996078432 0.996078432 0.996078432 0.996078432 0.996078432 0.996078432 0.996078432 0.996078432 0.996078432 0.996078432 0.996078432 0.996078432 0.996078432 0.996078432 0.996078432 0.996078432 0.996078432 0.996078432 0.996078432 0.996078432 0.996078432 0.996078432 0.996078432 0.996078432 0.996078432 0.996078432 0.996078432 0.996078432 0.996078432 0.996078432 0.996078432 0.996078432 0.996078432 0.996078432 0.996078432 0.996078432 0.996078432 0.996078432 0.996078432 0.996078432 0.996078432 0.996078432 0.996078432 0.996078432 0.996078432 0.996078432 0.996078432 0.996078432 0.996078432 0.996078432 0.996078432 0.996078432 0.996078432 0.996078432 0.996078432 0.996078432 0.996078432 0.996078432 0.996078432 0.996078432 0.996078432 0.996078432 0.996078432 0.996078432 0.996078432 0.996078432 0.996078432 0.996078432 0.996078432 0.996078432 0.996078432 0.996078432 0.996078432 0.996078432 0.996078432 0.996078432 0.996078432 0.996078432 0.996078432 0.996078432 0.996078432 0.996078432 0.996078432 0.996078432 0.996078432 0.996078432 0.996078432 0.996078432 0.996078432 0.996078432 0.996078432 0.996078432 0.996078432 0.996078432 0.996078432 0.996078432 0.996078432 0.996078432 0.996078432 0.996078432 0.996078432 0.996078432 0.996078432 0.996078432 0.996078432 0.996078432 0.996078432 0.996078432 0.996078432 0.996078432 0.996078432 0.996078432 0.996078432 0.996078432 0.996078432 0.996078432 0.996078432 0.996078432 0.996078432 0.996078432 0.996078432 0.996078432 0.996078432 0.996078432 0.996078432 0.996078432 0.996078432 0.996078432 0.996078432 0.996078432 0.996078432 0.996078432 0.996078432 0.996078432 0.996078432 0.996078432 0.996078432 0.996078432 0.996078432 0.996078432 0.996078432 0.996078432 0.996078432 0.996078432 0.996078432 0.996078432 0.996078432 0.996078432 0.996078432 0.996078432 0.996078432 0.996078432 0.996078432 0.996078432 0.996078432 0.996078432 0.996078432 0.996078432 0.996078432 0.996078432 0.996078432 0.996078432 0.996078432 0.996078432 0.996078432 0.996078432 0.996078432 0.996078432 0.996078432 0.996078432 0.996078432 0.996078432 0.996078432 0.996078432 0.996078432 0.996078432 0.996078432 0.996078432 0.996078432 0.996078432 0.996078432 0.996078432 0.996078432 0.996078432 0.996078432 0.996078432 0.996078432 0.996078432 0.996078432 0.996078432 0.996078432 0.996078432 0.996078432 0.996078432 0.996078432 0.996078432 0.996078432 0.996078432 0.996078432 0.996078432 0.996078432 0.996078432 0.996078432 0.996078432 0.996078432 0.996078432 0.996078432 0.996078432 0.996078432 0.996078432 0.996078432 0.996078432 0.996078432 0.996078432 0.996078432 0.996078432 0.996078432 0.996078432 0.996078432 0.996078432 0.996078432 0.996078432 0.996078432 0.996078432 0.996078432 0.996078432 0.996078432 0.996078432 0.996078432 0.996078432 0.996078432 0.996078432 0.996078432 0.996078432 0.996078432 0.996078432 0.996078432 0.996078432 0.996078432 0.996078432 0.996078432 0.996078432 0.996078432 0.996078432 0.996078432 0.996078432 0.996078432 0.996078432 0.996078432 0.996078432 0.996078432 0.996078432 0.996078432 0.996078432 0.996078432 0.996078432 0.996078432 0.996078432 0.996078432 0.996078432 0.996078432 0.996078432 0.996078432 0.996078432 0.996078432 0.996078432 0.996078432 0.996078432 0.996078432 0.996078432 0.996078432 0.996078432 0.996078432 0.996078432 0.996078432 0.996078432 0.996078432 0.996078432 0.996078432 0.996078432 0.996078432 0.996078432 0.996078432 0.996078432 0.996078432 0.996078432 0.996078432 0.996078432 0.996078432 0.996078432 0.996078432 0.996078432 0.996078432 0.996078432 0.996078432 0.996078432 0.996078432 0.996078432 0.996078432 0.996078432 0.996078432 0.996078432 0.996078432 0.996078432 0.996078432 0.996078432 0.996078432 0.996078432 0.996078432 0.996078432 0.996078432 0.996078432 0.996078432 0.996078432 0.996078432 0.996078432 0.996078432 0.996078432 0.996078432 0.996078432 0.996078432 0.996078432 0.996078432 0.996078432 0.996078432 0.996078432 0.996078432 0.996078432 0.996078432 0.996078432 0.996078432 0.996078432 0.996078432 0.996078432 0.996078432 0.996078432 0.996078432 0.996078432 0.996078432 0.996078432 0.996078432 0.996078432 0.996078432 0.996078432 0.996078432 0.996078432 0.996078432 0.996078432 0.996078432 0.996078432 0.996078432 0.996078432 0.996078432 0.996078432 0.996078432 0.996078432 0.996078432 0.996078432 0.996078432 0.996078432 0.996078432 0.996078432 0.996078432 0.996078432 0.996078432 0.996078432 0.996078432 0.996078432 0.996078432 0.996078432 0.996078432 </float_array>
          <technique_common>
            <accessor count="341" offset="0" source="#Mario__BodyMT_BodyMT_0-color0-array" stride="3">
              <param name="R" type="float" />
              <param name="G" type="float" />
              <param name="B" type="float" />
            </accessor>
          </technique_common>
        </source>
        <vertices id="Mario__BodyMT_BodyMT_0-vertices">
          <input semantic="POSITION" source="#Mario__BodyMT_BodyMT_0-positions" />
        </vertices>
        <polylist count="554" material="defaultMaterial">
          <input offset="0" semantic="VERTEX" source="#Mario__BodyMT_BodyMT_0-vertices" />
          <input offset="0" semantic="NORMAL" source="#Mario__BodyMT_BodyMT_0-normals" />
          <input offset="0" semantic="TEXCOORD" source="#Mario__BodyMT_BodyMT_0-tex0" set="0" />
          <input offset="0" semantic="COLOR" source="#Mario__BodyMT_BodyMT_0-color0" set="0" />
          <vcount>3 3 3 3 3 3 3 3 3 3 3 3 3 3 3 3 3 3 3 3 3 3 3 3 3 3 3 3 3 3 3 3 3 3 3 3 3 3 3 3 3 3 3 3 3 3 3 3 3 3 3 3 3 3 3 3 3 3 3 3 3 3 3 3 3 3 3 3 3 3 3 3 3 3 3 3 3 3 3 3 3 3 3 3 3 3 3 3 3 3 3 3 3 3 3 3 3 3 3 3 3 3 3 3 3 3 3 3 3 3 3 3 3 3 3 3 3 3 3 3 3 3 3 3 3 3 3 3 3 3 3 3 3 3 3 3 3 3 3 3 3 3 3 3 3 3 3 3 3 3 3 3 3 3 3 3 3 3 3 3 3 3 3 3 3 3 3 3 3 3 3 3 3 3 3 3 3 3 3 3 3 3 3 3 3 3 3 3 3 3 3 3 3 3 3 3 3 3 3 3 3 3 3 3 3 3 3 3 3 3 3 3 3 3 3 3 3 3 3 3 3 3 3 3 3 3 3 3 3 3 3 3 3 3 3 3 3 3 3 3 3 3 3 3 3 3 3 3 3 3 3 3 3 3 3 3 3 3 3 3 3 3 3 3 3 3 3 3 3 3 3 3 3 3 3 3 3 3 3 3 3 3 3 3 3 3 3 3 3 3 3 3 3 3 3 3 3 3 3 3 3 3 3 3 3 3 3 3 3 3 3 3 3 3 3 3 3 3 3 3 3 3 3 3 3 3 3 3 3 3 3 3 3 3 3 3 3 3 3 3 3 3 3 3 3 3 3 3 3 3 3 3 3 3 3 3 3 3 3 3 3 3 3 3 3 3 3 3 3 3 3 3 3 3 3 3 3 3 3 3 3 3 3 3 3 3 3 3 3 3 3 3 3 3 3 3 3 3 3 3 3 3 3 3 3 3 3 3 3 3 3 3 3 3 3 3 3 3 3 3 3 3 3 3 3 3 3 3 3 3 3 3 3 3 3 3 3 3 3 3 3 3 3 3 3 3 3 3 3 3 3 3 3 3 3 3 3 3 3 3 3 3 3 3 3 3 3 3 3 3 3 3 3 3 3 3 3 3 3 3 3 3 3 3 3 3 3 3 3 3 3 3 3 3 3 3 3 3 3 3 3 3 3 3 3 3 3 3 3 3 3 3 3 3 3 3 3 3 3 3 3 3 3 3 3 3 3 3 3 3 3 3 3 3 3 3 3 3 3 3 3 3 3 3 3 3 3 3 3 3 3 3 3 3 </vcount>
          <p>0 1 2 3 0 2 3 4 0 0 4 5 0 5 6 7 8 9 10 7 9 10 9 11 9 12 11 9 13 12 14 15 16 17 16 18 19 14 16 19 16 17 20 14 19 21 19 17 20 19 22 22 19 21 23 20 22 23 22 21 24 20 23 23 21 25 24 23 26 23 25 26 27 28 29 27 29 30 29 28 31 29 32 30 29 31 33 29 34 32 29 33 34 35 36 37 35 37 38 36 39 37 37 40 38 37 39 41 37 42 40 37 41 42 43 44 45 43 45 46 46 45 47 48 43 46 46 47 49 50 43 48 47 51 49 50 48 52 49 51 53 54 50 52 51 55 53 54 52 56 53 55 57 58 54 56 56 52 59 52 60 59 58 56 61 56 59 61 62 58 61 60 63 59 62 64 58 64 65 58 66 63 60 57 66 60 64 67 65 65 67 68 68 69 70 71 69 68 67 71 68 71 72 69 67 72 71 72 73 69 74 72 67 75 76 77 78 74 67 75 79 76 79 80 76 81 79 75 79 82 80 83 81 75 80 82 84 85 81 83 86 84 82 87 85 83 55 84 86 88 55 86 89 85 87 90 89 87 78 90 74 89 91 85 91 92 85 90 93 89 93 91 89 78 94 90 94 93 90 95 94 78 94 96 93 95 96 94 93 97 91 96 97 93 98 95 78 98 78 67 98 67 64 95 99 96 100 98 64 100 64 62 101 95 98 100 101 98 101 99 95 102 100 62 102 62 61 103 101 100 102 103 100 101 104 99 103 104 101 102 61 105 61 59 105 102 106 103 103 106 104 102 105 106 104 106 99 99 106 96 96 106 97 105 59 107 105 107 106 107 59 63 108 107 63 106 107 108 66 108 63 66 109 108 106 108 109 110 109 66 57 110 66 110 111 109 106 109 111 112 110 57 55 112 57 88 112 55 113 111 110 112 113 110 113 114 111 114 106 111 115 113 112 88 115 112 116 114 113 115 116 113 116 106 114 117 115 88 92 117 88 118 116 115 117 118 115 118 106 116 92 119 117 91 119 92 120 118 117 119 120 117 120 106 118 91 121 119 121 120 119 121 106 120 97 121 91 97 106 121 122 123 124 123 125 124 122 124 126 124 125 126 122 127 123 123 128 125 123 127 128 128 129 125 126 125 129 127 130 128 128 130 129 122 131 127 122 126 131 127 132 130 127 131 132 130 133 129 132 133 130 126 129 134 134 129 133 126 135 131 131 135 132 126 134 136 126 136 135 132 137 133 132 135 137 134 133 138 137 139 133 133 139 138 135 140 137 137 140 139 135 141 140 136 141 135 140 142 139 141 142 140 138 139 142 136 143 141 143 142 141 138 142 143 134 143 136 134 138 143 144 145 146 144 147 145 146 145 148 145 147 148 144 146 149 144 150 147 144 149 150 150 151 147 149 151 150 149 146 152 146 148 152 149 153 151 149 152 153 147 154 148 147 151 154 153 152 155 151 153 155 152 148 156 152 156 155 148 154 157 148 157 156 151 158 154 154 158 157 156 157 159 158 159 157 155 156 159 151 160 158 151 155 160 160 159 158 155 159 160 161 162 163 161 163 164 162 165 163 164 163 165 161 166 162 161 164 167 161 167 166 167 164 168 166 167 168 164 165 169 164 169 168 162 170 165 166 170 162 165 171 169 170 171 165 168 169 171 166 172 170 166 168 172 170 172 171 168 171 172 173 174 175 173 175 176 174 177 175 176 175 177 173 178 174 179 173 176 179 178 173 179 176 180 179 180 178 176 177 181 176 181 180 174 182 177 178 182 174 177 183 181 177 182 183 180 181 183 178 184 182 178 180 184 184 183 182 180 183 184 185 186 187 185 188 186 187 186 189 188 189 186 185 187 190 185 191 188 185 190 191 187 189 192 187 192 190 188 193 189 191 194 188 188 194 193 190 194 191 189 193 195 194 195 193 192 189 195 190 196 194 190 192 196 196 195 194 192 195 196 197 198 199 200 198 197 201 199 198 200 201 198 197 199 202 203 200 197 203 197 202 201 204 199 202 199 204 203 205 200 203 202 205 200 206 201 200 205 206 201 206 207 205 207 206 201 207 204 202 208 205 205 208 207 202 204 208 208 204 207 209 210 211 210 212 211 209 213 210 210 213 212 209 211 214 211 212 215 211 215 214 212 216 215 213 216 212 214 215 217 215 216 217 209 214 218 209 218 213 214 217 219 214 219 218 217 216 220 217 220 219 213 221 216 221 220 216 213 218 222 218 219 222 213 223 221 213 222 223 219 220 224 219 224 222 221 225 220 220 226 224 220 225 226 222 224 227 224 226 227 222 227 228 223 222 228 227 226 229 228 227 229 225 229 226 223 228 230 230 228 229 225 230 229 221 223 230 221 230 225 231 232 233 231 233 234 232 235 233 233 235 234 231 236 232 231 234 237 231 237 236 237 234 238 237 238 236 236 239 232 232 239 235 236 240 239 236 238 240 240 241 239 238 241 240 239 242 235 239 241 242 234 235 243 234 243 238 235 242 244 235 244 243 241 245 242 242 245 244 243 244 246 246 244 245 238 243 246 247 245 241 238 247 241 247 246 245 238 246 247 248 249 250 251 248 250 248 252 249 251 252 248 250 249 253 251 250 254 249 255 253 249 252 255 250 253 256 250 256 254 253 255 257 254 256 258 256 253 259 260 254 258 251 254 260 258 256 261 256 259 261 262 251 260 262 252 251 260 258 263 262 260 264 264 260 263 263 258 265 258 261 265 266 262 264 266 252 262 265 261 267 263 265 267 264 263 268 263 267 268 264 268 269 266 264 269 268 267 270 269 268 270 267 261 271 261 259 271 267 271 272 271 259 272 270 267 273 267 272 273 269 270 274 270 273 274 272 259 275 253 275 259 253 257 275 273 272 276 272 275 276 257 277 275 276 275 277 257 278 277 255 278 257 273 276 279 273 279 274 255 280 278 255 252 280 278 280 281 280 252 281 277 278 282 278 281 282 277 282 283 276 277 283 282 281 284 283 282 284 284 281 285 281 252 285 276 283 286 279 276 287 276 286 287 279 287 274 283 288 286 283 284 288 287 286 289 286 288 290 286 290 289 288 291 290 289 290 291 288 284 292 288 292 291 284 293 292 284 285 293 291 292 294 285 295 293 285 252 295 292 293 296 292 296 294 293 295 297 293 297 296 252 297 295 298 296 297 298 294 296 299 297 252 298 297 299 300 291 294 289 291 300 300 294 301 301 294 298 289 300 301 302 298 299 302 301 298 289 301 303 303 301 302 304 289 303 287 289 304 274 287 304 304 303 305 274 304 305 305 303 302 306 274 305 269 274 306 266 269 306 307 305 302 306 305 307 307 302 299 307 299 252 266 306 308 306 307 308 266 308 252 308 307 252 309 310 311 311 310 312 313 309 311 313 311 312 309 314 310 313 315 309 315 314 309 312 310 316 315 317 314 314 318 310 317 318 314 310 318 316 319 317 315 313 319 315 317 320 318 319 320 317 316 318 321 320 321 318 319 322 320 322 321 320 313 322 319 323 321 322 313 323 322 324 316 321 324 321 323 313 324 323 312 316 324 313 312 324 325 326 327 325 327 328 329 326 325 329 325 328 326 330 327 329 331 326 326 331 330 328 327 332 327 330 333 332 327 333 331 334 330 330 334 333 335 328 332 329 328 335 336 332 333 335 332 336 336 333 337 337 333 334 335 336 338 338 336 337 329 335 338 338 337 339 329 338 339 339 337 334 329 339 340 340 339 334 329 340 331 331 340 334 </p>
        </polylist>
      </mesh>
    </geometry>
    <geometry id="CapHair__HairMT_HairMT_0" name="CapHair__HairMT_HairMT_0" >
      <mesh>
        <source id="CapHair__HairMT_HairMT_0-positions" name="CapHair__HairMT_HairMT_0-positions">
          <float_array id="CapHair__HairMT_HairMT_0-positions-array" count="165"> 0.023018742 3.28027439 0.954044878 -0.0141846957 3.39822507 0.985197723 -0.21478577 3.2308054 0.911927462 0.2910375 3.23424411 0.833235204 -0.340575665 3.53202653 0.872928917 -0.46315065 3.25247717 0.745431006 0.427625 3.50951123 0.799277604 0.491999924 3.24304891 0.710479617 -0.512182295 3.40577054 0.664327204 -0.623527944 3.13441896 0.586633801 0.537985802 3.39540434 0.625898898 0.637984872 3.1219666 0.540471852 -0.711568773 3.34708595 0.323202103 -0.755542815 2.96105003 0.280106157 0.710713923 3.33304644 0.271157175 0.74380219 2.9462502 0.225241303 0.52562207 3.60471964 0.631883502 0.281828374 3.59091377 0.832240641 0.528259516 3.09674883 -0.17127648 0.566314161 2.79680991 -0.0700141415 0.173271507 3.58774376 0.942436635 0.0128135365 3.67741632 0.56802696 -0.10124521 3.64923191 0.966504335 -0.182870641 3.66595817 0.786633968 -0.495290309 3.61479712 0.66924125 -0.389099538 3.6518662 0.357705206 0.397699565 3.64409971 0.328914225 -0.000395468174 3.66702008 0.209856227 0.466856539 3.45357394 -0.0241269059 -0.487614334 3.46299529 0.0107996073 -0.0173526108 3.33449316 -0.163847625 0.282838166 3.01952362 -0.37294817 -0.566629171 3.10755658 -0.131211728 -0.603087246 2.80835319 -0.0272227749 -0.338172525 3.0256536 -0.350223809 -0.389055282 2.67304373 -0.389810503 -0.536432087 2.57502031 -0.0121767037 -0.0284047462 3.04619741 -0.388111204 -0.0326622576 2.66952562 -0.40285182 0.323730737 2.66600776 -0.415893137 0.496349931 2.56482577 -0.0499688201 -0.0396874323 2.45794654 -0.537761271 0.366061181 2.63250232 -0.498701483 0.21406278 2.49563408 -0.548133373 0.557769895 2.43076754 -0.342506558 0.355717331 2.31048989 -0.111810096 0.40731284 2.49239469 -0.539136052 0.346406907 2.29666257 -0.362515122 -0.0250094328 2.31424809 -0.0978783295 -0.415046632 2.30417895 -0.334651619 -0.405736208 2.31800628 -0.0839465708 -0.292724758 2.50063658 -0.529588759 -0.621697307 2.44240999 -0.299346834 -0.43797645 2.6404388 -0.469279706 -0.484826714 2.50120091 -0.506490409 </float_array>
          <technique_common>
            <accessor count="55" offset="0" source="#CapHair__HairMT_HairMT_0-positions-array" stride="3">
              <param name="X" type="float" />
              <param name="Y" type="float" />
              <param name="Z" type="float" />
            </accessor>
          </technique_common>
        </source>
        <source id="CapHair__HairMT_HairMT_0-normals" name="CapHair__HairMT_HairMT_0-normals">
          <float_array id="CapHair__HairMT_HairMT_0-normals-array" count="165"> 0.193900168 -0.192472532 0.961954832 0.029974753 -0.0662567243 0.997352302 -0.419957966 -0.0832834244 0.90371412 0.435292155 -0.107271977 0.893875539 -0.536031365 0.233682081 0.811210871 -0.687114954 -0.00158149027 0.726547003 0.578670382 0.0721982419 0.812359512 0.707541168 -0.0217527375 0.706337214 -0.831435025 0.104841627 0.545641005 -0.88618058 0.13941136 0.441869318 0.878366053 0.0874998644 0.469911575 0.918678224 0.12159887 0.375824451 -0.914934993 0.392030239 -0.0959493518 -0.974634111 0.0937349126 -0.203229204 0.913024724 0.373991638 -0.162837774 0.958833933 0.0746497065 -0.273979723 0.553450704 0.818436146 0.154449373 0.197280556 0.94289124 0.268396199 0.755954981 0.192164212 -0.625783503 0.847845495 -0.121289685 -0.516184926 0.369064242 0.572915852 0.731818974 0.0369860381 0.998226047 0.04665583 -0.0670172721 0.706395268 0.704637766 -0.187567383 0.974786043 0.120874345 -0.583042204 0.785861909 0.206113622 -0.349714369 0.920524418 -0.174168319 0.354100823 0.913577557 -0.199971586 -0.00662573846 0.905018568 -0.425320506 0.391386092 0.680329919 -0.619651616 -0.42213589 0.688360155 -0.589882672 -0.0204799902 0.671419978 -0.740794003 0.196308509 0.305947185 -0.931589663 -0.79573065 0.207480758 -0.569003046 -0.885527134 -0.104179628 -0.452756315 -0.257794797 0.310429662 -0.914972842 -0.379155666 0.236007228 -0.894729912 -0.990040183 -0.120522663 -0.0727644637 -0.0326377265 0.26557529 -0.963537514 -0.0337378271 0.207053512 -0.977747738 0.31729877 0.229140669 -0.920226097 0.979506433 -0.139964014 -0.144835144 -0.0296344496 -0.804204106 -0.593613982 0.536950231 0.718239009 -0.442512333 -0.0259511769 -0.164510071 -0.986033976 0.990005314 -0.0611909293 -0.127063543 0.0541180298 -0.995981693 -0.0713558346 0.459942937 -0.282130867 -0.841935098 -0.016974885 -0.96584326 -0.258570403 -0.0164197683 -0.982864916 -0.183594361 -0.0210194699 -0.965810001 -0.258397341 -0.0788119063 -0.994669557 -0.0664916858 -0.0494259968 -0.164278254 -0.985174954 -0.997656703 -0.0415615886 -0.0543486029 -0.553573668 0.729029953 -0.402581096 -0.525694013 -0.272403777 -0.805879653 </float_array>
          <technique_common>
            <accessor count="55" offset="0" source="#CapHair__HairMT_HairMT_0-normals-array" stride="3">
              <param name="X" type="float" />
              <param name="Y" type="float" />
              <param name="Z" type="float" />
            </accessor>
          </technique_common>
        </source>
        <source id="CapHair__HairMT_HairMT_0-tex0" name="CapHair__HairMT_HairMT_0-tex0">
          <float_array id="CapHair__HairMT_HairMT_0-tex0-array" count="110"> 0.271179527 0.269241631 0.271179527 0.269241631 0.271179527 0.269241631 0.271179527 0.269241631 0.271179527 0.269241631 0.271179527 0.269241631 0.271179527 0.269241631 0.271179527 0.269241631 0.271179527 0.269241631 0.271179527 0.269241631 0.271179527 0.269241631 0.271179527 0.269241631 0.271179527 0.269241631 0.271179527 0.269241631 0.271179527 0.269241631 0.271179527 0.269241631 0.271179527 0.269241631 0.271179527 0.269241631 0.271179527 0.269241631 0.271179527 0.269241631 0.271179527 0.269241631 0.271179527 0.269241631 0.271179527 0.269241631 0.271179527 0.269241631 0.271179527 0.269241631 0.271179527 0.269241631 0.271179527 0.269241631 0.271179527 0.269241631 0.271179527 0.269241631 0.271179527 0.269241631 0.271179527 0.269241631 0.271179527 0.269241631 0.271179527 0.269241631 0.271179527 0.269241631 0.271179527 0.269241631 0.271179527 0.269241631 0.271179527 0.269241631 0.271179527 0.269241631 0.271179527 0.269241631 0.271179527 0.269241631 0.271179527 0.269241631 0.271179527 0.269241631 0.271179527 0.269241631 0.271179527 0.269241631 0.271179527 0.269241631 0.271179527 0.269241631 0.271179527 0.269241631 0.271179527 0.269241631 0.271179527 0.269241631 0.271179527 0.269241631 0.271179527 0.269241631 0.271179527 0.269241631 0.271179527 0.269241631 0.271179527 0.269241631 0.271179527 0.269241631 </float_array>
          <technique_common>
            <accessor count="55" offset="0" source="#CapHair__HairMT_HairMT_0-tex0-array" stride="2">
              <param name="S" type="float" />
              <param name="T" type="float" />
            </accessor>
          </technique_common>
        </source>
        <source id="CapHair__HairMT_HairMT_0-color0" name="CapHair__HairMT_HairMT_0-color0">
          <float_array id="CapHair__HairMT_HairMT_0-color0-array" count="165"> 0.996078432 0.996078432 0.996078432 0.996078432 0.996078432 0.996078432 0.996078432 0.996078432 0.996078432 0.996078432 0.996078432 0.996078432 0.996078432 0.996078432 0.996078432 0.996078432 0.996078432 0.996078432 0.996078432 0.996078432 0.996078432 0.996078432 0.996078432 0.996078432 0.996078432 0.996078432 0.996078432 0.996078432 0.996078432 0.996078432 0.996078432 0.996078432 0.996078432 0.996078432 0.996078432 0.996078432 0.996078432 0.996078432 0.996078432 0.996078432 0.996078432 0.996078432 0.996078432 0.996078432 0.996078432 0.996078432 0.996078432 0.996078432 0.996078432 0.996078432 0.996078432 0.996078432 0.996078432 0.996078432 0.996078432 0.996078432 0.996078432 0.996078432 0.996078432 0.996078432 0.996078432 0.996078432 0.996078432 0.996078432 0.996078432 0.996078432 0.996078432 0.996078432 0.996078432 0.996078432 0.996078432 0.996078432 0.996078432 0.996078432 0.996078432 0.996078432 0.996078432 0.996078432 0.996078432 0.996078432 0.996078432 0.996078432 0.996078432 0.996078432 0.996078432 0.996078432 0.996078432 0.996078432 0.996078432 0.996078432 0.996078432 0.996078432 0.996078432 0.996078432 0.996078432 0.996078432 0.996078432 0.996078432 0.996078432 0.996078432 0.996078432 0.996078432 0.996078432 0.996078432 0.996078432 0.996078432 0.996078432 0.996078432 0.996078432 0.996078432 0.996078432 0.996078432 0.996078432 0.996078432 0.996078432 0.996078432 0.996078432 0.996078432 0.996078432 0.996078432 0.996078432 0.996078432 0.996078432 0.996078432 0.996078432 0.996078432 0.996078432 0.996078432 0.996078432 0.996078432 0.996078432 0.996078432 0.996078432 0.996078432 0.996078432 0.996078432 0.996078432 0.996078432 0.996078432 0.996078432 0.996078432 0.996078432 0.996078432 0.996078432 0.996078432 0.996078432 0.996078432 0.996078432 0.996078432 0.996078432 0.996078432 0.996078432 0.996078432 0.996078432 0.996078432 0.996078432 0.996078432 0.996078432 0.996078432 0.996078432 0.996078432 0.996078432 0.996078432 0.996078432 0.996078432 </float_array>
          <technique_common>
            <accessor count="55" offset="0" source="#CapHair__HairMT_HairMT_0-color0-array" stride="3">
              <param name="R" type="float" />
              <param name="G" type="float" />
              <param name="B" type="float" />
            </accessor>
          </technique_common>
        </source>
        <vertices id="CapHair__HairMT_HairMT_0-vertices">
          <input semantic="POSITION" source="#CapHair__HairMT_HairMT_0-positions" />
        </vertices>
        <polylist count="92" material="defaultMaterial">
          <input offset="0" semantic="VERTEX" source="#CapHair__HairMT_HairMT_0-vertices" />
          <input offset="0" semantic="NORMAL" source="#CapHair__HairMT_HairMT_0-normals" />
          <input offset="0" semantic="TEXCOORD" source="#CapHair__HairMT_HairMT_0-tex0" set="0" />
          <input offset="0" semantic="COLOR" source="#CapHair__HairMT_HairMT_0-color0" set="0" />
          <vcount>3 3 3 3 3 3 3 3 3 3 3 3 3 3 3 3 3 3 3 3 3 3 3 3 3 3 3 3 3 3 3 3 3 3 3 3 3 3 3 3 3 3 3 3 3 3 3 3 3 3 3 3 3 3 3 3 3 3 3 3 3 3 3 3 3 3 3 3 3 3 3 3 3 3 3 3 3 3 3 3 3 3 3 3 3 3 3 3 3 3 3 3 </vcount>
          <p>0 1 2 0 3 1 2 1 4 2 4 5 3 6 1 3 7 6 5 4 8 5 8 9 7 10 6 7 11 10 8 12 9 9 12 13 11 14 10 11 15 14 6 10 16 10 14 16 6 16 17 15 18 14 15 19 18 6 17 20 6 20 1 16 21 17 20 17 21 20 22 1 20 21 22 1 22 4 22 23 4 22 21 23 24 4 23 24 23 21 8 4 24 8 24 12 24 21 25 24 25 12 16 26 21 16 14 26 21 27 25 21 26 27 26 14 28 26 28 27 28 14 18 25 27 29 25 29 12 27 28 30 27 30 29 28 18 31 28 31 30 32 12 29 13 12 32 13 32 33 29 30 34 32 29 34 32 35 33 32 34 35 33 35 36 34 30 37 30 31 37 34 37 38 31 38 37 34 38 35 18 39 31 31 39 38 19 39 18 19 40 39 38 41 35 38 39 41 40 42 39 41 39 43 42 43 39 40 44 42 40 45 44 42 46 43 44 46 42 47 43 46 44 47 46 44 45 47 41 43 47 45 48 47 41 47 48 49 41 48 50 49 48 51 41 49 35 41 51 52 49 50 36 52 50 36 35 53 36 53 52 53 35 51 52 54 49 53 54 52 51 49 54 53 51 54 </p>
        </polylist>
      </mesh>
    </geometry>
    <geometry id="MarioEye__EyeMT_EyeMT_0" name="MarioEye__EyeMT_EyeMT_0" >
      <mesh>
        <source id="MarioEye__EyeMT_EyeMT_0-positions" name="MarioEye__EyeMT_EyeMT_0-positions">
          <float_array id="MarioEye__EyeMT_EyeMT_0-positions-array" count="123"> -0.439175159 3.04208875 0.894928694 -0.249803558 3.2299211 0.969585776 -0.609342873 3.13065815 0.575770378 -0.620611787 2.74926305 0.628720701 -0.45931682 2.77532315 0.88413465 -0.546306968 2.69812393 0.882424414 -0.15485464 2.70887303 0.983093321 -0.179440498 2.57015157 0.991881967 -0.278410941 2.54827094 1.15693986 -0.24927403 2.72183514 1.1694634 0.0262444075 2.81515169 1.16766608 0.0195849929 2.78452802 0.993938744 0.191240177 2.70545673 0.970428824 0.299264163 2.71642041 1.14939106 0.323980659 2.54232478 1.13489676 0.213663071 2.56627131 0.977497339 0.574000657 2.6870656 0.841429532 0.48890698 2.76596332 0.84943676 0.630559802 2.73691273 0.582937181 0.474870801 3.03306627 0.861481428 0.62297225 3.11849403 0.530676842 0.295201302 3.22454143 0.949642658 -0.609342873 3.13065815 0.575770378 -0.249803558 3.2299211 0.969585776 -0.253308237 3.34980893 0.841469705 0.0202521794 3.34289241 0.861550868 0.0237568673 3.22300482 0.989666939 0.295201302 3.22454143 0.949642658 0.291696608 3.34442925 0.821526587 0.62297225 3.11849403 0.530676842 0.191240177 2.70545673 0.970428824 0.48890698 2.76596332 0.84943676 0.474870801 3.03306627 0.861481428 0.295201302 3.22454143 0.949642658 0.0221287683 3.03336763 0.996329665 0.0195849929 2.78452802 0.993938744 0.0237568673 3.22300482 0.989666939 -0.15485464 2.70887303 0.983093321 -0.249803558 3.2299211 0.969585776 -0.439175159 3.04208875 0.894928694 -0.45931682 2.77532315 0.88413465 </float_array>
          <technique_common>
            <accessor count="41" offset="0" source="#MarioEye__EyeMT_EyeMT_0-positions-array" stride="3">
              <param name="X" type="float" />
              <param name="Y" type="float" />
              <param name="Z" type="float" />
            </accessor>
          </technique_common>
        </source>
        <source id="MarioEye__EyeMT_EyeMT_0-normals" name="MarioEye__EyeMT_EyeMT_0-normals">
          <float_array id="MarioEye__EyeMT_EyeMT_0-normals-array" count="123"> -0.625946224 0.156047955 0.764094472 -0.326690406 0.0931449607 0.94053036 -0.874624312 0.131867245 0.466522664 -0.933886111 0.0199562255 0.357013315 -0.544043124 0.155293256 0.824561119 -0.72017014 0.0908530131 0.687823176 -0.555810392 0.34728393 0.755293787 -0.891655147 0.099689208 0.441602975 -0.980752945 0.0377234593 -0.191573888 -0.704173326 0.702526987 -0.102935411 0.00968093239 0.99993819 -0.00546344509 0.0357339941 0.568617642 0.821825445 0.616259098 0.335714608 0.712404668 0.708479941 0.688582838 -0.154628024 0.964682817 0.0185201913 -0.262762308 0.923334777 0.0817737281 0.375187933 0.770161271 0.0761420056 0.633288205 0.605802834 0.143943176 0.782485366 0.957690954 0.00128450536 0.287795812 0.683066905 0.143126816 0.716194332 0.908808291 0.114263013 0.401262343 0.396323502 0.0860081688 0.914073467 -0.874617159 0.131857246 0.466538817 -0.326711237 0.0931234881 0.940525293 -0.376371503 0.0876137465 0.922316849 0.0373509564 0.0916196033 0.995093346 0.0369232222 0.0346021056 0.998718858 0.396343678 0.085986197 0.914066792 0.444420606 0.0795122087 0.892282546 0.908802092 0.114253037 0.401279241 0.616261959 0.335683823 0.712416708 0.605799675 0.143962085 0.782484293 0.683054805 0.143143326 0.716202557 0.396339238 0.0860005766 0.914067328 0.0366736017 0.0109270718 0.999267578 0.035720285 0.568635881 0.821813405 0.0368887447 0.0347725525 0.998714209 -0.555813015 0.347253472 0.755305827 -0.326706678 0.0931377634 0.940525413 -0.62593323 0.156064346 0.764101744 -0.544039667 0.15531224 0.824559867 </float_array>
          <technique_common>
            <accessor count="41" offset="0" source="#MarioEye__EyeMT_EyeMT_0-normals-array" stride="3">
              <param name="X" type="float" />
              <param name="Y" type="float" />
              <param name="Z" type="float" />
            </accessor>
          </technique_common>
        </source>
        <source id="MarioEye__EyeMT_EyeMT_0-tex0" name="MarioEye__EyeMT_EyeMT_0-tex0">
          <float_array id="MarioEye__EyeMT_EyeMT_0-tex0-array" count="82"> 0.749992371 0.550004601 0.749992371 0.550004601 0.749992371 0.550004601 0.749992371 0.550004601 0.749992371 0.550004601 0.749992371 0.550004601 0.749992371 0.550004601 0.749992371 0.550004601 0.749992371 0.550004601 0.749992371 0.550004601 0.749992371 0.550004601 0.749992371 0.550004601 0.749992371 0.550004601 0.749992371 0.550004601 0.749992371 0.550004601 0.749992371 0.550004601 0.749992371 0.550004601 0.749992371 0.550004601 0.749992371 0.550004601 0.749992371 0.550004601 0.749992371 0.550004601 0.749992371 0.550004601 0.749992371 0.550004601 0.749992371 0.550004601 0.749992371 0.550004601 0.749992371 0.550004601 0.749992371 0.550004601 0.749992371 0.550004601 0.749992371 0.550004601 0.749992371 0.550004601 0.223487049 0.942869365 0.645191789 0.862636209 0.62544632 0.378917813 0.367748052 0.0975371599 -0.00054933317 0.364909828 -0.00054933317 0.829493105 0 0.0975371599 0.223487049 0.942869365 0.367748052 0.0975371599 0.62544632 0.378917813 0.645191789 0.862636209 </float_array>
          <technique_common>
            <accessor count="41" offset="0" source="#MarioEye__EyeMT_EyeMT_0-tex0-array" stride="2">
              <param name="S" type="float" />
              <param name="T" type="float" />
            </accessor>
          </technique_common>
        </source>
        <source id="MarioEye__EyeMT_EyeMT_0-color0" name="MarioEye__EyeMT_EyeMT_0-color0">
          <float_array id="MarioEye__EyeMT_EyeMT_0-color0-array" count="123"> 0.996078432 0.996078432 0.996078432 0.996078432 0.996078432 0.996078432 0.996078432 0.996078432 0.996078432 0.996078432 0.996078432 0.996078432 0.996078432 0.996078432 0.996078432 0.996078432 0.996078432 0.996078432 0.996078432 0.996078432 0.996078432 0.996078432 0.996078432 0.996078432 0.996078432 0.996078432 0.996078432 0.996078432 0.996078432 0.996078432 0.996078432 0.996078432 0.996078432 0.996078432 0.996078432 0.996078432 0.996078432 0.996078432 0.996078432 0.996078432 0.996078432 0.996078432 0.996078432 0.996078432 0.996078432 0.996078432 0.996078432 0.996078432 0.996078432 0.996078432 0.996078432 0.996078432 0.996078432 0.996078432 0.996078432 0.996078432 0.996078432 0.996078432 0.996078432 0.996078432 0.996078432 0.996078432 0.996078432 0.996078432 0.996078432 0.996078432 0 0 0 0 0 0 0 0 0 0 0 0 0 0 0 0 0 0 0 0 0 0 0 0 0.996078432 0.996078432 0.996078432 0.996078432 0.996078432 0.996078432 0.996078432 0.996078432 0.996078432 0.996078432 0.996078432 0.996078432 0.996078432 0.996078432 0.996078432 0.996078432 0.996078432 0.996078432 0.996078432 0.996078432 0.996078432 0.996078432 0.996078432 0.996078432 0.996078432 0.996078432 0.996078432 0.996078432 0.996078432 0.996078432 0.996078432 0.996078432 0.996078432 </float_array>
          <technique_common>
            <accessor count="41" offset="0" source="#MarioEye__EyeMT_EyeMT_0-color0-array" stride="3">
              <param name="R" type="float" />
              <param name="G" type="float" />
              <param name="B" type="float" />
            </accessor>
          </technique_common>
        </source>
        <vertices id="MarioEye__EyeMT_EyeMT_0-vertices">
          <input semantic="POSITION" source="#MarioEye__EyeMT_EyeMT_0-positions" />
        </vertices>
        <polylist count="36" material="defaultMaterial">
          <input offset="0" semantic="VERTEX" source="#MarioEye__EyeMT_EyeMT_0-vertices" />
          <input offset="0" semantic="NORMAL" source="#MarioEye__EyeMT_EyeMT_0-normals" />
          <input offset="0" semantic="TEXCOORD" source="#MarioEye__EyeMT_EyeMT_0-tex0" set="0" />
          <input offset="0" semantic="COLOR" source="#MarioEye__EyeMT_EyeMT_0-color0" set="0" />
          <vcount>3 3 3 3 3 3 3 3 3 3 3 3 3 3 3 3 3 3 3 3 3 3 3 3 3 3 3 3 3 3 3 3 3 3 3 3 </vcount>
          <p>0 1 2 3 0 2 4 0 3 5 4 3 4 5 6 7 6 5 8 9 7 9 6 7 6 9 10 6 10 11 12 11 10 12 10 13 13 14 15 12 13 15 15 16 12 17 12 16 16 18 17 17 18 19 18 20 19 19 20 21 22 23 24 25 24 23 26 25 23 26 27 25 27 28 25 27 29 28 30 31 32 30 32 33 34 30 33 35 30 34 36 34 33 35 34 37 36 38 34 34 38 37 37 38 39 37 39 40 </p>
        </polylist>
      </mesh>
    </geometry>
    <geometry id="Mario64HandL__BodyMT_HandMT_0" name="Mario64HandL__BodyMT_HandMT_0" >
      <mesh>
        <source id="Mario64HandL__BodyMT_HandMT_0-positions" name="Mario64HandL__BodyMT_HandMT_0-positions">
          <float_array id="Mario64HandL__BodyMT_HandMT_0-positions-array" count="81"> 1.05162072 1.56968343 -0.412669212 1.06470227 1.55720091 -0.407005936 1.05420649 1.57108474 -0.405987501 0.983501732 1.53276885 -0.58868432 1.04536486 1.5733577 -0.416288495 1.37379932 1.72014582 -0.392400354 1.29883063 1.25664473 -0.43536225 1.00585544 1.57479787 -0.30479157 1.23070526 1.76201081 -0.350926846 1.63483763 1.53950214 -0.580987811 1.20445991 1.81665897 -0.257106066 1.42810607 1.25406981 -0.627605319 0.867606461 1.86291254 -0.449126452 1.0602833 1.49415541 -0.618424535 0.72066313 1.64597952 -0.651028156 0.831495523 1.62833846 -0.665459037 0.880457938 1.77700436 -0.932864487 0.875462353 1.82885849 -0.837697029 0.756576836 1.88826287 -0.820611537 1.06644773 2.0265522 -0.59090668 1.11814415 1.93979073 -0.62324214 1.25651062 1.96657622 -0.71929276 1.16719019 1.65970182 -1.16621077 1.52049208 1.79607761 -0.942875266 1.42762613 1.41129827 -0.96491611 1.0864836 1.39622176 -0.948307574 1.3199091 1.28111923 -0.749867439 </float_array>
          <technique_common>
            <accessor count="27" offset="0" source="#Mario64HandL__BodyMT_HandMT_0-positions-array" stride="3">
              <param name="X" type="float" />
              <param name="Y" type="float" />
              <param name="Z" type="float" />
            </accessor>
          </technique_common>
        </source>
        <source id="Mario64HandL__BodyMT_HandMT_0-normals" name="Mario64HandL__BodyMT_HandMT_0-normals">
          <float_array id="Mario64HandL__BodyMT_HandMT_0-normals-array" count="81"> -0.715700388 -0.557717443 0.420385808 -0.315561354 -0.253216505 0.914495707 0.0368355811 -0.55456531 0.831324518 -0.649028122 -0.758620083 0.0570797324 -0.372772187 -0.919949353 0.121384174 0.525196075 0.357584685 0.772206068 0.0216009058 -0.662353814 0.748879731 -0.532890856 -0.217555866 0.817738831 0.698147953 0.283024818 0.65763694 0.968130767 0.0249227807 0.249202088 -0.0490266941 0.48703301 0.872006416 0.49643597 -0.865080774 -0.0720180199 -0.653056622 0.467228144 0.595999062 -0.711303413 -0.702522695 -0.0225689057 -0.949039102 -0.0755370036 0.305972189 -0.26779899 -0.862509251 -0.429373413 -0.68135649 0.356973439 -0.639001846 -0.296237022 0.575312197 -0.762403786 -0.78131789 0.606238782 -0.148380786 -0.169064924 0.955550134 0.241538808 0.253868818 0.966507971 -0.037590012 0.300315291 0.946909666 -0.114772916 -0.0471342243 0.222487986 -0.973795414 0.73314333 0.501891911 -0.458917648 0.611023068 -0.451845318 -0.649989724 -0.58336705 -0.716476083 -0.382550508 -0.255312562 -0.96037364 -0.111794397 </float_array>
          <technique_common>
            <accessor count="27" offset="0" source="#Mario64HandL__BodyMT_HandMT_0-normals-array" stride="3">
              <param name="X" type="float" />
              <param name="Y" type="float" />
              <param name="Z" type="float" />
            </accessor>
          </technique_common>
        </source>
        <source id="Mario64HandL__BodyMT_HandMT_0-tex0" name="Mario64HandL__BodyMT_HandMT_0-tex0">
          <float_array id="Mario64HandL__BodyMT_HandMT_0-tex0-array" count="54"> 0.139038086 -1.015625 0.139282227 -1.01464844 0.138916016 -1.015625 0.141235352 -1.01367188 0.138916016 -1.015625 0.142700195 -1.02441406 0.148925781 -1.01074219 0.136108398 -1.01367188 0.138549805 -1.02246094 0.153808594 -1.02441406 0.135620117 -1.0234375 0.154907227 -1.01367188 0.131591797 -1.02050781 0.143798828 -1.01464844 0.135498047 -1.01367188 0.138183594 -1.01464844 0.141479492 -1.02148438 0.138916016 -1.02148438 0.135375977 -1.02148438 0.135498047 -1.02929688 0.138427734 -1.02734375 0.142333984 -1.03125 0.152954102 -1.0234375 0.153930664 -1.03125 0.158325195 -1.01953125 0.151489258 -1.01367188 0.154418945 -1.01269531 </float_array>
          <technique_common>
            <accessor count="27" offset="0" source="#Mario64HandL__BodyMT_HandMT_0-tex0-array" stride="2">
              <param name="S" type="float" />
              <param name="T" type="float" />
            </accessor>
          </technique_common>
        </source>
        <source id="Mario64HandL__BodyMT_HandMT_0-color0" name="Mario64HandL__BodyMT_HandMT_0-color0">
          <float_array id="Mario64HandL__BodyMT_HandMT_0-color0-array" count="81"> 1 1 1 1 1 1 1 1 1 1 1 1 1 1 1 1 1 1 1 1 1 1 1 1 1 1 1 1 1 1 1 1 1 1 1 1 1 1 1 1 1 1 1 1 1 1 1 1 1 1 1 1 1 1 1 1 1 1 1 1 1 1 1 1 1 1 1 1 1 1 1 1 1 1 1 1 1 1 1 1 1 </float_array>
          <technique_common>
            <accessor count="27" offset="0" source="#Mario64HandL__BodyMT_HandMT_0-color0-array" stride="3">
              <param name="R" type="float" />
              <param name="G" type="float" />
              <param name="B" type="float" />
            </accessor>
          </technique_common>
        </source>
        <vertices id="Mario64HandL__BodyMT_HandMT_0-vertices">
          <input semantic="POSITION" source="#Mario64HandL__BodyMT_HandMT_0-positions" />
        </vertices>
        <polylist count="50" material="defaultMaterial">
          <input offset="0" semantic="VERTEX" source="#Mario64HandL__BodyMT_HandMT_0-vertices" />
          <input offset="0" semantic="NORMAL" source="#Mario64HandL__BodyMT_HandMT_0-normals" />
          <input offset="0" semantic="TEXCOORD" source="#Mario64HandL__BodyMT_HandMT_0-tex0" set="0" />
          <input offset="0" semantic="COLOR" source="#Mario64HandL__BodyMT_HandMT_0-color0" set="0" />
          <vcount>3 3 3 3 3 3 3 3 3 3 3 3 3 3 3 3 3 3 3 3 3 3 3 3 3 3 3 3 3 3 3 3 3 3 3 3 3 3 3 3 3 3 3 3 3 3 3 3 3 3 </vcount>
          <p>0 1 2 0 3 1 0 2 4 0 4 3 1 5 2 3 6 1 1 6 5 2 7 4 2 5 8 2 8 7 6 9 5 7 8 10 6 11 9 7 10 12 6 13 11 3 13 6 7 12 14 4 7 14 3 4 15 4 14 15 3 15 16 3 16 13 15 14 17 15 17 16 14 12 18 14 18 17 12 19 18 18 19 17 12 10 19 10 8 19 17 19 20 19 8 20 17 20 21 21 20 8 16 17 21 5 21 8 5 9 21 16 21 22 9 23 21 23 22 21 9 24 23 24 22 23 11 24 9 25 16 22 25 22 24 13 16 25 11 26 24 13 26 11 25 24 26 13 25 26 </p>
        </polylist>
      </mesh>
    </geometry>
    <geometry id="Face__FaceMT_FaceMT_0" name="Face__FaceMT_FaceMT_0" >
      <mesh>
        <source id="Face__FaceMT_FaceMT_0-positions" name="Face__FaceMT_FaceMT_0-positions">
          <float_array id="Face__FaceMT_FaceMT_0-positions-array" count="309"> -0.187731802 2.57236052 0.99390173 -0.503339946 2.40388918 0.895322919 -0.193902045 2.41056371 0.985411823 -0.553000271 2.70755172 0.890403926 -0.20067364 2.26645947 0.888900936 0.0137359649 2.34315372 0.953161657 0.0107962685 2.25710106 0.896038771 0.221322298 2.26229358 0.873459101 0.224463969 2.40643406 0.970102727 -0.372639984 2.1509738 0.588714838 -0.000975650677 2.06448221 0.626294494 0.368581146 2.14365721 0.561591804 0.52629894 2.3937254 0.857645869 0.222121477 2.56831479 0.978904188 -0.648946226 2.42154813 0.567244649 -0.45931685 2.77532315 0.884134471 -0.633042932 2.75415516 0.637342632 0.647859693 2.40874743 0.519791424 0.581443608 2.69635367 0.848891854 0.643681705 2.74155259 0.590624213 0.488906771 2.76596355 0.8494367 -0.45931685 2.77532315 0.884134471 -0.439175099 3.04208875 0.894928515 -0.633042932 2.75415516 0.637342632 -0.249803618 3.2299211 0.969585598 -0.623528004 3.13441944 0.586633563 -0.187731802 2.57236052 0.99390173 -0.1548547 2.70887303 0.983093143 -0.553000271 2.70755172 0.890403926 -0.45931685 2.77532315 0.884134471 -0.187731802 2.57236052 0.99390173 -0.283902735 2.54925895 1.15371025 -0.254159868 2.72546434 1.16644657 -0.1548547 2.70887303 0.983093143 -0.193902045 2.41056371 0.985411823 -0.277852684 2.53978753 1.36185098 -0.258572698 2.36809993 1.12349331 -0.248689026 2.3711431 1.34538114 0.0262502376 2.82348228 1.16558099 -0.248181581 2.706146 1.37357378 0.0195848886 2.78452802 0.993938565 0.0137359649 2.34315372 0.953161657 0.0189481806 2.26700664 1.1161418 0.032767646 2.40794635 1.45578325 0.0362865962 2.67547607 1.47978199 0.0265715402 2.24892688 1.32934976 0.0337347686 2.8093605 1.37392724 0.191240028 2.70545673 0.970428646 0.303986788 2.71995497 1.14602256 0.312781692 2.70060873 1.35304666 0.224463969 2.40643406 0.970102727 0.304623216 2.36568141 1.32513404 0.298202932 2.3626039 1.10311949 0.338231415 2.53370619 1.33930695 0.222121477 2.56831479 0.978904188 0.329239875 2.54320669 1.13127375 -0.755542755 2.96105003 0.280105799 -0.903908789 2.86580944 0.123167798 -0.756831408 2.74613833 0.167127788 -0.603087187 2.80835342 -0.027222978 -0.900958776 2.61012292 0.141129643 -0.694794714 2.44712615 0.282415718 -0.536432087 2.57502031 -0.0121769691 -0.536432087 2.57502031 -0.0121769691 -0.405736208 2.31800628 -0.0839468017 -0.694794714 2.44712615 0.282415718 -0.0250094887 2.31424832 -0.097878553 -0.372639984 2.1509738 0.588714838 -0.648946226 2.42154813 0.567244649 -0.633042932 2.75415516 0.637342632 0.355717242 2.31049013 -0.111810215 0.368581146 2.14365721 0.561591804 -0.000975650677 2.06448221 0.626294494 0.496349722 2.56482601 -0.0499689244 0.673265636 2.43362188 0.232355073 0.647859693 2.40874743 0.519791424 0.643681705 2.74155259 0.590624213 -0.623528004 3.13441944 0.586633563 -0.755542755 2.96105003 0.280105799 -0.633042932 2.75415516 0.637342632 -0.756831408 2.74613833 0.167127788 -0.694794714 2.44712615 0.282415718 0.488906771 2.76596355 0.8494367 0.643681705 2.74155259 0.590624213 0.474870622 3.03306603 0.861481428 0.637984574 3.1219666 0.540471673 0.295201153 3.22454143 0.949642599 0.222121477 2.56831479 0.978904188 0.581443608 2.69635367 0.848891854 0.191240028 2.70545673 0.970428646 0.488906771 2.76596355 0.8494367 0.743801951 2.94624996 0.22524111 0.732593715 2.73143625 0.112626113 0.878395617 2.8482163 0.057948973 0.566313982 2.79681015 -0.0700141937 0.871726334 2.5926249 0.0762628093 0.673265636 2.43362188 0.232355073 0.496349722 2.56482601 -0.0499689244 0.637984574 3.1219666 0.540471673 0.643681705 2.74155259 0.590624213 0.743801951 2.94624996 0.22524111 0.673265636 2.43362188 0.232355073 0.732593715 2.73143625 0.112626113 </float_array>
          <technique_common>
            <accessor count="103" offset="0" source="#Face__FaceMT_FaceMT_0-positions-array" stride="3">
              <param name="X" type="float" />
              <param name="Y" type="float" />
              <param name="Z" type="float" />
            </accessor>
          </technique_common>
        </source>
        <source id="Face__FaceMT_FaceMT_0-normals" name="Face__FaceMT_FaceMT_0-normals">
          <float_array id="Face__FaceMT_FaceMT_0-normals-array" count="309"> -0.891720891 0.100534976 0.441278309 -0.629989207 -0.434137166 0.643924296 -0.657337248 -0.723531544 0.210736513 -0.720075011 0.0916397572 0.687818408 -0.230271086 -0.767519772 0.598237932 -0.0127400337 -0.996658623 -0.0806803331 0.0162930842 -0.759489655 0.650315344 0.258684158 -0.771642923 0.581076324 0.656754911 -0.736361623 0.162617669 -0.278103113 -0.954577386 -0.106960826 -0.0154284183 -0.987893164 -0.154366806 0.250548422 -0.959828496 -0.126311973 0.667199254 -0.445616096 0.596884787 0.923433423 0.0825888366 0.37476638 -0.884686649 -0.416469723 0.209481627 -0.544083774 0.156031996 0.824394882 -0.933857501 0.0199569315 0.357088119 0.889287591 -0.433905393 0.144546703 0.770012856 0.0776621848 0.633284092 0.957688868 0.0013204955 0.287802547 0.606116593 0.142570287 0.782493711 -0.544076025 0.156025037 0.824401259 -0.626063108 0.156040832 0.764000177 -0.933856606 0.0199903399 0.357088536 -0.3266747 0.09317334 0.940533042 -0.874847949 0.130391449 0.466518134 -0.891737342 0.100527488 0.441246837 -0.556301773 0.34494096 0.756005347 -0.720073402 0.0916418731 0.687819779 -0.544062793 0.156024069 0.8244102 -0.891732633 0.100502521 0.441261977 -0.980718076 0.0362243392 -0.192041129 -0.703851402 0.702871144 -0.102787912 -0.556291223 0.344994754 0.755988538 -0.657345176 -0.723537087 0.210692629 -0.857579172 -0.0390982255 0.512863874 -0.760161102 -0.606409073 -0.233287692 -0.731068373 -0.55056566 0.403009295 0.00967696495 0.999938369 -0.00544383889 -0.649127603 0.663208723 0.372542083 0.0356286801 0.569083154 0.821507752 -0.0127757173 -0.996655405 -0.080714047 -0.0190011673 -0.96577847 -0.258671492 0.0319896974 -0.296953291 0.954356015 0.0377200209 0.171387821 0.984481275 0.00268283719 -0.944638729 0.328101307 0.0196310747 0.960564375 0.277363747 0.61612922 0.335546166 0.712596357 0.708177924 0.68893218 -0.154455453 0.688243806 0.649192393 0.323835969 0.656727254 -0.736394107 0.162582353 0.74756372 -0.565170825 0.348898798 0.728977144 -0.621108353 -0.287778944 0.891911149 -0.0563563518 0.448685229 0.923439264 0.0825928375 0.374751002 0.964570105 0.0170348343 -0.26327607 -0.958073854 0.164353088 0.234696656 -0.65416199 0.465108931 -0.596444309 -0.83910948 -0.0751405805 0.538747728 -0.817019939 -0.255134225 -0.517092764 -0.761534691 -0.45235315 -0.464156806 -0.787000477 -0.610422194 -0.0895263478 -0.609380245 -0.3794595 -0.696179688 -0.609363377 -0.379481286 -0.696182609 -0.260975599 -0.919592977 -0.293667346 -0.786992788 -0.61042726 -0.0895596445 -0.0199004225 -0.95820719 -0.285382062 -0.278079212 -0.954585373 -0.106952146 -0.884695292 -0.416457504 0.209469214 -0.933858037 0.0199712571 0.357085913 0.220644578 -0.924350381 -0.311275423 0.250561804 -0.959826529 -0.126300305 -0.0153908664 -0.987893462 -0.154368401 0.548889875 -0.392156869 -0.738195717 0.766156256 -0.62575841 -0.146393329 0.889296234 -0.433895081 0.144524306 0.957682133 0.0012980582 0.287824988 -0.874852896 0.130394146 0.466508031 -0.958075285 0.164386436 0.234667525 -0.933858097 0.019975055 0.357085496 -0.83911407 -0.0751709491 0.538736403 -0.786984205 -0.610446572 -0.0895032957 0.606138766 0.142535925 0.782482803 0.957681119 0.00130787957 0.287828386 0.683296204 0.143991739 0.715802133 0.908762932 0.113489337 0.401584446 0.396470845 0.0860475153 0.914005876 0.923425615 0.0826049224 0.374781966 0.770000458 0.0776485652 0.633300841 0.616119444 0.335552633 0.712601781 0.606164575 0.142567545 0.782457054 0.975794494 0.144574657 0.164083019 0.874611974 -0.0920600072 0.476003051 0.618134022 0.452389896 -0.642848134 0.772115409 -0.270071775 -0.575238287 0.71651119 -0.466945529 -0.518240809 0.766166627 -0.625753164 -0.146361351 0.548893869 -0.392157823 -0.738192201 0.908771157 0.113470644 0.401571184 0.957686782 0.00129896309 0.287809521 0.975794673 0.14457193 0.164084494 0.766151547 -0.625777662 -0.146335885 0.874617696 -0.0920941159 0.475985825 </float_array>
          <technique_common>
            <accessor count="103" offset="0" source="#Face__FaceMT_FaceMT_0-normals-array" stride="3">
              <param name="X" type="float" />
              <param name="Y" type="float" />
              <param name="Z" type="float" />
            </accessor>
          </technique_common>
        </source>
        <source id="Face__FaceMT_FaceMT_0-tex0" name="Face__FaceMT_FaceMT_0-tex0">
          <float_array id="Face__FaceMT_FaceMT_0-tex0-array" count="206"> 0.33782959 0.600585938 0.482299805 0.637939453 0.346191406 0.660644531 0.485839844 0.481689453 0.377563477 0.729980469 0.286315918 0.720214844 0.27671814 0.764648438 0.377563477 0.729980469 0.346191406 0.660644531 0.495849609 0.823242188 0.308349609 0.893066406 0.495849609 0.823242188 0.482299805 0.637939453 0.33782959 0.600585938 0.596435547 0.665039062 0.474121094 0.434936523 0.602050781 0.500732422 0.596435547 0.665039062 0.485839844 0.481689453 0.602050781 0.500732422 0.474121094 0.434936523 0.280105591 0.455810547 0.304656982 0.385253906 0.355834961 0.494873047 0.284362793 0.311035156 0.407348633 0.399902344 0.638671875 0.554931641 0.638671875 0.554931641 0.638671875 0.554931641 0.638671875 0.554931641 0.607421875 -0.356933594 0.588867188 -0.350097656 0.580322266 -0.370605469 0.591064453 -0.388183594 0.594970703 -0.316894531 0.571533203 -0.3515625 0.581298828 -0.328613281 0.568847656 -0.340332031 0.546142578 -0.38671875 0.568359375 -0.362304688 0.546142578 -0.405273438 0.546142578 -0.291992188 0.546142578 -0.3125 0.546142578 -0.345214844 0.546142578 -0.359375 0.546142578 -0.331054688 0.546142578 -0.37109375 0.591064453 -0.388183594 0.580322266 -0.370605469 0.568359375 -0.362304688 0.594970703 -0.316894531 0.568847656 -0.340332031 0.581298828 -0.328613281 0.571533203 -0.3515625 0.607421875 -0.356933594 0.588867188 -0.350097656 0.817382812 -0.460449219 0.857421875 -0.4296875 0.815917969 -0.397949219 0.771484375 -0.411132812 0.855957031 -0.358886719 0.799316406 -0.317382812 0.751953125 -0.346679688 1.69628906 0.625244141 1.67480469 0.630615234 1.69433594 0.602050781 1.64550781 0.630126953 1.66992188 0.594726562 1.6875 0.585449219 1.69628906 0.559570312 1.67480469 0.630615234 1.66992188 0.594726562 1.64550781 0.599853516 1.69628906 0.625244141 1.69433594 0.602050781 1.6875 0.585449219 1.69628906 0.559570312 0.495727539 0.244678497 0.733398438 0.288421631 0.477539062 0.427490234 0.755859375 0.443115234 0.655273438 0.557373047 0.280105591 0.455810547 0.355834961 0.494873047 0.304656982 0.385253906 0.407348633 0.399902344 0.284362793 0.311035156 0.638671875 0.554931641 0.638671875 0.554931641 0.638671875 0.554931641 0.638671875 0.554931641 0.817382812 -0.460449219 0.815917969 -0.397949219 0.857421875 -0.4296875 0.771484375 -0.411132812 0.855957031 -0.358886719 0.799316406 -0.317382812 0.751953125 -0.346679688 0.495727539 0.244678497 0.477539062 0.427490234 0.733398438 0.288421631 0.655273438 0.557373047 0.755859375 0.443115234 </float_array>
          <technique_common>
            <accessor count="103" offset="0" source="#Face__FaceMT_FaceMT_0-tex0-array" stride="2">
              <param name="S" type="float" />
              <param name="T" type="float" />
            </accessor>
          </technique_common>
        </source>
        <source id="Face__FaceMT_FaceMT_0-color0" name="Face__FaceMT_FaceMT_0-color0">
          <float_array id="Face__FaceMT_FaceMT_0-color0-array" count="309"> 0.996078432 0.996078432 0.996078432 0.996078432 0.996078432 0.996078432 0.996078432 0.996078432 0.996078432 0.996078432 0.996078432 0.996078432 0.996078432 0.996078432 0.996078432 0.996078432 0.996078432 0.996078432 0.996078432 0.996078432 0.996078432 0.996078432 0.996078432 0.996078432 0.996078432 0.996078432 0.996078432 0.996078432 0.996078432 0.996078432 0.996078432 0.996078432 0.996078432 0.996078432 0.996078432 0.996078432 0.996078432 0.996078432 0.996078432 0.996078432 0.996078432 0.996078432 0.996078432 0.996078432 0.996078432 0.996078432 0.996078432 0.996078432 0.996078432 0.996078432 0.996078432 0.996078432 0.996078432 0.996078432 0.996078432 0.996078432 0.996078432 0.996078432 0.996078432 0.996078432 0.996078432 0.996078432 0.996078432 0.996078432 0.996078432 0.996078432 0.996078432 0.996078432 0.996078432 0.996078432 0.996078432 0.996078432 0.996078432 0.996078432 0.996078432 0.996078432 0.996078432 0.996078432 0.996078432 0.996078432 0.996078432 0.996078432 0.996078432 0.996078432 0.996078432 0.996078432 0.996078432 0.996078432 0.996078432 0.996078432 0.996078432 0.996078432 0.996078432 0.996078432 0.996078432 0.996078432 0.996078432 0.996078432 0.996078432 0.996078432 0.996078432 0.996078432 0.996078432 0.996078432 0.996078432 0.996078432 0.996078432 0.996078432 0.996078432 0.996078432 0.996078432 0.996078432 0.996078432 0.996078432 0.996078432 0.996078432 0.996078432 0.996078432 0.996078432 0.996078432 0.996078432 0.996078432 0.996078432 0.996078432 0.996078432 0.996078432 0.996078432 0.996078432 0.996078432 0.996078432 0.996078432 0.996078432 0.996078432 0.996078432 0.996078432 0.996078432 0.996078432 0.996078432 0.996078432 0.996078432 0.996078432 0.996078432 0.996078432 0.996078432 0.996078432 0.996078432 0.996078432 0.996078432 0.996078432 0.996078432 0.996078432 0.996078432 0.996078432 0.996078432 0.996078432 0.996078432 0.996078432 0.996078432 0.996078432 0.996078432 0.996078432 0.996078432 0.996078432 0.996078432 0.996078432 0.996078432 0.996078432 0.996078432 0.996078432 0.996078432 0.996078432 0.996078432 0.996078432 0.996078432 0.996078432 0.996078432 0.996078432 0.996078432 0.996078432 0.996078432 0.996078432 0.996078432 0.996078432 0.996078432 0.996078432 0.996078432 0.996078432 0.996078432 0.996078432 0.996078432 0.996078432 0.996078432 0.996078432 0.996078432 0.996078432 0.996078432 0.996078432 0.996078432 0.996078432 0.996078432 0.996078432 0.996078432 0.996078432 0.996078432 0.996078432 0.996078432 0.996078432 0.996078432 0.996078432 0.996078432 0.996078432 0.996078432 0.996078432 0.996078432 0.996078432 0.996078432 0.996078432 0.996078432 0.996078432 0.996078432 0.996078432 0.996078432 0.996078432 0.996078432 0.996078432 0.996078432 0.996078432 0.996078432 0.996078432 0.996078432 0.996078432 0.996078432 0.996078432 0.996078432 0.996078432 0.996078432 0.996078432 0.996078432 0.996078432 0.996078432 0.996078432 0.996078432 0.996078432 0.996078432 0.996078432 0.996078432 0.996078432 0.996078432 0.996078432 0.996078432 0.996078432 0.996078432 0.996078432 0.996078432 0.996078432 0.996078432 0.996078432 0.996078432 0.996078432 0.996078432 0.996078432 0.996078432 0.996078432 0.996078432 0.996078432 0.996078432 0.996078432 0.996078432 0.996078432 0.996078432 0.996078432 0.996078432 0.996078432 0.996078432 0.996078432 0.996078432 0.996078432 0.996078432 0.996078432 0.996078432 0.996078432 0.996078432 0.996078432 0.996078432 0.996078432 0.996078432 0.996078432 0.996078432 0.996078432 0.996078432 0.996078432 0.996078432 0.996078432 0.996078432 0.996078432 0.996078432 0.996078432 0.996078432 0.996078432 0.996078432 0.996078432 0.996078432 0.996078432 0.996078432 0.996078432 0.996078432 0.996078432 0.996078432 0.996078432 </float_array>
          <technique_common>
            <accessor count="103" offset="0" source="#Face__FaceMT_FaceMT_0-color0-array" stride="3">
              <param name="R" type="float" />
              <param name="G" type="float" />
              <param name="B" type="float" />
            </accessor>
          </technique_common>
        </source>
        <vertices id="Face__FaceMT_FaceMT_0-vertices">
          <input semantic="POSITION" source="#Face__FaceMT_FaceMT_0-positions" />
        </vertices>
        <polylist count="108" material="defaultMaterial">
          <input offset="0" semantic="VERTEX" source="#Face__FaceMT_FaceMT_0-vertices" />
          <input offset="0" semantic="NORMAL" source="#Face__FaceMT_FaceMT_0-normals" />
          <input offset="0" semantic="TEXCOORD" source="#Face__FaceMT_FaceMT_0-tex0" set="0" />
          <input offset="0" semantic="COLOR" source="#Face__FaceMT_FaceMT_0-color0" set="0" />
          <vcount>3 3 3 3 3 3 3 3 3 3 3 3 3 3 3 3 3 3 3 3 3 3 3 3 3 3 3 3 3 3 3 3 3 3 3 3 3 3 3 3 3 3 3 3 3 3 3 3 3 3 3 3 3 3 3 3 3 3 3 3 3 3 3 3 3 3 3 3 3 3 3 3 3 3 3 3 3 3 3 3 3 3 3 3 3 3 3 3 3 3 3 3 3 3 3 3 3 3 3 3 3 3 3 3 3 3 3 3 </vcount>
          <p>0 1 2 0 3 1 2 1 4 2 4 5 5 6 7 5 7 8 5 4 6 4 9 10 4 10 6 4 1 9 6 10 7 7 10 11 7 12 8 7 11 12 8 12 13 9 1 14 1 3 14 3 15 16 3 16 14 11 17 12 12 18 13 12 17 18 17 19 18 18 19 20 21 22 23 22 24 25 22 25 23 26 27 28 27 29 28 30 31 32 30 32 33 30 34 31 31 35 32 31 36 37 31 37 35 31 34 36 32 38 33 32 39 38 32 35 39 33 38 40 34 41 42 34 42 36 35 37 43 35 44 39 35 43 44 36 42 37 37 42 45 37 45 43 39 46 38 39 44 46 40 38 47 38 48 47 38 49 48 38 46 49 41 50 42 42 51 45 42 52 51 42 50 52 43 51 53 43 45 51 43 53 44 44 49 46 44 53 49 47 48 54 48 53 55 48 49 53 48 55 54 50 54 55 50 55 52 51 52 55 51 55 53 56 57 58 56 59 57 57 60 58 57 59 60 58 60 61 59 62 60 60 62 61 63 64 65 64 66 67 64 67 65 65 67 68 65 68 69 66 70 71 66 71 72 66 72 67 70 73 74 70 74 71 71 74 75 74 76 75 77 78 79 78 80 79 79 80 81 82 83 84 83 85 84 84 85 86 87 88 89 88 90 89 91 92 93 91 93 94 92 95 93 92 96 95 93 95 94 94 95 97 95 96 97 98 99 100 99 101 102 99 102 100 </p>
        </polylist>
      </mesh>
    </geometry>
    <geometry id="Hair__HairMT_HairMT.001_0" name="Hair__HairMT_HairMT.001_0" >
      <mesh>
        <source id="Hair__HairMT_HairMT.001_0-positions" name="Hair__HairMT_HairMT.001_0-positions">
          <float_array id="Hair__HairMT_HairMT.001_0-positions-array" count="132"> -0.623527944 3.13441896 0.586633801 -0.769519389 3.35553789 0.34813267 -0.755542815 2.96105003 0.280106157 -0.495290309 3.61479712 0.66924125 -0.389099538 3.6518662 0.357705206 -0.769519389 3.35553789 0.34813267 0.0231072847 3.65342951 0.855804622 -0.200138211 3.56045628 0.897126913 0.173271507 3.58774376 0.942436635 0.281828374 3.59091377 0.832240641 0.0231072847 3.65342951 0.855804622 0.52562207 3.60471964 0.631883502 0.397699565 3.64409971 0.328914225 0.770486832 3.34033656 0.291779935 0.566314161 2.79680991 -0.0700141415 0.496349931 2.56482577 -0.0499688201 0.323730737 2.66600776 -0.415893137 -0.603087246 2.80835319 -0.0272227749 -0.389055282 2.67304373 -0.389810503 -0.536432087 2.57502031 -0.0121767037 -0.43797645 2.6404388 -0.469279706 -0.0326622576 2.66952562 -0.40285182 -0.0396874323 2.45794654 -0.537761271 -0.621697307 2.44240999 -0.299346834 -0.405736208 2.31800628 -0.0839465708 -0.292724758 2.50063658 -0.529588759 -0.484826714 2.50120091 -0.506490409 -0.415046632 2.30417895 -0.334651619 -0.0250094328 2.31424809 -0.0978783295 0.346406907 2.29666257 -0.362515122 0.355717331 2.31048989 -0.111810096 0.21406278 2.49563408 -0.548133373 0.557769895 2.43076754 -0.342506558 0.40731284 2.49239469 -0.539136052 0.366061181 2.63250232 -0.498701483 -0.755542815 2.96105003 0.280106157 -0.603087246 2.80835319 -0.0272227749 0.000926375273 3.49987817 0.227667272 -0.536432087 2.57502031 -0.0121767037 -0.405736208 2.31800628 -0.0839465708 0.566314161 2.79680991 -0.0700141415 0.496349931 2.56482577 -0.0499688201 -0.0250094328 2.31424809 -0.0978783295 0.355717331 2.31048989 -0.111810096 </float_array>
          <technique_common>
            <accessor count="44" offset="0" source="#Hair__HairMT_HairMT.001_0-positions-array" stride="3">
              <param name="X" type="float" />
              <param name="Y" type="float" />
              <param name="Z" type="float" />
            </accessor>
          </technique_common>
        </source>
        <source id="Hair__HairMT_HairMT.001_0-normals" name="Hair__HairMT_HairMT.001_0-normals">
          <float_array id="Hair__HairMT_HairMT.001_0-normals-array" count="132"> -0.888956428 -0.188448459 0.417425007 -0.902772069 0.429599464 0.02114054 -0.989603519 -0.139907524 -0.0333278365 -0.48829785 0.856857777 0.165408552 -0.402264386 0.914402902 -0.0452848226 -0.902762413 0.429620624 0.0211216714 0.0286243204 0.989617348 0.140847906 -0.360285521 0.925405443 0.117554612 0.368150502 0.859995842 0.353372842 0.317519784 0.853028834 0.414153308 0.0286005102 0.989616513 0.140858814 0.529126942 0.839192033 0.125624061 0.415846258 0.906323373 -0.0751652792 0.910185516 0.411725134 -0.0452185981 0.838579416 -0.361409783 -0.407636493 0.979506433 -0.139964014 -0.144835144 0.31651333 -0.170949206 -0.933057189 -0.873088539 -0.344513983 -0.345002234 -0.387163311 -0.164002731 -0.907307923 -0.990040243 -0.120522626 -0.0727644563 -0.55357331 0.729030252 -0.402581036 -0.0374061167 -0.110979706 -0.993118465 -0.0300681405 -0.804199636 -0.593598247 -0.997656643 -0.0415609069 -0.0543498918 -0.0788119063 -0.994669557 -0.0664916858 -0.0494166017 -0.164280489 -0.985175073 -0.525694072 -0.272403747 -0.805879593 -0.0210058335 -0.965799987 -0.258435875 -0.0164197683 -0.982864916 -0.183594361 -0.0169647746 -0.965849638 -0.258547217 0.0541180298 -0.995981693 -0.0713558346 -0.025948504 -0.164509535 -0.986034095 0.99000442 -0.0611864328 -0.127072573 0.459921896 -0.282132745 -0.841945946 0.536941826 0.71825546 -0.442495883 0.541636944 -0.718975484 0.435549796 0.110915318 -0.426582426 0.897621989 0.0230411422 -0.871267021 0.490268201 -0.0662509128 -0.213169232 0.974766493 0.0281018112 -0.264339 0.964020312 -0.0534277409 -0.424953878 0.903636932 0.133090958 -0.216642246 0.967136443 0.0287996493 -0.264804393 0.963872015 0.0287637748 -0.264793783 0.963875949 </float_array>
          <technique_common>
            <accessor count="44" offset="0" source="#Hair__HairMT_HairMT.001_0-normals-array" stride="3">
              <param name="X" type="float" />
              <param name="Y" type="float" />
              <param name="Z" type="float" />
            </accessor>
          </technique_common>
        </source>
        <source id="Hair__HairMT_HairMT.001_0-tex0" name="Hair__HairMT_HairMT.001_0-tex0">
          <float_array id="Hair__HairMT_HairMT.001_0-tex0-array" count="88"> 0.267212182 0.267212152 0.267212182 0.267212152 0.267212182 0.267212152 0.267212182 0.267212152 0.267212182 0.267212152 0.267212182 0.267212152 0.267212182 0.267212152 0.267212182 0.267212152 0.267212182 0.267212152 0.267212182 0.267212152 0.267212182 0.267212152 0.267212182 0.267212152 0.267212182 0.267212152 0.267212182 0.267212152 0.267212182 0.267212152 0.267212182 0.267212152 0.267212182 0.267212152 0.267212182 0.267212152 0.267212182 0.267212152 0.267212182 0.267212152 0.267212182 0.267212152 0.267212182 0.267212152 0.267212182 0.267212152 0.267212182 0.267212152 0.267212182 0.267212152 0.267212182 0.267212152 0.267212182 0.267212152 0.267212182 0.267212152 0.267212182 0.267212152 0.267212182 0.267212152 0.267212182 0.267212152 0.267212182 0.267212152 0.267212182 0.267212152 0.267212182 0.267212152 0.267212182 0.267212152 0.255577177 0.253875792 0.255577177 0.253875792 0.255577177 0.253875792 0.255577177 0.253875792 0.255577177 0.253875792 0.255577177 0.253875792 0.255577177 0.253875792 0.255577177 0.253875792 0.255577177 0.253875792 </float_array>
          <technique_common>
            <accessor count="44" offset="0" source="#Hair__HairMT_HairMT.001_0-tex0-array" stride="2">
              <param name="S" type="float" />
              <param name="T" type="float" />
            </accessor>
          </technique_common>
        </source>
        <source id="Hair__HairMT_HairMT.001_0-color0" name="Hair__HairMT_HairMT.001_0-color0">
          <float_array id="Hair__HairMT_HairMT.001_0-color0-array" count="132"> 0.996078432 0.996078432 0.996078432 0.996078432 0.996078432 0.996078432 0.996078432 0.996078432 0.996078432 0.996078432 0.996078432 0.996078432 0.996078432 0.996078432 0.996078432 0.996078432 0.996078432 0.996078432 0.996078432 0.996078432 0.996078432 0.996078432 0.996078432 0.996078432 0.996078432 0.996078432 0.996078432 0.996078432 0.996078432 0.996078432 0.996078432 0.996078432 0.996078432 0.996078432 0.996078432 0.996078432 0.996078432 0.996078432 0.996078432 0.996078432 0.996078432 0.996078432 0.996078432 0.996078432 0.996078432 0.996078432 0.996078432 0.996078432 0.996078432 0.996078432 0.996078432 0.996078432 0.996078432 0.996078432 0.996078432 0.996078432 0.996078432 0.996078432 0.996078432 0.996078432 0.996078432 0.996078432 0.996078432 0.996078432 0.996078432 0.996078432 0.996078432 0.996078432 0.996078432 0.996078432 0.996078432 0.996078432 0.996078432 0.996078432 0.996078432 0.996078432 0.996078432 0.996078432 0.996078432 0.996078432 0.996078432 0.996078432 0.996078432 0.996078432 0.996078432 0.996078432 0.996078432 0.996078432 0.996078432 0.996078432 0.996078432 0.996078432 0.996078432 0.996078432 0.996078432 0.996078432 0.996078432 0.996078432 0.996078432 0.996078432 0.996078432 0.996078432 0.996078432 0.996078432 0.996078432 0.996078432 0.996078432 0.996078432 0.996078432 0.996078432 0.996078432 0.996078432 0.996078432 0.996078432 0.996078432 0.996078432 0.996078432 0.996078432 0.996078432 0.996078432 0.996078432 0.996078432 0.996078432 0.996078432 0.996078432 0.996078432 0.996078432 0.996078432 0.996078432 0.996078432 0.996078432 0.996078432 </float_array>
          <technique_common>
            <accessor count="44" offset="0" source="#Hair__HairMT_HairMT.001_0-color0-array" stride="3">
              <param name="R" type="float" />
              <param name="G" type="float" />
              <param name="B" type="float" />
            </accessor>
          </technique_common>
        </source>
        <vertices id="Hair__HairMT_HairMT.001_0-vertices">
          <input semantic="POSITION" source="#Hair__HairMT_HairMT.001_0-positions" />
        </vertices>
        <polylist count="45" material="defaultMaterial">
          <input offset="0" semantic="VERTEX" source="#Hair__HairMT_HairMT.001_0-vertices" />
          <input offset="0" semantic="NORMAL" source="#Hair__HairMT_HairMT.001_0-normals" />
          <input offset="0" semantic="TEXCOORD" source="#Hair__HairMT_HairMT.001_0-tex0" set="0" />
          <input offset="0" semantic="COLOR" source="#Hair__HairMT_HairMT.001_0-color0" set="0" />
          <vcount>3 3 3 3 3 3 3 3 3 3 3 3 3 3 3 3 3 3 3 3 3 3 3 3 3 3 3 3 3 3 3 3 3 3 3 3 3 3 3 3 3 3 3 3 3 </vcount>
          <p>0 1 2 3 4 5 6 4 3 6 3 7 8 9 10 11 10 9 11 12 10 11 13 12 14 15 16 17 18 19 18 20 19 21 16 22 18 21 22 19 20 23 19 23 24 18 25 20 18 22 25 20 26 23 20 25 26 23 27 24 23 26 27 25 27 26 22 27 25 24 27 28 22 28 27 22 29 28 28 29 30 22 31 29 22 16 31 29 32 30 15 30 32 29 31 33 29 33 32 31 16 34 31 34 33 15 34 16 32 33 34 15 32 34 35 36 37 36 38 37 38 39 37 40 37 41 39 42 37 41 37 43 43 37 42 </p>
        </polylist>
      </mesh>
    </geometry>
    <geometry id="Cap__CapMT_CapMT_0" name="Cap__CapMT_CapMT_0" >
      <mesh>
        <source id="Cap__CapMT_CapMT_0-positions" name="Cap__CapMT_CapMT_0-positions">
          <float_array id="Cap__CapMT_CapMT_0-positions-array" count="165"> 0.637984693 3.12196636 0.540471554 0.494925261 3.75791788 0.830690086 0.228454128 3.37053442 0.998942792 0.0310253575 3.86872435 1.01411366 -0.176766723 3.37453437 1.01377094 -0.447132558 3.76721692 0.865162492 -0.623527765 3.13441873 0.586633682 0.637984693 3.12196636 0.540471554 0.457717448 3.18708205 1.2247057 0.29520154 3.22454119 0.949642539 0.0384503081 3.22562695 1.3904984 -0.210621893 3.221102 1.02833486 -0.39248994 3.19547439 1.25581706 -0.623527765 3.13441873 0.586633682 0.637984693 3.12196636 0.540471554 0.228454128 3.37053442 0.998942792 0.457717448 3.18708205 1.2247057 0.0384503081 3.22562695 1.3904984 -0.176766723 3.37453437 1.01377094 -0.39248994 3.19547439 1.25581706 -0.623527765 3.13441873 0.586633682 0.886929393 3.37826228 0.312069327 0.637984693 3.12196636 0.540471554 0.743802011 2.94624949 0.225241065 0.494925261 3.75791788 0.830690086 0.799782217 3.05804968 -0.0574031733 0.566313922 2.79680967 -0.0700142458 0.299764335 3.93878436 0.452177763 0.323730588 2.66600728 -0.415893137 0.0310253575 3.86872435 1.01411366 0.454375565 3.30595779 -0.244143769 -0.276627958 3.94447398 0.473269492 -0.447132558 3.76721692 0.865162492 0.298589915 3.06982684 -0.593414485 -0.88339752 3.39573717 0.376850367 -0.623527765 3.13441873 0.586633682 -0.755542815 2.96104932 0.280106097 -0.494158328 3.31532073 -0.209434375 -0.829814136 3.0741353 0.00222813222 -0.603087187 2.80835271 -0.0272227153 -0.389055461 2.67304301 -0.389810383 -0.368999392 3.07641673 -0.568985581 -0.376583457 2.77954197 -0.593639016 0.298497945 2.77287841 -0.618342042 -0.389055461 2.67304301 -0.389810383 0.00164372812 3.33353257 0.331591785 -0.603087187 2.80835271 -0.0272227153 -0.755542815 2.96104932 0.280106097 0.323730588 2.66600728 -0.415893137 -0.623527765 3.13441873 0.586633682 0.566313922 2.79680967 -0.0700142458 -0.210621893 3.221102 1.02833486 0.743802011 2.94624949 0.225241065 0.29520154 3.22454119 0.949642539 0.637984693 3.12196636 0.540471554 </float_array>
          <technique_common>
            <accessor count="55" offset="0" source="#Cap__CapMT_CapMT_0-positions-array" stride="3">
              <param name="X" type="float" />
              <param name="Y" type="float" />
              <param name="Z" type="float" />
            </accessor>
          </technique_common>
        </source>
        <source id="Cap__CapMT_CapMT_0-normals" name="Cap__CapMT_CapMT_0-normals">
          <float_array id="Cap__CapMT_CapMT_0-normals-array" count="165"> 0.790671766 -0.060712412 0.609222591 0.708879173 0.467655629 0.528004348 0.50939858 0.450429946 0.733229816 0.0330359824 0.697857618 0.715474248 -0.445473045 0.459855288 0.768171132 -0.659039617 0.481158286 0.57806015 -0.745078206 -0.0455529578 0.665419757 -0.261237293 -0.964993179 0.0233076047 -0.175478429 -0.98400861 -0.0305669475 -0.152823672 -0.988251746 -0.00185154716 -0.00668859575 -0.999771655 -0.0202961843 0.100008138 -0.994978786 0.0039461148 0.134952709 -0.990837276 -0.00541100325 0.175369263 -0.984053433 0.0297404975 0.790676653 -0.0606996529 0.609217525 0.509399116 0.450411707 0.733240664 0.464834183 0.856770635 0.22332333 0.0244280957 0.905679226 0.423259228 -0.445472836 0.459837139 0.768182099 -0.430290222 0.865606248 0.256078362 -0.745083332 -0.0455402844 0.66541481 0.863499463 0.484538078 -0.139969602 0.790685654 -0.0607177764 0.609204054 0.885648668 -0.43285206 0.168123528 0.708899975 0.467640996 0.527989328 0.876076043 0.0620256849 -0.478166938 0.731209815 -0.641901255 -0.230857134 0.151942447 0.844078004 -0.514243007 0.321678072 -0.824418664 -0.465679139 0.033100158 0.69784224 0.715486288 0.1639992 0.748391032 -0.642662525 -0.172458529 0.847254694 -0.502411723 -0.659061611 0.4811441 0.578046858 0.144898042 0.582408607 -0.799878001 -0.861691475 0.501584828 -0.0768144876 -0.745093167 -0.0455580279 0.665402591 -0.879354477 -0.415429771 0.232709706 -0.195754424 0.751929164 -0.629509926 -0.907281756 0.0796254501 -0.412915945 -0.758637309 -0.627195179 -0.176339597 -0.371050656 -0.817577004 -0.440328628 -0.191481039 0.585710347 -0.787577569 -0.290037155 -0.393710434 -0.872278929 0.218387187 -0.397111923 -0.891408503 0.125116631 -0.764370501 0.63252157 0.0106664822 -0.943292737 0.331790715 0.360035479 -0.771910369 0.523955047 0.36368233 -0.805396438 0.468050957 -0.0936025083 -0.762212098 0.640524268 0.345398217 -0.930686057 0.120513715 -0.336370647 -0.764227271 0.550283074 0.138821125 -0.983491242 -0.116075993 -0.346093267 -0.79774493 0.493783832 -0.16202879 -0.982179165 -0.0952403769 -0.361163944 -0.915986776 0.174725115 </float_array>
          <technique_common>
            <accessor count="55" offset="0" source="#Cap__CapMT_CapMT_0-normals-array" stride="3">
              <param name="X" type="float" />
              <param name="Y" type="float" />
              <param name="Z" type="float" />
            </accessor>
          </technique_common>
        </source>
        <source id="Cap__CapMT_CapMT_0-tex0" name="Cap__CapMT_CapMT_0-tex0">
          <float_array id="Cap__CapMT_CapMT_0-tex0-array" count="110"> 1.00488281 0.787109375 0.808105469 0.33026123 0.624511719 0.616699219 0.49987793 0.261260986 0.375244141 0.616699219 0.191436768 0.33026123 -0.00512695312 0.787109375 0.713867188 0.298461914 0.706054688 0.293914795 0.700195312 0.293457031 0.689941406 0.292144775 0.680908203 0.293579102 0.673828125 0.293914795 0.666015625 0.298461914 0.713867188 0.298461914 0.697509766 0.287811279 0.706054688 0.293914795 0.689941406 0.292144775 0.682128906 0.287811279 0.673828125 0.293914795 0.666015625 0.298461914 0.723388672 0.289337158 0.713867188 0.298461914 0.718261719 0.306030273 0.707763672 0.27355957 0.720947266 0.30267334 0.712158203 0.312683105 0.700927734 0.268005371 0.703369141 0.318847656 0.689941406 0.26902771 0.708007812 0.294036865 0.678955078 0.268005371 0.672119141 0.27355957 0.702636719 0.304138184 0.65625 0.289337158 0.666015625 0.298461914 0.661376953 0.306030273 0.671875 0.294036865 0.658935547 0.30267334 0.667724609 0.312683105 0.676269531 0.318847656 0.677246094 0.304138184 0.677001953 0.315429688 0.702636719 0.315429688 0.697998047 0.695068359 0.704833984 0.708007812 0.693603516 0.701660156 0.690429688 0.70703125 0.711669922 0.695068359 0.692871094 0.712646484 0.715820312 0.701660156 0.700195312 0.721191406 0.718994141 0.70703125 0.709960938 0.720214844 0.716796875 0.712646484 </float_array>
          <technique_common>
            <accessor count="55" offset="0" source="#Cap__CapMT_CapMT_0-tex0-array" stride="2">
              <param name="S" type="float" />
              <param name="T" type="float" />
            </accessor>
          </technique_common>
        </source>
        <source id="Cap__CapMT_CapMT_0-color0" name="Cap__CapMT_CapMT_0-color0">
          <float_array id="Cap__CapMT_CapMT_0-color0-array" count="165"> 0.996078432 0.996078432 0.996078432 0.996078432 0.996078432 0.996078432 0.996078432 0.996078432 0.996078432 0.996078432 0.996078432 0.996078432 0.996078432 0.996078432 0.996078432 0.996078432 0.996078432 0.996078432 0.996078432 0.996078432 0.996078432 0.996078432 0.996078432 0.996078432 0.996078432 0.996078432 0.996078432 0.996078432 0.996078432 0.996078432 0.996078432 0.996078432 0.996078432 0.996078432 0.996078432 0.996078432 0.996078432 0.996078432 0.996078432 0.996078432 0.996078432 0.996078432 0.996078432 0.996078432 0.996078432 0.996078432 0.996078432 0.996078432 0.996078432 0.996078432 0.996078432 0.996078432 0.996078432 0.996078432 0.996078432 0.996078432 0.996078432 0.996078432 0.996078432 0.996078432 0.996078432 0.996078432 0.996078432 0.996078432 0.996078432 0.996078432 0.996078432 0.996078432 0.996078432 0.996078432 0.996078432 0.996078432 0.996078432 0.996078432 0.996078432 0.996078432 0.996078432 0.996078432 0.996078432 0.996078432 0.996078432 0.996078432 0.996078432 0.996078432 0.996078432 0.996078432 0.996078432 0.996078432 0.996078432 0.996078432 0.996078432 0.996078432 0.996078432 0.996078432 0.996078432 0.996078432 0.996078432 0.996078432 0.996078432 0.996078432 0.996078432 0.996078432 0.996078432 0.996078432 0.996078432 0.996078432 0.996078432 0.996078432 0.996078432 0.996078432 0.996078432 0.996078432 0.996078432 0.996078432 0.996078432 0.996078432 0.996078432 0.996078432 0.996078432 0.996078432 0.996078432 0.996078432 0.996078432 0.996078432 0.996078432 0.996078432 0.996078432 0.996078432 0.996078432 0.996078432 0.996078432 0.996078432 0.996078432 0.996078432 0.996078432 0.996078432 0.996078432 0.996078432 0.996078432 0.996078432 0.996078432 0.996078432 0.996078432 0.996078432 0.996078432 0.996078432 0.996078432 0.996078432 0.996078432 0.996078432 0.996078432 0.996078432 0.996078432 0.996078432 0.996078432 0.996078432 0.996078432 0.996078432 0.996078432 0.996078432 0.996078432 0.996078432 0.996078432 0.996078432 0.996078432 </float_array>
          <technique_common>
            <accessor count="55" offset="0" source="#Cap__CapMT_CapMT_0-color0-array" stride="3">
              <param name="R" type="float" />
              <param name="G" type="float" />
              <param name="B" type="float" />
            </accessor>
          </technique_common>
        </source>
        <vertices id="Cap__CapMT_CapMT_0-vertices">
          <input semantic="POSITION" source="#Cap__CapMT_CapMT_0-positions" />
        </vertices>
        <polylist count="58" material="defaultMaterial">
          <input offset="0" semantic="VERTEX" source="#Cap__CapMT_CapMT_0-vertices" />
          <input offset="0" semantic="NORMAL" source="#Cap__CapMT_CapMT_0-normals" />
          <input offset="0" semantic="TEXCOORD" source="#Cap__CapMT_CapMT_0-tex0" set="0" />
          <input offset="0" semantic="COLOR" source="#Cap__CapMT_CapMT_0-color0" set="0" />
          <vcount>3 3 3 3 3 3 3 3 3 3 3 3 3 3 3 3 3 3 3 3 3 3 3 3 3 3 3 3 3 3 3 3 3 3 3 3 3 3 3 3 3 3 3 3 3 3 3 3 3 3 3 3 3 3 3 3 3 3 </vcount>
          <p>0 1 2 1 3 2 2 3 4 3 5 4 4 5 6 7 8 9 8 10 9 9 10 11 10 12 11 11 12 13 14 15 16 15 17 16 18 17 15 19 17 18 20 19 18 21 22 23 21 24 22 25 21 23 25 23 26 21 27 24 28 25 26 27 29 24 25 30 21 21 30 27 31 29 27 30 31 27 31 32 29 25 33 30 34 32 31 34 35 32 36 35 34 37 31 30 37 34 31 33 37 30 38 36 34 38 34 37 38 39 36 38 40 39 41 37 33 41 38 37 42 40 38 42 38 41 42 28 40 43 41 33 42 41 43 42 43 28 43 33 25 43 25 28 44 45 46 46 45 47 44 48 45 47 45 49 48 50 45 49 45 51 50 52 45 51 45 53 52 54 45 45 54 53 </p>
        </polylist>
      </mesh>
    </geometry>
    <geometry id="Mario64HandR__BodyMT_HandMT_0" name="Mario64HandR__BodyMT_HandMT_0" >
      <mesh>
        <source id="Mario64HandR__BodyMT_HandMT_0-positions" name="Mario64HandR__BodyMT_HandMT_0-positions">
          <float_array id="Mario64HandR__BodyMT_HandMT_0-positions-array" count="81"> -1.16892409 1.84268105 1.22553086 -0.820644438 1.97199762 1.40154576 -1.04101574 2.26311135 1.24866068 -0.585460544 2.33420348 1.25571978 -1.01770353 2.23722816 0.884068012 -0.843980491 1.71231294 1.1958555 -1.10677731 1.77358103 0.869307756 -0.587909162 1.89418209 1.28900599 -0.463352293 2.00370812 1.30259907 -0.661327541 1.86279118 0.954342067 -0.336840034 1.97524059 1.12137091 -0.594817162 2.3038671 0.906341851 -0.67413789 1.83677411 0.872709274 -0.541609049 1.97537577 0.812133014 -0.551245868 1.97552049 0.798195004 -0.555740416 1.97044623 0.800920248 -0.561699629 1.96649599 0.797217309 -0.814563274 1.74820352 0.773568451 -1.06904376 1.83201146 0.789097607 -0.829921365 1.67950881 0.6904006 -0.48354131 1.97669232 0.713402867 -0.609735548 2.23378825 0.777033925 -0.798099816 1.98151946 0.560001671 -0.946171761 2.15182471 0.763642669 -0.577678502 2.27727675 0.683370054 -0.984877646 2.172328 0.67103976 -1.11054993 1.78133726 0.678323507 </float_array>
          <technique_common>
            <accessor count="27" offset="0" source="#Mario64HandR__BodyMT_HandMT_0-positions-array" stride="3">
              <param name="X" type="float" />
              <param name="Y" type="float" />
              <param name="Z" type="float" />
            </accessor>
          </technique_common>
        </source>
        <source id="Mario64HandR__BodyMT_HandMT_0-normals" name="Mario64HandR__BodyMT_HandMT_0-normals">
          <float_array id="Mario64HandR__BodyMT_HandMT_0-normals-array" count="81"> -0.890104413 -0.255088359 0.377682477 -0.12321607 -0.0193354394 0.992191494 -0.586219609 0.683319569 0.435225129 0.305149287 0.843950272 0.44117105 -0.660126209 0.710737169 -0.24307625 0.0970174596 -0.97058624 0.220340639 -0.804345906 -0.538912952 -0.250200897 0.50485456 -0.765728235 0.398474842 0.587572336 -0.134660691 0.797887981 0.344489157 -0.937158763 -0.0553229824 0.995126724 -0.0869215876 -0.0465562604 0.421007067 0.863277018 -0.278398722 0.449525625 -0.892693102 -0.0320270471 0.829038084 -0.0584805273 -0.55612576 0.99055177 0.0123540536 -0.136581749 0.59359318 -0.712649763 -0.373868167 0.638089657 -0.748066068 0.182315111 0.19915621 -0.835390151 0.512308598 -0.983087718 -0.171058372 -0.0654030591 0.159447029 -0.675033152 -0.720351875 0.708950043 -0.241930336 -0.662464738 0.405483961 0.910926521 -0.0761289671 0.063840732 -0.0250107273 -0.99764663 -0.621316075 0.714236975 -0.322229564 0.346085608 0.550573945 -0.759666383 -0.467486918 0.495841235 -0.73184526 -0.625352979 -0.310929358 -0.715721011 </float_array>
          <technique_common>
            <accessor count="27" offset="0" source="#Mario64HandR__BodyMT_HandMT_0-normals-array" stride="3">
              <param name="X" type="float" />
              <param name="Y" type="float" />
              <param name="Z" type="float" />
            </accessor>
          </technique_common>
        </source>
        <source id="Mario64HandR__BodyMT_HandMT_0-tex0" name="Mario64HandR__BodyMT_HandMT_0-tex0">
          <float_array id="Mario64HandR__BodyMT_HandMT_0-tex0-array" count="54"> 0.152954102 -1.0234375 0.158325195 -1.01953125 0.153930664 -1.03125 0.153808594 -1.02441406 0.142333984 -1.03125 0.151489258 -1.01367188 0.141479492 -1.02148438 0.154418945 -1.01269531 0.154907227 -1.01367188 0.143798828 -1.01464844 0.148925781 -1.01074219 0.142700195 -1.02441406 0.141235352 -1.01367188 0.139282227 -1.01464844 0.138916016 -1.015625 0.139038086 -1.015625 0.138916016 -1.015625 0.138183594 -1.01464844 0.138916016 -1.02148438 0.135498047 -1.01367188 0.136108398 -1.01367188 0.138549805 -1.02246094 0.131591797 -1.02050781 0.138427734 -1.02734375 0.135620117 -1.0234375 0.135498047 -1.02929688 0.135375977 -1.02148438 </float_array>
          <technique_common>
            <accessor count="27" offset="0" source="#Mario64HandR__BodyMT_HandMT_0-tex0-array" stride="2">
              <param name="S" type="float" />
              <param name="T" type="float" />
            </accessor>
          </technique_common>
        </source>
        <source id="Mario64HandR__BodyMT_HandMT_0-color0" name="Mario64HandR__BodyMT_HandMT_0-color0">
          <float_array id="Mario64HandR__BodyMT_HandMT_0-color0-array" count="81"> 1 1 1 1 1 1 1 1 1 1 1 1 1 1 1 1 1 1 1 1 1 1 1 1 1 1 1 1 1 1 1 1 1 1 1 1 1 1 1 1 1 1 1 1 1 1 1 1 1 1 1 1 1 1 1 1 1 1 1 1 1 1 1 1 1 1 1 1 1 1 1 1 1 1 1 1 1 1 1 1 1 </float_array>
          <technique_common>
            <accessor count="27" offset="0" source="#Mario64HandR__BodyMT_HandMT_0-color0-array" stride="3">
              <param name="R" type="float" />
              <param name="G" type="float" />
              <param name="B" type="float" />
            </accessor>
          </technique_common>
        </source>
        <vertices id="Mario64HandR__BodyMT_HandMT_0-vertices">
          <input semantic="POSITION" source="#Mario64HandR__BodyMT_HandMT_0-positions" />
        </vertices>
        <polylist count="50" material="defaultMaterial">
          <input offset="0" semantic="VERTEX" source="#Mario64HandR__BodyMT_HandMT_0-vertices" />
          <input offset="0" semantic="NORMAL" source="#Mario64HandR__BodyMT_HandMT_0-normals" />
          <input offset="0" semantic="TEXCOORD" source="#Mario64HandR__BodyMT_HandMT_0-tex0" set="0" />
          <input offset="0" semantic="COLOR" source="#Mario64HandR__BodyMT_HandMT_0-color0" set="0" />
          <vcount>3 3 3 3 3 3 3 3 3 3 3 3 3 3 3 3 3 3 3 3 3 3 3 3 3 3 3 3 3 3 3 3 3 3 3 3 3 3 3 3 3 3 3 3 3 3 3 3 3 3 </vcount>
          <p>0 1 2 2 1 3 4 0 2 4 2 3 0 5 1 4 6 0 0 6 5 1 5 7 1 7 8 3 1 8 5 9 7 8 7 9 6 9 5 3 8 10 8 9 10 3 10 11 4 3 11 10 9 12 6 12 9 11 10 13 10 12 13 11 13 14 13 12 15 14 13 15 12 16 15 14 15 16 6 17 12 17 16 12 6 18 17 4 18 6 17 19 16 17 18 19 14 16 20 20 16 19 11 14 21 14 20 21 4 11 21 20 19 22 4 21 23 4 23 18 20 24 21 20 22 24 23 21 25 21 24 25 23 25 18 22 25 24 18 26 19 19 26 22 18 25 26 22 26 25 </p>
        </polylist>
      </mesh>
    </geometry>
  </library_geometries>
  <library_controllers>
  </library_controllers>
  <library_visual_scenes>
    <visual_scene id="ROOT" name="ROOT">
      <node id="Object_46" name="Object_46" type="NODE">
        <matrix sid="matrix">1 0 0 0 0 1 0 0 0 0 1 0 0 0 0 1</matrix>
        <instance_geometry url="#Mario__BodyMT_BodyMT_0">
          <bind_material>
            <technique_common>
              <instance_material symbol="defaultMaterial" target="#BodyMT">
                <bind_vertex_input semantic="CHANNEL0" input_semantic="TEXCOORD" input_set="0"/>
              </instance_material>
            </technique_common>
          </bind_material>
        </instance_geometry>
      </node>
      <node id="Object_48" name="Object_48" type="NODE">
        <matrix sid="matrix">1 0 0 0 0 1 0 0 0 0 1 0 0 0 0 1</matrix>
        <instance_geometry url="#CapHair__HairMT_HairMT_0">
          <bind_material>
            <technique_common>
              <instance_material symbol="defaultMaterial" target="#HairMT">
                <bind_vertex_input semantic="CHANNEL0" input_semantic="TEXCOORD" input_set="0"/>
              </instance_material>
            </technique_common>
          </bind_material>
        </instance_geometry>
      </node>
      <node id="Object_50" name="Object_50" type="NODE">
        <matrix sid="matrix">1 0 0 0 0 1 0 0 0 0 1 0 0 0 0 1</matrix>
        <instance_geometry url="#MarioEye__EyeMT_EyeMT_0">
          <bind_material>
            <technique_common>
              <instance_material symbol="defaultMaterial" target="#EyeMT">
                <bind_vertex_input semantic="CHANNEL0" input_semantic="TEXCOORD" input_set="0"/>
              </instance_material>
            </technique_common>
          </bind_material>
        </instance_geometry>
      </node>
      <node id="Object_52" name="Object_52" type="NODE">
        <matrix sid="matrix">1 0 0 0 0 1 0 0 0 0 1 0 0 0 0 1</matrix>
        <instance_geometry url="#Mario64HandL__BodyMT_HandMT_0">
          <bind_material>
            <technique_common>
              <instance_material symbol="defaultMaterial" target="#HandMT">
                <bind_vertex_input semantic="CHANNEL0" input_semantic="TEXCOORD" input_set="0"/>
              </instance_material>
            </technique_common>
          </bind_material>
        </instance_geometry>
      </node>
      <node id="Object_54" name="Object_54" type="NODE">
        <matrix sid="matrix">1 0 0 0 0 1 0 0 0 0 1 0 0 0 0 1</matrix>
        <instance_geometry url="#Face__FaceMT_FaceMT_0">
          <bind_material>
            <technique_common>
              <instance_material symbol="defaultMaterial" target="#FaceMT">
                <bind_vertex_input semantic="CHANNEL0" input_semantic="TEXCOORD" input_set="0"/>
              </instance_material>
            </technique_common>
          </bind_material>
        </instance_geometry>
      </node>
      <node id="Object_56" name="Object_56" type="NODE">
        <matrix sid="matrix">1 0 0 0 0 1 0 0 0 0 1 0 0 0 0 1</matrix>
        <instance_geometry url="#Hair__HairMT_HairMT.001_0">
          <bind_material>
            <technique_common>
              <instance_material symbol="defaultMaterial" target="#HairMT.001">
                <bind_vertex_input semantic="CHANNEL0" input_semantic="TEXCOORD" input_set="0"/>
              </instance_material>
            </technique_common>
          </bind_material>
        </instance_geometry>
      </node>
      <node id="Object_58" name="Object_58" type="NODE">
        <matrix sid="matrix">1 0 0 0 0 1 0 0 0 0 1 0 0 0 0 1</matrix>
        <instance_geometry url="#Cap__CapMT_CapMT_0">
          <bind_material>
            <technique_common>
              <instance_material symbol="defaultMaterial" target="#CapMT">
                <bind_vertex_input semantic="CHANNEL0" input_semantic="TEXCOORD" input_set="0"/>
              </instance_material>
            </technique_common>
          </bind_material>
        </instance_geometry>
      </node>
      <node id="Object_60" name="Object_60" type="NODE">
        <matrix sid="matrix">1 0 0 0 0 1 0 0 0 0 1 0 0 0 0 1</matrix>
        <instance_geometry url="#Mario64HandR__BodyMT_HandMT_0">
          <bind_material>
            <technique_common>
              <instance_material symbol="defaultMaterial" target="#HandMT">
                <bind_vertex_input semantic="CHANNEL0" input_semantic="TEXCOORD" input_set="0"/>
              </instance_material>
            </technique_common>
          </bind_material>
        </instance_geometry>
      </node>
    </visual_scene>
  </library_visual_scenes>
  <scene>
    <instance_visual_scene url="#ROOT" />
  </scene>
</COLLADA>
